<?xml version="1.0" encoding="UTF-8" standalone="yes"?>
<addon id="plugin.video.youtube"
       name="YouTube"
       version="2.1.4"
       provider-name="TheCollective">
  <requires>
    <import addon="xbmc.python" version="1.0"/>
	<import addon="script.module.beautifulsoup" version="3.0.8"/>
	<import addon="script.module.simplejson" version="2.0.10"/>
  </requires>
  <extension point="xbmc.python.pluginsource"
            library="default.py">
        <provides>video</provides>
  </extension>
  <extension point="xbmc.addon.metadata">
    <platform>all</platform>
    <summary>YouTube video plugin</summary>
    <description>Plugin that let's you browse and play videos from everybody's favorite video site!</description>
    <disclaimer>Some parts of this addon may not be legal in your country of residence - please check with your local laws before installing.</disclaimer>
  </extension>
</addon>
