<?xml version="1.0" encoding="UTF-8" standalone="yes"?>
<addon id="plugin.video.msnbc"
       name="MSNBC"
       version="0.0.4"
       provider-name="andre">
  <requires>
    <import addon="xbmc.python"
    		version="1.0"/>
    <import addon="script.module.beautifulsoup"
    		version="3.0.8"/>
    <import addon="script.module.simplejson"
    		version="2.0.10"/>
    <import addon="script.module.elementtree"
    		version="1.2.7"/>
    
  </requires>
  <extension point="xbmc.python.pluginsource"
            library="default.py">
        <provides>video</provides>
  </extension>
  <extension point="xbmc.addon.metadata">
    <summary>MSNBC</summary>
    <description>stream msnbc.</description>
    <platform>all</platform>
	<disclaimer></disclaimer>
  </extension>
</addon>
