<window>
  <id>3004</id>
  <defaultcontrol>600</defaultcontrol>
  <type>window</type>
  <coordinates>
    <system>1</system>
    <posx>0</posx>
    <posy>0</posy>
  </coordinates>

  <controls>

    <!-- ============================================= -->
    <!--   S C R E E N       B A C K G R O U N D       -->          
    <!-- ============================================= -->              
  
    <!-- Copy of CommonBackground -->
    <control type="image">
      <description>background image</description>
      <posx>0</posx>
      <posy>0</posy>
      <width>1280</width>
      <height>720</height>
      <texture>bg.png</texture>
    </control>

    <control type="group">
        <description>Content Group</description>
        <!-- Copy Window_OpenClose_Right_Panel_Animation -->
        <animation effect="fade" time="200" condition="Skin.HasSetting(Animate_Skin)">WindowOpen</animation>
        <animation effect="fade" time="200" condition="Skin.HasSetting(Animate_Skin)">WindowClose</animation>
        <animation effect="slide" start="1030,0" end="0,0" time="300" tween="quadratic" easing="out" condition="!Skin.HasSetting(Animate_Skin)">WindowOpen</animation>
        <animation effect="slide" end="1030,0" start="0,0" time="300" tween="quadratic" easing="out" condition="!Skin.HasSetting(Animate_Skin)">WindowClose</animation>

        <!-- ============================================= -->
        <!--   C O N T E N T     B A C K G R O U N D       -->          
        <!-- ============================================= -->              
      
        <!-- Copy of ContentPanel -->
        <control type="image">
            <posx>265</posx>
            <posy>100</posy>
            <width>1015</width>
            <height>580</height>
            <texture border="50,0,0,45">vpanel1.png</texture>
        </control>

        <!-- ============================================= -->
        <!-- Upcoming Recordings Table Header              -->          
        <!-- ============================================= -->              
        <control type="image">
            <description>table header</description>
            <posx>315</posx>
            <posy>140</posy>
            <width>940</width>
            <height>40</height>
            <texture flipy="false" flipx="true">mb-header.png</texture>
        </control>
        
        <control type="label">
            <description>date</description>
            <posx>325</posx>
            <posy>140</posy>
            <width>200</width>
            <height>35</height>
            <font>font12</font>
            <textcolor>ffddddff</textcolor>
            <selectedcolor>FFe2ff43</selectedcolor>
            <align>left</align>
            <aligny>center</aligny>
            <label>SCRIPT1001</label>
        </control>

        <control type="label">
            <description>title</description>
            <posx>465</posx>
            <posy>140</posy>
            <width>200</width>
            <height>35</height>
            <font>font12</font>
            <textcolor>ffddddff</textcolor>
            <selectedcolor>FFe2ff43</selectedcolor>
            <align>left</align>
            <aligny>center</aligny>
            <label>SCRIPT1002</label>
        </control>

        <control type="label">
            <description>start time</description>
            <posx>815</posx>
            <posy>140</posy>
            <width>500</width>
            <height>35</height>
            <font>font12</font>
            <textcolor>ffddddff</textcolor>
            <selectedcolor>FFe2ff43</selectedcolor>
            <align>left</align>
            <aligny>center</aligny>
            <label>SCRIPT1003</label>
        </control>

        <control type="label">
            <description>channel</description>
            <posx>1015</posx>
            <posy>140</posy>
            <width>100</width>
            <height>35</height>
            <font>font12</font>
            <textcolor>ffddddff</textcolor>
            <selectedcolor>FFe2ff43</selectedcolor>
            <align>left</align>
            <aligny>center</aligny>
            <label>SCRIPT1004</label>
        </control>

        <control type="label">
            <description>tuner</description>
            <posx>1145</posx>
            <posy>140</posy>
            <width>140</width>
            <height>35</height>
            <font>font12</font>
            <textcolor>ffddddff</textcolor>
            <selectedcolor>FFe2ff43</selectedcolor>
            <align>left</align>
            <aligny>center</aligny>
            <label>SCRIPT1005</label>
        </control>

        <!-- ============================================= -->
        <!--  Upcoming Recordings Table                    -->          
        <!-- ============================================= -->              
        <control type="list" id="600">
            <posx>315</posx>
            <posy>180</posy>
            <width>940</width>
            <height>460</height>
            <onleft>2000</onleft>
            <onright>6000</onright>
            <onup>600</onup>
            <ondown>600</ondown>
            <viewtype label="535">list</viewtype>
            <pagecontrol>6000</pagecontrol>
            
            <!-- 
            <scrolltime>0</scrolltime>
            <preloaditems>10</preloaditems>
            -->
            
            <itemlayout height="30">
                
                <!-- 
                <control type="image">
                    <posx>0</posx>
                    <posy>0</posy>
                    <width>900</width>
                    <height>28</height>
                    <texture border="10">input-nofocus.png</texture>
                </control>
                -->
                 
                <!--
                <control type="image">
                    <posx>5</posx>
                    <posy>2</posy>
                    <width>80</width>
                    <height>40</height>
                    <info>ListItem.Property(channelIcon)</info>
                    <aspectratio>keep</aspectratio>
                </control>
                -->
                
                <control type="label">
                    <posx>10</posx>
                    <posy>0</posy>
                    <width>180</width>
                    <height>30</height>
                    <font>font12</font>
                    <textcolor>FFFFFFFF</textcolor>
                    <selectedcolor>FFe2ff43</selectedcolor>
                    <align>left</align>
                    <aligny>center</aligny>
                    <label>[B]$INFO[ListItem.Property(airdate)][/B]</label>
                </control>

                <control type="label">
                    <posx>150</posx>
                    <posy>0</posy>
                    <width>340</width>
                    <height>30</height>
                    <font>font12</font>
                    <textcolor>DDFFFFFF</textcolor>
                    <selectedcolor>FFe2ff43</selectedcolor>
                    <align>left</align>
                    <aligny>center</aligny>
                    <label>$INFO[ListItem.Property(title)]</label>
                </control>
                
                <control type="label">
                    <posx>500</posx>
                    <posy>0</posy>
                    <width>100</width>
                    <height>30</height>
                    <font>font12</font>
                    <textcolor>FFFFFFFF</textcolor>
                    <selectedcolor>FFe2ff43</selectedcolor>
                    <align>left</align>
                    <aligny>center</aligny>
                    <label>$INFO[ListItem.Property(startTime)]</label>
                </control>

                <control type="label">
                    <posx>600</posx>
                    <posy>0</posy>
                    <width>100</width>
                    <height>30</height>
                    <font>font12</font>
                    <textcolor>FFFFFFFF</textcolor>
                    <selectedcolor>FFe2ff43</selectedcolor>
                    <align>left</align>
                    <aligny>center</aligny>
                    <label>$INFO[ListItem.Property(duration)]</label>
                </control>

                <control type="label">
                    <posx>700</posx>
                    <posy>0</posy>
                    <width>50</width>
                    <height>30</height>
                    <font>font12</font>
                    <textcolor>FFFFFFFF</textcolor>
                    <selectedcolor>FFe2ff43</selectedcolor>
                    <align>left</align>
                    <aligny>center</aligny>
                    <label>$INFO[ListItem.Property(channelNumber)]</label>
                </control>
                
                <control type="label">
                    <posx>750</posx>
                    <posy>0</posy>
                    <width>70</width>
                    <height>30</height>
                    <font>font10</font>
                    <textcolor>FFFFFFFF</textcolor>
                    <selectedcolor>FFe2ff43</selectedcolor>
                    <align>left</align>
                    <aligny>center</aligny>
                    <label>$INFO[ListItem.Property(callSign)]</label>
                </control>

                <control type="label">
                    <posx>830</posx>
                    <posy>0</posy>
                    <width>140</width>
                    <height>30</height>
                    <font>font10</font>
                    <textcolor>FFFFFFFF</textcolor>
                    <selectedcolor>FFe2ff43</selectedcolor>
                    <align>left</align>
                    <aligny>center</aligny>
                    <label>$INFO[ListItem.Property(tuner)]</label>
                </control>
                
            </itemlayout>
            
            <focusedlayout height="62">
                <control type="image">
                    <posx>0</posx>
                    <posy>0</posy>
                    <width>940</width>
                    <height>60</height>
                    <texture border="3">input-focus.png</texture>
                    <visible>Control.HasFocus(600)</visible>
                </control>
                <control type="image">
                    <posx>0</posx>
                    <posy>0</posy>
                    <width>940</width>
                    <height>60</height>
                    <texture border="3">input-nofocus.png</texture>
                    <visible>!Control.HasFocus(600)</visible>
                </control>

                <control type="label">
                    <posx>10</posx>
                    <posy>0</posy>
                    <width>180</width>
                    <height>31</height>
                    <font>font12</font>
                    <textcolor>FFFFFFFF</textcolor>
                    <selectedcolor>FFe2ff43</selectedcolor>
                    <align>left</align>
                    <aligny>center</aligny>
                    <label>[B]$INFO[ListItem.Property(airdate)][/B]</label>
                </control>

                <control type="image">
                    <posx>5</posx>
                    <posy>2</posy>
                    <width>80</width>
                    <height>56</height>
                    <info>ListItem.Property(channelIcon)</info>
                    <aspectratio>keep</aspectratio>
                </control>
                
                 <control type="label">
                    <posx>150</posx>
                    <posy>0</posy>
                    <width>340</width>
                    <height>31</height>
                    <font>font12</font>
                    <textcolor>DDFFFFFF</textcolor>
                    <selectedcolor>FFe2ff43</selectedcolor>
                    <align>left</align>
                    <aligny>center</aligny>
                    <label>[B]$INFO[ListItem.Property(title)][/B]</label>
                </control>
                
                <control type="label">
                    <posx>500</posx>
                    <posy>0</posy>
                    <width>100</width>
                    <height>31</height>
                    <font>font12</font>
                    <textcolor>FFFFFFFF</textcolor>
                    <selectedcolor>FFe2ff43</selectedcolor>
                    <align>left</align>
                    <aligny>center</aligny>
                    <label>$INFO[ListItem.Property(startTime)]</label>
                </control>

                <control type="label">
                    <posx>600</posx>
                    <posy>0</posy>
                    <width>100</width>
                    <height>31</height>
                    <font>font12</font>
                    <textcolor>FFFFFFFF</textcolor>
                    <selectedcolor>FFe2ff43</selectedcolor>
                    <align>left</align>
                    <aligny>center</aligny>
                    <label>$INFO[ListItem.Property(duration)]</label>
                </control>

                <control type="label">
                    <posx>700</posx>
                    <posy>0</posy>
                    <width>50</width>
                    <height>31</height>
                    <font>font12</font>
                    <textcolor>FFFFFFFF</textcolor>
                    <selectedcolor>FFe2ff43</selectedcolor>
                    <align>left</align>
                    <aligny>center</aligny>
                    <label>$INFO[ListItem.Property(channelNumber)]</label>
                </control>
                
                <control type="label">
                    <posx>750</posx>
                    <posy>0</posy>
                    <width>70</width>
                    <height>31</height>
                    <font>font10</font>
                    <textcolor>FFFFFFFF</textcolor>
                    <selectedcolor>FFe2ff43</selectedcolor>
                    <align>left</align>
                    <aligny>center</aligny>
                    <label>$INFO[ListItem.Property(callSign)]</label>
                </control>

                <control type="label">
                    <posx>830</posx>
                    <posy>0</posy>
                    <width>140</width>
                    <height>31</height>
                    <font>font10</font>
                    <textcolor>FFFFFFFF</textcolor>
                    <selectedcolor>FFe2ff43</selectedcolor>
                    <align>left</align>
                    <aligny>center</aligny>
                    <label>$INFO[ListItem.Property(tuner)]</label>
                </control>
                
                <control type="label">
                    <posx>150</posx>
                    <posy>31</posy>
                    <width>750</width>
                    <height>31</height>
                    <font>font11</font>
                    <textcolor>DDced8da</textcolor>
                    <selectedcolor>FFe2ff43</selectedcolor>
                    <align>left</align>
                    <aligny>center</aligny>
                    <label>$INFO[ListItem.Property(description)]</label>
                </control>
                
            </focusedlayout>
        </control>
        
        <control type="scrollbar" id="6000">
            <description>Scroll Bar</description>
            <posx>1215</posx>
            <posy>140</posy>
            <width>16</width>
            <height>500</height>
            <texturesliderbackground border="2,2,2,2">scrollbar_bar_back2.png</texturesliderbackground> 
            <texturesliderbar border="2,16,2,16">scrollbar_bar.png</texturesliderbar> 
            <texturesliderbarfocus border="2,16,2,16">scrollbar_bar_focus.png</texturesliderbarfocus> 
            <textureslidernib>scrollbar_nib.png</textureslidernib> 
            <textureslidernibfocus>scrollbar_nib.png</textureslidernibfocus> 
            <onleft>600</onleft>
            <onright>250</onright>
            <showonepage>false</showonepage>
            <orientation>vertical</orientation>
            <visible>false</visible>
        </control>

<!--        <control type="image" id="4010">-->
<!--            <description>Thumbnail shadow</description>-->
<!--            <posx>30</posx>-->
<!--            <posy>190</posy>-->
<!--            <width>230</width>-->
<!--            <height>386</height>-->
<!--            <texture border="40">-</texture>-->
<!--            <visible>Player.HasVideo</visible>-->
<!--        </control>-->
                      
        <control type="videowindow" id="4011">
            <posx>30</posx>
            <posy>60</posy>
            <width>230</width>
            <height>386</height>
            <visible>Player.HasVideo</visible>
        </control>
        
    </control>

    <!-- ============================================= -->
    <!--        H E A D E R                            -->          
    <!-- ============================================= -->              
    <control type="image">
      <description>Header Panel</description>
      <posx>0</posx>
      <posy>0</posy>
      <width>1280</width>
      <height>128</height>
      <texture>mb-header.png</texture>
    </control>

    <control type="image">
        <posx>40</posx>
        <posy>20</posy>
        <width>460</width>
        <height>90</height>
        <texture>mythbox.png</texture>
        <aspectratio align="left">keep</aspectratio>
        <animation effect="fade" time="200">WindowOpen</animation>
        <animation effect="fade" time="200">WindowClose</animation>
    </control>

    <control type="label">
      <description>screen title</description>
      <posx>70r</posx>
      <posy>25</posy>
      <width>400</width>
      <height>35</height>
      <align>right</align>
      <aligny>center</aligny>
      <textcolor>ffffffff</textcolor>
      <label>SCRIPT1000</label>
      <animation effect="fade" time="200">WindowOpen</animation>
      <animation effect="fade" time="200">WindowClose</animation>
    </control>

    <control type="label">
      <description>date/time label</description>
      <posx>70r</posx>
      <posy>65</posy>
      <width>450</width>
      <height>35</height>
      <align>right</align>
      <aligny>center</aligny>
      <font>font12</font>
      <textcolor>ffffffff</textcolor>
      <label>$INFO[System.Date] [COLOR=88FFFFFF] |  $INFO[System.Time][/COLOR]</label>
      <animation effect="fade" time="200">WindowOpen</animation>
      <animation effect="fade" time="200">WindowClose</animation>
    </control>

    <control type="group">
        <!-- Copy of include Window_OpenClose_Left_Panel_Animation -->
        <animation effect="fade" time="200" condition="Skin.HasSetting(Animate_Skin)">WindowOpen</animation>
        <animation effect="fade" time="200" condition="Skin.HasSetting(Animate_Skin)">WindowClose</animation>
        <animation effect="slide" start="-400,0" end="0,0" time="300" tween="quadratic" easing="out" condition="!Skin.HasSetting(Animate_Skin)">WindowOpen</animation>
        <animation effect="slide" end="-400,0" start="0,0" time="300" tween="quadratic" easing="out" condition="!Skin.HasSetting(Animate_Skin)">WindowClose</animation>
        
        <control type="group" id="2000">
            <description>Buttons</description>
            <posx>0</posx>
            <posy>122</posy>
            <itemgap>1</itemgap>
            <onup>2000</onup>
            <ondown>2000</ondown>
            <onleft>600</onleft>
            <onright>600</onright>
            
            <control type="button" id="251">
                <description>Sort by button</description>
                <posx>0</posx>
                <posy>0</posy>
                <width>285</width>
                <label>$INFO[Window.Property(sortBy)]</label>
                <align>left</align>
                <textoffsetx>40</textoffsetx>
                <texturefocus>button_focus.png</texturefocus>
                <texturenofocus>button_nofocus.png</texturenofocus>
                <pulseonselect>true</pulseonselect>
                <onleft>600</onleft>
                <onright>252</onright>
                <onup>250</onup>
                <ondown>250</ondown>
            </control>
            
            <control type="togglebutton" id="252">
                <description>Sort asc</description>
                <posx>250</posx>
                <posy>10</posy>
                <label>-</label>
                <texturefocus>mb-scroll-up-focus.png</texturefocus>
                <texturenofocus>mb-scroll-up.png</texturenofocus>
                <alttexturefocus>mb-scroll-down-focus.png</alttexturefocus>
                <alttexturenofocus>mb-scroll-down.png</alttexturenofocus>                
                <usealttexture>substring(Window.Property(sortAscending),true)</usealttexture>
                <onleft>251</onleft>
                <onright>600</onright>
                <onup>250</onup>
                <ondown>250</ondown>
            </control>  
            
            <control type="button" id="250">
                <description>Refresh button</description>
                <posx>0</posx>
                <posy>40</posy>
                <label>SCRIPT210</label>
                <width>285</width>
                <align>left</align>
                <textoffsetx>40</textoffsetx>
                <texturefocus>button_focus.png</texturefocus>
                <texturenofocus>button_nofocus.png</texturenofocus>
                <pulseonselect>true</pulseonselect>
                <onup>251</onup>
                <ondown>251</ondown>
                <onleft>600</onleft>
                <onright>600</onright>
                <enable>!substring(Window.Property(busy),true)</enable>
            </control>
        </control>
    
        <control type="image">
            <posx>30</posx>
            <posy>190</posy>
            <width>230</width>
            <height>386</height>
            <aspectratio aligny="bottom">keep</aspectratio>
            <fadetime>400</fadetime>
            <texture>$INFO[Container(600).ListItem.Property(poster)]</texture>
        </control>
    
        <control type="image">
            <posx>30</posx>
            <posy>586</posy>
            <width>230</width>
            <height>386</height>
            <aspectratio aligny="top">keep</aspectratio>
            <fadetime>400</fadetime>
            <texture flipy="true" diffuse="diffuse_mirror2.png">$INFO[Container(600).ListItem.Property(poster)]</texture>
        </control>
    </control>

    <control type="multiimage">
        <description>Busy animation</description>
        <posx>722</posx>
        <posy>340</posy>
        <width>100</width>
        <height>100</height>
        <imagepath>busy</imagepath>
        <timeperimage>50</timeperimage>
        <fadetime>0</fadetime>
        <visible>substring(Window.Property(busy),true)</visible>
        <animation effect="fade" time="250">VisibleChange</animation>    
    </control>
        
<!-- Footer -->        

    <control type="label">
        <description>upcoming x of y</description>
        <posx>70r</posx>
        <posy>50r</posy>
        <width>200</width>
        <height>35</height>
        <align>right</align>
        <aligny>center</aligny>
        <font>font12</font>
        <textcolor>ffffffff</textcolor>
        <label>Upcoming $INFO[Container(600).ListItem.Property(index)] of $INFO[Container(600).NumItems]</label>
        <visible>!substring(Window.Property(busy),true)</visible>
        <animation effect="fade" time="200">WindowOpen</animation>
        <animation effect="fade" time="200">WindowClose</animation>
    </control>
        
  </controls>
</window>
