<?xml version="1.0" encoding="UTF-8" standalone="yes"?>
<addon id="plugin.video.eevblog"
       name="EEVblog"
       version="0.2.1"
       provider-name="Clumsy">
  <requires>
    <import addon="xbmc.python" version="2.0"/>
    <import addon="plugin.video.youtube" version="2.9.2" optional="false" />
  </requires>
  <extension point="xbmc.python.pluginsource"
            library="default.py">
        <provides>video</provides>
  </extension>
  <extension point="xbmc.addon.metadata">
    <summary lang="en">EEVblog - Electronics Engineering Video Blog</summary>
    <summary lang="de">EEVblog - Elektrotechnik und Elektronik Video Blog</summary>
    <summary lang="hu">EEVblog - elektrotechnikai videó-blog</summary>
    <description lang="en">The EEVblog is an off-the-cuff video blog and Podcast of interest to anyone involved in electronics design. Electronics professionals, hobbyists, hackers, and makers will find something of interest here. Presented in Dave's unique non-scripted overly enthusiastic style!&#xA;&#xA;Be sure to check out www.eevblog.com !</description>
    <description lang="de">David L. Jones wunderbarer, ungeskripteter Video Blog über Themen aus der Elektronik bzw. Elektrotechnik. Dave's enthusiastischer Stil dürfte Profis, Hacker und Bastler gleichermaßen ansprechen.&#xA;&#xA;Schau auch mal bei www.eevblog.com vorbei !</description>
    <description lang="hu">Az EEVblog egy vágatlan videó-blog ami az elektrotechnika után érdeklődők számára szolgál érdekes információkkal. Iparági dolgozók, hobbisták, hackerek és gyártók találhatnak itt érdekes videókat, Dave egyedi és lelkes stílusában előadva!&#xA;&#xA;Mindenképp látogasd meg a www.eevblog.com-ot !</description>
    <platform>all</platform>
    <language>en</language>
  </extension>
</addon>
