<?xml version="1.0" encoding="UTF-8" standalone="yes"?>
<addon id="plugin.video.cinemassacre" name="cinemassacre" version="0.0.5" provider-name="dethfeet">
  <requires>
    <import addon="xbmc.python" version="2.0"/>
    <import addon="xbmc.gui" version="2.11"/>
    <import addon="plugin.video.youtube" version="2.9.1"/>
    <import addon="plugin.video.bliptv" version="0.4.0"/>
  </requires>
  <extension point="xbmc.python.pluginsource" library="default.py">
    <provides>video</provides>
  </extension>
  <extension point="xbmc.addon.metadata">
  		<language>en</language>
    	<summary>cinemassacre.com</summary>
    	<description>Home of the Angry Video Game Nerd, Monster Madness, movie reviews, top 10's, and commentary, retro and classic video gaming and more.</description>
    <platform>all</platform>
  </extension>
</addon>
