<?xml version="1.0" encoding="utf-8"?>
<window id="5300" type="dialog">
    <allowoverlay>no</allowoverlay>
    <visible>true</visible>
    <defaultcontrol always="true">500</defaultcontrol>
    <coordinates>
        <system>1</system>
        <posx>0</posx>
        <posy>0</posy>
    </coordinates>
    <animation effect="fade" start="0" end="100" time="200">WindowOpen</animation>
    <animation effect="fade" start="100" end="0" time="200">WindowClose</animation>
    <controls>
        <control type="label" id="100">
            <description>Visibility marker</description>
            <visible>false</visible>
        </control>

        <control type="image">
            <posx>0</posx>
            <posy>60</posy>
            <width>1280</width>
            <height>600</height>
            <texture>quiz-gametype-background.png</texture>
        </control>

        <control type="group">
            <description>"tab" buttons</description>
            <posx>30</posx>
            <posy>80</posy>
            <width>200</width>
            <height>400</height>

            <control type="button" id="500">
                <description>Highscore</description>
                <posx>0</posx>
                <posy>0</posy>
                <width>200</width>
                <height>40</height>
                <onup>504</onup>
                <ondown>501</ondown>
                <onright>1002</onright>
                <textcolor>ffffffff</textcolor>
                <font>font13</font>
                <align>center</align>
                <aligny>center</aligny>
                <label>$ADDON[script.moviequiz 30800]</label>
                <texturenofocus>quiz-button-nofocus.png</texturenofocus>
                <texturefocus>quiz-button-focus.png</texturefocus>
            </control>

            <control type="button" id="501">
                <description>Statistics label</description>
                <posx>0</posx>
                <posy>50</posy>
                <width>200</width>
                <height>40</height>
                <onup>500</onup>
                <ondown>502</ondown>
                <onright>2002</onright>
                <textcolor>ffffffff</textcolor>
                <font>font13</font>
                <align>center</align>
                <aligny>center</aligny>
                <label>$ADDON[script.moviequiz 30803]</label>
                <texturenofocus>quiz-button-nofocus.png</texturenofocus>
                <texturefocus>quiz-button-focus.png</texturefocus>
            </control>

            <control type="button" id="502">
                <description>About label</description>
                <posx>0</posx>
                <posy>100</posy>
                <width>200</width>
                <height>40</height>
                <textcolor>ffffffff</textcolor>
                <font>font13</font>
                <align>center</align>
                <aligny>center</aligny>
                <label>$ADDON[script.moviequiz 30801]</label>
                <texturenofocus>quiz-button-nofocus.png</texturenofocus>
                <texturefocus>quiz-button-focus.png</texturefocus>
                <onup>501</onup>
                <ondown>503</ondown>
                <onright>3002</onright>
            </control>

            <control type="button" id="503">
                <description>Changelog label</description>
                <posx>0</posx>
                <posy>150</posy>
                <width>200</width>
                <height>40</height>
                <textcolor>ffffffff</textcolor>
                <font>font13</font>
                <align>center</align>
                <aligny>center</aligny>
                <texturenofocus>quiz-button-nofocus.png</texturenofocus>
                <texturefocus>quiz-button-focus.png</texturefocus>
                <label>$ADDON[script.moviequiz 30802]</label>
                <onup>502</onup>
                <ondown>504</ondown>
                <onright>4002</onright>
            </control>

            <control type="button" id="504">
                <description>Close button</description>
                <posx>0</posx>
                <posy>200</posy>
                <width>200</width>
                <height>40</height>
                <textcolor>ffffffff</textcolor>
                <font>font13</font>
                <align>center</align>
                <aligny>center</aligny>
                <texturenofocus>quiz-button-nofocus.png</texturenofocus>
                <texturefocus>quiz-button-focus.png</texturefocus>
                <label>$ADDON[script.moviequiz 30605]</label>
                <onup>503</onup>
                <ondown>500</ondown>
            </control>
        </control>

        <control type="group" id="1000">
            <description>Highscores tab</description>
            <posx>260</posx>
            <posy>80</posy>
            <width>990</width>
            <height>380</height>
            <visible>StringCompare(Control.GetLabel(100),highscores)</visible>

            <control type="togglebutton" id="1002">
                <description>global / local highscore toggle</description>
                <posx>0</posx>
                <posy>0</posy>
                <width>200</width>
                <height>40</height>
                <textcolor>ffffffff</textcolor>
                <font>font13</font>
                <label>$ADDON[script.moviequiz 30702]</label>
                <altlabel>$ADDON[script.moviequiz 30703]</altlabel>
                <texturenofocus>quiz-button-nofocus.png</texturenofocus>
                <texturefocus>quiz-button-focus.png</texturefocus>
                <alttexturenofocus>quiz-button-nofocus.png</alttexturenofocus>
                <alttexturefocus>quiz-button-focus.png</alttexturefocus>
                <onleft>500</onleft>
                <onright>1003</onright>
                <ondown>1001</ondown>
                <aligny>center</aligny>
                <align>center</align>
                <enable>IntegerGreaterThan(Container(1001).NumItems,0)</enable>
            </control>
            <control type="button" id="1003">
                <description>highscore type</description>
                <posx>230</posx>
                <posy>0</posy>
                <width>400</width>
                <height>40</height>
                <textcolor>ffffffff</textcolor>
                <font>font13</font>
                <label>$ADDON[script.moviequiz 30705]</label>
                <texturenofocus>quiz-button-nofocus.png</texturenofocus>
                <texturefocus>quiz-button-focus.png</texturefocus>
                <onleft>1002</onleft>
                <onright>1004</onright>
                <ondown>1001</ondown>
                <aligny>center</aligny>
                <align>center</align>
                <enable>IntegerGreaterThan(Container(1001).NumItems,0)</enable>
            </control>
            <control type="togglebutton" id="1004">
                <description>movie / tv show quiz</description>
                <posx>660</posx>
                <posy>0</posy>
                <width>200</width>
                <height>40</height>
                <textcolor>ffffffff</textcolor>
                <font>font13</font>
                <label>$ADDON[script.moviequiz 30810]</label>
                <altlabel>$ADDON[script.moviequiz 30811]</altlabel>
                <texturenofocus>quiz-button-nofocus.png</texturenofocus>
                <texturefocus>quiz-button-focus.png</texturefocus>
                <alttexturenofocus>quiz-button-nofocus.png</alttexturenofocus>
                <alttexturefocus>quiz-button-focus.png</alttexturefocus>
                <onleft>1003</onleft>
                <onright>500</onright>
                <ondown>1001</ondown>
                <aligny>center</aligny>
                <align>center</align>
                <enable>IntegerGreaterThan(Container(1001).NumItems,0)</enable>
            </control>

            <control type="label">
                <posx>0</posx>
                <posy>50</posy>
                <width>60</width>
                <height>40</height>
                <textcolor>ffffffff</textcolor>
                <font>font13</font>
                <label>[B]#[/B]</label>
                <align>center</align>
                <aligny>center</aligny>
            </control>
            <control type="label">
                <description>nickname</description>
                <posx>90</posx>
                <posy>50</posy>
                <width>310</width>
                <height>40</height>
                <textcolor>ffffffff</textcolor>
                <textoffsetx>10</textoffsetx>
                <font>font13</font>
                <label>$ADDON[script.moviequiz 30812]</label>
                <aligny>center</aligny>
            </control>
            <control type="label">
                <description>score</description>
                <posx>780</posx>
                <posy>50</posy>
                <width>380</width>
                <height>40</height>
                <textcolor>ffffffff</textcolor>
                <textoffsetx>10</textoffsetx>
                <font>font13</font>
                <label>$ADDON[script.moviequiz 30813]</label>
                <aligny>center</aligny>
                <align>right</align>
            </control>
            <control type="label">
                <description>date</description>
                <posx>990</posx>
                <posy>50</posy>
                <width>210</width>
                <height>40</height>
                <textcolor>ffffffff</textcolor>
                <textoffsetx>10</textoffsetx>
                <font>font13</font>
                <label>$ADDON[script.moviequiz 30814]</label>
                <aligny>center</aligny>
                <align>right</align>
            </control>

            <control type="group">
                <posx>300</posx>
                <posy>250</posy>
                <width>470</width>
                <height>55</height>
                <visible>!IntegerGreaterThan(Container(1001).NumItems,0)</visible>
                <animation effect="fade" start="0" end="100" time="300">VisibleChange</animation>

                <control type="image">
                    <posx>0</posx>
                    <posy>0</posy>
                    <width>54</width>
                    <height>55</height>
                    <texture>loading.gif</texture>
                </control>
                <control type="label">
                    <posx>70</posx>
                    <posy>0</posy>
                    <width>400</width>
                    <height>55</height>
                    <label>$ADDON[script.moviequiz 30008]</label>
                    <aligny>center</aligny>
                    <font>font30</font>
                </control>
            </control>

            <control type="list" id="1001">
                <posx>0</posx>
                <posy>90</posy>
                <width>990</width>
                <height>480</height>
                <onleft>500</onleft>
                <onup>1003</onup>
                <viewtype label="list">list</viewtype>
                <orientation>vertical</orientation>
                <scrolltime>200</scrolltime>
                <itemlayout width="990" height="40">
                    <control type="image">
                        <description>Highlight the new highscore</description>
                        <posx>0</posx>
                        <posy>0</posy>
                        <width>990</width>
                        <height>40</height>
                        <texture>quiz-button-nofocus.png</texture>
                        <visible>!IsEmpty(ListItem.Property(highlight))</visible>
                    </control>
                    <control type="label">
                        <posx>30</posx>
                        <posy>0</posy>
                        <width>60</width>
                        <height>40</height>
                        <textcolor>ffffffff</textcolor>
                        <font>font13</font>
                        <info>ListItem.Property(position)</info>
                        <align>center</align>
                        <aligny>center</aligny>
                    </control>
                    <control type="image">
                        <posx>60</posx>
                        <posy>5</posy>
                        <width>30</width>
                        <height>30</height>
                        <info>ListItem.Property(countryIconUrl)</info>
                        <aspectratio>keep</aspectratio>
                    </control>
                    <control type="label">
                        <posx>90</posx>
                        <posy>0</posy>
                        <width>310</width>
                        <height>40</height>
                        <textcolor>ffffffff</textcolor>
                        <textoffsetx>10</textoffsetx>
                        <font>font13</font>
                        <info>ListItem.Label</info>
                        <aligny>center</aligny>
                    </control>
                    <control type="label">
                        <posx>780</posx>
                        <posy>0</posy>
                        <width>380</width>
                        <height>40</height>
                        <textcolor>ffffffff</textcolor>
                        <textoffsetx>10</textoffsetx>
                        <font>font13</font>
                        <info>ListItem.Property(score)</info>
                        <aligny>center</aligny>
                        <align>right</align>
                    </control>
                    <control type="label">
                        <posx>990</posx>
                        <posy>0</posy>
                        <width>210</width>
                        <height>40</height>
                        <textcolor>ffffffff</textcolor>
                        <textoffsetx>10</textoffsetx>
                        <font>font13</font>
                        <info>ListItem.Property(timestamp)</info>
                        <aligny>center</aligny>
                        <align>right</align>
                    </control>
                </itemlayout>
                <focusedlayout width="990" height="40">
                    <control type="image">
                        <posx>0</posx>
                        <posy>0</posy>
                        <width>990</width>
                        <height>40</height>
                        <texture>quiz-button-focus.png</texture>
                        <visible>Control.HasFocus(1001)</visible>
                    </control>
                    <control type="label">
                        <posx>30</posx>
                        <posy>0</posy>
                        <width>60</width>
                        <height>40</height>
                        <textcolor>ffffffff</textcolor>
                        <font>font13</font>
                        <info>ListItem.Property(position)</info>
                        <align>center</align>
                        <aligny>center</aligny>
                    </control>
                    <control type="image">
                        <posx>60</posx>
                        <posy>5</posy>
                        <width>30</width>
                        <height>30</height>
                        <info>ListItem.Property(countryIconUrl)</info>
                        <aspectratio>keep</aspectratio>
                    </control>
                    <control type="label">
                        <posx>90</posx>
                        <posy>0</posy>
                        <width>310</width>
                        <height>40</height>
                        <textcolor>ffffffff</textcolor>
                        <textoffsetx>10</textoffsetx>
                        <font>font13</font>
                        <info>ListItem.Label</info>
                        <aligny>center</aligny>
                    </control>
                    <control type="label">
                        <posx>780</posx>
                        <posy>0</posy>
                        <width>380</width>
                        <height>40</height>
                        <textcolor>ffffffff</textcolor>
                        <textoffsetx>10</textoffsetx>
                        <font>font13</font>
                        <info>ListItem.Property(score)</info>
                        <aligny>center</aligny>
                        <align>right</align>
                    </control>
                    <control type="label">
                        <posx>990</posx>
                        <posy>0</posy>
                        <width>210</width>
                        <height>40</height>
                        <textcolor>ffffffff</textcolor>
                        <textoffsetx>10</textoffsetx>
                        <font>font13</font>
                        <info>ListItem.Property(timestamp)</info>
                        <aligny>center</aligny>
                        <align>right</align>
                    </control>
                </focusedlayout>
            </control>

        </control>

        <control type="group" id="2000">
            <description>Statistics tab</description>
            <posx>260</posx>
            <posy>80</posy>
            <width>990</width>
            <height>570</height>
            <visible>StringCompare(Control.GetLabel(100),statistics)</visible>

            <control type="label" id="2001">
                <posx>0</posx>
                <posy>50</posy>
                <width>990</width>
                <height>200</height>
                <textcolor>ffffffff</textcolor>
                <font>font13</font>
                <wrapmultiline>true</wrapmultiline>
                <label>$ADDON[script.moviequiz 30008]</label>
            </control>

            <control type="label">
                <description>top countries</description>
                <posx>0</posx>
                <posy>200</posy>
                <width>220</width>
                <height>50</height>
                <textcolor>ffffffff</textcolor>
                <font>font13</font>
                <label>$ADDON[script.moviequiz 30821]</label>
            </control>

            <control type="list" id="2002">
                <description>top countries list</description>
                <posx>0</posx>
                <posy>250</posy>
                <width>220</width>
                <height>330</height>
                <onleft>501</onleft>
                <onright>2003</onright>
                <viewtype label="list">list</viewtype>
                <orientation>vertical</orientation>
                <scrolltime>200</scrolltime>
                <itemlayout width="220" height="40">
                    <control type="image">
                        <posx>5</posx>
                        <posy>5</posy>
                        <width>30</width>
                        <height>30</height>
                        <info>ListItem.Property(countryIconUrl)</info>
                        <aspectratio>keep</aspectratio>
                    </control>
                    <control type="label">
                        <posx>220</posx>
                        <posy>0</posy>
                        <width>220</width>
                        <height>40</height>
                        <textcolor>ffffffff</textcolor>
                        <textoffsetx>10</textoffsetx>
                        <font>font13</font>
                        <info>ListItem.Label</info>
                        <aligny>center</aligny>
                        <align>right</align>
                    </control>
                </itemlayout>
                <focusedlayout width="220" height="40">
                    <control type="image">
                        <posx>0</posx>
                        <posy>0</posy>
                        <width>220</width>
                        <height>40</height>
                        <texture>quiz-button-focus.png</texture>
                        <visible>Control.HasFocus(2002)</visible>
                    </control>
                    <control type="image">
                        <posx>5</posx>
                        <posy>5</posy>
                        <width>30</width>
                        <height>30</height>
                        <info>ListItem.Property(countryIconUrl)</info>
                        <aspectratio>keep</aspectratio>
                    </control>
                    <control type="label">
                        <posx>220</posx>
                        <posy>0</posy>
                        <width>220</width>
                        <height>40</height>
                        <textcolor>ffffffff</textcolor>
                        <textoffsetx>10</textoffsetx>
                        <font>font13</font>
                        <info>ListItem.Label</info>
                        <aligny>center</aligny>
                        <align>right</align>
                    </control>
                </focusedlayout>
            </control>

            <control type="label">
                <description>top players</description>
                <posx>300</posx>
                <posy>200</posy>
                <width>450</width>
                <height>50</height>
                <textcolor>ffffffff</textcolor>
                <font>font13</font>
                <label>$ADDON[script.moviequiz 30822]</label>
            </control>

            <control type="list" id="2003">
                <description>top users list</description>
                <posx>300</posx>
                <posy>250</posy>
                <width>450</width>
                <height>330</height>
                <onleft>2002</onleft>
                <viewtype label="list">list</viewtype>
                <orientation>vertical</orientation>
                <scrolltime>200</scrolltime>
                <itemlayout width="450" height="40">
                    <control type="image">
                        <posx>5</posx>
                        <posy>5</posy>
                        <width>30</width>
                        <height>30</height>
                        <info>ListItem.Property(countryIconUrl)</info>
                        <aspectratio>keep</aspectratio>
                    </control>
                    <control type="label">
                        <posx>35</posx>
                        <posy>0</posy>
                        <width>220</width>
                        <height>40</height>
                        <textcolor>ffffffff</textcolor>
                        <textoffsetx>10</textoffsetx>
                        <font>font13</font>
                        <info>ListItem.Label</info>
                        <aligny>center</aligny>
                    </control>
                    <control type="label">
                        <posx>450</posx>
                        <posy>0</posy>
                        <width>200</width>
                        <height>40</height>
                        <textcolor>ffffffff</textcolor>
                        <textoffsetx>10</textoffsetx>
                        <font>font13</font>
                        <info>ListItem.Property(games)</info>
                        <aligny>center</aligny>
                        <align>right</align>
                    </control>
                </itemlayout>
                <focusedlayout width="450" height="40">
                    <control type="image">
                        <posx>0</posx>
                        <posy>0</posy>
                        <width>450</width>
                        <height>40</height>
                        <texture>quiz-button-focus.png</texture>
                        <visible>Control.HasFocus(2003)</visible>
                    </control>
                    <control type="image">
                        <posx>5</posx>
                        <posy>5</posy>
                        <width>30</width>
                        <height>30</height>
                        <info>ListItem.Property(countryIconUrl)</info>
                        <aspectratio>keep</aspectratio>
                    </control>
                    <control type="label">
                        <posx>35</posx>
                        <posy>0</posy>
                        <width>220</width>
                        <height>40</height>
                        <textcolor>ffffffff</textcolor>
                        <textoffsetx>10</textoffsetx>
                        <font>font13</font>
                        <info>ListItem.Label</info>
                        <aligny>center</aligny>
                    </control>
                    <control type="label">
                        <posx>450</posx>
                        <posy>0</posy>
                        <width>200</width>
                        <height>40</height>
                        <textcolor>ffffffff</textcolor>
                        <textoffsetx>10</textoffsetx>
                        <font>font13</font>
                        <info>ListItem.Property(games)</info>
                        <aligny>center</aligny>
                        <align>right</align>
                    </control>
                </focusedlayout>
            </control>

        </control>

        <control type="group" id="3000">
            <description>About tab</description>
            <posx>260</posx>
            <posy>80</posy>
            <width>990</width>
            <height>570</height>
            <visible>StringCompare(Control.GetLabel(100),about)</visible>

            <control type="textbox" id="3001">
                <posx>0</posx>
                <posy>0</posy>
                <width>990</width>
                <height>570</height>
                <textcolor>ffffffff</textcolor>
                <font>font13</font>
                <wrapmultiline>true</wrapmultiline>
                <autoscroll time="3600" delay="6000" repeat="6000">true</autoscroll>
                <label>$ADDON[script.moviequiz 30008]</label>
                <onright>3002</onright>
                <pagecontrol>3002</pagecontrol>
            </control>

            <control type="scrollbar" id="3002">
                <posx>990</posx>
                <posy>0</posy>
                <width>20</width>
                <height>570</height>
                <onleft>3001</onleft>
            </control>
        </control>

        <control type="group" id="4000">
            <description>Changelog tab</description>
            <posx>260</posx>
            <posy>80</posy>
            <width>990</width>
            <height>570</height>
            <visible>StringCompare(Control.GetLabel(100),changelog)</visible>

            <control type="textbox" id="4001">
                <posx>0</posx>ad
                <posy>0</posy>
                <width>990</width>
                <height>570</height>
                <textcolor>ffffffff</textcolor>
                <font>font13</font>
                <wrapmultiline>true</wrapmultiline>
                <autoscroll time="3600" delay="6000" repeat="6000">true</autoscroll>
                <label>$ADDON[script.moviequiz 30008]</label>
                <onleft>4002</onleft>
                <pagecontrol>4002</pagecontrol>
            </control>

            <control type="scrollbar" id="4002">
                <posx>990</posx>
                <posy>0</posy>
                <width>20</width>
                <height>570</height>
                <onleft>4001</onleft>
            </control>
        </control>

    </controls>
</window>
