<?xml version="1.0" encoding="utf-8"?>
<window id="5200" type="dialog">
    <allowoverlay>no</allowoverlay>
    <visible>true</visible>
    <defaultcontrol always="true">4000</defaultcontrol>
    <coordinates>
        <system>1</system>
        <posx>0</posx>
        <posy>0</posy>
    </coordinates>
    <animation effect="fade" start="100" end="0" time="200">WindowClose</animation> 
    <controls>
        <control type="label" id="100">
            <description>Visibility marker</description>
            <visible>false</visible>
        </control>

        <control type="image">
            <posx>0</posx>
            <posy>200</posy>
            <width>1280</width>
            <height>400</height>
            <texture>quiz-gametype-background.png</texture>
        </control>

        <control type="group">
            <posx>300</posx>
            <posy>200</posy>
            <width>680</width>
            <height>400</height>
            <animation effect="fade" start="0" end="100" time="200">WindowOpen</animation>
            <animation effect="fade" start="100" end="0" time="200">WindowClose</animation>

            <control type="label" id="3999">
                <posx>0</posx>
                <posy>20</posy>
                <width>680</width>
                <height>40</height>
                <textcolor>ffffffff</textcolor>
                <font>font13</font>
                <align>center</align>
                <aligny>center</aligny>
                <label>[B]Choose XYZ game type[/B]</label>
            </control>

            <control type="button" id="4000">
                <description>Unlimited game type button</description>
                <posx>0</posx>
                <posy>80</posy>
                <width>200</width>
                <height>40</height>
                <textcolor>ffffffff</textcolor>
                <font>font13</font>
                <align>center</align>
                <aligny>center</aligny>
                <label>$ADDON[script.moviequiz 30602]</label>
                <texturenofocus>quiz-button-nofocus.png</texturenofocus>
                <texturefocus>quiz-button-focus.png</texturefocus>
                <onleft>4002</onleft>
                <onright>4001</onright>
                <onup>4004</onup>
                <ondown>4004</ondown>
            </control>
            <control type="button" id="4001">
                <description>Time limited game type button</description>
                <posx>240</posx>
                <posy>80</posy>
                <width>200</width>
                <height>40</height>
                <textcolor>ffffffff</textcolor>
                <font>font13</font>
                <align>center</align>
                <aligny>center</aligny>
                <label>$ADDON[script.moviequiz 30603]</label>
                <texturenofocus>quiz-button-nofocus.png</texturenofocus>
                <texturefocus>quiz-button-focus.png</texturefocus>
                <onleft>4000</onleft>
                <onright>4002</onright>
                <onup>4104</onup>
                <ondown>4100</ondown>
            </control>
            <control type="button" id="4002">
                <description>Question limited game type button</description>
                <posx>480</posx>
                <posy>80</posy>
                <width>200</width>
                <height>40</height>
                <textcolor>ffffffff</textcolor>
                <font>font13</font>
                <align>center</align>
                <aligny>center</aligny>
                <label>$ADDON[script.moviequiz 30604]</label>
                <texturenofocus>quiz-button-nofocus.png</texturenofocus>
                <texturefocus>quiz-button-focus.png</texturefocus>
                <onleft>4001</onleft>
                <onright>4000</onright>
                <onup>4204</onup>
                <ondown>4200</ondown>
            </control>

            <control type="group">
                <description>Unlimited game type</description>
                <posx>0</posx>
                <posy>160</posy>
                <width>680</width>
                <height>300</height>
                <animation effect="fade" start="0" end="100" time="200">VisibleChange</animation>
                <visible>StringCompare(Control.GetLabel(100),unlimited)</visible>

                <control type="label">
                    <description>No limit on game time</description>
                    <posx>0</posx>
                    <posy>0</posy>
                    <width>400</width>
                    <height>40</height>
                    <textcolor>ffffffff</textcolor>
                    <font>font13</font>
                    <aligny>center</aligny>
                    <label>$ADDON[script.moviequiz 30610]</label>
                </control>
                <control type="label">
                    <description>No limit on questions</description>
                    <posx>0</posx>
                    <posy>40</posy>
                    <width>400</width>
                    <height>40</height>
                    <textcolor>ffffffff</textcolor>
                    <font>font13</font>
                    <aligny>center</aligny>
                    <label>$ADDON[script.moviequiz 30611]</label>
                </control>
                <control type="label">
                    <description>End the game by using the Quiz option</description>
                    <posx>0</posx>
                    <posy>80</posy>
                    <width>680</width>
                    <height>40</height>
                    <textcolor>ffffffff</textcolor>
                    <font>font13</font>
                    <aligny>center</aligny>
                    <label>$ADDON[script.moviequiz 30612]</label>
                </control>

                <control type="button" id="4003">
                    <description>Cancel</description>
                    <posx>120</posx>
                    <posy>160</posy>
                    <width>200</width>
                    <height>40</height>
                    <textcolor>ffffffff</textcolor>
                    <font>font13</font>
                    <align>center</align>
                    <aligny>center</aligny>
                    <label>$ADDON[script.moviequiz 30605]</label>
                    <texturenofocus>quiz-button-nofocus.png</texturenofocus>
                    <texturefocus>quiz-button-focus.png</texturefocus>
                    <onup>4000</onup>
                    <onright>4004</onright>
                </control>
                <control type="button" id="4004">
                    <description>Play</description>
                    <posx>360</posx>
                    <posy>160</posy>
                    <width>200</width>
                    <height>40</height>
                    <textcolor>ffffffff</textcolor>
                    <font>font13</font>
                    <align>center</align>
                    <aligny>center</aligny>
                    <label>$ADDON[script.moviequiz 30606]</label>
                    <texturenofocus>quiz-button-nofocus.png</texturenofocus>
                    <texturefocus>quiz-button-focus.png</texturefocus>
                    <onup>4000</onup>
                    <onleft>4003</onleft>
                </control>
            </control>

            <control type="group">
                <description>Time limited game type</description>
                <posx>0</posx>
                <posy>160</posy>
                <width>680</width>
                <height>300</height>
                <animation effect="fade" start="0" end="100" time="200">VisibleChange</animation>
                <visible>StringCompare(Control.GetLabel(100),time-limited)</visible>

                <control type="label">
                    <description>Game will ends after</description>
                    <posx>0</posx>
                    <posy>0</posy>
                    <width>400</width>
                    <height>40</height>
                    <textcolor>ffffffff</textcolor>
                    <font>font13</font>
                    <aligny>center</aligny>
                    <label>$ADDON[script.moviequiz 30613]</label>
                </control>

                <control type="button" id="4101">
                    <posx>680</posx>
                    <posy>0</posy>
                    <width>30</width>
                    <height>40</height>
                    <texturenofocus>quiz-raquo.png</texturenofocus>
                    <texturefocus>quiz-raquo.png</texturefocus>
                    <onright>4100</onright>
                </control>
                <control type="button" id="4102">
                    <posx>450</posx>
                    <posy>0</posy>
                    <width>30</width>
                    <height>40</height>
                    <texturenofocus>quiz-laquo.png</texturenofocus>
                    <texturefocus>quiz-laquo.png</texturefocus>
                    <onleft>4100</onleft>
                </control>

                <control type="fixedlist" id="4100">
                    <posx>480</posx>
                    <posy>0</posy>
                    <width>200</width>
                    <height>40</height>
                    <onup>4001</onup>
                    <ondown>4104</ondown>
                    <viewtype label="list">list</viewtype>
                    <orientation>horizontal</orientation>
                    <pagecontrol>25</pagecontrol>
                    <scrolltime>200</scrolltime>
                    <visible>true</visible>
                    <focusposition>0</focusposition>
                    <itemlayout width="200" height="40">
                        <control type="label">
                            <posx>0</posx>
                            <posy>0</posy>
                            <width>200</width>
                            <height>40</height>
                            <textcolor>ffffffff</textcolor>
                            <textoffsetx>10</textoffsetx>
                            <font>font13</font>
                            <info>ListItem.Label</info>
                            <aligny>center</aligny>
                        </control>
                    </itemlayout>
                    <focusedlayout width="200" height="40">
                        <control type="image">
                            <posx>0</posx>
                            <posy>0</posy>
                            <width>200</width>
                            <height>40</height>
                            <texture>quiz-button-nofocus.png</texture>
                            <visible>!Control.Hasfocus(4100)</visible>
                        </control>
                        <control type="image">
                            <posx>0</posx>
                            <posy>0</posy>
                            <width>200</width>
                            <height>40</height>
                            <texture>quiz-button-focus.png</texture>
                            <visible>Control.Hasfocus(4100)</visible>
                        </control>
                        <control type="label">
                            <posx>0</posx>
                            <posy>0</posy>
                            <width>200</width>
                            <height>40</height>
                            <textcolor>ffffffff</textcolor>
                            <textoffsetx>10</textoffsetx>
                            <font>font13</font>
                            <info>ListItem.Label</info>
                            <aligny>center</aligny>
                        </control>
                    </focusedlayout>
                </control>

                <control type="label">
                    <description>No limit on questions</description>
                    <posx>0</posx>
                    <posy>40</posy>
                    <width>400</width>
                    <height>40</height>
                    <textcolor>ffffffff</textcolor>
                    <font>font13</font>
                    <aligny>center</aligny>
                    <label>$ADDON[script.moviequiz 30611]</label>
                </control>

                <control type="button" id="4103">
                    <description>Cancel</description>
                    <posx>120</posx>
                    <posy>160</posy>
                    <width>200</width>
                    <height>40</height>
                    <textcolor>ffffffff</textcolor>
                    <font>font13</font>
                    <align>center</align>
                    <aligny>center</aligny>
                    <label>$ADDON[script.moviequiz 30605]</label>
                    <texturenofocus>quiz-button-nofocus.png</texturenofocus>
                    <texturefocus>quiz-button-focus.png</texturefocus>
                    <onup>4100</onup>
                    <ondown>4001</ondown>
                    <onright>4104</onright>
                </control>
                <control type="button" id="4104">
                    <description>Play</description>
                    <posx>360</posx>
                    <posy>160</posy>
                    <width>200</width>
                    <height>40</height>
                    <textcolor>ffffffff</textcolor>
                    <font>font13</font>
                    <align>center</align>
                    <aligny>center</aligny>
                    <label>$ADDON[script.moviequiz 30606]</label>
                    <texturenofocus>quiz-button-nofocus.png</texturenofocus>
                    <texturefocus>quiz-button-focus.png</texturefocus>
                    <onup>4100</onup>
                    <ondown>4001</ondown>
                    <onleft>4103</onleft>
                </control>
            </control>

            <control type="group">
                <description>Question limited game type</description>
                <posx>0</posx>
                <posy>160</posy>
                <width>680</width>
                <height>300</height>
                <animation effect="fade" start="0" end="100" time="200">VisibleChange</animation>
                <visible>StringCompare(Control.GetLabel(100),question-limited)</visible>

                <control type="label">
                    <description>No limit on game time</description>
                    <posx>0</posx>
                    <posy>0</posy>
                    <width>400</width>
                    <height>40</height>
                    <textcolor>ffffffff</textcolor>
                    <font>font13</font>
                    <aligny>center</aligny>
                    <label>$ADDON[script.moviequiz 30610]</label>
                </control>
                <control type="label">
                    <description>Game will ends after</description>
                    <posx>0</posx>
                    <posy>40</posy>
                    <width>480</width>
                    <height>40</height>
                    <textcolor>ffffffff</textcolor>
                    <font>font13</font>
                    <aligny>center</aligny>
                    <label>$ADDON[script.moviequiz 30613]</label>
                </control>

                <control type="button" id="4201">
                    <posx>680</posx>
                    <posy>40</posy>
                    <width>30</width>
                    <height>40</height>
                    <texturenofocus>quiz-raquo.png</texturenofocus>
                    <texturefocus>quiz-raquo.png</texturefocus>
                </control>
                <control type="button" id="4202">
                    <posx>450</posx>
                    <posy>40</posy>
                    <width>30</width>
                    <height>40</height>
                    <texturenofocus>quiz-laquo.png</texturenofocus>
                    <texturefocus>quiz-laquo.png</texturefocus>
                </control>

                <control type="fixedlist" id="4200">
                    <posx>480</posx>
                    <posy>40</posy>
                    <width>200</width>
                    <height>40</height>
                    <onup>4002</onup>
                    <ondown>4204</ondown>
                    <viewtype label="list">list</viewtype>
                    <orientation>horizontal</orientation>
                    <pagecontrol>25</pagecontrol>
                    <scrolltime>200</scrolltime>
                    <visible>true</visible>
                    <focusposition>0</focusposition>
                    <itemlayout width="200" height="40">
                        <control type="image">
                            <posx>0</posx>
                            <posy>0</posy>
                            <width>200</width>
                            <height>40</height>
                            <texture>quiz-button-nofocus.png</texture>
                        </control>
                        <control type="label">
                            <posx>0</posx>
                            <posy>0</posy>
                            <width>200</width>
                            <height>40</height>
                            <textcolor>ffffffff</textcolor>
                            <textoffsetx>10</textoffsetx>
                            <font>font13</font>
                            <info>ListItem.Label</info>
                            <aligny>center</aligny>
                        </control>
                    </itemlayout>
                    <focusedlayout width="200" height="40">
                        <control type="image">
                            <posx>0</posx>
                            <posy>0</posy>
                            <width>200</width>
                            <height>40</height>
                            <texture>quiz-button-nofocus.png</texture>
                            <visible>!Control.Hasfocus(4200)</visible>
                        </control>
                        <control type="image">
                            <posx>0</posx>
                            <posy>0</posy>
                            <width>200</width>
                            <height>40</height>
                            <texture>quiz-button-focus.png</texture>
                            <visible>Control.Hasfocus(4200)</visible>
                        </control>
                        <control type="label">
                            <posx>0</posx>
                            <posy>0</posy>
                            <width>200</width>
                            <height>40</height>
                            <textcolor>ffffffff</textcolor>
                            <textoffsetx>10</textoffsetx>
                            <font>font13</font>
                            <info>ListItem.Label</info>
                            <aligny>center</aligny>
                        </control>
                    </focusedlayout>
                </control>

                <control type="button" id="4203">
                    <description>Cancel</description>
                    <posx>120</posx>
                    <posy>160</posy>
                    <width>200</width>
                    <height>40</height>
                    <textcolor>ffffffff</textcolor>
                    <font>font13</font>
                    <align>center</align>
                    <aligny>center</aligny>
                    <label>$ADDON[script.moviequiz 30605]</label>
                    <texturenofocus>quiz-button-nofocus.png</texturenofocus>
                    <texturefocus>quiz-button-focus.png</texturefocus>
                    <onup>4200</onup>
                    <ondown>4002</ondown>
                    <onright>4204</onright>
                </control>
                <control type="button" id="4204">
                    <description>Play</description>
                    <posx>360</posx>
                    <posy>160</posy>
                    <width>200</width>
                    <height>40</height>
                    <textcolor>ffffffff</textcolor>
                    <font>font13</font>
                    <align>center</align>
                    <aligny>center</aligny>
                    <label>$ADDON[script.moviequiz 30606]</label>
                    <texturenofocus>quiz-button-nofocus.png</texturenofocus>
                    <texturefocus>quiz-button-focus.png</texturefocus>
                    <onup>4200</onup>
                    <ondown>4002</ondown>
                    <onleft>4203</onleft>
                </control>
            </control>

        </control>

    </controls>
</window>
