<scraperfunctions>

	<GetTMDBCertificationsByIdChain dest="4">
		<RegExp input="$$5" output="&lt;details&gt;\1&lt;/details&gt;" dest="4">
			<RegExp input="$$1" output="&lt;url function=&quot;ParseTMDBCertifications&quot; cache=&quot;tmdb-cert-\1.json&quot;&gt;http://api.themoviedb.org/3/movie/\1/releases?api_key=57983e31fb435df4df77afb854740ea9&amp;amp;language=$INFO[tmdbcertcountry]&lt;/url&gt;" dest="5">
				<expression />
			</RegExp>
			<expression noclean="1" />
		</RegExp>
	</GetTMDBCertificationsByIdChain>
	<ParseTMDBCertifications dest="5">
		<RegExp input="$$2" output="&lt;details&gt;\1&lt;/details&gt;" dest="5">
			<RegExp input="$$1" output="&lt;mpaa&gt;$INFO[certprefix]\1&lt;/mpaa&gt;" dest="2">
				<expression fixchars="1">&quot;$INFO[tmdbcertcountry]&quot;,&quot;certification&quot;:&quot;([^&quot;]*)</expression>
			</RegExp>
			<expression noclean="1" />
		</RegExp>
	</ParseTMDBCertifications>

	<GetTMDBTitleByIdChain dest="4">
		<RegExp input="$$5" output="&lt;details&gt;\1&lt;/details&gt;" dest="4">
			<RegExp input="$$1" output="&lt;url function=&quot;ParseTMDBTitle&quot; cache=&quot;tmdb-$INFO[language]-\1.json&quot;&gt;http://api.themoviedb.org/3/movie/\1?api_key=57983e31fb435df4df77afb854740ea9&amp;amp;language=$INFO[language]&lt;/url&gt;" dest="5">
				<expression />
			</RegExp>
			<expression noclean="1" />
		</RegExp>
	</GetTMDBTitleByIdChain>
	<GetTMDBLangTitleByIdChain dest="4">
		<RegExp input="$$5" output="&lt;details&gt;\1&lt;/details&gt;" dest="4">
			<RegExp input="$$1" output="&lt;url function=&quot;ParseTMDBTitle&quot; cache=&quot;tmdb-$INFO[tmdbtitlelanguage]-\1.json&quot;&gt;http://api.themoviedb.org/3/movie/\1?api_key=57983e31fb435df4df77afb854740ea9&amp;amp;language=$INFO[tmdbtitlelanguage]&lt;/url&gt;" dest="5">
				<expression />
			</RegExp>
			<expression noclean="1" />
		</RegExp>
	</GetTMDBLangTitleByIdChain>
	<ParseTMDBTitle dest="5">
		<RegExp input="$$2" output="&lt;details&gt;\1&lt;/details&gt;" dest="5">
			<RegExp input="$$1" output="&lt;title&gt;\1&lt;/title&gt;" dest="2">
				<expression fixchars="1">&quot;title&quot;:&quot;([^&quot;]*)</expression>
			</RegExp>
			<expression noclean="1" />
		</RegExp>
	</ParseTMDBTitle>

	<GetTMDBPlotByIdChain clearbuffers="no" dest="4">
		<RegExp input="$$5" output="&lt;details&gt;\1&lt;/details&gt;" dest="4">
			<RegExp input="$$1" output="\1" dest="8">
				<expression clear="yes" noclean="1" />
			</RegExp>
			<RegExp input="$$8" output="&lt;url function=&quot;ParseTMDBPlot&quot; cache=&quot;tmdb-$INFO[language]-\1.json&quot;&gt;http://api.themoviedb.org/3/movie/\1?api_key=57983e31fb435df4df77afb854740ea9&amp;amp;language=$INFO[language]&lt;/url&gt;" dest="5">
				<expression />
			</RegExp>
			<expression noclean="1" />
		</RegExp>
	</GetTMDBPlotByIdChain>
	<GetTMDBLangPlotByIdChain clearbuffers="no" dest="4">
		<RegExp input="$$5" output="&lt;details&gt;\1&lt;/details&gt;" dest="4">
			<RegExp input="$$1" output="\1" dest="8">
				<expression clear="yes" noclean="1" />
			</RegExp>
			<RegExp input="$$8" output="&lt;url function=&quot;ParseTMDBPlot&quot; cache=&quot;tmdb-$INFO[tmdbplotlanguage]-\1.json&quot;&gt;http://api.themoviedb.org/3/movie/\1?api_key=57983e31fb435df4df77afb854740ea9&amp;amp;language=$INFO[tmdbplotlanguage]&lt;/url&gt;" dest="5">
				<expression />
			</RegExp>
			<expression noclean="1" />
		</RegExp>
	</GetTMDBLangPlotByIdChain>
	<ParseTMDBPlot dest="5">
		<RegExp input="$$2" output="&lt;details&gt;\1&lt;/details&gt;" dest="5">
			<RegExp input="$$1" output="\1" dest="9">
				<expression clear="yes" fixchars="1">&quot;overview&quot;:&quot;(.*?)&quot;,&quot;</expression>
			</RegExp>
			<RegExp input="$$9" output="&lt;url function=&quot;ParseFallbackTMDBPlot&quot; cache=&quot;tmdb-en-$$8.json&quot;&gt;http://api.themoviedb.org/3/movie/$$8?api_key=57983e31fb435df4df77afb854740ea9&amp;amp;language=en&lt;/url&gt;" dest="2">
				<expression>^$</expression>
			</RegExp>
			<RegExp input="$$9" output="&lt;plot&gt;\1&lt;/plot&gt;" dest="2">
				<expression>(.+)</expression>
			</RegExp>
			<expression noclean="1" />
		</RegExp>
	</ParseTMDBPlot>
	<ParseFallbackTMDBPlot dest="5">
		<RegExp input="$$2" output="&lt;details&gt;\1&lt;/details&gt;" dest="5">
			<RegExp input="$$1" output="&lt;plot&gt;\1&lt;/plot&gt;" dest="2">
				<expression clear="yes" fixchars="1">&quot;overview&quot;:&quot;(.*?)&quot;,&quot;</expression>
			</RegExp>
			<expression noclean="1" />
		</RegExp>
	</ParseFallbackTMDBPlot>

	<GetTMDBTaglineByIdChain clearbuffers="no" dest="4">
		<RegExp input="$$5" output="&lt;details&gt;\1&lt;/details&gt;" dest="4">
			<RegExp input="$$1" output="\1" dest="8">
				<expression clear="yes" noclean="1" />
			</RegExp>
			<RegExp input="$$8" output="&lt;url function=&quot;ParseTMDBTagline&quot; cache=&quot;tmdb-$INFO[language]-\1.json&quot;&gt;http://api.themoviedb.org/3/movie/\1?api_key=57983e31fb435df4df77afb854740ea9&amp;amp;language=$INFO[language]&lt;/url&gt;" dest="5">
				<expression />
			</RegExp>
			<expression noclean="1" />
		</RegExp>
	</GetTMDBTaglineByIdChain>
	<GetTMDBLangTaglineByIdChain clearbuffers="no" dest="4">
		<RegExp input="$$5" output="&lt;details&gt;\1&lt;/details&gt;" dest="4">
			<RegExp input="$$1" output="\1" dest="8">
				<expression clear="yes" noclean="1" />
			</RegExp>
			<RegExp input="$$8" output="&lt;url function=&quot;ParseTMDBTagline&quot; cache=&quot;tmdb-$INFO[tmdbtaglinelanguage]-\1.json&quot;&gt;http://api.themoviedb.org/3/movie/\1?api_key=57983e31fb435df4df77afb854740ea9&amp;amp;language=$INFO[tmdbtaglinelanguage]&lt;/url&gt;" dest="5">
				<expression />
			</RegExp>
			<expression noclean="1" />
		</RegExp>
	</GetTMDBLangTaglineByIdChain>
	<ParseTMDBTagline dest="5">
		<RegExp input="$$2" output="&lt;details&gt;\1&lt;/details&gt;" dest="5">
			<RegExp input="$$1" output="\1" dest="9">
				<expression clear="yes" fixchars="1">&quot;tagline&quot;:&quot;([^&quot;]*)</expression>
			</RegExp>
			<RegExp input="$$9" output="&lt;url function=&quot;ParseFallbackTMDBTagline&quot; cache=&quot;tmdb-en-$$8.json&quot;&gt;http://api.themoviedb.org/3/movie/$$8?api_key=57983e31fb435df4df77afb854740ea9&amp;amp;language=en&lt;/url&gt;" dest="2">
				<expression>^$</expression>
			</RegExp>
			<RegExp input="$$9" output="&lt;tagline&gt;\1&lt;/tagline&gt;" dest="2">
				<expression>(.+)</expression>
			</RegExp>
			<expression noclean="1" />
		</RegExp>
	</ParseTMDBTagline>
	<ParseFallbackTMDBTagline dest="5">
		<RegExp input="$$2" output="&lt;details&gt;\1&lt;/details&gt;" dest="5">
			<RegExp input="$$1" output="&lt;tagline&gt;\1&lt;/tagline&gt;" dest="2">
				<expression clear="yes" fixchars="1">&quot;tagline&quot;:&quot;([^&quot;]*)</expression>
			</RegExp>
			<expression noclean="1" />
		</RegExp>
	</ParseFallbackTMDBTagline>

	<GetTMDBSetByIdChain dest="4">
		<RegExp input="$$5" output="&lt;details&gt;\1&lt;/details&gt;" dest="4">
			<RegExp input="$$1" output="&lt;url function=&quot;ParseTMDBSet&quot; cache=&quot;tmdb-$INFO[language]-\1.json&quot;&gt;http://api.themoviedb.org/3/movie/\1?api_key=57983e31fb435df4df77afb854740ea9&amp;amp;language=$INFO[language]&lt;/url&gt;" dest="5">
				<expression />
			</RegExp>
			<expression noclean="1" />
		</RegExp>
	</GetTMDBSetByIdChain>
	<GetTMDBLangSetByIdChain dest="4">
		<RegExp input="$$5" output="&lt;details&gt;\1&lt;/details&gt;" dest="4">
			<RegExp input="$$1" output="&lt;url function=&quot;ParseTMDBSet&quot; cache=&quot;tmdb-$INFO[tmdbsetlanguage]-\1.json&quot;&gt;http://api.themoviedb.org/3/movie/\1?api_key=57983e31fb435df4df77afb854740ea9&amp;amp;language=$INFO[tmdbsetlanguage]&lt;/url&gt;" dest="5">
				<expression />
			</RegExp>
			<expression noclean="1" />
		</RegExp>
	</GetTMDBLangSetByIdChain>
	<ParseTMDBSet dest="5">
		<RegExp input="$$2" output="&lt;details&gt;\1&lt;/details&gt;" dest="5">
			<RegExp input="$$1" output="\1" dest="9">
				<expression noclean="1">&quot;belongs_to_collection&quot;:\{&quot;id&quot;:[0-9]+,&quot;name&quot;:&quot;([^&quot;]*)</expression>
			</RegExp>
			<RegExp input="$$9" output="&lt;url function=&quot;ParseFallbackTMDBSet&quot; cache=&quot;tmdb-en-$$8.json&quot;&gt;http://api.themoviedb.org/3/movie/$$8?api_key=57983e31fb435df4df77afb854740ea9&amp;amp;language=en&lt;/url&gt;" dest="2">
				<expression>^$</expression>
			</RegExp>
			<RegExp input="$$9" output="&lt;set&gt;\1&lt;/set&gt;" dest="2">
				<expression>(.+)</expression>
			</RegExp>
			<expression noclean="1" />
		</RegExp>
	</ParseTMDBSet>
	<ParseFallbackTMDBSet dest="5">
		<RegExp input="$$2" output="&lt;details&gt;\1&lt;/details&gt;" dest="5">
			<RegExp input="$$1" output="&lt;set&gt;\1&lt;/set&gt;" dest="2">
				<expression noclean="1">&quot;belongs_to_collection&quot;:\{&quot;id&quot;:[0-9]+,&quot;name&quot;:&quot;([^&quot;]*)</expression>
			</RegExp>
			<expression noclean="1" />
		</RegExp>
	</ParseFallbackTMDBSet>	

	<GetTMDBCastByIdChain dest="4">
		<RegExp input="$$5" output="&lt;details&gt;\1&lt;/details&gt;" dest="4">
			<RegExp input="$$1" output="&lt;url function=&quot;ParseTMDBCast&quot; cache=&quot;tmdb-cast-\1.json&quot;&gt;http://api.themoviedb.org/3/movie/\1/casts?api_key=57983e31fb435df4df77afb854740ea9&lt;/url&gt;" dest="5">
				<expression />
			</RegExp>
			<expression noclean="1" />
		</RegExp>
	</GetTMDBCastByIdChain>
	<ParseTMDBCast dest="5">
		<RegExp input="$$2" output="&lt;details&gt;\1&lt;/details&gt;" dest="5">
			<RegExp input="$$1" output="\1" dest="7">
				<expression clear="yes" noclean="1">&quot;cast&quot;:\[([^\]]*)</expression>
			</RegExp>
			<RegExp input="$$7" output="&lt;actor&gt;&lt;name&gt;\1&lt;/name&gt;&lt;role&gt;\2&lt;/role&gt;&lt;thumb&gt;http://cf2.imgobject.com/t/p/original\3&lt;/thumb&gt;&lt;/actor&gt;" dest="2">
				<expression repeat="yes" fixchars="1">&quot;name&quot;:&quot;([^&quot;]*)&quot;,&quot;character&quot;:&quot;([^&quot;]*)&quot;,&quot;order&quot;:[0-9]*,&quot;cast_id&quot;:[0-9]*,&quot;profile_path&quot;:&quot;([^&quot;]*)&quot;</expression>
			</RegExp>
			<RegExp input="$$7" output="&lt;actor&gt;&lt;name&gt;\1&lt;/name&gt;&lt;role&gt;\2&lt;/role&gt;&lt;/actor&gt;" dest="2+">
				<expression repeat="yes" fixchars="1">&quot;name&quot;:&quot;([^&quot;]*)&quot;,&quot;character&quot;:&quot;([^&quot;]*)&quot;,&quot;order&quot;:[0-9]*,&quot;cast_id&quot;:[0-9]*,&quot;profile_path&quot;:null</expression>
			</RegExp>
			<expression noclean="1" />
		</RegExp>
	</ParseTMDBCast>

	<GetTMDBDirectorsByIdChain dest="4">
		<RegExp input="$$5" output="&lt;details&gt;\1&lt;/details&gt;" dest="4">
			<RegExp input="$$1" output="&lt;url function=&quot;ParseTMDBDirectors&quot; cache=&quot;tmdb-cast-\1.json&quot;&gt;http://api.themoviedb.org/3/movie/\1/casts?api_key=57983e31fb435df4df77afb854740ea9&lt;/url&gt;" dest="5">
				<expression />
			</RegExp>
			<expression noclean="1" />
		</RegExp>
	</GetTMDBDirectorsByIdChain>
	<ParseTMDBDirectors dest="5">
		<RegExp input="$$2" output="&lt;details&gt;\1&lt;/details&gt;" dest="5">
			<RegExp input="$$1" output="\1" dest="7">
				<expression clear="yes" noclean="1">&quot;crew&quot;:\[([^\]]*)</expression>
			</RegExp>
			<RegExp input="$$7" output="&lt;director&gt;\1&lt;/director&gt;" dest="2">
				<expression repeat="yes" fixchars="1">&quot;name&quot;:&quot;([^&quot;]*)&quot;,&quot;department&quot;:&quot;Directing&quot;,&quot;job&quot;:&quot;Director&quot;</expression>
			</RegExp>
			<expression noclean="1" />
		</RegExp>
	</ParseTMDBDirectors>

	<GetTMDBWitersByIdChain dest="4">
		<RegExp input="$$5" output="&lt;details&gt;\1&lt;/details&gt;" dest="4">
			<RegExp input="$$1" output="&lt;url function=&quot;ParseTMDBWriters&quot; cache=&quot;tmdb-cast-\1.json&quot;&gt;http://api.themoviedb.org/3/movie/\1/casts?api_key=57983e31fb435df4df77afb854740ea9&lt;/url&gt;" dest="5">
				<expression />
			</RegExp>
			<expression noclean="1" />
		</RegExp>
	</GetTMDBWitersByIdChain>
	<ParseTMDBWriters dest="5">
		<RegExp input="$$2" output="&lt;details&gt;\1&lt;/details&gt;" dest="5">
			<RegExp input="$$1" output="\1" dest="7">
				<expression clear="yes" noclean="1">&quot;crew&quot;:\[([^\]]*)</expression>
			</RegExp>
			<RegExp input="$$7" output="&lt;credits&gt;\1&lt;/credits&gt;" dest="2">
				<expression repeat="yes" fixchars="1">&quot;name&quot;:&quot;([^&quot;]*)&quot;,&quot;department&quot;:&quot;Writing&quot;,</expression>
			</RegExp>
			<expression noclean="1" />
		</RegExp>
	</ParseTMDBWriters>

	<GetTMDBGenresByIdChain dest="4">
		<RegExp input="$$5" output="&lt;details&gt;\1&lt;/details&gt;" dest="4">
			<RegExp input="$$1" output="&lt;url function=&quot;ParseTMDBGenres&quot; cache=&quot;tmdb-$INFO[language]-\1.json&quot;&gt;http://api.themoviedb.org/3/movie/\1?api_key=57983e31fb435df4df77afb854740ea9&amp;amp;language=$INFO[language]&lt;/url&gt;" dest="5">
				<expression />
			</RegExp>
			<expression noclean="1" />
		</RegExp>
	</GetTMDBGenresByIdChain>
	<GetTMDBLangGenresByIdChain dest="4">
		<RegExp input="$$5" output="&lt;details&gt;\1&lt;/details&gt;" dest="4">
			<RegExp input="$$1" output="&lt;url function=&quot;ParseTMDBGenres&quot; cache=&quot;tmdb-$INFO[tmdbgenreslanguage]-\1.json&quot;&gt;http://api.themoviedb.org/3/movie/\1?api_key=57983e31fb435df4df77afb854740ea9&amp;amp;language=$INFO[tmdbgenreslanguage]&lt;/url&gt;" dest="5">
				<expression />
			</RegExp>
			<expression noclean="1" />
		</RegExp>
	</GetTMDBLangGenresByIdChain>
	<ParseTMDBGenres dest="5">
		<RegExp input="$$2" output="&lt;details&gt;\1&lt;/details&gt;" dest="5">
			<RegExp input="$$1" output="\1" dest="7">
				<expression clear="yes" noclean="1">&quot;genres&quot;:\[([^\]]*)</expression>
			</RegExp>
			<RegExp input="$$7" output="&lt;genre&gt;\1&lt;/genre&gt;" dest="2">
				<expression repeat="yes" fixchars="1">&quot;name&quot;:&quot;([^&quot;]*)</expression>
			</RegExp>
			<expression noclean="1" />
		</RegExp>
	</ParseTMDBGenres>

	<GetTMDBRatingByIdChain dest="4">
		<RegExp input="$$5" output="&lt;details&gt;\1&lt;/details&gt;" dest="4">
			<RegExp input="$$1" output="&lt;url function=&quot;ParseTMDBRating&quot; cache=&quot;tmdb-$INFO[language]-\1.json&quot;&gt;http://api.themoviedb.org/3/movie/\1?api_key=57983e31fb435df4df77afb854740ea9&amp;amp;language=$INFO[language]&lt;/url&gt;" dest="5">
				<expression />
			</RegExp>
			<expression noclean="1" />
		</RegExp>
	</GetTMDBRatingByIdChain>
	<ParseTMDBRating dest="5">
		<RegExp input="$$2" output="&lt;details&gt;\1&lt;/details&gt;" dest="5">
			<RegExp input="$$1" output="&lt;rating&gt;\1&lt;/rating&gt;" dest="2">
				<expression noclean="1">&quot;vote_average&quot;:([^,]*),&quot;</expression>
			</RegExp>
			<RegExp input="$$1" output="&lt;votes&gt;\1&lt;/votes&gt;" dest="2+">
				<expression noclean="1">&quot;vote_count&quot;:([0-9]+)</expression>
			</RegExp>
			<expression noclean="1" />
		</RegExp>
	</ParseTMDBRating>

	<GetTMDBStudioByIdChain dest="4">
		<RegExp input="$$5" output="&lt;details&gt;\1&lt;/details&gt;" dest="4">
			<RegExp input="$$1" output="&lt;url function=&quot;ParseTMDBStudio&quot; cache=&quot;tmdb-en-\1.json&quot;&gt;http://api.themoviedb.org/3/movie/\1?api_key=57983e31fb435df4df77afb854740ea9&amp;amp;language=en&lt;/url&gt;" dest="5">
				<expression />
			</RegExp>
			<expression noclean="1" />
		</RegExp>
	</GetTMDBStudioByIdChain>
	<ParseTMDBStudio dest="5">
		<RegExp input="$$2" output="&lt;details&gt;\1&lt;/details&gt;" dest="5">
			<RegExp input="$$1" output="\1" dest="7">
				<expression clear="yes" noclean="1">&quot;production_companies&quot;:\[([^\]]*)</expression>
			</RegExp>
			<RegExp input="$$7" output="&lt;studio&gt;\1&lt;/studio&gt;" dest="2">
				<expression trim="1" fixchars="1">&quot;name&quot;:&quot;([^&quot;]*)</expression>
			</RegExp>
			<expression noclean="1" />
		</RegExp>
	</ParseTMDBStudio>

	<GetTMDBCountryByIdChain dest="4">
		<RegExp input="$$5" output="&lt;details&gt;\1&lt;/details&gt;" dest="4">
			<RegExp input="$$1" output="&lt;url function=&quot;ParseTMDBCountry&quot; cache=&quot;tmdb-en-\1.json&quot;&gt;http://api.themoviedb.org/3/movie/\1?api_key=57983e31fb435df4df77afb854740ea9&amp;amp;language=en&lt;/url&gt;" dest="5">
				<expression />
			</RegExp>
			<expression noclean="1" />
		</RegExp>
	</GetTMDBCountryByIdChain>
	<ParseTMDBCountry dest="5">
		<RegExp input="$$2" output="&lt;details&gt;\1&lt;/details&gt;" dest="5">
			<RegExp input="$$1" output="\1" dest="7">
				<expression clear="yes" noclean="1">&quot;production_countries&quot;:\[([^\]]*)</expression>
			</RegExp>
			<RegExp input="$$7" output="&lt;country&gt;\1&lt;/country&gt;" dest="2">
				<expression trim="1" fixchars="1">&quot;name&quot;:&quot;([^&quot;]*)</expression>
			</RegExp>
			<expression noclean="1" />
		</RegExp>
	</ParseTMDBCountry>

	<GetTMDBTrailerByIdChain dest="4">
		<RegExp input="$$5" output="&lt;details&gt;\1&lt;/details&gt;" dest="4">
			<RegExp input="$$1" output="&lt;url function=&quot;ParseTMDBTrailer&quot; cache=&quot;tmdb-trailer-$INFO[language]-\1.json&quot;&gt;http://api.themoviedb.org/3/movie/\1/trailers?api_key=57983e31fb435df4df77afb854740ea9&amp;amp;language=$INFO[language]&lt;/url&gt;" dest="5">
				<expression />
			</RegExp>
			<expression noclean="1" />
		</RegExp>
	</GetTMDBTrailerByIdChain>
	<GetTMDBLangTrailerByIdChain dest="4">
		<RegExp input="$$5" output="&lt;details&gt;\1&lt;/details&gt;" dest="4">
			<RegExp input="$$1" output="&lt;url function=&quot;ParseTMDBTrailer&quot; cache=&quot;tmdb-trailer-$INFO[tmdbtrailerlanguage]-\1.json&quot;&gt;http://api.themoviedb.org/3/movie/\1/trailers?api_key=57983e31fb435df4df77afb854740ea9&amp;amp;language=$INFO[tmdbtrailerlanguage]&lt;/url&gt;" dest="5">
				<expression />
			</RegExp>
			<expression noclean="1" />
		</RegExp>
	</GetTMDBLangTrailerByIdChain>
	<ParseTMDBTrailer dest="5">
		<RegExp input="$$2" output="&lt;details&gt;\1&lt;/details&gt;" dest="5">
			<RegExp input="$$1" output="\1" dest="8">
				<expression noclean="1">&quot;id&quot;:([0-9]*),</expression>
			</RegExp>
			<RegExp input="$$1" output="\1" dest="7">
				<expression clear="yes" noclean="1">&quot;youtube&quot;:\[\{([^\}]*)</expression>
			</RegExp>
			<RegExp input="$$7" output="&lt;trailer&gt;plugin://plugin.video.youtube/?action=play_video&amp;amp;videoid=\1&lt;/trailer&gt;" dest="9">
				<expression noclean="1">&quot;source&quot;:&quot;([^&quot;]*)</expression>
			</RegExp>
			<RegExp input="$$9" output="&lt;url function=&quot;ParseTMDBEnTrailer&quot; cache=&quot;tmdb-trailer-en-$$8.json&quot;&gt;http://api.themoviedb.org/3/movie/$$8/trailers?api_key=57983e31fb435df4df77afb854740ea9&amp;amp;language=en&lt;/url&gt;" dest="2">
				<expression>^$</expression>
			</RegExp>
			<RegExp input="$$9" output="$$9" dest="2">
				<expression>(.+)</expression>
			</RegExp>
			<expression noclean="1">(.+)</expression>
		</RegExp>
	</ParseTMDBTrailer>
	<ParseTMDBEnTrailer dest="5">
		<RegExp input="$$2" output="&lt;details&gt;\1&lt;/details&gt;" dest="5">
			<RegExp input="$$1" output="\1" dest="8">
				<expression noclean="1">&quot;id&quot;:([0-9]*),</expression>
			</RegExp>
			<RegExp input="$$1" output="\1" dest="7">
				<expression clear="yes" noclean="1">&quot;youtube&quot;:\[\{([^\}]*)</expression>
			</RegExp>
			<RegExp input="$$7" output="&lt;trailer&gt;plugin://plugin.video.youtube/?action=play_video&amp;amp;videoid=\1&lt;/trailer&gt;" dest="9">
				<expression noclean="1">&quot;source&quot;:&quot;([^&quot;]*)</expression>
			</RegExp>
			<RegExp input="$$9" output="&lt;url function=&quot;ParseTMDBAllTrailer&quot; cache=&quot;tmdb-trailer-$$8.json&quot;&gt;http://api.themoviedb.org/3/movie/$$8/trailers?api_key=57983e31fb435df4df77afb854740ea9&lt;/url&gt;" dest="5">
				<expression>^$</expression>
			</RegExp>
			<RegExp input="$$9" output="$$9" dest="2">
				<expression>(.+)</expression>
			</RegExp>
			<expression noclean="1">(.+)</expression>
		</RegExp>
	</ParseTMDBEnTrailer>
	<ParseTMDBAllTrailer dest="5">
		<RegExp input="$$2" output="&lt;details&gt;\1&lt;/details&gt;" dest="5">
			<RegExp input="$$1" output="\1" dest="7">
				<expression clear="yes" noclean="1">&quot;youtube&quot;:\[\{([^\}]*)</expression>
			</RegExp>
			<RegExp input="$$7" output="&lt;trailer&gt;plugin://plugin.video.youtube/?action=play_video&amp;amp;videoid=\1&lt;/trailer&gt;" dest="2">
				<expression noclean="1">&quot;source&quot;:&quot;([^&quot;]*)</expression>
			</RegExp>
			<expression noclean="1">(.+)</expression>
		</RegExp>
	</ParseTMDBAllTrailer>

	<GetTMDBFanartByIdChain dest="4">
		<RegExp input="$$5" output="&lt;details&gt;\1&lt;/details&gt;" dest="4">
			<RegExp input="$$1" output="&lt;url function=&quot;ParseTMDBFanart&quot; cache=&quot;tmdb-images-\1.json&quot;&gt;http://api.themoviedb.org/3/movie/\1/images?api_key=57983e31fb435df4df77afb854740ea9&lt;/url&gt;" dest="5">
				<expression />
			</RegExp>
			<expression noclean="1" />
		</RegExp>
	</GetTMDBFanartByIdChain>
	<ParseTMDBFanart dest="5">
		<RegExp input="$$2" output="&lt;details&gt;&lt;fanart&gt;\1&lt;/fanart&gt;&lt;/details&gt;" dest="5">
			<RegExp input="$$1" output="\1" dest="7">
				<expression clear="yes" noclean="1">&quot;backdrops&quot;:\[\{([^\]]*)</expression>
			</RegExp>
			<RegExp input="$$7" output="&lt;thumb preview=&quot;http://cf2.imgobject.com/t/p/w780\1&quot;&gt;http://cf2.imgobject.com/t/p/original\1&lt;/thumb&gt;" dest="2">
				<expression repeat="yes" noclean="1">&quot;file_path&quot;:&quot;([^&quot;]*)</expression>
			</RegExp>
			<expression noclean="1">(.+)</expression>
		</RegExp>
	</ParseTMDBFanart>

	<GetTMDBThumbsByIdChain dest="4">
		<RegExp input="$$5" output="&lt;details&gt;\1&lt;/details&gt;" dest="4">
			<RegExp input="$$1" output="&lt;url function=&quot;ParseTMDBThumbs&quot; cache=&quot;tmdb-images-$INFO[language]-\1.json&quot;&gt;http://api.themoviedb.org/3/movie/\1/images?api_key=57983e31fb435df4df77afb854740ea9&amp;amp;language=$INFO[language]&lt;/url&gt;" dest="5">
				<expression />
			</RegExp>
			<expression noclean="1" />
		</RegExp>
	</GetTMDBThumbsByIdChain>
	<GetTMDBLangThumbsByIdChain dest="4">
		<RegExp input="$$5" output="&lt;details&gt;\1&lt;/details&gt;" dest="4">
			<RegExp input="$$1" output="&lt;url function=&quot;ParseTMDBLangThumbs&quot; cache=&quot;tmdb-images-$INFO[tmdbthumblanguage]-\1.json&quot;&gt;http://api.themoviedb.org/3/movie/\1/images?api_key=57983e31fb435df4df77afb854740ea9&amp;amp;language=$INFO[tmdbthumblanguage]&lt;/url&gt;" dest="5">
				<expression />
			</RegExp>
			<expression noclean="1" />
		</RegExp>
	</GetTMDBLangThumbsByIdChain>
	<ParseTMDBThumbs dest="5">
		<RegExp input="$$2" output="&lt;details&gt;\1&lt;/details&gt;" dest="5">
			<RegExp input="$$1" output="\1" dest="8">
				<expression noclean="1">&quot;id&quot;:([0-9]*),</expression>
			</RegExp>
			<RegExp input="$$1" output="\1" dest="7">
				<expression clear="yes" noclean="1">&quot;posters&quot;:\[\{([^\]]*)</expression>
			</RegExp>
			<RegExp input="$$7" output="&lt;thumb aspect=&quot;poster&quot; preview=&quot;http://cf2.imgobject.com/t/p/w500\1&quot;&gt;http://cf2.imgobject.com/t/p/original\1&lt;/thumb&gt;" dest="9">
				<expression repeat="yes" noclean="1">&quot;file_path&quot;:&quot;([^&quot;]*)</expression>
			</RegExp>
			<RegExp input="$$9" output="$$12" dest="2+">
				<RegExp input="$INFO[language]" output="&lt;url function=&quot;ParseTMDBAllThumbs&quot; cache=&quot;tmdb-images-$$8.json&quot;&gt;http://api.themoviedb.org/3/movie/$$8/images?api_key=57983e31fb435df4df77afb854740ea9&lt;/url&gt;" dest="12">
					<expression>en</expression>
				</RegExp>
				<expression>^$</expression>
			</RegExp>
			<RegExp input="$$9" output="$$9" dest="2+">
				<expression>(.+)</expression>
			</RegExp>
			<RegExp input="$INFO[language]" output="&lt;url function=&quot;ParseTMDBEnThumbs&quot; cache=&quot;tmdb-images-en-$$8.json&quot;&gt;http://api.themoviedb.org/3/movie/$$8/images?api_key=57983e31fb435df4df77afb854740ea9&amp;amp;language=en&lt;/url&gt;" dest="2+">
				<expression>^((?!en).)*$</expression>
			</RegExp>
			<expression noclean="1">(.+)</expression>
		</RegExp>
	</ParseTMDBThumbs>
	<ParseTMDBLangThumbs dest="5">
		<RegExp input="$$2" output="&lt;details&gt;\1&lt;/details&gt;" dest="5">
			<RegExp input="$$1" output="\1" dest="8">
				<expression noclean="1">&quot;id&quot;:([0-9]*),</expression>
			</RegExp>
			<RegExp input="$$1" output="\1" dest="7">
				<expression clear="yes" noclean="1">&quot;posters&quot;:\[\{([^\]]*)</expression>
			</RegExp>
			<RegExp input="$$7" output="&lt;thumb aspect=&quot;poster&quot; preview=&quot;http://cf2.imgobject.com/t/p/w500\1&quot;&gt;http://cf2.imgobject.com/t/p/original\1&lt;/thumb&gt;" dest="9">
				<expression repeat="yes" noclean="1">&quot;file_path&quot;:&quot;([^&quot;]*)</expression>
			</RegExp>
			<RegExp input="$$9" output="$$12" dest="2+">
				<RegExp input="$INFO[tmdbthumblanguage]" output="&lt;url function=&quot;ParseTMDBAllThumbs&quot; cache=&quot;tmdb-images-$$8.json&quot;&gt;http://api.themoviedb.org/3/movie/$$8/images?api_key=57983e31fb435df4df77afb854740ea9&lt;/url&gt;" dest="12">
					<expression>en</expression>
				</RegExp>
				<expression>^$</expression>
			</RegExp>
			<RegExp input="$$9" output="$$9" dest="2+">
				<expression>(.+)</expression>
			</RegExp>
			<RegExp input="$INFO[tmdbthumblanguage]" output="&lt;url function=&quot;ParseTMDBEnThumbs&quot; cache=&quot;tmdb-images-en-$$8.json&quot;&gt;http://api.themoviedb.org/3/movie/$$8/images?api_key=57983e31fb435df4df77afb854740ea9&amp;amp;language=en&lt;/url&gt;" dest="2+">
				<expression>^((?!en).)*$</expression>
			</RegExp>
			<expression noclean="1">(.+)</expression>
		</RegExp>
	</ParseTMDBLangThumbs>
	<ParseTMDBEnThumbs dest="5">
		<RegExp input="$$2" output="&lt;details&gt;\1&lt;/details&gt;" dest="5">
			<RegExp input="$$1" output="\1" dest="8">
				<expression noclean="1">&quot;id&quot;:([0-9]*),</expression>
			</RegExp>
			<RegExp input="$$1" output="\1" dest="7">
				<expression clear="yes" noclean="1">&quot;posters&quot;:\[\{([^\]]*)</expression>
			</RegExp>
			<RegExp input="$$7" output="&lt;thumb aspect=&quot;poster&quot; preview=&quot;http://cf2.imgobject.com/t/p/w500\1&quot;&gt;http://cf2.imgobject.com/t/p/original\1&lt;/thumb&gt;" dest="9">
				<expression repeat="yes" noclean="1">&quot;file_path&quot;:&quot;([^&quot;]*)</expression>
			</RegExp>
			<RegExp input="$$9" output="&lt;url function=&quot;ParseTMDBAllThumbs&quot; cache=&quot;tmdb-images-$$8.json&quot;&gt;http://api.themoviedb.org/3/movie/$$8/images?api_key=57983e31fb435df4df77afb854740ea9&lt;/url&gt;" dest="2">
				<expression>^$</expression>
			</RegExp>
			<RegExp input="$$9" output="$$9" dest="2">
				<expression>(.+)</expression>
			</RegExp>
			<expression noclean="1">(.+)</expression>
		</RegExp>
	</ParseTMDBEnThumbs>
	<ParseTMDBAllThumbs dest="5">
		<RegExp input="$$2" output="&lt;details&gt;\1&lt;/details&gt;" dest="5">
			<RegExp input="$$1" output="\1" dest="7">
				<expression clear="yes" noclean="1">&quot;posters&quot;:\[\{([^\]]*)</expression>
			</RegExp>
			<RegExp input="$$7" output="&lt;thumb aspect=&quot;poster&quot; preview=&quot;http://cf2.imgobject.com/t/p/w500\1&quot;&gt;http://cf2.imgobject.com/t/p/original\1&lt;/thumb&gt;" dest="2">
				<expression repeat="yes" noclean="1">&quot;file_path&quot;:&quot;([^&quot;]*)</expression>
			</RegExp>
			<expression noclean="1">(.+)</expression>
		</RegExp>
	</ParseTMDBAllThumbs>

</scraperfunctions>
