<window>
	<defaultcontrol>3000</defaultcontrol>
	<animation effect="fade" time="200">WindowOpen</animation>
	<animation effect="fade" time="200">WindowClose</animation>
	<coordinates>
		<system>1</system>
		<posx>85</posx>
		<posy>40</posy>
	</coordinates>
	<controls>
		<control type="image">
			<description>backdrop</description>
			<posx>-80</posx>
			<posy>-40</posy>
			<width>720</width>
			<height>576</height>
			<texture>amt-black.png</texture>
			<animation effect="fade" time="2000">WindowOpen</animation>
		</control>
		<control type="image">
			<description>background image</description>
			<posx>-12</posx>
			<posy>-15</posy>
			<width>560</width>
			<height>560</height>
			<texture border="10">amt-background-search.png</texture>
		</control>
		<!-- ** Required ** Do not change id or type -->
		<control type="label" id="20">
			<description>heading label</description>
			<posx>10</posx>
			<posy>-2</posy>
			<width>420</width>
			<align>left</align>
			<font>special13</font>
			<textcolor>DDced8da</textcolor>
			<label></label>
		</control>
		<!-- ** Required ** Do not change id or type -->
		<control type="label" id="30">
			<description>Version Label</description>
			<posx>535</posx>
			<posy>-2</posy>
			<width>200</width>
			<align>right</align>
			<font>special13</font>
			<textcolor>DDced8da</textcolor>
			<label></label>
		</control>
        
		<!-- ** Required ** Do not change id or type -->
		<control type="group" id="3000">
            <control type="image">
                <description>background image</description>
                <posx>10</posx>
                <posy>36</posy>
                <width>150</width>
                <height>22</height>
                <texture border="5">amt-input-focus.png</texture>
                <visible>Control.HasFocus(102)</visible>
            </control>
            <control type="checkmark" id="102">
                <description>Genre</description>
                <posx>15</posx>
                <posy>37</posy>
                <width>140</width>
                <height>20</height>
                <align>right</align>
                <label> </label>
                <font>font10</font>
                <textcolor>DDced8da</textcolor>
                <colordiffuse>DDced8da</colordiffuse>
                <texturecheckmark>amt-settings-check-box.png</texturecheckmark>
                <texturecheckmarknofocus>amt-settings-check-boxNF.png</texturecheckmarknofocus>
                <markwidth>16</markwidth>
                <markheight>20</markheight>
                <onleft>2000</onleft>
                <onright>112</onright>
                <onup>100</onup>
                <ondown>100</ondown>
            </control>
            <control type="list" id="100">
                <posx>10</posx>
                <posy>60</posy>
                <width>150</width>
                <height>130</height>
                <onleft>122</onleft>
                <onright>101</onright>
                <onup>100</onup>
                <ondown>100</ondown>
                <viewtype label="535">list</viewtype>
                <pagecontrol>101</pagecontrol>
                <scrolltime>200</scrolltime>              
                <itemlayout height="26">
                    <control type="image">
                        <width>150</width>
                        <height>24</height>
                        <posx>0</posx>
                        <posy>1</posy>
                        <texture border="5">amt-input-nofocus.png</texture>
                    </control>
                    <control type="label">
                        <posx>5</posx>
                        <posy>1</posy>
                        <width>140</width>
                        <height>24</height>
                        <font>font10</font>
                        <aligny>center</aligny>
                        <textcolor>DDFFFFFF</textcolor>
                        <selectedcolor>FFe2ff43</selectedcolor>
                        <align>left</align>
                        <info>ListItem.Label</info>
                    </control>
                </itemlayout>
                <focusedlayout height="26">
                    <control type="image">
                        <width>150</width>
                        <height>24</height>
                        <posx>0</posx>
                        <posy>1</posy>
                        <visible>Control.HasFocus(100)</visible>
                        <texture border="5">amt-input-focus.png</texture>
                    </control>
                    <control type="image">
                        <width>150</width>
                        <height>24</height>
                        <posx>0</posx>
                        <posy>1</posy>
                        <visible>!Control.HasFocus(100)</visible>
                        <texture border="5">amt-input-nofocus.png</texture>
                    </control>
                    <control type="label">
                        <posx>5</posx>
                        <posy>1</posy>
                        <width>140</width>
                        <height>24</height>
                        <font>font10</font>
                        <aligny>center</aligny>
                        <textcolor>DDFFFFFF</textcolor>
                        <selectedcolor>FFe2ff43</selectedcolor>
                        <align>left</align>
                        <info>ListItem.Label</info>
                    </control>
                </focusedlayout>
            </control>
            <control type="button">
                <description>Trailer List Scrollbar Up Arrow</description>
                <posx>163</posx>
                <posy>60</posy>
                <width>12</width>
                <height>16</height>
                <texturenofocus>amt-scrollbar-up-arrow.png</texturenofocus>
                <texturefocus>amt-scrollbar-up-arrow-focus.png</texturefocus>
                <onclick>PageUp(101)</onclick>
            </control>
            <control type="scrollbar" id="101">
                <description>Scroll Bar for Trailer List #50</description>
                <posx>163</posx>
                <posy>76</posy>
                <width>12</width>
                <height>98</height>
                <texturesliderbackground border="4">amt-scrollbar-bg.png</texturesliderbackground>
                <texturesliderbar border="3">amt-scrollbar-bar-nofocus.png</texturesliderbar>
                <texturesliderbarfocus border="3">amt-scrollbar-bar-focus.png</texturesliderbarfocus>
                <textureslidernib>amt-scrollbar-nib-nofocus.png</textureslidernib>
                <textureslidernibfocus>amt-scrollbar-nib-focus.png</textureslidernibfocus>
                <onleft>100</onleft>
                <onright>110</onright>
                <showonepage>true</showonepage>
                <orientation>vertical</orientation>
            </control>
            <control type="button">
                <description>Trailer List Scrollbar Down Arrow</description>
                <posx>163</posx>
                <posy>174</posy>
                <width>12</width>
                <height>16</height>
                <texturenofocus>amt-scrollbar-down-arrow.png</texturenofocus>
                <texturefocus>amt-scrollbar-down-arrow-focus.png</texturefocus>
                <onclick>PageDown(101)</onclick>
            </control>

            <control type="image">
                <description>background image</description>
                <posx>190</posx>
                <posy>36</posy>
                <width>150</width>
                <height>22</height>
                <texture border="5">amt-input-focus.png</texture>
                <visible>Control.HasFocus(112)</visible>
            </control>
            <control type="checkmark" id="112">
                <description>Studio</description>
                <posx>195</posx>
                <posy>37</posy>
                <width>140</width>
                <height>20</height>
                <align>right</align>
                <label> </label>
                <font>font10</font>
                <textcolor>DDced8da</textcolor>
                <colordiffuse>DDced8da</colordiffuse>
                <texturecheckmark>amt-settings-check-box.png</texturecheckmark>
                <texturecheckmarknofocus>amt-settings-check-boxNF.png</texturecheckmarknofocus>
                <markwidth>16</markwidth>
                <markheight>20</markheight>
                <onleft>102</onleft>
                <onright>122</onright>
                <onup>110</onup>
                <ondown>110</ondown>
            </control>
            <control type="list" id="110">
                <posx>190</posx>
                <posy>60</posy>
                <width>150</width>
                <height>130</height>
                <onleft>101</onleft>
                <onright>111</onright>
                <onup>110</onup>
                <ondown>110</ondown>
                <viewtype label="535">list</viewtype>
                <pagecontrol>111</pagecontrol>
                <scrolltime>200</scrolltime>              
                <itemlayout height="26">
                    <control type="image">
                        <width>150</width>
                        <height>24</height>
                        <posx>0</posx>
                        <posy>1</posy>
                        <texture border="5">amt-input-nofocus.png</texture>
                    </control>
                    <control type="label">
                        <posx>5</posx>
                        <posy>1</posy>
                        <width>140</width>
                        <height>24</height>
                        <font>font10</font>
                        <aligny>center</aligny>
                        <textcolor>DDFFFFFF</textcolor>
                        <selectedcolor>FFe2ff43</selectedcolor>
                        <align>left</align>
                        <info>ListItem.Label</info>
                    </control>
                </itemlayout>
                <focusedlayout height="26">
                    <control type="image">
                        <width>150</width>
                        <height>24</height>
                        <posx>0</posx>
                        <posy>1</posy>
                        <visible>Control.HasFocus(110)</visible>
                        <texture border="5">amt-input-focus.png</texture>
                    </control>
                    <control type="image">
                        <width>150</width>
                        <height>24</height>
                        <posx>0</posx>
                        <posy>1</posy>
                        <visible>!Control.HasFocus(110)</visible>
                        <texture border="5">amt-input-nofocus.png</texture>
                    </control>
                    <control type="label">
                        <posx>5</posx>
                        <posy>1</posy>
                        <width>140</width>
                        <height>24</height>
                        <font>font10</font>
                        <aligny>center</aligny>
                        <textcolor>DDFFFFFF</textcolor>
                        <selectedcolor>FFe2ff43</selectedcolor>
                        <align>left</align>
                        <info>ListItem.Label</info>
                    </control>
                </focusedlayout>
            </control>
            <control type="button">
                <description>Trailer List Scrollbar Up Arrow</description>
                <posx>343</posx>
                <posy>60</posy>
                <width>12</width>
                <height>16</height>
                <texturenofocus>amt-scrollbar-up-arrow.png</texturenofocus>
                <texturefocus>amt-scrollbar-up-arrow-focus.png</texturefocus>
                <onclick>PageUp(111)</onclick>
            </control>
            <control type="scrollbar" id="111">
                <description>Scroll Bar for Trailer List #50</description>
                <posx>343</posx>
                <posy>76</posy>
                <width>12</width>
                <height>98</height>
                <texturesliderbackground border="4">amt-scrollbar-bg.png</texturesliderbackground>
                <texturesliderbar border="3">amt-scrollbar-bar-nofocus.png</texturesliderbar>
                <texturesliderbarfocus border="3">amt-scrollbar-bar-focus.png</texturesliderbarfocus>
                <textureslidernib>amt-scrollbar-nib-nofocus.png</textureslidernib>
                <textureslidernibfocus>amt-scrollbar-nib-focus.png</textureslidernibfocus>
                <onleft>110</onleft>
                <onright>120</onright>
                <showonepage>true</showonepage>
                <orientation>vertical</orientation>
            </control>
            <control type="button">
                <description>Trailer List Scrollbar Down Arrow</description>
                <posx>343</posx>
                <posy>174</posy>
                <width>12</width>
                <height>16</height>
                <texturenofocus>amt-scrollbar-down-arrow.png</texturenofocus>
                <texturefocus>amt-scrollbar-down-arrow-focus.png</texturefocus>
                <onclick>PageDown(111)</onclick>
            </control>

            <control type="image">
                <description>background image</description>
                <posx>370</posx>
                <posy>36</posy>
                <width>150</width>
                <height>22</height>
                <texture border="5">amt-input-focus.png</texture>
                <visible>Control.HasFocus(122)</visible>
            </control>
            <control type="checkmark" id="122">
                <description>Actor</description>
                <posx>375</posx>
                <posy>37</posy>
                <width>140</width>
                <height>20</height>
                <align>right</align>
                <label> </label>
                <font>font10</font>
                <textcolor>DDced8da</textcolor>
                <colordiffuse>DDced8da</colordiffuse>
                <texturecheckmark>amt-settings-check-box.png</texturecheckmark>
                <texturecheckmarknofocus>amt-settings-check-boxNF.png</texturecheckmarknofocus>
                <markwidth>16</markwidth>
                <markheight>20</markheight>
                <onleft>112</onleft>
                <onright>100</onright>
                <onup>120</onup>
                <ondown>120</ondown>
            </control>
            <control type="list" id="120">
                <posx>370</posx>
                <posy>60</posy>
                <width>150</width>
                <height>130</height>
                <onleft>111</onleft>
                <onright>121</onright>
                <onup>120</onup>
                <ondown>120</ondown>
                <viewtype label="535">list</viewtype>
                <pagecontrol>121</pagecontrol>
                <scrolltime>200</scrolltime>              
                <itemlayout height="26">
                    <control type="image">
                        <width>150</width>
                        <height>24</height>
                        <posx>0</posx>
                        <posy>1</posy>
                        <texture border="5">amt-input-nofocus.png</texture>
                    </control>
                    <control type="label">
                        <posx>5</posx>
                        <posy>1</posy>
                        <width>140</width>
                        <height>24</height>
                        <font>font10</font>
                        <aligny>center</aligny>
                        <textcolor>DDFFFFFF</textcolor>
                        <selectedcolor>FFe2ff43</selectedcolor>
                        <align>left</align>
                        <info>ListItem.Label</info>
                    </control>
                </itemlayout>
                <focusedlayout height="26">
                    <control type="image">
                        <width>150</width>
                        <height>24</height>
                        <posx>0</posx>
                        <posy>1</posy>
                        <visible>Control.HasFocus(120)</visible>
                        <texture border="5">amt-input-focus.png</texture>
                    </control>
                    <control type="image">
                        <width>150</width>
                        <height>24</height>
                        <posx>0</posx>
                        <posy>1</posy>
                        <visible>!Control.HasFocus(120)</visible>
                        <texture border="5">amt-input-nofocus.png</texture>
                    </control>
                    <control type="label">
                        <posx>5</posx>
                        <posy>1</posy>
                        <width>140</width>
                        <height>24</height>
                        <font>font10</font>
                        <aligny>center</aligny>
                        <textcolor>DDFFFFFF</textcolor>
                        <selectedcolor>FFe2ff43</selectedcolor>
                        <align>left</align>
                        <info>ListItem.Label</info>
                    </control>
                </focusedlayout>
            </control>
            <control type="button">
                <description>Trailer List Scrollbar Up Arrow</description>
                <posx>523</posx>
                <posy>60</posy>
                <width>12</width>
                <height>16</height>
                <texturenofocus>amt-scrollbar-up-arrow.png</texturenofocus>
                <texturefocus>amt-scrollbar-up-arrow-focus.png</texturefocus>
                <onclick>PageUp(121)</onclick>
            </control>
            <control type="scrollbar" id="121">
                <description>Scroll Bar for Trailer List #50</description>
                <posx>523</posx>
                <posy>76</posy>
                <width>12</width>
                <height>98</height>
                <texturesliderbackground border="4">amt-scrollbar-bg.png</texturesliderbackground>
                <texturesliderbar border="3">amt-scrollbar-bar-nofocus.png</texturesliderbar>
                <texturesliderbarfocus border="3">amt-scrollbar-bar-focus.png</texturesliderbarfocus>
                <textureslidernib>amt-scrollbar-nib-nofocus.png</textureslidernib>
                <textureslidernibfocus>amt-scrollbar-nib-focus.png</textureslidernibfocus>
                <onleft>120</onleft>
                <onright>132</onright>
                <showonepage>true</showonepage>
                <orientation>vertical</orientation>
            </control>
            <control type="button">
                <description>Trailer List Scrollbar Down Arrow</description>
                <posx>523</posx>
                <posy>174</posy>
                <width>12</width>
                <height>16</height>
                <texturenofocus>amt-scrollbar-down-arrow.png</texturenofocus>
                <texturefocus>amt-scrollbar-down-arrow-focus.png</texturefocus>
                <onclick>PageDown(121)</onclick>
            </control>

            <control type="image">
                <description>background image</description>
                <posx>10</posx>
                <posy>196</posy>
                <width>150</width>
                <height>22</height>
                <texture border="5">amt-input-focus.png</texture>
                <visible>Control.HasFocus(132)</visible>
            </control>
            <control type="checkmark" id="132">
                <description>Rating</description>
                <posx>15</posx>
                <posy>197</posy>
                <width>140</width>
                <height>20</height>
                <align>right</align>
                <label> </label>
                <font>font10</font>
                <textcolor>DDced8da</textcolor>
                <colordiffuse>DDced8da</colordiffuse>
                <texturecheckmark>amt-settings-check-box.png</texturecheckmark>
                <texturecheckmarknofocus>amt-settings-check-boxNF.png</texturecheckmarknofocus>
                <markwidth>16</markwidth>
                <markheight>20</markheight>
                <onleft>121</onleft>
                <onright>142</onright>
                <onup>130</onup>
                <ondown>130</ondown>
            </control>
            <control type="list" id="130">
                <posx>10</posx>
                <posy>220</posy>
                <width>150</width>
                <height>130</height>
                <onleft>152</onleft>
                <onright>131</onright>
                <onup>130</onup>
                <ondown>130</ondown>
                <viewtype label="535">list</viewtype>
                <pagecontrol>131</pagecontrol>
                <scrolltime>200</scrolltime>              
                <itemlayout height="26">
                    <control type="image">
                        <width>150</width>
                        <height>24</height>
                        <posx>0</posx>
                        <posy>1</posy>
                        <texture border="5">amt-input-nofocus.png</texture>
                    </control>
                    <control type="label">
                        <posx>5</posx>
                        <posy>1</posy>
                        <width>140</width>
                        <height>24</height>
                        <font>font10</font>
                        <aligny>center</aligny>
                        <textcolor>DDFFFFFF</textcolor>
                        <selectedcolor>FFe2ff43</selectedcolor>
                        <align>left</align>
                        <info>ListItem.Label</info>
                    </control>
                </itemlayout>
                <focusedlayout height="26">
                    <control type="image">
                        <width>150</width>
                        <height>24</height>
                        <posx>0</posx>
                        <posy>1</posy>
                        <visible>Control.HasFocus(130)</visible>
                        <texture border="5">amt-input-focus.png</texture>
                    </control>
                    <control type="image">
                        <width>150</width>
                        <height>24</height>
                        <posx>0</posx>
                        <posy>1</posy>
                        <visible>!Control.HasFocus(130)</visible>
                        <texture border="5">amt-input-nofocus.png</texture>
                    </control>
                    <control type="label">
                        <posx>5</posx>
                        <posy>1</posy>
                        <width>140</width>
                        <height>24</height>
                        <font>font10</font>
                        <aligny>center</aligny>
                        <textcolor>DDFFFFFF</textcolor>
                        <selectedcolor>FFe2ff43</selectedcolor>
                        <align>left</align>
                        <info>ListItem.Label</info>
                    </control>
                </focusedlayout>
            </control>
            <control type="button">
                <description>Trailer List Scrollbar Up Arrow</description>
                <posx>163</posx>
                <posy>220</posy>
                <width>12</width>
                <height>16</height>
                <texturenofocus>amt-scrollbar-up-arrow.png</texturenofocus>
                <texturefocus>amt-scrollbar-up-arrow-focus.png</texturefocus>
                <onclick>PageUp(131)</onclick>
            </control>
            <control type="scrollbar" id="131">
                <description>Scroll Bar for Trailer List #50</description>
                <posx>163</posx>
                <posy>236</posy>
                <width>12</width>
                <height>98</height>
                <texturesliderbackground border="4">amt-scrollbar-bg.png</texturesliderbackground>
                <texturesliderbar border="3">amt-scrollbar-bar-nofocus.png</texturesliderbar>
                <texturesliderbarfocus border="3">amt-scrollbar-bar-focus.png</texturesliderbarfocus>
                <textureslidernib>amt-scrollbar-nib-nofocus.png</textureslidernib>
                <textureslidernibfocus>amt-scrollbar-nib-focus.png</textureslidernibfocus>
                <onleft>130</onleft>
                <onright>140</onright>
                <showonepage>true</showonepage>
                <orientation>vertical</orientation>
            </control>
            <control type="button">
                <description>Trailer List Scrollbar Down Arrow</description>
                <posx>163</posx>
                <posy>334</posy>
                <width>12</width>
                <height>16</height>
                <texturenofocus>amt-scrollbar-down-arrow.png</texturenofocus>
                <texturefocus>amt-scrollbar-down-arrow-focus.png</texturefocus>
                <onclick>PageDown(131)</onclick>
            </control>

            <control type="image">
                <description>background image</description>
                <posx>190</posx>
                <posy>196</posy>
                <width>150</width>
                <height>22</height>
                <texture border="5">amt-input-focus.png</texture>
                <visible>Control.HasFocus(142)</visible>
            </control>
            <control type="checkmark" id="142">
                <description>Quality</description>
                <posx>195</posx>
                <posy>197</posy>
                <width>140</width>
                <height>20</height>
                <align>right</align>
                <label> </label>
                <font>font10</font>
                <textcolor>DDced8da</textcolor>
                <colordiffuse>DDced8da</colordiffuse>
                <texturecheckmark>amt-settings-check-box.png</texturecheckmark>
                <texturecheckmarknofocus>amt-settings-check-boxNF.png</texturecheckmarknofocus>
                <markwidth>16</markwidth>
                <markheight>20</markheight>
                <onleft>132</onleft>
                <onright>152</onright>
                <onup>140</onup>
                <ondown>140</ondown>
            </control>
            <control type="list" id="140">
                <posx>190</posx>
                <posy>220</posy>
                <width>150</width>
                <height>130</height>
                <onleft>131</onleft>
                <onright>141</onright>
                <onup>140</onup>
                <ondown>140</ondown>
                <viewtype label="535">list</viewtype>
                <pagecontrol>141</pagecontrol>
                <scrolltime>200</scrolltime>              
                <itemlayout height="26">
                    <control type="image">
                        <width>150</width>
                        <height>24</height>
                        <posx>0</posx>
                        <posy>1</posy>
                        <texture border="5">amt-input-nofocus.png</texture>
                    </control>
                    <control type="label">
                        <posx>5</posx>
                        <posy>1</posy>
                        <width>140</width>
                        <height>24</height>
                        <font>font10</font>
                        <aligny>center</aligny>
                        <textcolor>DDFFFFFF</textcolor>
                        <selectedcolor>FFe2ff43</selectedcolor>
                        <align>left</align>
                        <info>ListItem.Label</info>
                    </control>
                </itemlayout>
                <focusedlayout height="26">
                    <control type="image">
                        <width>150</width>
                        <height>24</height>
                        <posx>0</posx>
                        <posy>1</posy>
                        <visible>Control.HasFocus(140)</visible>
                        <texture border="5">amt-input-focus.png</texture>
                    </control>
                    <control type="image">
                        <width>150</width>
                        <height>24</height>
                        <posx>0</posx>
                        <posy>1</posy>
                        <visible>!Control.HasFocus(140)</visible>
                        <texture border="5">amt-input-nofocus.png</texture>
                    </control>
                    <control type="label">
                        <posx>5</posx>
                        <posy>1</posy>
                        <width>140</width>
                        <height>24</height>
                        <font>font10</font>
                        <aligny>center</aligny>
                        <textcolor>DDFFFFFF</textcolor>
                        <selectedcolor>FFe2ff43</selectedcolor>
                        <align>left</align>
                        <info>ListItem.Label</info>
                    </control>
                </focusedlayout>
            </control>
            <control type="button">
                <description>Trailer List Scrollbar Up Arrow</description>
                <posx>343</posx>
                <posy>220</posy>
                <width>12</width>
                <height>16</height>
                <texturenofocus>amt-scrollbar-up-arrow.png</texturenofocus>
                <texturefocus>amt-scrollbar-up-arrow-focus.png</texturefocus>
                <onclick>PageUp(141)</onclick>
            </control>
            <control type="scrollbar" id="141">
                <description>Scroll Bar for Trailer List #50</description>
                <posx>343</posx>
                <posy>236</posy>
                <width>12</width>
                <height>98</height>
                <texturesliderbackground border="4">amt-scrollbar-bg.png</texturesliderbackground>
                <texturesliderbar border="3">amt-scrollbar-bar-nofocus.png</texturesliderbar>
                <texturesliderbarfocus border="3">amt-scrollbar-bar-focus.png</texturesliderbarfocus>
                <textureslidernib>amt-scrollbar-nib-nofocus.png</textureslidernib>
                <textureslidernibfocus>amt-scrollbar-nib-focus.png</textureslidernibfocus>
                <onleft>140</onleft>
                <onright>150</onright>
                <showonepage>true</showonepage>
                <orientation>vertical</orientation>
            </control>
            <control type="button">
                <description>Trailer List Scrollbar Down Arrow</description>
                <posx>343</posx>
                <posy>334</posy>
                <width>12</width>
                <height>16</height>
                <texturenofocus>amt-scrollbar-down-arrow.png</texturenofocus>
                <texturefocus>amt-scrollbar-down-arrow-focus.png</texturefocus>
                <onclick>PageDown(141)</onclick>
            </control>

            <control type="image">
                <description>background image</description>
                <posx>370</posx>
                <posy>196</posy>
                <width>150</width>
                <height>22</height>
                <texture border="5">amt-input-focus.png</texture>
                <visible>Control.HasFocus(152)</visible>
            </control>
            <control type="checkmark" id="152">
                <description>Extra Settings</description>
                <posx>375</posx>
                <posy>197</posy>
                <width>140</width>
                <height>20</height>
                <align>right</align>
                <label> </label>
                <font>font10</font>
                <textcolor>DDced8da</textcolor>
                <colordiffuse>DDced8da</colordiffuse>
                <texturecheckmark>amt-settings-check-box.png</texturecheckmark>
                <texturecheckmarknofocus>amt-settings-check-boxNF.png</texturecheckmarknofocus>
                <markwidth>16</markwidth>
                <markheight>20</markheight>
                <onleft>142</onleft>
                <onright>130</onright>
                <onup>150</onup>
                <ondown>150</ondown>
            </control>
            <control type="list" id="150">
                <posx>370</posx>
                <posy>220</posy>
                <width>150</width>
                <height>130</height>
                <onleft>141</onleft>
                <onright>151</onright>
                <onup>150</onup>
                <ondown>150</ondown>
                <viewtype label="535">list</viewtype>
                <pagecontrol>151</pagecontrol>
                <scrolltime>200</scrolltime>              
                <itemlayout height="26">
                    <control type="image">
                        <width>150</width>
                        <height>24</height>
                        <posx>0</posx>
                        <posy>1</posy>
                        <texture border="5">amt-input-nofocus.png</texture>
                    </control>
                    <control type="label">
                        <posx>5</posx>
                        <posy>1</posy>
                        <width>140</width>
                        <height>24</height>
                        <font>font10</font>
                        <aligny>center</aligny>
                        <textcolor>DDFFFFFF</textcolor>
                        <selectedcolor>FFe2ff43</selectedcolor>
                        <align>left</align>
                        <info>ListItem.Label</info>
                    </control>
                </itemlayout>
                <focusedlayout height="26">
                    <control type="image">
                        <width>150</width>
                        <height>24</height>
                        <posx>0</posx>
                        <posy>1</posy>
                        <visible>Control.HasFocus(150)</visible>
                        <texture border="5">amt-input-focus.png</texture>
                    </control>
                    <control type="image">
                        <width>150</width>
                        <height>24</height>
                        <posx>0</posx>
                        <posy>1</posy>
                        <visible>!Control.HasFocus(150)</visible>
                        <texture border="5">amt-input-nofocus.png</texture>
                    </control>
                    <control type="label">
                        <posx>5</posx>
                        <posy>1</posy>
                        <width>140</width>
                        <height>24</height>
                        <font>font10</font>
                        <aligny>center</aligny>
                        <textcolor>DDFFFFFF</textcolor>
                        <selectedcolor>FFe2ff43</selectedcolor>
                        <align>left</align>
                        <info>ListItem.Label</info>
                    </control>
                </focusedlayout>
            </control>
            <control type="button">
                <description>Trailer List Scrollbar Up Arrow</description>
                <posx>523</posx>
                <posy>220</posy>
                <width>12</width>
                <height>16</height>
                <texturenofocus>amt-scrollbar-up-arrow.png</texturenofocus>
                <texturefocus>amt-scrollbar-up-arrow-focus.png</texturefocus>
                <onclick>PageUp(151)</onclick>
            </control>
            <control type="scrollbar" id="151">
                <description>Scroll Bar for Trailer List #50</description>
                <posx>523</posx>
                <posy>236</posy>
                <width>12</width>
                <height>98</height>
                <texturesliderbackground border="4">amt-scrollbar-bg.png</texturesliderbackground>
                <texturesliderbar border="3">amt-scrollbar-bar-nofocus.png</texturesliderbar>
                <texturesliderbarfocus border="3">amt-scrollbar-bar-focus.png</texturesliderbarfocus>
                <textureslidernib>amt-scrollbar-nib-nofocus.png</textureslidernib>
                <textureslidernibfocus>amt-scrollbar-nib-focus.png</textureslidernibfocus>
                <onleft>150</onleft>
                <onright>2075</onright>
                <showonepage>true</showonepage>
                <orientation>vertical</orientation>
            </control>
            <control type="button">
                <description>Trailer List Scrollbar Down Arrow</description>
                <posx>523</posx>
                <posy>334</posy>
                <width>12</width>
                <height>16</height>
                <texturenofocus>amt-scrollbar-down-arrow.png</texturenofocus>
                <texturefocus>amt-scrollbar-down-arrow-focus.png</texturefocus>
                <onclick>PageDown(151)</onclick>
            </control>



        </control>

        <!-- ** Required ** Do not change id's or type's -->
        <control type="group">
            <posx>10</posx>
            <posy>362</posy>
            <control type="image">
                <description>background image</description>
                <posx>0</posx>
                <posy>0</posy>
                <width>400</width>
                <height>120</height>
                <texture border="5">amt-input-nofocus.png</texture>
            </control>
            <!-- ** Required ** Do not change id or type-->
            <control type="textbox" id="75">
				<description>SQL statement</description>
				<posx>5</posx>
				<posy>2</posy>
				<width>390</width>
				<height>116</height>
				<font>font10</font>
				<textcolor>FFe2ff43</textcolor>
				<onup>75</onup>
				<ondown>75</ondown>
				<onleft>151</onleft>
				<onright>2075</onright>
				<pagecontrol>2075</pagecontrol>
				<textureup>amt-scroll-up.png</textureup>
				<texturedown>amt-scroll-down.png</texturedown>
				<textureupfocus>amt-scroll-up-focus.png</textureupfocus>
				<texturedownfocus>amt-scroll-down-focus.png</texturedownfocus>
			</control>
            <control type="button">
                <description>Trailer List Scrollbar Up Arrow</description>
                <posx>403</posx>
                <posy>0</posy>
                <width>12</width>
                <height>16</height>
                <texturenofocus>amt-scrollbar-up-arrow.png</texturenofocus>
                <texturefocus>amt-scrollbar-up-arrow-focus.png</texturefocus>
                <onclick>PageUp(2075)</onclick>
            </control>
			<control type="scrollbar" id="2075">
				<posx>403</posx>
				<posy>16</posy>
				<width>12</width>
				<height>88</height>
				<texturesliderbackground border="4">amt-scrollbar-bg.png</texturesliderbackground>
				<texturesliderbar border="3">amt-scrollbar-bar-nofocus.png</texturesliderbar>
				<texturesliderbarfocus border="3">amt-scrollbar-bar-focus.png</texturesliderbarfocus>
				<textureslidernib>amt-scrollbar-nib-nofocus.png</textureslidernib>
				<textureslidernibfocus>amt-scrollbar-nib-focus.png</textureslidernibfocus>
				<onleft>151</onleft>
				<onright>2000</onright>
				<showonepage>true</showonepage>
				<orientation>vertical</orientation>
			</control>
            <control type="button">
                <description>Trailer List Scrollbar Down Arrow</description>
                <posx>403</posx>
                <posy>104</posy>
                <width>12</width>
                <height>16</height>
                <texturenofocus>amt-scrollbar-down-arrow.png</texturenofocus>
                <texturefocus>amt-scrollbar-down-arrow-focus.png</texturefocus>
                <onclick>PageDown(2075)</onclick>
            </control>

		<!-- ** Required ** Do not change id or type -->
		<control type="label" id="40">
			<description>SQL run Label</description>
			<posx>0</posx>
			<posy>124</posy>
			<width>400</width>
			<align>left</align>
			<font>font10</font>
			<textcolor>DDced8da</textcolor>
			<label></label>
		</control>


        </control>

		<!-- ** Required ** Do not change id's or type's -->
		<control type="group" id="2000">
			<posx>440</posx>
			<posy>362</posy>
			<control type="button" id="250">
				<description>Ok Button</description>
				<posx>0</posx>
				<posy>0</posy>
				<width>90</width>
				<height>32</height>
				<align>center</align>
				<aligny>center</aligny>
				<label>-</label>
				<font>font10</font>
				<textcolor>ffffffff</textcolor>
				<textoffsetx>17</textoffsetx>
				<texturenofocus>amt-keyboard-btn-backspace.png</texturenofocus>
				<texturefocus>amt-keyboard-btn-backspace-focus.png</texturefocus>
                <onleft>2075</onleft>
                <onright>102</onright>
				<onup>258</onup>
				<ondown>251</ondown>
			</control>
			<control type="button" id="251">
				<description>Cancel Button</description>
				<posx>0</posx>
				<posy>35</posy>
				<width>90</width>
				<height>32</height>
				<align>center</align>
				<aligny>center</aligny>
				<label>-</label>
				<font>font10</font>
				<textcolor>ffffffff</textcolor>
				<textoffsetx>17</textoffsetx>
				<texturenofocus>amt-keyboard-btn-backspace.png</texturenofocus>
				<texturefocus>amt-keyboard-btn-backspace-focus.png</texturefocus>
                <onleft>2075</onleft>
                <onright>102</onright>
				<onup>250</onup>
				<ondown>257</ondown>
			</control>
			<control type="button" id="257">
				<description>Save Button</description>
				<posx>0</posx>
				<posy>70</posy>
				<width>90</width>
				<height>32</height>
				<align>center</align>
				<aligny>center</aligny>
				<label>-</label>
				<font>font10</font>
				<textcolor>ffffffff</textcolor>
				<textoffsetx>17</textoffsetx>
				<texturenofocus>amt-keyboard-btn-backspace.png</texturenofocus>
				<texturefocus>amt-keyboard-btn-backspace-focus.png</texturefocus>
                <onleft>2075</onleft>
                <onright>102</onright>
				<onup>251</onup>
				<ondown>258</ondown>
			</control>
			<control type="button" id="258">
				<description>Clear/Load Button</description>
				<posx>0</posx>
				<posy>105</posy>
				<width>90</width>
				<height>32</height>
				<align>center</align>
				<aligny>center</aligny>
				<label>-</label>
				<font>font10</font>
				<textcolor>ffffffff</textcolor>
				<textoffsetx>17</textoffsetx>
				<texturenofocus>amt-keyboard-btn-backspace.png</texturenofocus>
				<texturefocus>amt-keyboard-btn-backspace-focus.png</texturefocus>
                <onleft>2075</onleft>
                <onright>102</onright>
				<onup>257</onup>
				<ondown>250</ondown>
			</control>
		</control>
	</controls>
</window>