<window>
	<defaultcontrol>9000</defaultcontrol>
    <allowoverlays>false</allowoverlays>
	<controls>
		<control type="image">
			<description>background image</description>
			<posx>0</posx>
			<posy>0</posy>
			<width>720</width>
			<height>88</height>
			<texture>amt-background_16x9.png</texture>
		</control>
		<control type="image">
			<description>background image</description>
			<posx>0</posx>
			<posy>88</posy>
			<width>720</width>
			<height>488</height>
			<texture>amt-background-bottom.png</texture>
		</control>
		<control type="label">
			<description>xbmc media center label</description>
			<posx>200</posx>
			<posy>43</posy>
			<align>right</align>
			<label>9</label>
			<textcolor>FFFFFFFF</textcolor>
			<font>special12</font>
		</control>
		<!-- ** Required ** Do not change id or type-->
        <control type="label" id="20">
			<description>Title Label</description>
			<width>200</width>
			<posx>207</posx>
			<posy>43</posy>
			<align>left</align>
            <label>SCRIPT0</label>
			<font>special13</font>
			<textcolor>FFFFFFFF</textcolor>
		</control>

        <control type="label">
			<description>Category Label</description>
			<posx>650</posx>
			<posy>43</posy>
			<width>300</width>
			<align>right</align>
            <info>Container.Property(Category)</info>
			<font>special13</font>
			<textcolor>FFFFFFFF</textcolor>
		</control>

        <control type="group">
			<animation effect="slide" time="300" start="600,0" end="0,0" acceleration="-1">WindowOpen</animation>
			<animation effect="slide" time="200" start="0,0" end="600,0" acceleration="1.1">WindowClose</animation>
			<control type="image">
				<description>contentpanel slice</description>
				<posx>140</posx>
				<posy>88</posy>
				<width>64</width>
				<height>510</height>
				<texture>amt-contentpanel_left.png</texture>
			</control>
			<control type="image">
				<description>contentpanel slice</description>
				<posx>204</posx>
				<posy>88</posy>
				<width>516</width>
				<height>510</height>
				<texture>amt-contentpanel.png</texture>
			</control>
			<control type="image">
				<description>backdrop image</description>
				<posx>260</posx>
				<posy>130</posy>
				<width>375</width>
				<height>373</height>
				<aspectratio>keep</aspectratio>
				<texture>amt-backdrop.png</texture>
				<visible>!Control.IsVisible(52) + !Control.IsVisible(54)</visible>
                <animation effect="zoom" end="240,105,230,230" condition="Control.IsVisible(50) + Control.IsVisible(3000)">Conditional</animation>
			</control>
		</control>

        <!-- Button Group -->
        <!-- ** Required ** Do not change id or type-->
		<control type="group" id="9000">
			<posx>20</posx>
			<posy>-20</posy>
            <visible>Control.IsVisible(3000) | Control.IsVisible(4000)</visible>
			<animation effect="slide" time="300" start="-300,0" end="0,0" acceleration="-1.1">WindowOpen</animation>
			<animation effect="slide" time="200" start="0,0" end="-300,0" acceleration="1.1">WindowClose</animation>
			<control type="button" id="2">
				<description>View As Icons button</description>
				<posx>0</posx>
				<posy>120</posy>
				<width>160</width>
				<height>33</height>
				<label>100</label>
				<texturefocus>amt-button-focus.png</texturefocus>
				<texturenofocus>amt-button-nofocus.png</texturenofocus>
				<font>font13</font>
				<textcolor>FFFFFFFF</textcolor>
				<disabledcolor>60ffffff</disabledcolor>
				<textoffsetx>17</textoffsetx>
				<aligny>center</aligny>
				<onleft>70</onleft>
				<onright>50</onright>
				<onup>170</onup>
				<ondown>100</ondown>
				<enable>Control.IsVisible(3000)</enable>
			</control>
            <!-- ** Required ** Do not change id or type-->
			<control type="button" id="100">
				<description>Shortcut1 Button</description>
				<posx>0</posx>
				<posy>157</posy>
				<width>160</width>
				<height>33</height>
                <label>$INFO[Container.Property(Shortcut1)]</label>
				<texturefocus>amt-button-focus.png</texturefocus>
				<texturenofocus>amt-button-nofocus.png</texturenofocus>
				<font>font13</font>
				<textcolor>FFFFFFFF</textcolor>
				<disabledcolor>60ffffff</disabledcolor>
				<textoffsetx>17</textoffsetx>
				<aligny>center</aligny>
				<onleft>70</onleft>
				<onright>50</onright>
				<onup>2</onup>
				<ondown>101</ondown>
				<onclick>-</onclick>
			</control>
            <!-- ** Required ** Do not change id or type-->
			<control type="button" id="101">
				<description>Shortcut2 Button</description>
				<posx>0</posx>
				<posy>194</posy>
				<width>160</width>
				<height>33</height>
                <label>$INFO[Container.Property(Shortcut2)]</label>
				<texturefocus>amt-button-focus.png</texturefocus>
				<texturenofocus>amt-button-nofocus.png</texturenofocus>
				<font>font13</font>
				<textcolor>FFFFFFFF</textcolor>
				<disabledcolor>60ffffff</disabledcolor>
				<textoffsetx>17</textoffsetx>
				<aligny>center</aligny>
				<onleft>70</onleft>
				<onright>50</onright>
				<onup>100</onup>
				<ondown>102</ondown>
				<onclick>-</onclick>
			</control>
            <!-- ** Required ** Do not change id or type-->
			<control type="button" id="102">
				<description>Shortcut3 Button</description>
				<posx>0</posx>
				<posy>231</posy>
				<width>160</width>
				<height>33</height>
                <label>$INFO[Container.Property(Shortcut3)]</label>
				<texturefocus>amt-button-focus.png</texturefocus>
				<texturenofocus>amt-button-nofocus.png</texturenofocus>
				<font>font13</font>
				<textcolor>FFFFFFFF</textcolor>
				<disabledcolor>60ffffff</disabledcolor>
				<textoffsetx>17</textoffsetx>
				<aligny>center</aligny>
				<onleft>70</onleft>
				<onright>50</onright>
				<onup>101</onup>
				<ondown>103</ondown>
				<onclick>-</onclick>
			</control>
            <!-- ** Required ** Do not change id or type-->
			<control type="button" id="103">
				<description>Genre Button</description>
				<posx>0</posx>
				<posy>268</posy>
				<width>160</width>
				<height>33</height>
                <label>SCRIPT103</label>
				<texturefocus>amt-button-focus.png</texturefocus>
				<texturenofocus>amt-button-nofocus.png</texturenofocus>
				<font>font13</font>
				<textcolor>FFFFFFFF</textcolor>
				<disabledcolor>60ffffff</disabledcolor>
				<textoffsetx>17</textoffsetx>
				<aligny>center</aligny>
				<onleft>70</onleft>
				<onright>50</onright>
				<onup>102</onup>
				<ondown>104</ondown>
				<onclick>-</onclick>
			</control>
            <!-- ** Required ** Do not change id or type-->
			<control type="button" id="104">
				<description>Studio Button</description>
				<posx>0</posx>
				<posy>305</posy>
				<width>160</width>
				<height>33</height>
                <label>SCRIPT104</label>
				<texturefocus>amt-button-focus.png</texturefocus>
				<texturenofocus>amt-button-nofocus.png</texturenofocus>
				<font>font13</font>
				<textcolor>FFFFFFFF</textcolor>
				<disabledcolor>60ffffff</disabledcolor>
				<textoffsetx>17</textoffsetx>
				<aligny>center</aligny>
				<onleft>70</onleft>
				<onright>50</onright>
				<onup>103</onup>
				<ondown>105</ondown>
				<onclick>-</onclick>
			</control>
            <!-- ** Required ** Do not change id or type-->
			<control type="button" id="105">
				<description>Actor Button</description>
				<posx>0</posx>
				<posy>342</posy>
				<width>160</width>
				<height>33</height>
                <label>SCRIPT105</label>
				<texturefocus>amt-button-focus.png</texturefocus>
				<texturenofocus>amt-button-nofocus.png</texturenofocus>
				<font>font13</font>
				<textcolor>FFFFFFFF</textcolor>
				<disabledcolor>60ffffff</disabledcolor>
				<textoffsetx>17</textoffsetx>
				<aligny>center</aligny>
				<onleft>70</onleft>
				<onright>50</onright>
				<onup>104</onup>
				<ondown>106</ondown>
				<onclick>-</onclick>
			</control>
            <!-- ** Required ** Do not change id or type-->
			<control type="button" id="106">
				<description>Search Button</description>
				<posx>0</posx>
				<posy>379</posy>
				<width>160</width>
				<height>33</height>
                <label>SCRIPT106</label>
				<texturefocus>amt-button-focus.png</texturefocus>
				<texturenofocus>amt-button-nofocus.png</texturenofocus>
				<font>font13</font>
				<textcolor>FFFFFFFF</textcolor>
				<disabledcolor>60ffffff</disabledcolor>
				<textoffsetx>17</textoffsetx>
				<aligny>center</aligny>
				<onleft>70</onleft>
				<onright>50</onright>
				<onup>105</onup>
				<ondown>107</ondown>
				<onclick>-</onclick>
			</control>
            <!-- ** Required ** Do not change id or type-->
			<control type="button" id="107">
				<description>Settings Button</description>
				<posx>0</posx>
				<posy>416</posy>
				<width>160</width>
				<height>33</height>
                <label>SCRIPT107</label>
				<texturefocus>amt-button-focus.png</texturefocus>
				<texturenofocus>amt-button-nofocus.png</texturenofocus>
				<font>font13</font>
				<textcolor>FFFFFFFF</textcolor>
				<disabledcolor>60ffffff</disabledcolor>
				<textoffsetx>17</textoffsetx>
				<aligny>center</aligny>
				<onleft>70</onleft>
				<onright>50</onright>
				<onup>106</onup>
				<ondown>108</ondown>
				<onclick>-</onclick>
			</control>
            <!-- ** Required ** Do not change id or type-->
			<control type="button" id="108">
				<description>Credits Button</description>
				<posx>0</posx>
				<posy>453</posy>
				<width>160</width>
				<height>33</height>
                <label>SCRIPT108</label>
				<texturefocus>amt-button-focus.png</texturefocus>
				<texturenofocus>amt-button-nofocus.png</texturenofocus>
				<font>font13</font>
				<textcolor>FFFFFFFF</textcolor>
				<disabledcolor>60ffffff</disabledcolor>
				<textoffsetx>17</textoffsetx>
				<aligny>center</aligny>
				<onleft>70</onleft>
				<onright>50</onright>
				<onup>107</onup>
				<ondown>109</ondown>
				<onclick>-</onclick>
                <visible>false</visible>
			</control>
            <!-- ** Required ** Do not change id or type-->
			<control type="button" id="109">
				<description>Update Script Button</description>
				<posx>0</posx>
				<posy>490</posy>
				<width>160</width>
				<height>33</height>
                <label>SCRIPT109</label>
				<texturefocus>amt-button-focus.png</texturefocus>
				<texturenofocus>amt-button-nofocus.png</texturenofocus>
				<font>font13</font>
				<textcolor>FFFFFFFF</textcolor>
				<disabledcolor>60ffffff</disabledcolor>
				<textoffsetx>17</textoffsetx>
				<aligny>center</aligny>
				<onleft>70</onleft>
				<onright>50</onright>
				<onup>108</onup>
				<ondown>175</ondown>
				<onclick>-</onclick>
                <visible>false</visible>
			</control>
        <!-- ** Required ** Do not change id or type-->
        <control type="button" id="175">
            <description>Plot Button</description>
            <posx>0</posx>
            <posy>453</posy>
            <width>160</width>
            <height>33</height>
            <label>SCRIPT166</label>
            <texturefocus>amt-button-focus.png</texturefocus>
            <texturenofocus>amt-button-nofocus.png</texturenofocus>
            <font>font13</font>
            <textcolor>FFFFFFFF</textcolor>
            <disabledcolor>60ffffff</disabledcolor>
            <textoffsetx>17</textoffsetx>
            <aligny>center</aligny>
            <onleft>70</onleft>
            <onright>50</onright>
            <onup>109</onup>
            <ondown>170</ondown>
            <onclick>-</onclick>
            <enable>Control.IsVisible(3000)</enable>
            <visible>!IsEmpty(Container.Property(showinfo))</visible>
        </control>
        <!-- ** Required ** Do not change id or type-->
        <control type="button" id="170">
            <description>Cast Button</description>
            <posx>0</posx>
            <posy>453</posy>
            <width>160</width>
            <height>33</height>
            <label>SCRIPT157</label>
            <texturefocus>amt-button-focus.png</texturefocus>
            <texturenofocus>amt-button-nofocus.png</texturenofocus>
            <font>font13</font>
            <textcolor>FFFFFFFF</textcolor>
            <disabledcolor>60ffffff</disabledcolor>
            <textoffsetx>17</textoffsetx>
            <aligny>center</aligny>
            <onleft>70</onleft>
            <onright>50</onright>
            <onup>175</onup>
            <ondown>2</ondown>
            <onclick>-</onclick>
            <enable>Control.IsVisible(3000)</enable>
            <visible>IsEmpty(Container.Property(showinfo))</visible>
        </control>
    </control>
		
        <!-- Trailer list controls -->
        <!-- ** Required ** Do not change id or type-->
		<control type="group" id="3000">
			<animation effect="slide" time="300" start="600,0" end="0,0" acceleration="-1">WindowOpen</animation>
			<animation effect="slide" time="200" start="0,0" end="600,0" acceleration="1.1">WindowClose</animation>
            <!--onleft>9000</onleft>
            <onright>4000</onright-->
            <!-- ** Required ** Do not change id or type-->
			<control type="list" id="50">
				<posx>190</posx>
				<posy>100</posy>
				<width>330</width>
				<height>232</height>
				<onleft>2060</onleft>
				<onright>2050</onright>
				<onup>50</onup>
				<ondown>50</ondown>
				<viewtype label="544">Media Info</viewtype>
				<pagecontrol>2050</pagecontrol>
				<scrolltime>200</scrolltime>
				<itemlayout height="29">
					<control type="image">
						<width>330</width>
						<height>29</height>
						<posx>0</posx>
						<posy>0</posy>
						<texture>amt-list-nofocus.png</texture>
					</control>
					<control type="image">
						<posx>2</posx>
						<posy>3</posy>
						<width>22</width>
						<height>22</height>
                        <info>ListItem.Icon</info>
					</control>
					<control type="label">
						<posx>25</posx>
						<posy>3</posy>
						<width>290</width>
						<height>22</height>
						<font>font13</font>
						<aligny>center</aligny>
                        <selectedcolor>FFe2ff43</selectedcolor>
                        <textcolor>FFFFFFFF</textcolor>
						<align>left</align>
						<info>ListItem.Label</info>
					</control>
					<control type="label">
						<posx>325</posx>
						<posy>3</posy>
						<width>200</width>
						<height>22</height>
						<font>font13</font>
						<aligny>center</aligny>
                        <selectedcolor>FFe2ff43</selectedcolor>
						<textcolor>60ffffff</textcolor>
						<align>right</align>
						<label>$INFO[ListItem.Label2,$LBRACKET,$RBRACKET]</label>
					</control>
				</itemlayout>
				<focusedlayout height="29">
					<control type="image">
						<width>330</width>
						<height>29</height>
						<posx>0</posx>
						<posy>0</posy>
						<visible>!Control.HasFocus(50)</visible>
						<texture>amt-list-nofocus.png</texture>
					</control>
					<control type="image">
						<width>330</width>
						<height>29</height>
						<posx>0</posx>
						<posy>0</posy>
						<visible>Control.HasFocus(50)</visible>
						<texture>amt-list-focus2.png</texture>
					</control>
					<control type="image">
						<posx>2</posx>
						<posy>3</posy>
						<width>22</width>
						<height>22</height>
						<info>ListItem.Icon</info>
					</control>
					<control type="label">
						<posx>25</posx>
						<posy>3</posy>
						<width>290</width>
						<height>22</height>
						<font>font13</font>
						<aligny>center</aligny>
                        <selectedcolor>FFe2ff43</selectedcolor>
                        <textcolor>FFFFFFFF</textcolor>
						<align>left</align>
						<info>ListItem.Label</info>
					</control>
					<control type="label">
						<posx>325</posx>
						<posy>3</posy>
						<width>200</width>
						<height>22</height>
						<font>font13</font>
						<aligny>center</aligny>
                        <selectedcolor>FFe2ff43</selectedcolor>
						<textcolor>60ffffff</textcolor>
						<align>right</align>
						<label>$INFO[ListItem.Label2,$LBRACKET,$RBRACKET]</label>
					</control>
				</focusedlayout>
			</control>
            <control type="panel" id="51">
				<posx>190</posx>
				<posy>100</posy>
				<width>485</width>
				<height>425</height>
				<onleft>9000</onleft>
				<onright>2050</onright>
				<onup>51</onup>
				<ondown>51</ondown>
				<scrolltime>200</scrolltime>
				<viewtype label="536">icon</viewtype>
				<pagecontrol>2050</pagecontrol>
                <!--visible>!Control.IsVisible(60)</visible-->
				<itemlayout height="141" width="96">
					<control type="image">
						<posx>8</posx>
						<posy>10</posy>
						<width>80</width>
						<height>100</height>
						<info>ListItem.Icon</info>
					</control>
					<control type="image">
						<posx>65</posx>
						<posy>75</posy>
						<width>26</width>
						<height>32</height>
						<info>ListItem.Overlay</info>
					</control>
					<control type="label">
						<posx>51</posx>
						<posy>115</posy>
						<width>90</width>
						<height>22</height>
						<font>font13</font>
                        <selectedcolor>FFe2ff43</selectedcolor>
                        <textcolor>FFFFFFFF</textcolor>
						<align>center</align>
						<info>ListItem.Label</info>
					</control>
				</itemlayout>
				<focusedlayout height="141" width="96">
					<control type="image">
						<width>88</width>
						<height>110</height>
						<posx>4</posx>
						<posy>5</posy>
						<texture>amt-folder-focus.png</texture>
						<animation effect="zoom" end="0,0,96,120" time="100">focus</animation>
					</control>
					<control type="image">
						<posx>8</posx>
						<posy>10</posy>
						<width>80</width>
						<height>100</height>
						<info>ListItem.Icon</info>
						<animation effect="zoom" end="4,5,88,110" time="100">focus</animation>
					</control>
					<control type="image">
						<posx>65</posx>
						<posy>75</posy>
						<width>26</width>
						<height>32</height>
						<info>ListItem.Overlay</info>
						<animation effect="slide" end="4,5" time="100">focus</animation>
					</control>
					<control type="label">
						<posx>51</posx>
						<posy>120</posy>
						<width>90</width>
						<height>22</height>
						<font>font13</font>
                        <selectedcolor>FFe2ff43</selectedcolor>
                        <textcolor>FFFFFFFF</textcolor>
						<align>center</align>
						<info>ListItem.Label</info>
					</control>
				</focusedlayout>
			</control>

            <control type="wraplist" id="52">
                <posx>190</posx>
                <posy>100</posy>
                <width>520</width>
                <height>425</height>
                <onleft>52</onleft>
                <onright>52</onright>
                <onup>9000</onup>
                <ondown>9000</ondown>
                <scrolltime>200</scrolltime>
                <viewtype label="543">wraplist</viewtype>
                <pagecontrol>2050</pagecontrol>
                <orientation>horizontal</orientation>
                <focusposition>3</focusposition>
                <itemlayout height="300" width="104">
                    <control type="image">
                        <posx>2</posx>
                        <posy>50</posy>
                        <width>100</width>
                        <height>200</height>
                        <info>ListItem.ActualIcon</info>
                        <aspectratio aligny="bottom">keep</aspectratio>
                    </control>
                    <control type="image">
                        <posx>2</posx>
                        <posy>250</posy>
                        <width>100</width>
                        <height>200</height>
                        <info>ListItem.ActualIcon</info>
                        <texture flipy="true" diffuse="amt-diffuse_mirror.png" /> 
                        <aspectratio aligny="top">keep</aspectratio>
                    </control>
                    <control type="image">
                        <posx>70</posx>
                        <posy>225</posy>
                        <width>32</width>
                        <height>32</height>
                        <info>ListItem.Overlay</info>
                    </control>
                </itemlayout>
                <focusedlayout height="300" width="120">
                    <control type="image">
                        <posx>10</posx>
                        <posy>50</posy>
                        <width>100</width>
                        <height>200</height>
                        <info>ListItem.ActualIcon</info>
                        <aspectratio aligny="bottom">keep</aspectratio>
                        <animation effect="zoom" end="-15,-20,150,300" time="150">focus</animation>
                    </control>
                    <control type="image">
                        <posx>10</posx>
                        <posy>250</posy>
                        <width>100</width>
                        <height>200</height>
                        <info>ListItem.ActualIcon</info>
                        <texture flipy="true" diffuse="amt-diffuse_mirror.png" /> 
                        <aspectratio aligny="top">keep</aspectratio>
                        <animation effect="zoom" end="-15,280,150,300" time="150">focus</animation>
                    </control>
                    <control type="image">
                        <posx>70</posx>
                        <posy>225</posy>
                        <width>32</width>
                        <height>32</height>
                        <info>ListItem.Overlay</info>
                        <animation effect="slide" end="30,20" time="150">focus</animation>
                    </control>
                </focusedlayout>
            </control>

            <control type="panel" id="54">
                <posx>190</posx>
                <posy>100</posy>
                <width>485</width>
                <height>370</height>
                <onleft>9000</onleft>
                <onright>2050</onright>
                <onup>54</onup>
                <ondown>54</ondown>
                <scrolltime>200</scrolltime>
                <viewtype label="542">bigicon</viewtype>
                <pagecontrol>2050</pagecontrol>
                <!--visible>!Control.IsVisible(60)</visible-->
                <itemlayout height="185" width="97">
                    <control type="image">
                        <posx>8</posx>
                        <posy>10</posy>
                        <width>81</width>
                        <height>165</height>
                        <info>ListItem.Icon</info>
                    </control>
                    <control type="image">
                        <posx>65</posx>
                        <posy>150</posy>
                        <width>30</width>
                        <height>30</height>
                        <info>ListItem.Overlay</info>
                    </control>
                </itemlayout>
                <focusedlayout height="185" width="97">
                    <control type="image">
                        <width>89</width>
                        <height>175</height>
                        <posx>4</posx>
                        <posy>5</posy>
                        <texture border="5">amt-keyboard-btn-space-focus2.png</texture>
                        <animation effect="zoom" end="0,0,97,185" time="100">focus</animation>
                    </control>
                    <control type="image">
                        <posx>8</posx>
                        <posy>10</posy>
                        <width>81</width>
                        <height>165</height>
                        <info>ListItem.Icon</info>
                        <animation effect="zoom" end="4,5,89,175" time="100">focus</animation>
                    </control>
                    <control type="image">
                        <posx>65</posx>
                        <posy>150</posy>
                        <width>30</width>
                        <height>30</height>
                        <info>ListItem.Overlay</info>
                        <animation effect="slide" end="4,5" time="100">focus</animation>
                    </control>
                </focusedlayout>
            </control>
            <control type="image">
                <description>background overlay image lower</description>
                <posx>190</posx>
                <posy>450</posy>
                <width>490</width>
                <height>106</height>
                <texture>amt-dvdview_bottom.png</texture>
                <visible>Control.IsVisible(54)</visible>
            </control>

            <!-- ** Required ** Do not change id or type-->
            <control type="label" id="2150">
				<description>Trailer List Count Label</description>
				<width>100</width>
				<posx>520</posx>
				<posy>335</posy>
				<align>right</align>
				<label></label>
				<font>font10</font>
				<textcolor>CCFFFFFF</textcolor>
                <animation effect="slide" time="0" end="135,203" condition="Control.IsVisible(51)">Conditional</animation>
                <animation effect="slide" time="0" end="135,203" condition="Control.IsVisible(52)">Conditional</animation>
                <animation effect="slide" time="0" end="135,203" condition="Control.IsVisible(54)">Conditional</animation>
			</control>

            <control type="group">
                <visible>Control.IsVisible(50)</visible>
                <!--control type="image">
                    <description>Poster Backdrop</description>
                    <posx>545</posx>
                    <posy>100</posy>
                    <width>150</width>
                    <height>232</height>
                    <texture>amt-poster_backdrop.png</texture>
                    <aspectratio>keep</aspectratio>
                </control-->
                <control type="image">
                    <description>Trailer Poster</description>
                    <posx>532</posx>
                    <posy>100</posy>
                    <width>175</width>
                    <height>256</height>
                    <info>ListItem.ActualIcon</info>
                    <!--bordertexture border="4">amt-icon-border.png</bordertexture>
                    <bordersize>2</bordersize-->
                    <aspectratio aligny="bottom">keep</aspectratio>
                    <visible>IsEmpty(Container(70).ListItem(0).ActualIcon) | !Control.HasFocus(70)</visible>
                </control>
                <control type="image">
                    <description>Trailer Poster Reflection</description>
                    <posx>532</posx>
                    <posy>356</posy>
                    <width>175</width>
                    <height>256</height>
                    <info>ListItem.ActualIcon</info>
                    <!--bordertexture flipy="true" diffuse="amt-diffuse_mirror.png" border="4">amt-icon-border.png</bordertexture>
                    <bordersize>2</bordersize-->
                    <texture flipy="true" diffuse="amt-diffuse_mirror.png" />
                    <aspectratio aligny="top">keep</aspectratio>
                    <visible>IsEmpty(Container(70).ListItem(0).ActualIcon) | !Control.HasFocus(70)</visible>
                </control>                
                <control type="image">
                    <description>Actor Poster</description>
                    <posx>532</posx>
                    <posy>100</posy>
                    <width>175</width>
                    <height>256</height>
                    <info>Container(70).ListItem(0).Thumb</info>
                    <!--bordertexture border="4">amt-icon-border.png</bordertexture>
                    <bordersize>2</bordersize-->
                    <texture>-</texture>
                    <aspectratio aligny="bottom">keep</aspectratio>
                    <visible>!IsEmpty(Container(70).ListItem(0).ActualIcon) + Control.HasFocus(70)</visible>
                </control>
                <control type="image">
                    <description>Actor Poster Reflection</description>
                    <posx>532</posx>
                    <posy>356</posy>
                    <width>175</width>
                    <height>256</height>
                    <info>Container(70).ListItem(0).Thumb</info>
                    <!--bordertexture flipy="true" diffuse="amt-diffuse_mirror.png" border="4">amt-icon-border.png</bordertexture>
                    <bordersize>2</bordersize-->
                    <texture flipy="true" diffuse="amt-diffuse_mirror.png" />
                    <aspectratio aligny="top">keep</aspectratio>
                    <visible>!IsEmpty(Container(70).ListItem(0).ActualIcon) + Control.HasFocus(70)</visible>
                </control>
                <control type="image">
                    <description>Trailer Poster HD Overlay</description>
                    <posx>560</posx>
                    <posy>93</posy>
                    <width>32</width>
                    <height>32</height>
                    <info>ListItem.Overlay</info>
                    <visible>IsEmpty(Container(70).ListItem(0).ActualIcon) | !Control.HasFocus(70)</visible>
                </control>
                <!-- ** Required ** Do not change id or type-->
                <control type="image" id="202">
                    <description>Trailer Rating</description>
                    <posx>553</posx>
                    <posy>335</posy>
                    <width>66</width>
                    <height>15</height>
                    <texture>-</texture>
                    <aspectratio>keep</aspectratio>
                    <visible>IsEmpty(Container(70).ListItem(0).ActualIcon) | !Control.HasFocus(70)</visible>
                </control>
                <!-- ** Required ** Do not change id or type-->
                <control type="image" id="203">
                    <description>Trailer Favorite Overlay</description>
                    <posx>655</posx>
                    <posy>330</posy>
                    <width>24</width>
                    <height>24</height>
                    <texture>amt-overlay-favorite.png</texture>
                    <aspectratio>keep</aspectratio>
                    <visible>IsEmpty(Container(70).ListItem(0).ActualIcon) | !Control.HasFocus(70)</visible>
                    <animation effect="slide" start="0,0" end="-18,0" time="0" condition="Control.IsVisible(204)">Conditional</animation>
                    <animation effect="slide" start="0,0" end="-18,0" time="0" condition="Control.IsVisible(205)">Conditional</animation>
                </control>
                <!-- ** Required ** Do not change id or type-->
                <control type="image" id="204">
                    <description>Trailer Watched Overlay</description>
                    <posx>655</posx>
                    <posy>330</posy>
                    <width>24</width>
                    <height>24</height>
                    <texture>amt-overlay-watched.png</texture>
                    <aspectratio>keep</aspectratio>
                    <visible>IsEmpty(Container(70).ListItem(0).ActualIcon) | !Control.HasFocus(70)</visible>
                    <animation effect="slide" start="0,0" end="-18,0" time="0" condition="Control.IsVisible(205)">Conditional</animation>
                </control>
                <control type="image" id="205">
                    <description>Trailer Saved Overlay</description>
                    <posx>655</posx>
                    <posy>330</posy>
                    <width>24</width>
                    <height>24</height>
                    <texture>amt-overlay-saved.png</texture>
                    <aspectratio>keep</aspectratio>
                    <visible>IsEmpty(Container(70).ListItem(0).ActualIcon) | !Control.HasFocus(70)</visible>
                </control>
            </control>

            <!-- ** Required ** Do not change id or type-->
            <control type="label" id="206">
				<description>Trailer Title</description>
				<posx>195</posx>
				<posy>355</posy>
				<width>350</width>
				<height>32</height>
				<align>left</align>
				<aligny>center</aligny>
				<info>ListItem.Title</info>
				<font>special13</font>
				<textcolor>FFFFFFFF</textcolor>
                <scroll>true</scroll>
                <disabledcolor>FFe2ff43</disabledcolor>
				<visible>Control.IsVisible(50) | Control.IsVisible(52) | Control.IsVisible(54)</visible>
                <animation effect="slide" time="0" end="70,130" condition="Control.IsVisible(54)">Conditional</animation>
                <animation effect="slide" time="0" end="75,30" condition="Control.IsVisible(52)">Conditional</animation>
			</control>
		</control>

        <control type="group">
            <visible>[Control.IsVisible(50) | Control.IsVisible(51) | Control.IsVisible(54)] + Control.IsVisible(3000)</visible>
			<animation effect="slide" time="300" start="600,0" end="0,0" acceleration="-1">WindowOpen</animation>
			<animation effect="slide" time="200" start="0,0" end="600,0" acceleration="1.1">WindowClose</animation>
            <control type="button">
                <description>Trailer List Scrollbar Up Arrow</description>
                <posx>525</posx>
                <posy>100</posy>
                <width>12</width>
                <height>16</height>
                <texturenofocus>amt-scrollbar-up-arrow.png</texturenofocus>
                <texturefocus>amt-scrollbar-up-arrow-focus.png</texturefocus>
                <onclick>PageUp(2050)</onclick>
                <animation effect="slide" time="0" end="155,0" condition="Control.IsVisible(51)">Conditional</animation>
                <animation effect="slide" time="0" end="155,0" condition="Control.IsVisible(54)">Conditional</animation>
            </control>
            <control type="scrollbar" id="2050">
                <description>Scroll Bar for Trailer List #50</description>
                <posx>525</posx>
                <posy>116</posy>
                <width>12</width>
                <height>200</height>
                <texturesliderbackground border="4">amt-scrollbar-bg.png</texturesliderbackground>
                <texturesliderbar border="3">amt-scrollbar-bar-nofocus.png</texturesliderbar>
                <texturesliderbarfocus border="3">amt-scrollbar-bar-focus.png</texturesliderbarfocus>
                <textureslidernib>amt-scrollbar-nib-nofocus.png</textureslidernib>
                <textureslidernibfocus>amt-scrollbar-nib-focus.png</textureslidernibfocus>
                <onleft>50</onleft>
                <onright>2075</onright>
                <showonepage>true</showonepage>
                <orientation>vertical</orientation>
                <animation effect="slide" end="155,0" condition="Control.IsVisible(51)">Conditional</animation>
                <animation effect="zoom" end="680,116,12,391" condition="Control.IsVisible(51)">Conditional</animation>
                <animation effect="slide" end="155,0" condition="Control.IsVisible(54)">Conditional</animation>
                <animation effect="zoom" end="680,116,12,338" condition="Control.IsVisible(54)">Conditional</animation>
            </control>
            <control type="button">
                <description>Trailer List Scrollbar Down Arrow</description>
                <posx>525</posx>
                <posy>316</posy>
                <width>12</width>
                <height>16</height>
                <texturenofocus>amt-scrollbar-down-arrow.png</texturenofocus>
                <texturefocus>amt-scrollbar-down-arrow-focus.png</texturefocus>
                <onclick>PageDown(2050)</onclick>
                <animation effect="slide" time="0" end="155,191" condition="Control.IsVisible(51)">Conditional</animation>
                <animation effect="slide" time="0" end="155,138" condition="Control.IsVisible(54)">Conditional</animation>
            </control>
        </control>

        <control type="group">
			<animation effect="slide" time="300" start="600,0" end="0,0" acceleration="-1">WindowOpen</animation>
			<animation effect="slide" time="200" start="0,0" end="600,0" acceleration="1.1">WindowClose</animation>
            <!-- ** Required ** Do not change id or type-->
            <control type="image">
                <description>background image</description>
                <posx>190</posx>
                <posy>385</posy>
                <width>280</width>
                <height>145</height>
                <texture>amt-scrollbar-bg.png</texture>
                <colordiffuse>90FFFFFF</colordiffuse>
				<visible>Control.IsVisible(75)</visible>
            </control>
            <control type="textbox" id="75">
				<description>Trailer Plot</description>
				<posx>195</posx>
				<posy>387</posy>
				<width>270</width>
				<height>141</height>
				<font>font13</font>
                <align>justify</align>
                <info>ListItem.Plot</info>
				<textcolor>FFFFFFFF</textcolor>
				<onup>75</onup>
				<ondown>75</ondown>
				<onleft>2050</onleft>
				<onright>2075</onright>
				<pagecontrol>2075</pagecontrol>
				<textureup>amt-scroll-up.png</textureup>
				<texturedown>amt-scroll-down.png</texturedown>
				<textureupfocus>amt-scroll-up-focus.png</textureupfocus>
				<texturedownfocus>amt-scroll-down-focus.png</texturedownfocus>
				<visible allowhiddenfocus="false">Control.IsVisible(3000)</visible>
			</control>
            <control type="button">
                <description>Trailer List Scrollbar Up Arrow</description>
                <posx>475</posx>
                <posy>385</posy>
                <width>12</width>
                <height>16</height>
                <texturenofocus>amt-scrollbar-up-arrow.png</texturenofocus>
                <texturefocus>amt-scrollbar-up-arrow-focus.png</texturefocus>
                <onclick>PageUp(2075)</onclick>
				<visible>Control.IsVisible(75)</visible>
            </control>
			<control type="scrollbar" id="2075">
				<posx>475</posx>
				<posy>401</posy>
				<width>12</width>
				<height>113</height>
				<texturesliderbackground border="4">amt-scrollbar-bg.png</texturesliderbackground>
				<texturesliderbar border="3">amt-scrollbar-bar-nofocus.png</texturesliderbar>
				<texturesliderbarfocus border="3">amt-scrollbar-bar-focus.png</texturesliderbarfocus>
				<textureslidernib>amt-scrollbar-nib-nofocus.png</textureslidernib>
				<textureslidernibfocus>amt-scrollbar-nib-focus.png</textureslidernibfocus>
				<onleft>75</onleft>
				<onright>70</onright>
				<showonepage>true</showonepage>
				<orientation>vertical</orientation>
				<visible>Control.IsVisible(75)</visible>
			</control>
            <control type="button">
                <description>Trailer List Scrollbar Down Arrow</description>
                <posx>475</posx>
                <posy>514</posy>
                <width>12</width>
                <height>16</height>
                <texturenofocus>amt-scrollbar-down-arrow.png</texturenofocus>
                <texturefocus>amt-scrollbar-down-arrow-focus.png</texturefocus>
                <onclick>PageDown(2075)</onclick>
				<visible>Control.IsVisible(75)</visible>
            </control>
            <control type="group">
                <description>Other info</description>
				<posx>495</posx>
				<posy>385</posy>
				<width>210</width>
				<height>145</height>
				<visible allowhiddenfocus="false">Control.IsVisible(3000) + Control.IsVisible(170)</visible>
                <control type="image">
                    <description>background image</description>
                    <posx>0</posx>
                    <posy>0</posy>
                    <width>210</width>
                    <height>145</height>
                    <texture>amt-scrollbar-bg.png</texture>
                    <colordiffuse>90FFFFFF</colordiffuse>
                </control>
                <control type="label">
                    <posx>5</posx>
                    <posy>0</posy>
                    <width>200</width>
                    <height>36</height>
                    <font>font10</font>
                    <textcolor>FFFFFFFF</textcolor>
                    <align>left</align>
                    <aligny>top</aligny>
                    <wrapmultiline>true</wrapmultiline>
                    <label>[B]$LOCALIZE[SCRIPT114]:[/B] $INFO[ListItem.Studio]</label>
                </control>
                <control type="label">
                    <posx>5</posx>
                    <posy>40</posy>
                    <width>200</width>
                    <height>36</height>
                    <font>font10</font>
                    <textcolor>FFFFFFFF</textcolor>
                    <align>left</align>
                    <aligny>top</aligny>
                    <wrapmultiline>true</wrapmultiline>
                    <label>[B]$LOCALIZE[SCRIPT113]:[/B] $INFO[ListItem.Genre]</label>
                </control>
                <control type="label">
                    <posx>5</posx>
                    <posy>80</posy>
                    <width>200</width>
                    <height>18</height>
                    <font>font10</font>
                    <aligny>center</aligny>
                    <textcolor>FFFFFFFF</textcolor>
                    <align>left</align>
                    <label>[B]$LOCALIZE[SCRIPT167]:[/B] $INFO[ListItem.Property(ReleaseDate)]</label>
                </control>
                <control type="label">
                    <posx>5</posx>
                    <posy>100</posy>
                    <width>200</width>
                    <height>18</height>
                    <font>font10</font>
                    <aligny>center</aligny>
                    <textcolor>FFFFFFFF</textcolor>
                    <align>left</align>
                    <label>[B]$LOCALIZE[SCRIPT163]:[/B] ($INFO[ListItem.ProgramCount])   $INFO[ListItem.Property(WatchedDate)]</label>
                </control>
                <control type="label">
                    <posx>5</posx>
                    <posy>120</posy>
                    <width>200</width>
                    <height>18</height>
                    <font>font10</font>
                    <aligny>center</aligny>
                    <textcolor>FFFFFFFF</textcolor>
                    <align>left</align>
                    <label>[B]$LOCALIZE[SCRIPT168]:[/B] $INFO[ListItem.Property(DateAdded)]</label>
                </control>
            </control>
            <!-- ** Required ** Do not change id or type-->
			<control type="list" id="70">
                <description>Cast List</description>
				<posx>495</posx>
				<posy>385</posy>
				<width>200</width>
				<height>145</height>
				<onleft>2075</onleft>
				<onright>60</onright>
				<onup>70</onup>
				<ondown>70</ondown>
				<viewtype label="535">list</viewtype>
				<pagecontrol>2070</pagecontrol>
				<scrolltime>200</scrolltime>
				<visible allowhiddenfocus="false">Control.IsVisible(3000) + Control.IsVisible(175)</visible>
				<itemlayout height="29">
					<control type="image">
						<width>200</width>
						<height>29</height>
						<posx>0</posx>
						<posy>0</posy>
						<texture>amt-list-nofocus.png</texture>
					</control>
					<control type="image">
						<posx>0</posx>
						<posy>3</posy>
						<width>22</width>
						<height>22</height>
						<info>ListItem.Thumb</info>
					</control>
					<control type="label">
						<posx>22</posx>
						<posy>3</posy>
						<width>173</width>
						<height>22</height>
						<font>font13</font>
						<aligny>center</aligny>
                        <selectedcolor>FFe2ff43</selectedcolor>
                        <textcolor>FFFFFFFF</textcolor>
						<align>left</align>
						<info>ListItem.Label</info>
					</control>
				</itemlayout>
				<focusedlayout height="29">
					<control type="image">
						<width>200</width>
						<height>29</height>
						<posx>0</posx>
						<posy>0</posy>
						<visible>!Control.HasFocus(70)</visible>
						<texture>amt-list-nofocus.png</texture>
					</control>
					<control type="image">
						<width>200</width>
						<height>29</height>
						<posx>0</posx>
						<posy>0</posy>
						<visible>Control.HasFocus(70)</visible>
						<texture>amt-list-focus2.png</texture>
					</control>
					<control type="image">
						<posx>0</posx>
						<posy>3</posy>
						<width>22</width>
						<height>22</height>
						<info>ListItem.Thumb</info>
					</control>
					<control type="label">
						<posx>22</posx>
						<posy>3</posy>
						<width>173</width>
						<height>22</height>
						<font>font13</font>
						<aligny>center</aligny>
                        <selectedcolor>FFe2ff43</selectedcolor>
                        <textcolor>FFFFFFFF</textcolor>
						<align>left</align>
						<info>ListItem.Label</info>
					</control>
				</focusedlayout>
			</control>
			<control type="scrollbar" id="2070">
				<posx>693</posx>
				<posy>401</posy>
				<width>12</width>
				<height>113</height>
				<texturesliderbackground border="4">amt-scrollbar-bg.png</texturesliderbackground>
				<texturesliderbar border="3">amt-scrollbar-bar-nofocus.png</texturesliderbar>
				<texturesliderbarfocus border="3">amt-scrollbar-bar-focus.png</texturesliderbarfocus>
				<textureslidernib>amt-scrollbar-nib-nofocus.png</textureslidernib>
				<textureslidernibfocus>amt-scrollbar-nib-focus.png</textureslidernibfocus>
				<onleft>70</onleft>
				<onright>9000</onright>
				<showonepage>true</showonepage>
				<orientation>vertical</orientation>
				<visible allowhiddenfocus="false">false</visible>
			</control>
        </control>
        <!-- ** Required ** Do not change <description> or <type> -->
        <control type="group" id="4000">
            <!-- Category list controls -->
			<!-- ** Required ** Do not change <description> or <type> -->
            <!--onleft>9000</onleft>
            <onright>3000</onright-->
			<animation effect="slide" time="300" start="600,0" end="0,0" acceleration="-1">WindowOpen</animation>
			<animation effect="slide" time="200" start="0,0" end="600,0" acceleration="1.1">WindowClose</animation>
			<control type="list" id="60">
				<posx>190</posx>
				<posy>100</posy>
				<width>485</width>
				<height>406</height>
				<onleft>9000</onleft>
				<onright>2060</onright>
				<onup>60</onup>
				<ondown>60</ondown>
				<viewtype label="535">list</viewtype>
				<pagecontrol>2060</pagecontrol>
				<scrolltime>200</scrolltime>
				<itemlayout height="29">
					<control type="image">
						<width>485</width>
						<height>29</height>
						<posx>0</posx>
						<posy>0</posy>
						<texture>amt-list-nofocus.png</texture>
					</control>
					<control type="image">
						<posx>5</posx>
						<posy>3</posy>
						<width>22</width>
						<height>22</height>
						<info>ListItem.Icon</info>
					</control>
					<control type="label">
						<posx>30</posx>
						<posy>3</posy>
						<width>430</width>
						<height>22</height>
						<font>font13</font>
						<aligny>center</aligny>
                        <selectedcolor>FFe2ff43</selectedcolor>
                        <textcolor>FFFFFFFF</textcolor>
						<align>left</align>
						<info>ListItem.Label</info>
					</control>
					<control type="label">
						<posx>475</posx>
						<posy>3</posy>
						<width>300</width>
						<height>22</height>
						<font>font13</font>
						<aligny>center</aligny>
                        <selectedcolor>FFe2ff43</selectedcolor>
						<textcolor>60ffffff</textcolor>
						<align>right</align>
						<info>ListItem.Label2</info>
					</control>
				</itemlayout>
				<focusedlayout height="29">
					<control type="image">
						<width>485</width>
						<height>29</height>
						<posx>0</posx>
						<posy>0</posy>
						<visible>!Control.HasFocus(60)</visible>
						<texture>amt-list-nofocus.png</texture>
					</control>
					<control type="image">
						<width>485</width>
						<height>29</height>
						<posx>0</posx>
						<posy>0</posy>
						<visible>Control.HasFocus(60)</visible>
						<texture>amt-list-focus2.png</texture>
					</control>
					<control type="image">
						<posx>5</posx>
						<posy>3</posy>
						<width>22</width>
						<height>22</height>
						<info>ListItem.Icon</info>
					</control>
					<control type="image">
						<posx>5</posx>
						<posy>3</posy>
						<width>22</width>
						<height>22</height>
						<info>ListItem.Icon</info>
					</control>
					<control type="label">
						<posx>30</posx>
						<posy>3</posy>
						<width>430</width>
						<height>22</height>
						<font>font13</font>
						<aligny>center</aligny>
                        <selectedcolor>FFe2ff43</selectedcolor>
                        <textcolor>FFFFFFFF</textcolor>
						<align>left</align>
						<info>ListItem.Label</info>
					</control>
					<control type="label">
						<posx>475</posx>
						<posy>3</posy>
						<width>300</width>
						<height>22</height>
						<font>font13</font>
						<aligny>center</aligny>
                        <selectedcolor>FFe2ff43</selectedcolor>
						<textcolor>60ffffff</textcolor>
						<align>right</align>
						<info>ListItem.Label2</info>
					</control>
				</focusedlayout>
			</control>
        </control>
        <control type="group">
			<animation effect="slide" time="300" start="600,0" end="0,0" acceleration="-1">WindowOpen</animation>
			<animation effect="slide" time="200" start="0,0" end="600,0" acceleration="1.1">WindowClose</animation>
            <visible>Control.IsVisible(4000)</visible>
            <control type="button">
                <description>Trailer List Scrollbar Up Arrow</description>
                <posx>680</posx>
                <posy>100</posy>
                <width>12</width>
                <height>16</height>
                <texturenofocus>amt-scrollbar-up-arrow.png</texturenofocus>
                <texturefocus>amt-scrollbar-up-arrow-focus.png</texturefocus>
                <onclick>PageUp(2060)</onclick>
            </control>
			<control type="scrollbar" id="2060">
				<posx>680</posx>
				<posy>116</posy>
				<width>12</width>
				<height>374</height>
				<texturesliderbackground border="4">amt-scrollbar-bg.png</texturesliderbackground>
				<texturesliderbar border="3">amt-scrollbar-bar-nofocus.png</texturesliderbar>
				<texturesliderbarfocus border="3">amt-scrollbar-bar-focus.png</texturesliderbarfocus>
				<textureslidernib>amt-scrollbar-nib-nofocus.png</textureslidernib>
				<textureslidernibfocus>amt-scrollbar-nib-focus.png</textureslidernibfocus>
				<onleft>60</onleft>
				<onright>9000</onright>
				<showonepage>true</showonepage>
				<orientation>vertical</orientation>
			</control>
            <control type="button">
                <description>Trailer List Scrollbar Down Arrow</description>
                <posx>680</posx>
                <posy>490</posy>
                <width>12</width>
                <height>16</height>
                <texturenofocus>amt-scrollbar-down-arrow.png</texturenofocus>
                <texturefocus>amt-scrollbar-down-arrow-focus.png</texturefocus>
                <onclick>PageDown(2060)</onclick>
            </control>
			<!-- ** Required ** Do not change <description> -->
			<control type="label" id="2160">
				<description>Category List Count Label</description>
				<width>100</width>
				<posx>655</posx>
				<posy>538</posy>
				<align>right</align>
				<label></label>
				<font>font10</font>
				<textcolor>CCFFFFFF</textcolor>
			</control>
        </control>
    </controls>
</window>