<?xml version="1.0" encoding="UTF-8" standalone="yes"?>
<addon id="plugin.audio.npr"
       name="NPR"
       version="1.1.0"
       provider-name="Fisslefink">
  <requires>
    <import addon="xbmc.python" version="1.0"/>
  </requires>
  <extension point="xbmc.python.pluginsource"
            library="default.py">
        <provides>audio</provides>
  </extension>
  <extension point="xbmc.addon.metadata">
    <platform>all</platform>
    <summary lang="en">NPR (National Public Radio)</summary>
    <description lang="en">24 Hour NPR streams from Washington, DC</description>
  </extension>
</addon>
