<?xml version="1.0" encoding="UTF-8" standalone="yes"?>
<addon id="script.rss.editor"
       name="RSS Editor"
       version="2.0.2"
       provider-name="rwparris2">
  <requires>
    <import addon="xbmc.python" version="2.0"/>
  </requires>
  <extension point="xbmc.python.script"
             library="default.py" />
  <extension point="xbmc.addon.metadata">
    <platform>all</platform>
    <summary lang="en">A Script for editing XBMC's built in RSS Ticker</summary>
    <summary lang="hu">RSS forrás szerkesztő</summary> 
    <summary lang="de">Skript zum Bearbeiten des XBMC internen RSS Tickers</summary>
    <description lang="en">A Script for editing XBMC's built in RSS Ticker</description>
    <description lang="hu">A szkript képes szerkeszteni az XBMC beépített RSS forrás készletét</description>
    <description lang="de">Skript zum Bearbeiten des XBMC internen RSS Tickers</description>
  </extension>
</addon>
