[
    {
        "i":"sample-station",
        "c":123,
        "n":"Sample Station",
        "l":"http:\/\/example.com\/logo.png",
        "p":[
            {
                "s":1335614400,
                "e":1335615000,
                "t":"Sample Program",
                "d":"This is a sample program, 10 mins",
                "i":"http:\/\/example.com\/small_program_image.jpg",
                "l":"http:\/\/example.com\/big_program_image.jpg"
            },
            {
                "s":1335615000,
                "e":1335616800,
                "t":"Sample Program",
                "d":"This is a sample program 30 mins"
            },
            {
                "s":1335616800,
                "e":1335620400,
                "t":"Sample Program",
                "d":"This is a sample program 1 hour"
            }
        ]
    },
    {
        "i":"sample-station-2",
        "c":321,
        "n":"Sample Station #2",
        "l":"http:\/\/example.com\/logo2.png",
        "p":[
            {
                "s":1335614400,
                "e":1335615000,
                "t":"Sample Program",
                "d":"This is a sample program, 10 mins"
            },
            {
                "s":1335615000,
                "e":1335616800,
                "t":"Sample Program",
                "d":"This is a sample program 30 mins"
            },
            {
                "s":1335616800,
                "e":1335620400,
                "t":"Sample Program",
                "d":"This is a sample program 1 hour"
            }
        ]
    }
]