<?xml version="1.0" encoding="UTF-8" standalone="yes"?>
<addon 
    id="script.mythbox" 
    name="MythBox" 
    version="1.0.4" 
    provider-name="analogue@yahoo.com">
    <requires>
        <import addon="xbmc.python" version="1.0" />
        <import addon="script.module.beautifulsoup"/>
        <import addon="script.module.elementtree"/>
        <import addon="script.module.simplejson"/>
    </requires>
    <extension point="xbmc.python.script" library="default.py">
        <provides>video</provides>
    </extension>
    <extension point="xbmc.addon.metadata">
        <platform>all</platform>
        <summary lang="en">MythBox for XBMC</summary>
        <summary lang="fr">MythBox pour XBMC</summary>
        <description lang="en">[B]MythBox is a MythTV frontend for XBMC[/B]

        - Watch recordings with commercial skipping
        - Watch live tv
        - Create and edit recording schedules
        - Fan art from tvdb, tvrage, tmdb, imdb, and google image search
        - Enhanced program guide
        - Show upcoming recordings
        - Tuner and job status
        - Supports MythTV 0.23 and 0.24 (no live tv with 0.24)
        </description>
        <description lang="fr">[B]MythBox est un frontal MythTV pour XBMC[/B]

        - Regarder les enregistrements avec saut de la publicité
        - Regarder la tv en direct
        - Créer et éditer des planifications d'enregistrements
        - Fanart à partir de tvdb, tvrage, tmdb, imdb, et de la recherche d'image google
        - Guide de programme amélioré
        - Afficher les enregistrements à venir
        - Statut du syntoniseur et des travaux
        - Support de MythTV 0.23 et 0.24 (pas de tv en direct en 0.24)
        </description>
    </extension>
</addon>
