<?xml version="1.0" encoding="UTF-8" standalone="yes"?>
<addon id="plugin.video.microsoft.channel9" name="Microsoft Channel 9" version="1.0.0" provider-name="Dan Dar3 &lt;dan.dar33@gmail.com&gt;">
	<requires>
		<import addon="xbmc.python" version="1.0" />
		<import addon="script.module.beautifulsoup" version="3.0.8" />
	</requires>
	
	<extension point="xbmc.python.pluginsource" library="addon.py">
		<provides>video</provides>
	</extension>
	
	<extension point="xbmc.addon.metadata">
		<platform>all</platform>
		<summary>Watch videos from Microsoft Channel 9</summary>
		<description>Watch videos from Microsoft Channel 9
http://channel9.msdn.com/</description>
	</extension>
</addon>