<?xml version='1.0' encoding='UTF-8' standalone='yes'?>
<addon id='plugin.video.twitch' version='0.1.8' name='TwitchTV' provider-name='StateOfTheArt'>
  <requires>
    <import addon='xbmc.python' version='2.0'/>
    <import addon='script.module.simplejson' version='2.0.10'/>
  </requires>
  <extension point='xbmc.python.pluginsource' library='default.py'>
        <provides>video</provides>
  </extension>
  <extension point='xbmc.addon.metadata'>
    <platform>all</platform>
    <language>en</language>
    <summary lang='de'>TwitchTV video plugin</summary>
    <description lang='de'>Schaue die besten Gaming-Streams auf XBMC!</description>
    <summary lang='en'>TwitchTV video plugin</summary>
    <description lang='en'>Watch your favorite gaming streams on XBMC!</description>
  </extension>
</addon>
