<window>
	<defaultcontrol>1001</defaultcontrol>
	<animation effect="fade" time="300">WindowOpen</animation>
	<animation effect="fade" time="300">WindowClose</animation>
	<coordinates>
		<system>1</system>
		<posx>0</posx>
		<posy>0</posy>
	</coordinates>
	<controls>
		<control type="image" id="997">
			<posx>0</posx>
			<posy>-30</posy>
			<width>360</width>
			<height>30</height>
			<texture border="20,19,20,0">DialogContextTop.png</texture>
		</control>
		<control type="image" id="998">
			<posx>8</posx>
			<posy>0</posy>
			<width>360</width>
			<texture border="30,0,30,0">DialogContextMiddle.png</texture>
		</control>
		<control type="image" id="999">
			<posx>0</posx>
			<width>360</width>
			<height>25</height>
			<texture border="20,0,19,20">DialogContextBottom.png</texture>
		</control>
		<control type="button" id="1001">
			<posx>20</posx>
			<posy>0</posy>
			<width>320</width>
			<height>38</height>
			<font>font-20</font>
			<align>center</align>
			<textcolor>88FFFFFF</textcolor>
			<focusedcolor>FFFFFFFF</focusedcolor>
			<texturefocus border="5">button-focus.png</texturefocus>
			<texturenofocus border="5">button-nofocus.png</texturenofocus>
			<onleft>1001</onleft>
			<onright>1001</onright>
			<onup>1003</onup>
			<ondown>1002</ondown>
		</control>
		<control type="button" id="1002">
			<posx>20</posx>
			<posy>0</posy>
			<width>320</width>
			<height>38</height>
			<font>font-20</font>
			<align>center</align>
			<textcolor>88FFFFFF</textcolor>
			<focusedcolor>FFFFFFFF</focusedcolor>
			<texturefocus border="5">button-focus.png</texturefocus>
			<texturenofocus border="5">button-nofocus.png</texturenofocus>
			<onleft>1002</onleft>
			<onright>1002</onright>
			<onup>1001</onup>
			<ondown>1003</ondown>
		</control>
		<control type="button" id="1003">
			<posx>20</posx>
			<posy>0</posy>
			<width>320</width>
			<height>38</height>
			<font>font-20</font>
			<align>center</align>
			<textcolor>88FFFFFF</textcolor>
			<focusedcolor>FFFFFFFF</focusedcolor>
			<texturefocus border="5">button-focus.png</texturefocus>
			<texturenofocus border="5">button-nofocus.png</texturenofocus>
			<onleft>1003</onleft>
			<onright>1003</onright>
			<onup>1002</onup>
			<ondown>1001</ondown>
		</control>
	</controls>
</window>
