<?xml version="1.0" encoding="UTF-8" standalone="yes"?>
<addon id="plugin.audio.shoutcast"
       name="Shoutcast"
       version="1.1.1"
       provider-name="Team XBMC">
  <requires>
    <import addon="xbmc.python" version="1.0"/>
  </requires>
  <extension point="xbmc.python.pluginsource"
            library="default.py">
        <provides>audio</provides>
  </extension>
  <extension point="xbmc.addon.metadata">
    <platform>all</platform>
    <broken>Broken due to API change</broken>
    <summary lang="en">Shoutcast</summary>
    <summary lang="hu">Shoutcast rádiók</summary>
    <summary lang="pt">Rádio Shoutcast</summary>
    <description lang="en">SHOUTcast Radio offers thousands of free Internet radio
stations from DJs and broadcasters around the world</description>
    <description lang="hu">A SHOUTcast több ezer ingyenes internetes rádiót kínál DJ-k és rádióállomások jóvoltából.</description>
    <description lang="pt">A rádio SHOUTcast oferece milhares de rádios livres existentes na Internet, mantidas por DJs de todo o mundo.</description>
  </extension>
</addon>
