<?xml version="1.0" encoding="UTF-8" standalone="yes"?>
<addon id="plugin.video.stagevu"
       name="StageVU"
       version="1.3.6"
       provider-name="AJ">
  <requires>
    <import addon="xbmc.python" version="1.0"/>
  </requires>
  <extension point="xbmc.python.pluginsource"
            library="default.py">
        <provides>video</provides>
  </extension>
  <extension point="xbmc.addon.metadata">
    <summary>stagevu: Watch video</summary>
    <description>Watch what you have been searching on internet.</description>
    <disclaimer>The video add-ons hosted by my XBMC add-ons repository(aj add-ons) makes no warranties, expressed or implied, and hereby disclaims and negates all other warranties, including without limitation, implied warranties or conditions of merchantability, fitness for a particular purpose, or non-infringement of intellectual property or other violation of rights. Further, video add-ons don't warrant or make any representations concerning the accuracy, likely results, or reliability of the use of the materials on the Internet web site where from data is retrieved or otherwise relating to such materials or on any sites linked to this addon. Videos are streamed directly from video-hosting websites that are having full rights to remove such access to video if required.</disclaimer>
	<platform>all</platform>
  </extension>
</addon>
