<colors>

	<color name="Clear">00FFFFFF</color> <!-- dont change -->
	<color name="Black">FF000000</color>
	<color name="White">FFFFFFFF</color>
	<color name="Red">FFFF0000</color>
	<color name="Blue">FF0000FF</color>

	<!-- Metropolis Mosaic Purple Colors -->
	<!-- Global Colors -->
	<color name="BackgroundColor">eeec89ed</color>
	<color name="FanartDiffuse">32FFFFFF</color>
	<color name="Home2FanartDiffuse">77FFFFFF</color>
	<color name="FrameBackgroundDiffuse">dd000000</color>
	<color name="Time">ddc89008</color>
	<color name="TimeAMPM">aaec89ed</color>
	<color name="Date">ddec89ed</color>
	<color name="Temp">ccFFFFFF</color>
	<color name="GlobalHeading">eeec89ed</color>
	<color name="GlobalHeadingDetails">FFFFFFFF</color>
	<color name="HelpText">ccec89ed</color>
	<color name="HelpArrowDiffuse">ccec89ed</color>
	<color name="TextNF">eeFFFFFF</color>
	<color name="TextFO">FFc89008</color>
	<color name="TextDisabled">FFff5858</color>
	<color name="LowerText">eeFFFFFF</color>
	<color name="ButtonText">ddFFFFFF</color>
	<color name="ButtonDiffuse">60FFFFFF</color>
		
	<!-- Home Screen -->
	<color name="HomeMenuText">eec89008</color>
	<color name="HomeMenuTextFocused">eeFFFFFF</color>				<!-- eef8cd22 -->
	<color name="SubmenuText">eec89008</color>
	<color name="SubmenuTextFocused">eeFFFFFF</color>
	<color name="RSSText">FFec89ed</color>
	<color name="RSSHeadline">ddFFFFFF</color>
	<color name="RSSTitle">ddc89008</color>
	<color name="RecentlyAddedNF">ddc89008</color>
	<color name="RecentlyAddedFO">ddFFFFFF</color>
	<color name="HomeStatsCategory">eef8cd22</color>
	<color name="HomeStatsNumber">ddFFFFFF</color>
	<color name="XBMCLogoDiffuse">ddFFFFFF</color>
	<color name="Home2SkinName">ddec89ed</color>
	
	<!-- Media Flags -->
	<color name="MediaFlagDiffuse">ddFFFFFF</color>
	<color name="MediaFlagBoxDiffuse">aaec89ed</color>				<!-- 70ec89ed -->
	<color name="RatingStarDiffuse">eec89008</color>
	<color name="IMDbDiffuse">eed0b331</color>

	<!-- Viewtypes -->
	<color name="TitleText">FFFFFFFF</color>
	<color name="MediaDetailsInfo">eef8cd22</color>
	<color name="MediaDetailsGenre">ddec89ed</color>
	<color name="MediaDetailsYear">eef8cd22</color>
	<color name="MediaDetailsDuration">eef8cd22</color>
	<color name="MediaDetailsEpisodes">eef8cd22</color>
	<color name="WatchedOverlay">FFc89008</color>
	<color name="BulletDiffuse">ddFFFFFF</color>
	<color name="ArrowDiffuse">ddc89008</color>
	<color name="BannerFrameNF">ee3c95c8</color>
	<color name="GlassDiffuse">69FFFFFF</color>
	<color name="FocusBar">60ec89ed</color>
	<color name="FocusBarText">FFFFFFFF</color>

	<!-- Low List View -->
	<color name="LowListTitle">ddd4c2c2</color>
	<color name="LowListDivider">70FFFFFF</color>
	
	<!-- Landscape View -->
	<color name="LandscapeDiffuse">89FFFFFF</color>

	<!-- Coverflow View -->
	<color name="PosterDiffuse">89FFFFFF</color>
	
	<!-- Files View -->
	<color name="FilesDividerDiffuse">20FFFFFF</color>
	<color name="FilesStarDiffuse">ff3c95c8</color>
	
	<!-- Settings -->
	<color name="SettingsHeading">eeec89ed</color>
	<color name="SettingsDetail">ddFFFFFF</color>
	<color name="SettingsLine">88727272</color>
	<color name="SettingsTitle">eef8cd22</color>
	
	<!-- Info -->
	<color name="InfoLines">40ec89ed</color>
	<color name="MPAADescription">eef8cd22</color>
	
	<!-- OSD -->
	<color name="OSDBackgroundColor">ddec89ed</color>
	<color name="OSDProgressBar">ddf8cd22</color>
	<color name="OSDFinishTime">ddFFFFFF</color>
	<color name="OSDPlayerStatusText">ddc89008</color>
	<color name="OSDBookmarkNF">32FFFFFF</color>
	<color name="OSDBookmarkFO">80ec89ed</color>
	
	<!-- Dialogs -->
	<color name="DialogBackgroundColor">FFc0c0c0</color>
	<color name="DialogDropdownColor">eeec89ed</color>
	<color name="DialogProgressBar">ddf8cd22</color>
	<color name="DialogTextFO">eef8cd22</color>

	<!-- Weather -->
	<color name="WeatherBGDiffuse">29ec89ed</color>
	<color name="WeatherDay">eef8cd22</color>
	<color name="WeatherHighTemp">eef8cd22</color>
	<color name="WeatherLowTemp">eeec89ed</color>
	<color name="WeatherHeading">eef8cd22</color>
	<color name="WeatherDetails">eeFFFFFF</color>
	
	<!-- Now Playing -->
	<color name="NowPlayingTitle">ddc89008</color>				<!-- Now Playing in large frame on Default home screen -->
	<color name="NowPlayingDetails">FFFFFFFF</color>			<!-- Now Playing in large frame on Default home screen -->
	<color name="NowPlayingTitle2">eef8cd22</color>				<!-- Now Playing text on dropdown -->
	<color name="NowPlayingDetails2">eeFFFFFF</color>			<!-- Now Playing text on dropdown -->

	
	
	
	
	<!-- Alaska Revisited Colors -->

	<!-- Background/Dialog colours -->
	<color name="PicturesDiffuse">52FFFFFF</color>				<!-- Fullscreen Picture background colour and transparency-->
	<color name="DialogBackgroundColour">FFFFFFFF</color>		<!-- dialogback.png colour and transparency -->
	<color name="GlobalColour">FFFFFFFF</color>					<!-- background.png colour - dont change transparency -->
	<color name="GlobalContextColour">32FFFFFF</color>			<!-- Context Menu colour and transparency -->

	<!-- Global colours -->
	<color name="GlobalDialog">FF686868</color>
	<color name="GlobalDialogDetails">FF686868</color>
	<color name="NowPlayingWindowFocus">FF0000ff</color>
	

</colors>