<?xml version="1.0" encoding="UTF-8" standalone="yes"?>
<addon id="plugin.video.hollywoodreporter" name="TheHollywoodReporter" version="0.0.4" provider-name="Tristan Fischer (sphere@dersphere.de)">
  <requires>
    <import addon="xbmc.python" version="2.0"/>
    <import addon="script.module.beautifulsoup" version="3.0.8"/>
    <import addon="script.module.xbmcswift" version="0.2.0"/>
    <import addon="script.module.pyamf" version="0.6.1"/>
    <import addon="plugin.video.youtube" version="3.1.0" />
  </requires>
  <extension point="xbmc.python.pluginsource" library="addon.py">
    <provides>video</provides>
  </extension>
  <extension point="xbmc.addon.metadata">
    <language>en</language>
    <platform>all</platform>
    <summary lang="en">Videos from www.hollywoodreporter.com</summary>
    <description lang="en">The premier destination and most-widely trusted resource for entertainment news, reviews, videos and analysis.</description>
  </extension>
</addon>