<?xml version="1.0" encoding="UTF-8"?>
<addon
  id="script.statistics.gsoc2012.scraper"
  version="0.0.4"
  name="Statistics gathering for scraping GSoC 2012"
  provider-name="topfs2, Team XBMC">
  <requires>
    <import addon="xbmc.python" version="2.0"/>
  </requires>
  <extension 
    point="xbmc.python.script" library="default.py"/>

  <extension point="xbmc.addon.metadata">
    <language></language>
    <summary>Statistics gathering for scraping GSoC 2012. All data gather will be anonymous and contain no information about who its gathered from. The script will gather information about the files existing in your sources (without any passwords or usernames) and will couple that with what is scanned into the database (again no usernames or passwords). This will be posted to team xbmc for further analysis.</summary>
    <platform>all</platform>
  </extension>
</addon>
