<?xml version="1.0" encoding="UTF-8" standalone="yes"?>
<addon id="plugin.video.nasa" name="Nasa Videos, TV and Vodcasts" version="1.0.3" provider-name="Tristan Fischer (sphere@dersphere.de)">
  <requires>
    <import addon="xbmc.python" version="2.0"/>
    <import addon="script.module.xbmcswift2" version="1.3.0"/>
    <import addon="script.module.simplejson" version="2.0.10"/>
    <import addon="script.module.beautifulsoup" version="3.0.8"/>
  </requires>
  <extension point="xbmc.python.pluginsource" library="addon.py">
    <provides>video</provides>
  </extension>
  <extension point="xbmc.addon.metadata">
    <language>en</language>
    <platform>all</platform>
    <!-- translation commit: 13cd927c1cd3833e3cb148ad490c03ac18043a37 -->
    <summary lang="be">Video plugin to access content from nasa.gov</summary>
    <summary lang="bg">Видео добавка за достъп до съдържанието на nasa.gov</summary>
    <summary lang="ca">Afegitó de video per accedir al contingut de nasa.gov</summary>
    <summary lang="de">Video Plug-In für Inhalte von nasa.gov</summary>
    <summary lang="el">Plugin βίντεο για πρόσβαση σε περιεχόμενο από το nasa.gov</summary>
    <summary lang="en">Video plugin to access content from nasa.gov</summary>
    <summary lang="es">Complemento de video para acceder a contenido de nasa.gov</summary>
    <summary lang="hu">Videó plugin a nasa.gov tartalmának eléréséhez</summary>
    <summary lang="it">Plugin video per accedere ai contenuti di nasa.gov</summary>
    <summary lang="ko">nasa.gov의 컨텐츠를 이용하기 위한 비디오 플러그인</summary>
    <summary lang="lt">Vaizdo iskiepis/papildinys prieigai prie turinio iš nasa.gov</summary>
    <summary lang="pl">Wtyczka wideo umożliwiająca uzyskanie dostępu do zawartości strony nasa.gov</summary>
    <summary lang="pt">Extensão de vídeo para aceder aos conteúdos de nasa.gov</summary>
    <summary lang="pt_BR">Plugin de Vídeo para acessar conteúdo da nasa.gov</summary>
    <summary lang="ru">Видео-плагин для доступа к содержимому nasa.gov</summary>
    <summary lang="sv">Videotillägg för åtkomst till material från nasa.gov</summary>
    <summary lang="zh">访问来自nasa.gov内容的视频插件</summary>
    <description lang="be">This video plugin provides access to more than 1800 videos, 8 vodcasts and 4 nasa-tv livestreams[CR]All content is dynamic and should be always up to date.</description>
    <description lang="ca">Aquest afegitó de video permet accedir a més de 1800 videos, 8 vodcasts i 4 fluxes de tv de la nasa[CR]Tot el contingut és dinàmic i sempre hauria d'estar actualitzat.</description>
    <description lang="de">Dieses Video Plug-In bietet Zugang zu über 1800 Videos, 8 Vodcasts und 4 nasa-TV Livestreams[CR]Der gesamte Inhalt ist dynamisch und sollte immer aktuell sein.</description>
    <description lang="el">Αυτό το plugin βίντεο παρέχει πρόσβαση σε περισσότερα από 1800 βίντεο, 8 vodcast και 4 Live ροές.[CR]Όλο το περιεχόμενο είναι δυναμικό και είναι διαρκώς ενημερωμένο.</description>
    <description lang="en">This video plugin provides access to more than 1800 videos, 8 vodcasts and 4 nasa-tv livestreams[CR]All content is dynamic and should be always up to date.</description>
    <description lang="es">Este complemento de video permite acceder a más de 1800 vídeos, 8 vodcasts y 4 canales en directo de la NASA[CR]Todo el contenido es dinámico y debería estar siempre actualizado.</description>
    <description lang="hu">Ez a plugin hozzáférést enged több mint 1800 videóhoz, 8 vodcast-hoz és 4 nasa-tv műsorfolzamhoz.[CR]A teljes tartalom dinamikus és naprakész.</description>
    <description lang="it">Questo plugin video permette l'accesso a più di 1800 video, 8 vodcasts e 4 flussi dal vivo di nasa tv[CR]. Tutto il contenuto è dinamico e dovrebbe essere aggiornato sempre.</description>
    <description lang="ko">1800개 이상의 동영상, 8개의 VOD 캐스트, 4개의 nasa-tv 생방송을 이용할 수 있습니다.[CR]All content is dynamic and should be always up to date.</description>
    <description lang="lt">Šis vaizdo iskiepis/papildinys suteikia prieigą prie daugiau nei 1800 video, 8 vaizdo failų ir 4 NASA TV (Live srautas(-ai))[CR]Visas turinys yra dinamiškas ir visada yra atnaujinamas.</description>
    <description lang="pl">Wtyczka wideo zapewnia dostęp do ponad 1800 filmów, 8  vodcastsów oraz 4 kanałów Nasa-TV[CR]Cała zawartość jest dynamiczna i powinna być zawsze aktualna.</description>
    <description lang="pt">Esta extensão de vídeo permite-lhe aceder a mais de 1800 vídeos, 8 vodcasts e 4 transmissões em directo da nasa-tv[CR]Todo este conteúdo é dinâmico e estará sempre actualizado.</description>
    <description lang="pt_BR">Este plugin de vídeo provê acesso para mais de 1800 vídeos, 8 vodcasts e 4 transmissões ao vivo da TV Nasa[CR]Todos os conteúdos são dinâmicos e e deve estar sempre atualizado.</description>
    <description lang="ru">Видео-плагин предоставляет доступ к более чем 1800 видео, 8 подкастам и 4 НАСА-ТВ онлайн-потокам[CR]Все содержимое актуально и динамически обновляется.</description>
    <description lang="sv">Detta tillägg ger access till mer än 1800 videor, 8 vodcasts och 4 direktsända nasa-tv-kanaler[CR]Allt innehåll är dynamiskt och borde alltid vara uppdaterat.</description>
    <description lang="zh">此视频插件提供访问1800多个视频, 8个播客以及4个美国国家航空和航天管理局电视直播流[CR]全部内容都动态的并保持最新。</description>
  </extension>
</addon>
