<?xml version="1.0" encoding="UTF-8" standalone="yes"?>
<addon id="metadata.common.impa.com"
       name="IMPA common scraper functions"
       version="1.1.0"
       provider-name="Team XBMC">
  <requires>
    <import addon="xbmc.metadata" version="1.0"/>
  </requires>
  <extension point="xbmc.metadata.scraper.library"
             library="impa.xml"/>
  <extension point="xbmc.addon.metadata">
    <platform>all</platform>
    <minversion>20000</minversion>
    <summary lang="en">IMPA Scraper Library</summary>
    <summary lang="hu">IMPA leolvasó-könyvtár</summary>
    <summary lang="kr">IMPA 스크래퍼 라이브러리</summary>
    <summary lang="pl">Scraper IMPA</summary>
    <summary lang="pt">Scraper de filmes IMPA</summary>
    <summary lang="se">IMPA Skrapbibliotek</summary>
    <description lang="en">Download Movie information from IMPA</description>
    <description lang="hu">Film információk letöltése a IMPA webhelyről</description>
    <description lang="kr">IMPA 에서 등급 정보 다운로드</description>
    <description lang="pl">Pobieraj informacje o filmach z www.impawards.com</description>
    <description lang="pt">Descarregar informação de filmes de www.impawards.com</description>
    <description lang="se">Ladda ner filminformation från impa.</description>
  </extension>
</addon>
