<?xml version="1.0" encoding="UTF-8" standalone="yes"?>
<addon id="plugin.video.trailer.addict"
       name="Trailer Addict"
       version="1.0.4"
       provider-name="stacked">
  <requires>
    <import addon="xbmc.python" version="1.0"/>
  </requires>
  <extension point="xbmc.python.pluginsource"
            library="default.py">
        <provides>video</provides>
  </extension>
  <extension point="xbmc.addon.metadata">
    <summary>Trailer Addict: Your Daily Dose of Hi-Res Movie Trailers</summary>
    <description>Watch movie trailers for upcoming, new and classic films.</description>
    <platform>all</platform>
  </extension>
</addon>
