<?xml version="1.0" encoding="UTF-8" standalone="yes"?>
<addon id="plugin.audio.hvsc"
       name="High Voltage Sid Collection"
       version="0.7"
       provider-name="Insayne, HannaK, cptspiff">
  <requires>
    <import addon="xbmc.python" version="1.0"/>
	<import addon="script.module.pysqlite" version="2.5.6"/>
  </requires>
  <extension point="xbmc.python.pluginsource"
            library="default.py">
        <provides>audio</provides>
  </extension>
  <extension point="xbmc.addon.metadata">
    <platform>all</platform>
    <summary>Frontend for your HVSC Collection!</summary>
    <description>The High Voltage SID Collection (HVSC) is a freeware hobby project which organises Commodore 64 music (also known as SID music) into an archive for both musicians and fans alike. The work on the collection is done completely in the Team and contributors' spare time and is proudly one of the largest and most accurate computer music collections known. </description>
  </extension>
</addon>
