<?xml version="1.0" encoding="UTF-8" standalone="yes"?>
<addon id="plugin.video.gametrailers.exclusives"
       name="GameTrailers.com: Exclusive Shows"
       version="1.0.6"
       provider-name="AssChin79">
    <requires>
        <import addon="xbmc.python" version="1.0"/>
    </requires>
    <extension point="xbmc.python.pluginsource" library="default.py">
        <provides>video</provides>
    </extension>
    <extension point="xbmc.addon.metadata">
        <platform>all</platform>
        <license>GPL 2.0</license>
        <summary lang="en">GTTV HD Video Game Programming</summary>
        <description lang="en">High-definition GTTV video game programming. (* Some content requires login.)</description>
    </extension>
</addon>