<window id="614">
	<defaultcontrol></defaultcontrol>
	<animation effect="slide" start="0,-75" end="0,0" time="100">WindowOpen</animation>
	<animation effect="slide" start="0,0" end="0,-75" delay="400" time="100">WindowClose</animation>
	<controls>
		<control type="group">
			<posx>390</posx>
			<posy>0</posy>
			<control type="image">
				<description>background image</description>
				<posx>0</posx>
				<posy>-10</posy>
				<width>500</width>
				<height>75</height>
				<texture>dialogs/DialogBG_Dropdown2.png</texture>
				<colordiffuse>DialogDropdownColor</colordiffuse>
			</control>		
			<control type="label" id="30">
				<description>Header Label</description>
				<posx>30</posx>
				<posy>15</posy>
				<width>460</width>
				<font>METF_DialogSmallBold</font>
				<textcolor>NowPlayingDetails2</textcolor>
				<align>left</align>
				<aligny>center</aligny>
			</control>
			<control type="label" id="31">
				<description>Title Label</description>
				<posx>30</posx>
				<posy>23</posy>
				<width>160</width>
				<height>25</height>
				<font>METF_DialogSmallBold</font>
				<align>left</align>
				<aligny>center</aligny>
			</control>
			<control type="progress" id="32">
				<description>progress control</description>
				<posx>205</posx>
				<posy>33</posy>
				<width>255</width>
				<height>8</height>
			</control>
		</control>
	</controls>
</window>