﻿<window type="dialog" id="2001">
	<defaultcontrol>7001</defaultcontrol>
	<controls>
		<control type="group">
			<posx>360</posx>
			<posy>0</posy>
			<include>Animation_FadedByMenu</include>
			<include>Animation_CommonFade</include>
			<include>Animation_OpenCloseFade</include>
			<control type="group">
				<visible>!Container.Content(artists)</visible>
				<!-- Album Title -->
				<control type="fadelabel">
					<posx>-325</posx>
					<posy>20</posy>
					<width>970</width>
					<height>30</height>
					<font>METF_TitleTextLarge</font>
					<textcolor>TitleText</textcolor>
					<info>ListItem.Album</info>
				</control>
				<!-- Album Rating -->
				<control type="image">
					<posx>-8</posx>
					<posy>495</posy>
					<width>515</width>
					<height>30</height>
					<aligny>center</aligny>
					<texture>$INFO[ListItem.StarRating]</texture>
					<aspectratio align="center" aligny="center">keep</aspectratio>
					<colordiffuse>MediaFlagDiffuse</colordiffuse>
				</control>
				<!-- Album Year -->
				<control type="label">
					<posx>-325</posx>
					<posy>55</posy>
					<width>50</width>
					<height>36</height>
					<align>left</align>
					<aligny>center</aligny>
					<font>METF_InfoText</font>
					<textcolor>MediaDetailsInfo</textcolor>
					<label>$LOCALIZE[562]:</label>
				</control>
				<control type="label">
					<posx>-270</posx>
					<posy>55</posy>
					<width>100</width>
					<height>36</height>
					<align>left</align>
					<aligny>center</aligny>
					<font>METF_PlotText</font>
					<textcolor>TextNF</textcolor>
					<info>ListItem.Year</info>
				</control>
				<!-- Album Genre -->
				<control type="label">
					<posx>-8</posx>
					<posy>100</posy>
					<width>515</width>
					<height>30</height>
					<align>left</align>
					<font>METF_InfoText</font>
					<textcolor>MediaDetailsGenre</textcolor>
					<info>ListItem.Genre</info>
				</control>
				<!-- Album Artist -->
				<control type="label">
					<posx>-325</posx>
					<posy>405</posy>
					<width>275</width>
					<font>METF_InfoText</font>
					<textcolor>MediaDetailsInfo</textcolor>
					<align>center</align>
					<label>$LOCALIZE[557]</label>
				</control>
				<control type="textbox">
					<posx>-325</posx>
					<posy>425</posy>
					<width>275</width>
					<height>50</height>
					<align>center</align>
					<font>METF_InfoText</font>
					<textcolor>TextNF</textcolor>
					<label fallback="161">$INFO[ListItem.Artist]</label>
				</control>
				<!-- Album Studio -->
				<control type="label">
					<posx>-325</posx>
					<posy>475</posy>
					<width>275</width>
					<font>METF_InfoText</font>
					<textcolor>MediaDetailsInfo</textcolor>
					<align>center</align>
					<label>$LOCALIZE[21899]</label>
				</control>
				<control type="textbox">
					<posx>-325</posx>
					<posy>495</posy>
					<width>275</width>
					<height>50</height>
					<align>center</align>
					<font>METF_InfoText</font>
					<textcolor>TextNF</textcolor>
					<label fallback="161">$INFO[ListItem.Property(Album_Label)]</label>
				</control>
				<!-- Album Styles -->
				<control type="label">
					<posx>550</posx>
					<posy>301</posy>
					<width>340</width>
					<font>METF_InfoText</font>
					<textcolor>MediaDetailsInfo</textcolor>
					<align>center</align>
					<aligny>center</aligny>
					<label>$LOCALIZE[176]</label>
				</control>
				<control type="textbox">
					<posx>550</posx>
					<posy>315</posy>
					<height>70</height>
					<width>340</width>
					<align>center</align>
					<font>METF_PlotText</font>
					<textcolor>TextNF</textcolor>
					<label fallback="161">$INFO[ListItem.Property(Album_Style)]</label>
					<autoscroll time="4000" delay="12000" repeat="8000">Skin.HasSetting(AutoScroll)</autoscroll>
				</control>
				<!-- Album Moods -->
				<control type="label">
					<posx>550</posx>
					<posy>401</posy>
					<width>340</width>
					<font>METF_InfoText</font>
					<textcolor>MediaDetailsInfo</textcolor>
					<align>center</align>
					<aligny>center</aligny>
					<label>$LOCALIZE[175]</label>
				</control>
				<control type="textbox">
					<posx>550</posx>
					<posy>415</posy>
					<height>95</height>
					<width>340</width>
					<align>center</align>
					<font>METF_PlotText</font>
					<textcolor>TextNF</textcolor>
					<label fallback="161">$INFO[ListItem.Property(Album_Mood)]</label>
					<autoscroll time="4000" delay="12000" repeat="8000">Skin.HasSetting(AutoScroll)</autoscroll>
				</control>
				<!-- Album Description -->
				<control type="textbox">
					<posx>-8</posx>
					<posy>138</posy>
					<width>515</width>
					<height>339</height>
					<font>METF_PlotText</font>
					<textcolor>TextNF</textcolor>
					<align>justify</align>
					<label fallback="161">$INFO[ListItem.Property(Album_Description)]</label>
					<autoscroll time="4000" delay="12000" repeat="8000">Skin.HasSetting(AutoScroll)</autoscroll>
					<visible>!Control.IsVisible(50)</visible>
				</control>
			</control>
			<control type="group">
				<visible>Container.Content(artists)</visible>
				<!-- Artist Title -->
				<control type="fadelabel">
					<posx>-325</posx>
					<posy>20</posy>
					<width>970</width>
					<height>30</height>
					<font>METF_TitleTextLarge</font>
					<textcolor>TitleText</textcolor>
					<info>ListItem.Artist</info>
				</control>
				<!-- Artist Years Active -->
				<control type="label">
					<posx>-325</posx>
					<posy>55</posy>
					<width>112</width>
					<height>36</height>
					<align>left</align>
					<aligny>center</aligny>
					<font>METF_InfoText</font>
					<textcolor>MediaDetailsInfo</textcolor>
					<label>$LOCALIZE[21898]:</label>
				</control>
				<control type="label">
					<posx>-203</posx>
					<posy>55</posy>
					<width>600</width>
					<height>36</height>
					<align>left</align>
					<aligny>center</aligny>
					<font>METF_PlotText</font>
					<textcolor>TextNF</textcolor>
					<label  fallback="161">$INFO[ListItem.Property(Artist_YearsActive)]</label>
				</control>
				<!-- Artist Genre -->
				<control type="label">
					<posx>-8</posx>
					<posy>100</posy>
					<width>515</width>
					<height>30</height>
					<align>left</align>
					<font>METF_InfoText</font>
					<textcolor>MediaDetailsGenre</textcolor>
					<info>ListItem.Property(Artist_Genre)</info>
				</control>
				<!-- Artist Formed -->
				<control type="label">
					<posx>-325</posx>
					<posy>405</posy>
					<width>275</width>
					<font>METF_InfoText</font>
					<textcolor>MediaDetailsInfo</textcolor>
					<align>center</align>
					<label>$LOCALIZE[21894]</label>
				</control>
				<control type="textbox">
					<posx>-325</posx>
					<posy>425</posy>
					<width>275</width>
					<height>50</height>
					<align>center</align>
					<font>METF_InfoText</font>
					<textcolor>TextNF</textcolor>
					<label fallback="161">$INFO[ListItem.Property(Artist_Formed)]</label>
				</control>
				<!-- Artist Disbanded -->
				<control type="label">
					<posx>-325</posx>
					<posy>475</posy>
					<width>275</width>
					<font>METF_InfoText</font>
					<textcolor>MediaDetailsInfo</textcolor>
					<align>center</align>
					<label>$LOCALIZE[21896]</label>
				</control>
				<control type="textbox">
					<posx>-325</posx>
					<posy>495</posy>
					<width>275</width>
					<height>50</height>
					<align>center</align>
					<font>METF_InfoText</font>
					<textcolor>TextNF</textcolor>
					<label fallback="161">$INFO[ListItem.Property(Artist_Disbanded)]</label>
				</control>
				<!-- Artist Styles -->
				<control type="label">
					<posx>550</posx>
					<posy>301</posy>
					<width>340</width>
					<font>METF_InfoText</font>
					<textcolor>MediaDetailsInfo</textcolor>
					<align>center</align>
					<aligny>center</aligny>
					<label>$LOCALIZE[176]</label>
				</control>
				<control type="textbox">
					<posx>550</posx>
					<posy>315</posy>
					<height>75</height>
					<width>340</width>
					<align>center</align>
					<font>METF_PlotText</font>
					<textcolor>TextNF</textcolor>
					<label fallback="161">$INFO[ListItem.Property(Artist_Style)]</label>
					<autoscroll time="4000" delay="12000" repeat="8000">Skin.HasSetting(AutoScroll)</autoscroll>
				</control>
				<!-- Artist Moods -->
				<control type="label">
					<posx>550</posx>
					<posy>401</posy>
					<width>340</width>
					<font>METF_InfoText</font>
					<textcolor>MediaDetailsInfo</textcolor>
					<align>center</align>
					<aligny>center</aligny>
					<label>$LOCALIZE[175]</label>
				</control>
				<control type="textbox">
					<posx>550</posx>
					<posy>415</posy>
					<height>95</height>
					<width>340</width>
					<align>center</align>
					<font>METF_PlotText</font>
					<textcolor>TextNF</textcolor>
					<label fallback="161">$INFO[ListItem.Property(Artist_Mood)]</label>
					<autoscroll time="4000" delay="12000" repeat="8000">Skin.HasSetting(AutoScroll)</autoscroll>
				</control>
				<!-- Artist Description -->
				<control type="textbox">
					<posx>-8</posx>
					<posy>138</posy>
					<width>515</width>
					<height>339</height>
					<font>METF_PlotText</font>
					<textcolor>TextNF</textcolor>
					<align>justify</align>
					<label fallback="161">$INFO[ListItem.Property(Artist_Description)]</label>
					<autoscroll time="4000" delay="12000" repeat="8000">Skin.HasSetting(AutoScroll)</autoscroll>
					<visible>!Control.IsVisible(50)</visible>
				</control>
			</control>
			<control type="panel" id="50">
				<posx>-8</posx>
				<posy>135</posy>
				<width>515</width>
				<height>340</height>
				<onleft>7001</onleft>
				<onright>7001</onright>
				<onup>50</onup>
				<ondown>50</ondown>
				<onfocus>99</onfocus>
				<viewtype label="">list</viewtype>
				<pagecontrol>-</pagecontrol>
				<scrolltime>0</scrolltime>
				<orientation>vertical</orientation>
				<itemlayout height="24" width="516">
					<control type="label" id="99">
						<posx>10</posx>
						<posy>3</posy>
						<width>500</width>
						<height>24</height>
						<align>left</align>
						<aligny>center</aligny>
						<font>METF_InfoText</font>
						<textcolor>TextNF</textcolor>
						<label>$INFO[ListItem.TrackNumber,,. ]$INFO[ListItem.Label]</label>
					</control>
				</itemlayout>
				<focusedlayout height="24" width="516">
					<control type="label">
						<posx>10</posx>
						<posy>3</posy>
						<width>500</width>
						<height>24</height>
						<align>left</align>
						<aligny>center</aligny>
						<font>METF_InfoText</font>
						<textcolor>TextFO</textcolor>
						<scrollspeed>30</scrollspeed>
						<label>$INFO[ListItem.TrackNumber,,. ]$INFO[ListItem.Label]</label>
					</control>
					<control type="label">
						<posx>10</posx>
						<posy>3</posy>
						<width>500</width>
						<height>24</height>
						<align>left</align>
						<aligny>center</aligny>
						<font>METF_InfoText</font>
						<textcolor>TextFO</textcolor>
						<scrollspeed>30</scrollspeed>
						<label>$INFO[ListItem.TrackNumber,,. ]$INFO[ListItem.Label]</label>
					</control>
				</focusedlayout>
			</control>
		</control>
		<!-- Artist/Album Image -->
		<control type="image">
			<include>Animation_CommonFade</include>
			<posx>35</posx>
			<posy>115</posy>
			<width>275</width>
			<height>275</height>
			<aspectratio align="center" aligny="center">scale</aspectratio>
			<texture fallback="DefaultThumb.png">$INFO[ListItem.Icon]</texture>
		</control>
		<control type="image">
			<include>Animation_CommonFade</include>
			<posx>15</posx>
			<posy>95</posy>
			<width>315</width>
			<height>315</height>
			<aspectratio>stretch</aspectratio>
			<texture>frames/ClassicFrame_SquareMedium.png</texture>
		</control>
		<!-- Fanart Image -->
		<control type="group">
			<include>Animation_FadedByMenu</include>
			<include>Animation_CommonFade</include>
			<include>Animation_OpenCloseFade</include>
			<visible>Window.IsActive(musiclibrary) + [Container.Content(Artists) | Container.Content(Albums)]</visible>
			<control type="image">
				<posx>915</posx>
				<posy>79</posy>
				<width>324</width>
				<height>180</height>
				<texture fallback="home/movies.jpg">$INFO[ListItem.Property(Fanart_Image)]</texture>
				<aspectratio scalediffuse="false">scale</aspectratio>
			</control>
			<control type="image">
				<posx>894</posx>
				<posy>59</posy>
				<width>364</width>
				<height>220</height>
				<texture>frames/ClassicFrame_FanartSmall.png</texture>
				<aspectratio scalediffuse="false">scale</aspectratio>
			</control>
		</control>
		<!-- Control Buttons -->
		<control type="grouplist" id="7001">
			<include>Animation_FadedByMenu</include>
			<include>Animation_CommonFade</include>
			<include>Animation_OpenCloseFade</include>
			<posx>352</posx>
			<posy>555</posy>
			<width>515</width>
			<height>70</height>
			<itemgap>10</itemgap>
			<align>center</align>
			<orientation>horizontal</orientation>
			<onleft>7001</onleft>
			<onright>7001</onright>
			<onup>50</onup>
			<ondown>50</ondown>
			<!-- Review/Tracks -->
			<control type="togglebutton" id="5">
				<include>VideoInfoButton</include>
				<texturenofocus>osd/osd_button_playlist_nf.png</texturenofocus>
				<texturefocus>osd/osd_button_playlist_fo.png</texturefocus>
				<alttexturefocus>osd/osd_button_playlist_fo.png</alttexturefocus>
				<alttexturenofocus>osd/osd_button_playlist_nf.png</alttexturenofocus>
				<usealttexture>-</usealttexture>
				<include>Animation_ButtonFocus</include>
			</control>
			<!-- Thumb -->
			<control type="button" id="10">
				<include>VideoInfoButton</include>
				<texturenofocus>buttons/button_thumb.png</texturenofocus>
				<texturefocus>buttons/button_thumbFO.png</texturefocus>
				<include>Animation_ButtonFocus</include>
			</control>
			<!-- Refresh -->
			<control type="button" id="6">
				<include>VideoInfoButton</include>
				<texturenofocus>buttons/button_refresh.png</texturenofocus>
				<texturefocus>buttons/button_refreshFO.png</texturefocus>
				<include>Animation_ButtonFocus</include>
			</control>
			<!-- Fanart -->
			<control type="button" id="12">
				<include>VideoInfoButton</include>
				<texturenofocus>buttons/button_fanart.png</texturenofocus>
				<texturefocus>buttons/button_fanartFO.png</texturefocus>
				<include>Animation_ButtonFocus</include>
				<visible>!Container.Content(Albums)</visible>
			</control>
		</control>
		<!-- Control Button Text -->
		<control type="group">
			<include>Animation_FadedByMenu</include>
			<include>Animation_CommonFade</include>
			<include>Animation_OpenCloseFade</include>
			<control type="label">
				<description>Review/Tracks</description>
				<include>VideoInfoButtonLabel</include>
				<info>Control.GetLabel(5)</info>
				<visible>ControlGroup(7001).HasFocus(5)</visible>
			</control>
			<control type="label">
				<description>Thumb</description>
				<include>VideoInfoButtonLabel</include>
				<label>$LOCALIZE[13405]</label>
				<visible>ControlGroup(7001).HasFocus(10)</visible>
			</control>
			<control type="label">
				<description>Refresh</description>
				<include>VideoInfoButtonLabel</include>
				<label>$LOCALIZE[184]</label>
				<visible>ControlGroup(7001).HasFocus(6)</visible>
			</control>
			<control type="label">
				<description>Fanart</description>
				<include>VideoInfoButtonLabel</include>
				<label>$LOCALIZE[20413]</label>
				<visible>ControlGroup(7001).HasFocus(12)</visible>
			</control>
		</control>
		<include>Global_ContextFilter</include>
		<include condition="Skin.HasSetting(DebugGrid)">Object_DebugGrid</include>
		<include condition="Skin.HasSetting(DebugMode)">Debug</include>
	</controls>
</window>
