﻿<window id="2008">
	<defaultcontrol>450</defaultcontrol>
	<controls>
		<control type="group">
			<include>Animation_OpenCloseFade</include>
			<control type="image">
				<posx>0</posx>
				<posy>158</posy>
				<height>38</height>
				<width>380</width>
				<texture>ButtonFo.png</texture>
				<animation effect="fade" start="100" end="70" condition="True">Conditional</animation>
			</control>
			<control type="label">
				<description>Title</description>
				<posx>360</posx>
				<posy>158</posy>
				<width>380</width>
				<height>38</height>
				<font>METF_ContextValue</font>
				<textcolor>ButtonText</textcolor>
				<align>right</align>
				<aligny>center</aligny>
				<scroll>true</scroll>
				<label>$INFO[ListItem.Label]</label>
			</control>
			<control type="image">
				<description>Icon Image</description>
				<posx>40</posx>
				<posy>196</posy>
				<width>300</width>
				<height>300</height>
				<texture fallback="DefaultThumb.png">$INFO[ListItem.Icon]</texture>
				<bordertexture border="8">border.png</bordertexture>
				<bordersize>4</bordersize>
				<aspectratio align="center" aligny="center">keep</aspectratio>
			</control>
			<control type="image">
				<posx>440</posx>
				<posy>158</posy>
				<width>840</width>
				<height>38</height>
				<texture>ButtonFo.png</texture>
				<animation effect="fade" start="100" end="70" condition="True">Conditional</animation>
			</control>
			<control type="label">
				<description>Heading</description>
				<posx>460</posx>
				<posy>158</posy>
				<width>810</width>
				<height>38</height>
				<font>METF_ContextValue</font>
				<textcolor>ButtonText</textcolor>
				<align>left</align>
				<aligny>center</aligny>
				<label>$LOCALIZE[33081]</label>
			</control>
			<control type="list" id="450">
				<posx>440</posx>
				<posy>234</posy>
				<width>840</width>
				<height>380</height>
				<onleft>Dialog.Close(filestackingdialog)</onleft>
				<onright>Dialog.Close(filestackingdialog)</onright>
				<onup>450</onup>
				<ondown>450</ondown>
				<pagecontrol>-</pagecontrol>
				<scrolltime>0</scrolltime>
				<itemlayout height="38" width="810">
					<control type="label">
						<posx>20</posx>
						<width>810</width>
						<height>38</height>
						<textcolor>SettingsDetail</textcolor>
						<font>METF_ContextValue</font>
						<align>left</align>
						<aligny>center</aligny>
						<focusedcolor>ButtonText</focusedcolor>
						<label>$INFO[ListItem.Label]</label>
					</control>
				</itemlayout>
				<focusedlayout height="38" width="840">
					<control type="image">
						<posx>0</posx>
						<posy>0</posy>
						<width>840</width>
						<height>38</height>
						<align>left</align>
						<aligny>center</aligny>
						<texture>ButtonFo.png</texture>
					</control>
					<control type="label">
						<posx>20</posx>
						<posy>0</posy>
						<width>810</width>
						<height>38</height>
						<textcolor>ButtonText</textcolor>
						<font>METF_ContextValue</font>
						<align>left</align>
						<aligny>center</aligny>
						<focusedcolor>ButtonText</focusedcolor>
						<selectedcolor>ButtonText</selectedcolor>
						<label>$INFO[ListItem.Label]</label>
					</control>
				</focusedlayout>
			</control>
			<include condition="Skin.HasSetting(DebugGrid)">Object_DebugGrid</include>
			<include condition="Skin.HasSetting(DebugMode)">Debug</include>
		</control>
	</controls>
</window>
