﻿<window id="104">
	<controls>
		<control type="group">
			<animation type="WindowOpen" reversible="false">
				<effect type="slide" start="0,-100" end="0,0" time="300" />
				<effect type="fade" start="0" end="100" time="300" />
			</animation>
			<animation type="WindowClose" reversible="false">
				<effect type="slide" start="0,0" end="0,-100" time="300" />
				<effect type="fade" delay="1000" start="100" end="0" time="300" />
			</animation>
			<visible>!Window.IsActive(mutebug)</visible>
			<posx>1050</posx>
			<posy>-15</posy>
			<!-- Background Panel -->
			<control type="image">
				<description>background image</description>
				<posx>5</posx>
				<posy>-5</posy>
				<width>1100</width>
				<height>70</height>
				<texture flipx="true">dialogs/DialogBG_DropdownWide2.png</texture>
				<colordiffuse>DialogDropdownColor</colordiffuse>
			</control>
			<!-- If Audio Volume is controlled by XBMC -->
			<control type="group">
				<visible>!player.passthrough</visible>
				<control type="image">
					<description>Volume Icon</description>
					<posx>25</posx>
					<posy>17</posy>
					<width>30</width>
					<height>30</height>
					<aspectratio>keep</aspectratio>
					<texture>dialogs/Dialog_VolumeIcon.png</texture>
				</control>
				<control type="progress" id="404">
					<description>Progressbar</description>
					<posx>60</posx>
					<posy>24</posy>
					<width>160</width>
					<height>16</height>
					<texturebg>osd/osd_progress_back3.png</texturebg>
					<lefttexture>osd/osd_progress_left3.png</lefttexture>
					<midtexture>osd/osd_progress_mid3.png</midtexture>
					<righttexture>osd/osd_progress_right3.png</righttexture>
					<colordiffuse>DialogProgressBar</colordiffuse>
					<info>player.volume</info>
				</control>
			</control>
			<!-- If Audio Volume is controlled by external device -->
			<control type="group">
				<visible>player.passthrough</visible>
				<control type="image">
					<description>Volume Icon</description>
					<posx>25</posx>
					<posy>20</posy>
					<width>30</width>
					<height>30</height>
					<aspectratio>keep</aspectratio>
					<texture>dialogs/Dialog_VolumeIcon.png</texture>
				</control>
				<control type="label">
					<posx>60</posx>
					<posy>14</posy>
					<width>160</width>
					<height>45</height>
					<textcolor>TextFO</textcolor>
					<align>left</align>
					<aligny>center</aligny>
					<font>METF_DialogSmall</font>
					<label>$LOCALIZE[29802]</label>
					<wrapmultiline>true</wrapmultiline> 
				</control>
			</control>
		</control>
		<include condition="Skin.HasSetting(DebugMode)">Debug</include>
	</controls>
</window>
