﻿<window id="10149">
	<defaultcontrol>20</defaultcontrol>
	<include>Animation_OpenCloseFade</include>
	<coordinates>
		<system>1</system>
		<posx>0</posx>
		<posy>0</posy>
		<origin x="0" y="0" />
	</coordinates>
	<controls>
		<control type="group">
			<visible>!Window.IsVisible(PeripheralSettings)</visible>
			<posy>-110</posy>
			<control type="label" id="1">
				<description>Header Label</description>
				<posx>460</posx>
				<posy>175</posy>
				<width>810</width>
				<height>38</height>
				<font>METF_TitleTextLarge</font>
				<textcolor>SettingsTitle</textcolor>
				<align>left</align>
				<aligny>center</aligny>
				<label>$LOCALIZE[35000]</label>
			</control>
			<control type="list" id="20">
				<description>Control Area</description>
				<posx>440</posx>
				<posy>240</posy>
				<width>840</width>
				<height>380</height>
				<itemgap>0</itemgap>
				<pagecontrol>60</pagecontrol>
				<scrolltime>120</scrolltime>
				<onleft>10</onleft>
				<onright>60</onright>
				<onup>20</onup>
				<ondown>20</ondown>
				<itemlayout width="0" height="30">
					<control type="label">
						<posx>20</posx>
						<posy>0</posy>
						<width>550</width>
						<height>30</height>
						<aligny>center</aligny>
						<font>METF_DialogLarge</font>
						<textcolor>TextNF</textcolor>
						<selectedcolor>TextFO</selectedcolor>
						<label>$INFO[ListItem.Label] ($LOCALIZE[35504] [COLOR HelpText]$INFO[ListItem.Property(Vendor)]:$INFO[ListItem.Property(Product)][/COLOR] $LOCALIZE[35501] [COLOR HelpText]$INFO[ListItem.Property(Class)][/COLOR])</label>
						<scroll>false</scroll>
					</control>
				</itemlayout>
				<focusedlayout width="0" height="42">
					<control type="image">
						<posx>0</posx>
						<posy>0</posy>
						<width>590</width>
						<height>42</height>
						<aligny>center</aligny>
						<texture>ButtonFo.png</texture>
						<animation effect="fade" start="100" end="100" condition="!Control.HasFocus(20)">Conditional</animation>
					</control>
					<control type="label">
						<posx>20</posx>
						<posy>0</posy>
						<width>550</width>
						<height>42</height>
						<aligny>center</aligny>
						<scrollout>false</scrollout>
						<pauseatend>1800</pauseatend>
						<scrollspeed>40</scrollspeed>
						<scroll>true</scroll>
						<font>METF_DialogLargeBold</font>
						<textcolor>ButtonText</textcolor>
						<selectedcolor>TextFO</selectedcolor>
						<label>$INFO[ListItem.Label] ($LOCALIZE[35504] [COLOR HelpText]$INFO[ListItem.Property(Vendor)]:$INFO[ListItem.Property(Product)][/COLOR] $LOCALIZE[35501] [COLOR HelpText]$INFO[ListItem.Property(Class)][/COLOR])</label>
					</control>
				</focusedlayout>
			</control>
			<control type="scrollbar" id="60">
				<posx>1270</posx>
				<posy>60</posy>
				<width>18</width>
				<height>474</height>
				<visible allowhiddenfocus="true">Control.IsVisible(20) + Control.HasFocus(60)</visible>
				<texturesliderbackground>-</texturesliderbackground>
				<textureslidernibfocus>ScrollBarV_Nib_Focus.png</textureslidernibfocus>
				<onleft>20</onleft>
				<onright>-</onright>
				<showonepage>true</showonepage>
				<orientation>vertical</orientation>
				<animation effect="fade" start="0" end="100" time="400" condition="Control.HasFocus(60)">Conditional</animation>
			</control>
			<control type="group" id="9000">
				<posx>0</posx>
				<posy>240</posy>
				<control type="button" id="10">
					<description>Ok</description>
					<include>SettingsLabelLeft</include>
					<label>$LOCALIZE[186]</label>
					<onleft>20</onleft>
					<onright>20</onright>
					<onup>10</onup>
					<ondown>10</ondown>
				</control>
			</control>
		</control>
		<include condition="Skin.HasSetting(DebugMode)">Debug</include>
	</controls>
</window>
