﻿<window id="107">
	<animation type="WindowOpen" reversible="false">
		<effect type="slide" start="0,0" end="0,-100" time="300" />
		<effect type="fade" start="0" end="100" time="300" />
	</animation>
	<animation type="WindowClose" reversible="false">
		<effect type="slide" start="0,-100" end="0,0" delay="1200" time="300" />
		<effect type="fade" start="100" end="0" delay="1200" time="300" />
	</animation>
	<controls>
		<control type="group">
			<posx>390</posx>
			<posy>745</posy>
			<visible>!Window.IsActive(2006)</visible>
			<!-- Background Panel -->
			<control type="image">
				<description>background image</description>
				<posx>0</posx>
				<posy>5</posy>
				<width>500</width>
				<height>75</height>
				<texture flipy="true">dialogs/DialogBG_Dropdown2.png</texture>
				<colordiffuse>DialogDropdownColor</colordiffuse>
			</control>
			<!-- Default Icon -->
			<control type="image" id="400">
				<posx>25</posx>
				<posy>20</posy>
				<width>48</width>
				<height>48</height>
				<aspectratio>keep</aspectratio>
				<texture diffuse="squarematte.png">DefaultIconInfo.png</texture>
			</control>
			<!-- Text -->
			<control type="fadelabel" id="401">
				<description>Line 1 Label</description>
				<posx>85</posx>
				<posy>23</posy>
				<width>390</width>
				<height>27</height>
				<font>METF_DialogSmallBold</font>
				<textcolor>DialogTextFO</textcolor>
				<align>left</align>
				<scrollout>false</scrollout>
				<pauseatend>2000</pauseatend>
			</control>
			<control type="fadelabel" id="402">
				<description>Line 2 Label</description>
				<posx>85</posx>
				<posy>44</posy>
				<width>390</width>
				<height>27</height>
				<font>METF_DialogSmallBold</font>
				<textcolor>TextNF</textcolor>
				<align>left</align>
				<scrollout>false</scrollout>
				<pauseatend>2000</pauseatend>
			</control>
			<!-- Info, Error and Warning Icons -->
			<control type="image" id="403">
				<posx>25</posx>
				<posy>20</posy>
				<width>48</width>
				<height>48</height>
				<aspectratio>keep</aspectratio>
				<visible>false</visible>
				<texture>DefaultIconInfo.png</texture>
			</control>
			<control type="image" id="404">
				<posx>25</posx>
				<posy>20</posy>
				<width>48</width>
				<height>48</height>
				<aspectratio>keep</aspectratio>
				<visible>false</visible>
				<texture>DefaultIconWarning.png</texture>
			</control>
			<control type="image" id="405">
				<posx>25</posx>
				<posy>20</posy>
				<width>48</width>
				<height>48</height>
				<aspectratio>keep</aspectratio>
				<visible>false</visible>
				<texture>DefaultIconError.png</texture>
			</control>
		</control>
		<include condition="Skin.HasSetting(DebugMode)">Debug</include>
	</controls>
</window>
