<window id="606">
	<defaultcontrol always="true">9</defaultcontrol>
	<controls>
		<!-- This hack is trying to clear the screen in-between each instance of the window -->
		<control type="image">
			<posx>0</posx>
			<posy>0</posy>
			<width>1320</width>
			<height>760</height>
			<texture background="true">black.png</texture>
		</control>
		<include>Global_Background</include>

		<control type="group">
			<posx>390</posx>
			<posy>60</posy>
			<control type="label">
				<description>Search Label</description>
				<posx>0</posx>
				<posy>0</posy>
				<width>320</width>
				<height>40</height>
				<align>left</align>
				<aligny>center</aligny>
				<include>SettingsLabel</include>
				<label>$LOCALIZE[19133] :</label>
			</control>
			<control type="edit" id="9">
				<description>Search Edit</description>
				<posx>5</posx>
				<posy>45</posy>
				<width>860</width>
				<height>40</height>
				<align>left</align>
				<onleft>26</onleft>
				<onright>26</onright>
				<onup>24</onup>
				<ondown>10</ondown>
				<include>SettingsLabel</include>
			</control>
			<control type="textbox">
				<description>Search Help Label</description>
				<posx>20</posx>
				<posy>100</posy>
				<width>840</width>
				<height>70</height>
				<align>left</align>
				<include>LiveTVLabel</include>
				<label>$LOCALIZE[19001] $LOCALIZE[19002]</label>
			</control>
			<control type="group">
				<posx>0</posx>
				<posy>170</posy>
				<control type="radiobutton" id="10">
					<description>Include Description RadioButton</description>
					<posx>0</posx>
					<posy>0</posy>
					<height>35</height>
					<width>430</width>
					<align>left</align>
					<aligny>center</aligny>
					<include>SettingsLabel</include>
					<label>$LOCALIZE[19134]</label>
					<onleft>26</onleft>
					<onright>12</onright>
					<onup>9</onup>
					<ondown>11</ondown>
				</control>
				<control type="radiobutton" id="11">
					<description>Case Sensitive RadioButton</description>
					<posx>0</posx>
					<posy>35</posy>
					<height>35</height>
					<width>430</width>
					<align>left</align>
					<aligny>center</aligny>
					<include>SettingsLabel</include>
					<label>$LOCALIZE[19135]</label>
					<onleft>26</onleft>
					<onright>13</onright>
					<onup>10</onup>
					<ondown>14</ondown>
				</control>
				<control type="edit" id="14">
					<description>Start Date Edit</description>
					<posx>0</posx>
					<posy>70</posy>
					<width>430</width>
					<height>35</height>
					<include>SettingsLabel</include>
					<label>$LOCALIZE[19128]</label>
					<onleft>26</onleft>
					<onright>16</onright>
					<onup>11</onup>
					<ondown>15</ondown>
				</control>
				<control type="edit" id="15">
					<description>Stop Date Edit</description>
					<posx>0</posx>
					<posy>105</posy>
					<width>430</width>
					<height>35</height>
					<include>SettingsLabel</include>
					<label>$LOCALIZE[19129]</label>
					<onleft>26</onleft>
					<onright>17</onright>
					<onup>14</onup>
					<ondown>18</ondown>
				</control>
				<control type="spincontrolex" id="18">
					<description>Genre SpinControlex</description>
					<posx>0</posx>
					<posy>140</posy>
					<width>430</width>
					<height>35</height>
					<include>SettingsLabel</include>
					<label>$LOCALIZE[515]</label>
					<onleft>26</onleft>
					<onright>19</onright>
					<onup>15</onup>
					<ondown>20</ondown>
				</control>
				<control type="radiobutton" id="20">
					<description>Include Unknown Genres RadioButton</description>
					<posx>0</posx>
					<posy>175</posy>
					<height>35</height>
					<width>430</width>
					<align>left</align>
					<aligny>center</aligny>
					<include>SettingsLabel</include>
					<label>$LOCALIZE[19132]</label>
					<onleft>26</onleft>
					<onright>21</onright>
					<onup>18</onup>
					<ondown>22</ondown>
				</control>
				<control type="radiobutton" id="22">
					<description>Free To Air Only RadioButton</description>
					<posx>0</posx>
					<posy>210</posy>
					<height>35</height>
					<width>430</width>
					<align>left</align>
					<aligny>center</aligny>
					<include>SettingsLabel</include>
					<label>$LOCALIZE[19123]</label>
					<onleft>26</onleft>
					<onright>23</onright>
					<onup>20</onup>
					<ondown>24</ondown>
				</control>
				<control type="radiobutton" id="24">
					<description>Ignore Timers RadioButton</description>
					<posx>0</posx>
					<posy>245</posy>
					<height>35</height>
					<width>430</width>
					<align>left</align>
					<aligny>center</aligny>
					<include>SettingsLabel</include>
					<label>$LOCALIZE[19124]</label>
					<onleft>26</onleft>
					<onright>27</onright>
					<onup>22</onup>
					<ondown>9</ondown>
				</control>
			</control>
			<control type="group">
				<posx>430</posx>
				<posy>170</posy>
				<control type="spincontrolex" id="12">
					<description>Minimum Duration SpinControlex</description>
					<posx>0</posx>
					<posy>0</posy>
					<width>430</width>
					<height>35</height>
					<include>SettingsLabel</include>
					<label>$LOCALIZE[19130]</label>
					<onleft>10</onleft>
					<onright>26</onright>
					<onup>9</onup>
					<ondown>13</ondown>
				</control>
				<control type="spincontrolex" id="13">
					<description>Maximum Duration SpinControlex</description>
					<posx>0</posx>
					<posy>35</posy>
					<width>430</width>
					<height>35</height>
					<include>SettingsLabel</include>
					<label>$LOCALIZE[19131]</label>
					<onleft>11</onleft>
					<onright>26</onright>
					<onup>12</onup>
					<ondown>16</ondown>
				</control>
				<control type="edit" id="16">
					<description>Start Time Edit</description>
					<posx>0</posx>
					<posy>70</posy>
					<width>430</width>
					<height>35</height>
					<include>SettingsLabel</include>
					<label>$LOCALIZE[19126]</label>
					<onleft>14</onleft>
					<onright>26</onright>
					<onup>13</onup>
					<ondown>17</ondown>
				</control>
				<control type="edit" id="17">
					<description>Stop Time Edit</description>
					<posx>0</posx>
					<posy>105</posy>
					<width>430</width>
					<height>35</height>
					<include>SettingsLabel</include>
					<label>$LOCALIZE[19127]</label>
					<onleft>15</onleft>
					<onright>26</onright>	
					<onup>16</onup>
					<ondown>19</ondown>
				</control>
				<control type="radiobutton" id="19">
					<description>Avoid Repeats RadioButton</description>
					<posx>0</posx>
					<posy>140</posy>
					<width>430</width>
					<height>35</height>
					<align>left</align>
					<aligny>center</aligny>
					<include>SettingsLabel</include>
					<label>$LOCALIZE[19121]</label>
					<onleft>18</onleft>
					<onright>26</onright>
					<onup>17</onup>
					<ondown>21</ondown>
				</control>
				<control type="spincontrolex" id="21">
					<description>Group SpinControlex</description>
					<posx>0</posx>	
					<posy>175</posy>
					<width>430</width>
					<height>35</height>
					<include>SettingsLabel</include>
					<label>$LOCALIZE[19141]</label>
					<onleft>20</onleft>
					<onright>26</onright>
					<onup>19</onup>
					<ondown>23</ondown>
				</control>
				<control type="spincontrolex" id="23">
					<description>Channel SpinControlex</description>
					<posx>0</posx>
					<posy>210</posy>
					<width>430</width>
					<height>35</height>
					<include>SettingsLabel</include>	
					<label>$LOCALIZE[19148]</label>
					<onleft>22</onleft>
					<onright>26</onright>
					<onup>21</onup>
					<ondown>27</ondown>
				</control>
				<control type="radiobutton" id="27">
					<description>Ignore Recordings RadioButton</description>
					<posx>0</posx>
					<posy>245</posy>
					<height>35</height>
					<width>430</width>
					<align>left</align>
					<aligny>center</aligny>
					<include>SettingsLabel</include>
					<label>$LOCALIZE[19125]</label>
					<onleft>24</onleft>
					<onright>26</onright>
					<onup>23</onup>
					<ondown>9</ondown>	
				</control>
			</control>
		</control>

		<!-- Menu group -->
		<control type="grouplist" id="9000">
			<posx>-10</posx>
			<posy>200</posy>
			<itemgap>20</itemgap>
			<orientation>vertical</orientation>
			<onleft>9</onleft>
			<onright>9</onright>
			<control type="button" id="28">
				<description>Defaults Button</description>
				<include>SettingsLabelLeft</include>
				<label>$LOCALIZE[409]</label>
			</control>
			<control type="button" id="25">
				<description>Cancel Button</description>
				<include>SettingsLabelLeft</include>
				<label>$LOCALIZE[222]</label>
			</control>
			<control type="button" id="26">
				<description>Search Button</description>
				<include>SettingsLabelLeft</include>
				<label>$LOCALIZE[137]</label>
			</control>
		</control>

		<!-- Header group -->
		<control type="group">
			<posx>30</posx>
			<posy>10</posy>
			<include>Animation_SlideDownFadeOut</include>
			<control type="label">
				<label>$LOCALIZE[31601]</label>
				<include>Global_HeadingSectionVars</include>
			</control>
			<control type="label">
				<label>$LOCALIZE[19142]</label>
				<include>Global_HeadingDetailVars</include>
			</control>
		</control>

		<!-- Time, weather and debug options -->
		<include>Global_Weather</include>
 		<include>Global_Time</include>
		<include condition="Skin.HasSetting(DebugGrid)">Object_DebugGrid</include>
		<include condition="Skin.HasSetting(DebugMode)">Debug</include>
	</controls>
</window>
