﻿<window id="502">
	<views>55,905,58,559,501</views>
	<defaultcontrol>55</defaultcontrol>
	<allowoverlay>yes</allowoverlay>
	<controls>
		<include>Global_Background</include>
		<control type="image">
			<include>Dimensions_Fullscreen</include>
			<fadetime>400</fadetime>
			<texture background="true" diffuse="diffuse_fanart.png">$INFO[ListItem.Property(Fanart_Image)]</texture>
			<colordiffuse>FanartDiffuse</colordiffuse>
			<include>Animation_CommonFade</include>
			<visible>!Skin.HasSetting(HideMusicFanart)</visible>
		</control>
		<include>Object_InfoLines</include>
		<include>Viewtype_Files</include>
		<include>Viewtype_LowList</include>
		<include>Viewtype_Gallery_Square</include>
		<include>Viewtype_Panel_Square</include>
		<include>Viewtype_TallGenre</include>		
		<include>Global_ContextFilter</include>
		<include>Global_AddonInfo</include>
		<include>Global_ScrollOffsetLabel</include>
		<!-- Navigation Menu -->
		<control type="group">
			<include>Animation_NavMenu</include>
			<include>NavMenuBackground</include>
			<control type="grouplist" id="7000">
				<posx>470</posx>
				<posy>120</posy>
				<width>340</width>
				<height>548</height>
				<itemgap>2</itemgap>
				<onleft>55</onleft>
				<onright>55</onright>
				<onup>7000</onup>
				<ondown>7000</ondown>
				<orientation>vertical</orientation>
				<visible allowhiddenfocus="true">ControlGroup(7000).HasFocus</visible>
				<control type="button" id="2">
					<description>View</description>
					<width>340</width>
					<height>40</height>
					<align>left</align>
					<aligny>center</aligny>
					<font>METF_DialogLarge</font>
					<label>-</label>
					<textoffsetx>20</textoffsetx>
					<textcolor>TextNF</textcolor>
					<focusedcolor>DialogTextFO</focusedcolor>
					<disabledcolor>TextDisabled</disabledcolor>
					<texturefocus>ButtonFO2Wide.png</texturefocus>
					<texturenofocus>-</texturenofocus>
					<pulseonselect>false</pulseonselect>
				</control>
				<control type="button" id="3">
					<description>Sort</description>
					<width>340</width>
					<height>40</height>
					<align>left</align>
					<aligny>center</aligny>
					<font>METF_DialogLarge</font>
					<label>-</label>
					<textoffsetx>20</textoffsetx>
					<textcolor>TextNF</textcolor>
					<focusedcolor>DialogTextFO</focusedcolor>
					<disabledcolor>TextDisabled</disabledcolor>
					<texturefocus>ButtonFO2Wide.png</texturefocus>
					<texturenofocus>-</texturenofocus>
					<pulseonselect>false</pulseonselect>
				</control>
				<control type="togglebutton" id="4">
					<description>Ascending/Descending</description>
					<width>340</width>
					<height>40</height>
					<align>left</align>
					<label>584</label>
					<altlabel>585</altlabel>
					<textoffsetx>20</textoffsetx>
					<font>METF_DialogLarge</font>
					<textcolor>TextNF</textcolor>
					<focusedcolor>DialogTextFO</focusedcolor>
					<disabledcolor>TextDisabled</disabledcolor>
					<texturefocus>ButtonFO2Wide.png</texturefocus>
					<texturenofocus>-</texturenofocus>
					<alttexturenofocus border="2">-</alttexturenofocus>
					<alttexturefocus border="5">ButtonFO2.png</alttexturefocus>
					<aligny>center</aligny>
					<pulseonselect>false</pulseonselect>
				</control>
				<control type="radiobutton" id="99">
					<description>Library button</description>
					<width>340</width>
					<height>40</height>
					<align>left</align>
					<aligny>center</aligny>
					<font>METF_DialogLarge</font>
					<textoffsetx>20</textoffsetx>
					<textcolor>TextNF</textcolor>
					<focusedcolor>DialogTextFO</focusedcolor>
					<disabledcolor>TextDisabled</disabledcolor>
					<texturefocus>ButtonFO2Wide.png</texturefocus>
					<texturenofocus>-</texturenofocus>
					<label>$LOCALIZE[29800]</label>
					<onclick>ReplaceWindow(MusicFiles)</onclick>
					<selected>Window.IsVisible(MusicLibrary)</selected>
					<onclick>SetFocus(55)</onclick>
				</control>
				<control type="button" id="8">
					<description>Search</description>
					<width>340</width>
					<height>40</height>
					<align>left</align>
					<aligny>center</aligny>
					<font>METF_DialogLarge</font>
					<label>137</label>
					<textoffsetx>20</textoffsetx>
					<textcolor>TextNF</textcolor>
					<focusedcolor>DialogTextFO</focusedcolor>
					<disabledcolor>TextDisabled</disabledcolor>
					<texturefocus>ButtonFO2Wide.png</texturefocus>
					<texturenofocus>-</texturenofocus>
					<pulseonselect>false</pulseonselect>
				</control>
				<control type="radiobutton" id="19">
					<description>Filter</description>
					<width>340</width>
					<align>left</align>
					<aligny>center</aligny>
					<label>587</label>
					<font>METF_DialogLarge</font>
					<textoffsetx>20</textoffsetx>
					<textcolor>TextNF</textcolor>
					<focusedcolor>DialogTextFO</focusedcolor>
					<disabledcolor>TextDisabled</disabledcolor>
					<texturefocus>ButtonFO2Wide.png</texturefocus>
					<texturenofocus>-</texturenofocus>
				</control>
				<control type="radiobutton" id="16">
					<description>PartyMode</description>
					<width>340</width>
					<align>left</align>
					<label>589</label>
					<aligny>center</aligny>
					<font>METF_DialogLarge</font>
					<textoffsetx>20</textoffsetx>
					<textcolor>TextNF</textcolor>
					<focusedcolor>DialogTextFO</focusedcolor>
					<disabledcolor>TextDisabled</disabledcolor>
					<texturefocus>ButtonFO2Wide.png</texturefocus>
					<texturenofocus>-</texturenofocus>
				</control>

				<control type="button" id="98">
					<description>Open Player Controls</description>
					<width>340</width>
					<height>40</height>
					<align>left</align>
					<aligny>center</aligny>
					<font>METF_DialogLarge</font>
					<label>$LOCALIZE[31441] $LOCALIZE[2]</label>
					<textoffsetx>20</textoffsetx>
					<textcolor>TextNF</textcolor>
					<focusedcolor>DialogTextFO</focusedcolor>
					<disabledcolor>TextDisabled</disabledcolor>
					<texturefocus>ButtonFO2Wide.png</texturefocus>
					<texturenofocus>-</texturenofocus>
					<pulseonselect>false</pulseonselect>
					<onclick>ActivateWindow(playercontrols)</onclick>
					<visible>Player.HasMedia</visible>
				</control>
				<control type="button" id="97">
					<description>Fullscreen</description>
					<width>340</width>
					<height>40</height>
					<align>left</align>
					<aligny>center</aligny>
					<font>METF_DialogLarge</font>
					<label>$LOCALIZE[31446]</label>
					<textoffsetx>20</textoffsetx>
					<textcolor>TextNF</textcolor>
					<focusedcolor>DialogTextFO</focusedcolor>
					<disabledcolor>TextDisabled</disabledcolor>
					<texturefocus>ButtonFO2Wide.png</texturefocus>
					<texturenofocus>-</texturenofocus>
					<pulseonselect>false</pulseonselect>
					<onclick>fullscreen</onclick>
					<visible>Player.HasAudio</visible>
				</control>
			</control>
		</control>
		<include>Global_Weather</include>
		<include>Global_Time</include>
		<include>Global_Heading</include>
		<include>Global_Music</include>
		<include>Global_MusicInfo</include>
		<include condition="Skin.HasSetting(DebugGrid)">Object_DebugGrid</include>
		<include condition="Skin.HasSetting(DebugMode)">Debug</include>
	</controls>
</window>
