﻿<window id="2600">
	<defaultcontrol always="true">50</defaultcontrol>
	<allowoverlay>yes</allowoverlay>
	<controls>
		<include>Global_Background</include>
		<control type="button" id="50">
			<texturefocus>-</texturefocus>
			<texturenofocus>-</texturenofocus>
			<include condition="!Skin.HasSetting(ViewLockdown)">OnLeft7000</include>
			<onright>7000</onright>
			<include condition="!Skin.HasSetting(ViewLockdown)">OnUp7000</include>
			<ondown>7000</ondown>
			<onclick />
		</control>
		<control type="group">
			<visible>System.HasNetwork</visible>
			<posx>50</posx>
			<posy>80</posy>
			<include>Animation_OpenCloseFade</include>
			<include>Animation_FadedByMenu</include>
			<!-- Current Conditions -->
			<control type="group" id="1000">
				<posx>0</posx>
				<posy>0</posy>
				<width>200</width>
				<height>425</height>
				<control type="image">
					<width>140</width>
					<height>140</height>
					<posx>30</posx>
					<posy>10</posy>
					<texture>$VAR[Weather_Icons_Current]</texture>
				</control>
				<control type="label">
					<label>$LOCALIZE[31207]</label>
					<posx>5</posx>
					<posy>170</posy>
					<width>190</width>
					<height>30</height>
					<align>center</align>
					<font>METF_TitleTextLarge</font>
					<textcolor>WeatherDay</textcolor>
				</control>
				<control type="label">
					<label>$INFO[Window.Property(Current.Condition)]</label>
					<posx>5</posx>
					<posy>210</posy>
					<width>190</width>
					<height>35</height>
					<font>METF_InfoText</font>
					<align>center</align>
					<textcolor>WeatherDetails</textcolor>
					<wrapmultiline>true</wrapmultiline>
				</control>
				<control type="label">
					<label>$INFO[Window.Property(Current.Temperature)]$INFO[System.TemperatureUnits]</label>
					<posx>5</posx>
					<posy>260</posy>
					<width>190</width>
					<height>50</height>
					<align>center</align>
					<font>METF_WeatherHigh</font>
					<textcolor>WeatherHighTemp</textcolor>
				</control>
				<control type="label">
					<label>[COLOR WeatherHeading]$LOCALIZE[402]: [/COLOR] $INFO[Window.Property(Current.FeelsLike)]$INFO[System.TemperatureUnits]</label>
					<posx>5</posx>
					<posy>360</posy>
					<width>190</width>
					<height>25</height>
					<align>center</align>
					<font>METF_InfoTextLarger</font>
					<textcolor>WeatherDetails</textcolor>
					<wrapmultiline>true</wrapmultiline>
				</control>
				<!-- Lower Left Corner Info -->
				<control type="label">
					<label>[COLOR WeatherHeading]$LOCALIZE[403]: [/COLOR] $INFO[Window.Property(Current.UVIndex)]</label>
					<posx>-15</posx>
					<posy>508</posy>
					<width>400</width>
					<height>25</height>
					<font>METF_InfoTextLarger</font>
					<textcolor>WeatherDetails</textcolor>
				</control>
				<control type="label">
					<label>[COLOR WeatherHeading]$LOCALIZE[405]: [/COLOR] $INFO[Window.Property(Current.DewPoint)]</label>
					<posx>-15</posx>
					<posy>536</posy>
					<width>400</width>
					<height>25</height>
					<font>METF_InfoTextLarger</font>
					<textcolor>WeatherDetails</textcolor>
				</control>
				<control type="label">
					<label>[COLOR WeatherHeading]$LOCALIZE[406]: [/COLOR] $INFO[Window.Property(Current.Humidity)]</label>
					<posx>-15</posx>
					<posy>564</posy>
					<width>400</width>
					<height>25</height>
					<font>METF_InfoTextLarger</font>
					<textcolor>WeatherDetails</textcolor>
				</control>
				<control type="label">
					<label>[COLOR WeatherHeading]$LOCALIZE[404]: [/COLOR] $INFO[Window.Property(Current.Wind)]</label>
					<posx>-15</posx>
					<posy>592</posy>
					<width>700</width>
					<height>25</height>
					<font>METF_InfoTextLarger</font>
					<textcolor>WeatherDetails</textcolor>
				</control>
			</control>
			<!-- Current Day Forecast -->
			<control type="group">
				<posx>295</posx>
				<posy>0</posy>
				<width>200</width>
				<height>425</height>
				<control type="image">
					<posx>0</posx>
					<posy>0</posy>
					<width>200</width>
					<height>425</height>
					<texture>WeatherDayBG.png</texture>
					<colordiffuse>WeatherBGDiffuse</colordiffuse>
				</control>
				<control type="image">
					<width>140</width>
					<height>140</height>
					<posx>30</posx>
					<posy>10</posy>
					<texture>$VAR[Weather_Icons_Day0]</texture>
				</control>
				<control type="label">
					<label>$LOCALIZE[33006]</label>
					<!--
					<info>Window.Property(Day0.Title)</info>
					-->
					<posx>5</posx>
					<posy>170</posy>
					<width>190</width>
					<height>30</height>
					<align>center</align>
					<font>METF_TitleTextLarge</font>
					<textcolor>WeatherDay</textcolor>
				</control>
				<control type="label">
					<info>Window.Property(Day0.Outlook)</info>
					<width>190</width>
					<height>35</height>
					<posx>5</posx>
					<posy>210</posy>
					<font>METF_InfoText</font>
					<align>center</align>
					<textcolor>WeatherDetails</textcolor>
					<wrapmultiline>true</wrapmultiline>
				</control>
				<control type="label">
					<label>$INFO[Window.Property(Day0.HighTemp)]</label>
					<posx>5</posx>
					<posy>260</posy>
					<width>190</width>
					<height>50</height>
					<align>center</align>
					<font>METF_WeatherHigh</font>
					<textcolor>WeatherHighTemp</textcolor>
					<visible>!IsEmpty(Window.Property(Day0.HighTemp))</visible>
				</control>
				<control type="label">
					<label>N/A</label>
					<posx>5</posx>
					<posy>260</posy>
					<width>190</width>
					<height>50</height>
					<align>center</align>
					<font>METF_WeatherHigh</font>
					<textcolor>WeatherHighTemp</textcolor>
					<visible>IsEmpty(Window.Property(Day0.HighTemp))</visible>
				</control>
				<control type="label">
					<label>$INFO[Window.Property(Day0.LowTemp)]</label>
					<posx>5</posx>
					<posy>340</posy>
					<width>190</width>
					<height>50</height>
					<align>center</align>
					<font>METF_WeatherLow</font>
					<textcolor>WeatherLowTemp</textcolor>
					<visible>!IsEmpty(Window.Property(Day0.LowTemp))</visible>
				</control>
				<control type="label">
					<label>N/A</label>
					<posx>5</posx>
					<posy>340</posy>
					<width>190</width>
					<height>50</height>
					<align>center</align>
					<font>METF_WeatherLow</font>
					<textcolor>WeatherLowTemp</textcolor>
					<visible>IsEmpty(Window.Property(Day0.LowTemp))</visible>
				</control>
			</control>
			<!-- Next Day Forecast or One Day From Today -->
			<control type="group">
				<posx>520</posx>
				<posy>0</posy>
				<width>200</width>
				<height>425</height>
				<control type="image">
					<posx>0</posx>
					<posy>0</posy>
					<width>200</width>
					<height>425</height>
					<texture>WeatherDayBG.png</texture>
					<colordiffuse>WeatherBGDiffuse</colordiffuse>
				</control>
				<control type="image">
					<width>140</width>
					<height>140</height>
					<posx>30</posx>
					<posy>10</posy>
					<texture>$VAR[Weather_Icons_Day1]</texture>
				</control>
				<control type="label">
					<info>Window.Property(Day1.Title)</info>
					<posx>5</posx>
					<posy>170</posy>
					<width>190</width>
					<height>30</height>
					<align>center</align>
					<font>METF_TitleTextLarge</font>
					<textcolor>WeatherDay</textcolor>
				</control>
				<control type="label">
					<info>Window.Property(Day1.Outlook)</info>
					<width>190</width>
					<height>35</height>
					<posx>5</posx>
					<posy>210</posy>
					<font>METF_InfoText</font>
					<align>center</align>
					<textcolor>WeatherDetails</textcolor>
					<wrapmultiline>true</wrapmultiline>
				</control>
				<control type="label">
					<label>$INFO[Window.Property(Day1.HighTemp)]</label>
					<posx>5</posx>
					<posy>260</posy>
					<width>190</width>
					<height>50</height>
					<align>center</align>
					<font>METF_WeatherHigh</font>
					<textcolor>WeatherHighTemp</textcolor>
					<visible>!IsEmpty(Window.Property(Day1.HighTemp))</visible>
				</control>
				<control type="label">
					<label>N/A</label>
					<posx>5</posx>
					<posy>260</posy>
					<width>190</width>
					<height>50</height>
					<align>center</align>
					<font>METF_WeatherHigh</font>
					<textcolor>WeatherHighTemp</textcolor>
					<visible>IsEmpty(Window.Property(Day1.HighTemp))</visible>
				</control>
				<control type="label">
					<label>$INFO[Window.Property(Day1.LowTemp)]</label>
					<posx>5</posx>
					<posy>340</posy>
					<width>190</width>
					<height>50</height>
					<align>center</align>
					<font>METF_WeatherLow</font>
					<textcolor>WeatherLowTemp</textcolor>
					<visible>!IsEmpty(Window.Property(Day1.LowTemp))</visible>
				</control>
				<control type="label">
					<label>N/A</label>
					<posx>5</posx>
					<posy>340</posy>
					<width>190</width>
					<height>50</height>
					<align>center</align>
					<font>METF_WeatherLow</font>
					<textcolor>WeatherLowTemp</textcolor>
					<visible>IsEmpty(Window.Property(Day1.LowTemp))</visible>
				</control>
			</control>
			<!-- Two Days From Today -->
			<control type="group">
				<posx>745</posx>
				<posy>0</posy>
				<width>200</width>
				<height>425</height>
				<control type="image">
					<posx>0</posx>
					<posy>0</posy>
					<width>200</width>
					<height>425</height>
					<texture>WeatherDayBG.png</texture>
					<colordiffuse>WeatherBGDiffuse</colordiffuse>
				</control>
				<control type="image">
					<width>140</width>
					<height>140</height>
					<posx>30</posx>
					<posy>10</posy>
					<texture>$VAR[Weather_Icons_Day2]</texture>
				</control>
				<control type="label">
					<info>Window.Property(Day2.Title)</info>
					<posx>5</posx>
					<posy>170</posy>
					<width>190</width>
					<height>30</height>
					<align>center</align>
					<font>METF_TitleTextLarge</font>
					<textcolor>WeatherDay</textcolor>
				</control>
				<control type="label">
					<info>Window.Property(Day2.Outlook)</info>
					<width>190</width>
					<height>35</height>
					<posx>5</posx>
					<posy>210</posy>
					<font>METF_InfoText</font>
					<align>center</align>
					<textcolor>WeatherDetails</textcolor>
					<wrapmultiline>true</wrapmultiline>
				</control>
				<control type="label">
					<label>$INFO[Window.Property(Day2.HighTemp)]</label>
					<posx>5</posx>
					<posy>260</posy>
					<width>190</width>
					<height>50</height>
					<align>center</align>
					<font>METF_WeatherHigh</font>
					<textcolor>WeatherHighTemp</textcolor>
					<visible>!IsEmpty(Window.Property(Day2.HighTemp))</visible>
				</control>
				<control type="label">
					<label>N/A</label>
					<posx>5</posx>
					<posy>260</posy>
					<width>190</width>
					<height>50</height>
					<align>center</align>
					<font>METF_WeatherHigh</font>
					<textcolor>WeatherHighTemp</textcolor>
					<visible>IsEmpty(Window.Property(Day2.HighTemp))</visible>
				</control>
				<control type="label">
					<label>$INFO[Window.Property(Day2.LowTemp)]</label>
					<posx>5</posx>
					<posy>340</posy>
					<width>190</width>
					<height>50</height>
					<align>center</align>
					<font>METF_WeatherLow</font>
					<textcolor>WeatherLowTemp</textcolor>
					<visible>!IsEmpty(Window.Property(Day2.LowTemp))</visible>
				</control>
				<control type="label">
					<label>N/A</label>
					<posx>5</posx>
					<posy>340</posy>
					<width>190</width>
					<height>50</height>
					<align>center</align>
					<font>METF_WeatherLow</font>
					<textcolor>WeatherLowTemp</textcolor>
					<visible>IsEmpty(Window.Property(Day2.LowTemp))</visible>
				</control>
			</control>
			<!-- Three Days From Today -->
			<control type="group">
				<posx>970</posx>
				<posy>0</posy>
				<width>200</width>
				<height>425</height>
				<control type="image">
					<posx>0</posx>
					<posy>0</posy>
					<width>200</width>
					<height>425</height>
					<texture>WeatherDayBG.png</texture>
					<colordiffuse>WeatherBGDiffuse</colordiffuse>
				</control>
				<control type="image">
					<width>140</width>
					<height>140</height>
					<posx>30</posx>
					<posy>10</posy>
					<texture>$VAR[Weather_Icons_Day3]</texture>
				</control>
				<control type="label">
					<info>Window.Property(Day3.Title)</info>
					<posx>5</posx>
					<posy>170</posy>
					<width>190</width>
					<height>30</height>
					<align>center</align>
					<font>METF_TitleTextLarge</font>
					<textcolor>WeatherDay</textcolor>
				</control>
				<control type="label">
					<info>Window.Property(Day3.Outlook)</info>
					<width>190</width>
					<height>35</height>
					<posx>5</posx>
					<posy>210</posy>
					<font>METF_InfoText</font>
					<align>center</align>
					<textcolor>WeatherDetails</textcolor>
					<wrapmultiline>true</wrapmultiline>
				</control>
				<control type="label">
					<label>$INFO[Window.Property(Day3.HighTemp)]</label>
					<posx>5</posx>
					<posy>260</posy>
					<width>190</width>
					<height>50</height>
					<align>center</align>
					<font>METF_WeatherHigh</font>
					<textcolor>WeatherHighTemp</textcolor>
					<visible>!IsEmpty(Window.Property(Day3.HighTemp))</visible>
				</control>
				<control type="label">
					<label>N/A</label>
					<posx>5</posx>
					<posy>260</posy>
					<width>190</width>
					<height>50</height>
					<align>center</align>
					<font>METF_WeatherHigh</font>
					<textcolor>WeatherHighTemp</textcolor>
					<visible>IsEmpty(Window.Property(Day3.HighTemp))</visible>
				</control>
				<control type="label">
					<label>$INFO[Window.Property(Day3.LowTemp)]</label>
					<posx>5</posx>
					<posy>340</posy>
					<width>190</width>
					<height>50</height>
					<align>center</align>
					<font>METF_WeatherLow</font>
					<textcolor>WeatherLowTemp</textcolor>
					<visible>!IsEmpty(Window.Property(Day3.LowTemp))</visible>
				</control>
				<control type="label">
					<label>N/A</label>
					<posx>5</posx>
					<posy>340</posy>
					<width>190</width>
					<height>50</height>
					<align>center</align>
					<font>METF_WeatherLow</font>
					<textcolor>WeatherLowTemp</textcolor>
					<visible>IsEmpty(Window.Property(Day3.LowTemp))</visible>
				</control>
			</control>
		</control>
		<include>Global_ContextFilter</include>
		
		<control type="group">
			<include>Animation_NavMenu</include>
			<include>NavMenuBackground</include>
			<!-- Weather Navigation menu -->
			<control type="grouplist" id="7000">
				<posx>470</posx>
				<posy>120</posy>
				<width>340</width>
				<height>548</height>
				<onleft>50</onleft>
				<onright>50</onright>
				<onup>7000</onup>
				<ondown>7000</ondown>
				<itemgap>2</itemgap>
				<orientation>vertical</orientation>
				<visible allowhiddenfocus="true">ControlGroup(7000).HasFocus</visible>
				<control type="button" id="2">
					<description>Refresh</description>
					<width>340</width>
					<height>40</height>
					<align>left</align>
					<aligny>center</aligny>
					<font>METF_DialogLarge</font>
					<label>-</label>
					<textoffsetx>20</textoffsetx>
					<textcolor>TextNF</textcolor>
					<focusedcolor>DialogTextFO</focusedcolor>
					<disabledcolor>TextDisabled</disabledcolor>
					<texturefocus>ButtonFO2Wide.png</texturefocus>
					<texturenofocus>-</texturenofocus>
					<pulseonselect>false</pulseonselect>
				</control>
				<control type="button" id="4">
					<description>Settings</description>
					<width>340</width>
					<height>40</height>
					<align>left</align>
					<aligny>center</aligny>
					<font>METF_DialogLarge</font>
					<label>$LOCALIZE[8] $LOCALIZE[5]</label>
					<textoffsetx>20</textoffsetx>
					<textcolor>TextNF</textcolor>
					<focusedcolor>DialogTextFO</focusedcolor>
					<disabledcolor>TextDisabled</disabledcolor>
					<texturefocus>ButtonFO2Wide.png</texturefocus>
					<texturenofocus>-</texturenofocus>
					<pulseonselect>false</pulseonselect>
					<onclick>ActivateWindow(weathersettings)</onclick>
				</control>
				<control type="spincontrolex" id="3">
					<description>Location Select</description>
					<width>340</width>
					<height>40</height>
					<align>left</align>
					<aligny>center</aligny>
					<font>-</font>
					<label>-</label>
					<textoffsetx>20</textoffsetx>
					<textcolor>-</textcolor>
					<focusedcolor>-</focusedcolor>
					<disabledcolor>TextDisabled</disabledcolor>
					<texturefocus>ButtonFO2Wide.png</texturefocus>
					<texturenofocus>-</texturenofocus>
					<pulseonselect>false</pulseonselect>
					<spinwidth>34</spinwidth>
					<spinheight>34</spinheight>
					<textureup>ArrowUpNF.png</textureup>
					<texturedown>ArrowDownNF.png</texturedown>
					<textureupfocus>ArrowUpFo.png</textureupfocus>
					<texturedownfocus>ArrowDownFo.png</texturedownfocus>
					<reverse>yes</reverse>
				</control>
			</control>
			
			<control type="label">
				<description>Location Label</description>
				<posx>482</posx>
				<posy>202</posy>
				<width>250</width>
				<height>40</height>
				<align>left</align>
				<aligny>center</aligny>
				<label>$INFO[Control.GetLabel(3)]</label>
				<font>METF_DialogLarge</font>
				<textcolor>DialogTextFO</textcolor>
				<animation type="Conditional" condition="!ControlGroup(7000).HasFocus()">
					<effect type="zoom" start="100" end="80" center="auto" tween="back" easing="in" time="300" />
					<effect type="fade" start="100" end="0" time="300" />
				</animation>
			</control>
			
		</control>
		<!-- Heading Labels at very top of screen -->
		<control type="group">
			<posx>30</posx>
			<posy>10</posy>
			<control type="label">
				<label>$INFO[Weather.Location]</label>
				<include>Global_HeadingSectionVars</include>
			</control>
			<control type="label">
				<label>$LOCALIZE[31208] $INFO[Window.Property(Updated)]</label>
				<include>Global_HeadingDetailVars</include>
			</control>
		</control>
		<include>Global_Weather</include>
		<include>Global_Time</include>
		<include condition="Skin.HasSetting(DebugGrid)">Object_DebugGrid</include>
		<include condition="Skin.HasSetting(DebugMode)">Debug</include>
	</controls>
</window>
