<includes>
	<include name="Viewtype_PVR_EPGSearch">
		<!-- EGP Search -->
		<control type="group">
			<description>TV Search group</description>
			<visible>Control.IsVisible(17)</visible>
			<control type="group">
				<posx>80</posx>
				<posy>50</posy>
				<control type="label">
					<description>Time label</description>
					<posx>0</posx>
					<posy>0</posy>
					<width>300</width>
					<height>30</height>
					<align>center</align>
					<aligny>center</aligny>
					<include>LiveTVLabel</include>
					<label>$LOCALIZE[21820]</label>
				</control>
				<control type="label">
					<description>Channel label</description>
					<posx>300</posx>
					<posy>0</posy>
					<width>250</width>
					<height>30</height>
					<align>center</align>
					<aligny>center</aligny>
					<include>LiveTVLabel</include>
					<label>$LOCALIZE[19148]</label>
				</control>
				<control type="label">
					<description>Title</description>
					<posx>550</posx>
					<posy>0</posy>
					<width>490</width>
					<height>30</height>
					<align>center</align>
					<aligny>center</aligny>
					<include>LiveTVLabel</include>
					<label>$LOCALIZE[369]</label>
				</control>
				<control type="list" id="17">
					<posx>0</posx>
					<posy>40</posy>
					<width>1100</width>
					<height>434</height>
					<onup>17</onup>
					<ondown>17</ondown>
					<onleft>36</onleft>
					<onright>77</onright>
					<pagecontrol>77</pagecontrol>
					<scrolltime>200</scrolltime>
					<itemlayout height="36">
						<control type="label">
							<posx>150</posx>
							<posy>0</posy>
							<width>300</width>
							<height>36</height>
							<align>center</align>
							<aligny>center</aligny>
							<include>LiveTVLabel</include>
							<info>ListItem.Date</info>
						</control>
						<control type="image">
							<posx>310</posx>
							<posy>5</posy>
							<width>32</width>
							<height>32</height>
							<info>ListItem.Icon</info>
						</control>
						<control type="label">
							<posx>350</posx>
							<posy>0</posy>
							<width>190</width>
							<height>36</height>
							<align>left</align>
							<aligny>center</aligny>
							<include>LiveTVLabel</include>
							<info>ListItem.ChannelName</info>
						</control>
						<control type="label">
							<posx>560</posx>
							<posy>0</posy>
							<width>5000</width>
							<height>36</height>
							<align>left</align>
							<aligny>center</aligny>
							<include>LiveTVLabel</include>
							<info>ListItem.Label</info>
						</control>
					</itemlayout>
					<focusedlayout height="36">
						<control type="image">
							<description>Focus selection</description>
							<width>1090</width>
							<height>36</height>
							<posx>0</posx>
							<posy>0</posy>
							<texture>ButtonFo.png</texture>
						</control>
						<control type="label">
							<posx>150</posx>
							<posy>0</posy>
							<width>300</width>
							<height>36</height>
							<align>center</align>
							<aligny>center</aligny>
							<include>LiveTVLabel</include>
							<info>ListItem.Date</info>
						</control>
						<control type="image">
							<posx>310</posx>
							<posy>5</posy>
							<width>32</width>
							<height>32</height>
							<info>ListItem.Icon</info>
						</control>
						<control type="label">
							<posx>350</posx>
							<posy>0</posy>
							<width>190</width>
							<height>36</height>
							<align>left</align>
							<aligny>center</aligny>
							<include>LiveTVLabel</include>
							<info>ListItem.ChannelName</info>
						</control>
						<control type="label">
							<posx>560</posx>
							<posy>0</posy>
							<width>500</width>
							<height>36</height>
							<align>left</align>
							<aligny>center</aligny>
							<include>LiveTVLabel</include>
							<info>ListItem.Label</info>
						</control>
					</focusedlayout>
				</control>
				<control type="scrollbar" id="77">
					<posx>1105</posx>
					<posy>30</posy>
					<width>25</width>
					<height>466</height>
					<texturesliderbackground>-</texturesliderbackground>
					<textureslidernibfocus>ScrollBarV_Nib_Focus.png</textureslidernibfocus>
					<onleft>16</onleft>
					<onright>36</onright>
					<showonepage>false</showonepage>
					<orientation>vertical</orientation>
				</control>
			</control>
			<!-- TV Channel Plot (Bottom) -->
			<include>LiveTVPlot</include>
		</control>
	</include>
</includes>
