<?xml version="1.0" encoding="UTF-8" standalone="yes"?>
<addon id="plugin.image.comics" name="Comics" version="1.0.0" provider-name="Dan Dar3 &lt;dan.dar33@gmail.com&gt;">
	<requires>
		<import addon="xbmc.python" version="1.0"/>
	</requires>
	<extension point="xbmc.python.pluginsource" library="addon.py">
		<provides>image</provides>
	</extension>
	<extension point="xbmc.addon.metadata">
		<platform>all</platform>
		<summary>View comic strips from Comics.com</summary>
		<description>View comic strips from Comics.com</description>
	</extension>
</addon>