<?xml version="1.0" encoding="UTF-8" standalone="yes"?>
<addon id="plugin.audio.engadget"
       name="Engadget Podcasts"
       version="0.0.2"
       provider-name="divingmule">
  <requires>
    <import addon="xbmc.python" version="1.0"/>
    <import addon="script.module.beautifulsoup" version="3.0.8"/>
  </requires>
  <extension point="xbmc.python.pluginsource"
            library="default.py">
        <provides>audio</provides>
  </extension>
  <extension point="xbmc.addon.metadata">
    <summary>Engadget Podcasts</summary>
    <description></description>
    <platform>all</platform>
  </extension>
</addon>
