<?xml version="1.0" encoding="UTF-8" standalone="yes"?>

<channels>

    <channel>
    <name>News</name>
    <thumbnail>http://community-links.googlecode.com/svn/icons/news-icon.png</thumbnail>
    <fanart>http://community-links.googlecode.com/svn/icons/news-fanart.jpg</fanart>
    <info> </info>
    
    <items>
        <!--item>
            <title>MSNBC</title>
            <link>rtmpe://95.211.146.164/video Playpath=msnbc1 swfUrl=http://www.hqcast.tv/player/player-licensed.swf pageUrl=http://www.hqcast.tv/embed.php?live=msnbc1</link>
            <thumbnail>http://www.lyngsat-logo.com/hires/mm/msnbc.png</thumbnail>
        </item-->
        
        <item>
            <title>NHK World HD</title>
            <link>rtmp://ny-1.net.fivecool.org/2e2cd/ pageUrl=http://www3.nhk.or.jp/ swfUrl=http://www3.nhk.or.jp/nhkworld/r/movie/streamhub_player_20110429.swf Playpath=nhkworldglobalhigh1.sdp</link>
            <thumbnail>http://thestreamdb.googlecode.com/svn/logos/8gbjls.png</thumbnail>
            <info>Bitrate: ~700 kbs</info>
        </item>

        <item>
            <title>BBC World News</title>
            <link>rtmp://media2.lsops.net/live/ playpath=bbcworld1_en_high.sdp swfUrl="http://www.livestation.com/flash/player/5.4/player.swf" swfVfy=true live=true timeout=60</link>
            <thumbnail>http://thestreamdb.googlecode.com/svn/logos/8gbjlj.png</thumbnail>
        </item>

        <item>
            <title>Bloomberg</title>
            <link>rtmpt://cp87869.live.edgefcs.net:1935/live/ playpath=us_300@21006 pageURL=http://www.bloomberg.com/tv/ app=live swfUrl=http://cdn.gotraffic.net/v/20110210_153738//flash/BloombergMediaPlayer.swf swfVfy=true live=true</link>	
            <thumbnail>http://www.articleslounge.com/wp-content/uploads/2010/10/BLOOMBERG-tv-LOGO.jpg</thumbnail>
            <genre>News</genre>
            <info>Bloomberg is the leader in global business and financial information. We give influential decision makers the data, analytics, news and insight to give them a critical edge.</info>
        </item>
        
        <item>
            <title>UN Television</title>
            <link>rtmp://media2.lsops.net/untv/ playpath=CHANNEL-7@13082 swfUrl="http://www.livestation.com/flash/player/5.4/player.swf" pageUrl="http://www.livestation.com/channels/79-united-nations-tv-english" swfVfy=true live=true</link>
            <thumbnail>http://2.bp.blogspot.com/_P6G5YMvob5A/SwhyAQx-DzI/AAAAAAAADec/Z8QBkcocLf0/s1600/UN-LOGO%2520copy.jpg</thumbnail>
            <info>UNTV stream from http://www.livestation.com  Bitrate: ~300 kbs</info>
            <genre>News</genre>
        </item>

        <item>
            <title>C-SPAN 1</title>
            <link>rtmp://cp82346.live.edgefcs.net:1935/live playpath=CSPAN1@14845 swfUrl="http://www.c-span.org/cspanVideoHD.swf" pageURL="http://www.c-span.org/Live-Video/C-SPAN/" swfVfy=true live=true</link>
            <thumbnail>http://wwwcdn.net/ev/assets/images/vectors/afbig/c-span-logo.jpg</thumbnail>
            <genre>News</genre>
        </item>
        
        <item>
            <title>C-SPAN 2</title>
            <link>rtmp://cp82347.live.edgefcs.net:1935/live playpath=CSPAN2@14846 swfUrl="http://www.c-span.org/cspanVideoHD.swf" pageURL="http://www.c-span.org/Live-Video/C-SPAN2/" swfVfy=true live=true</link>
            <thumbnail>http://www.lyngsat-logo.com/hires/cc/cspan2.png</thumbnail>
            <genre>News</genre>
        </item>
        
        <item>
            <title>C-SPAN 3</title>
            <link>rtmp://cp82348.live.edgefcs.net:1935/live playpath=CSPAN3@14847 swfUrl="http://www.c-span.org/cspanVideoHD.swf" pageURL="http://www.c-span.org/Live-Video/C-SPAN3/" swfVfy=true live=true</link>
            <thumbnail>http://www.lyngsat-logo.com/hires/cc/cspan3.png</thumbnail>
            <genre>News</genre>
        </item>
        
        <item>
            <title>Euro-News</title>
            <link>rtmp://media2.lsops.net/live/ playpath=euronews_en_high.sdp swfUrl="http://www.livestation.com/flash/player/5.4/player.swf" pageUrl="http://www.livestation.com/channels/1-euronews-english" swfVfy=true live=true</link>
            <thumbnail>http://dailypolicereport.com/wp-content/uploads/2010/12/Euronews_logo_globe.png</thumbnail>
            <genre>News</genre>
        </item>
    </items>
    </channel>

    <channel>
    <name>Entertainment</name>
    <thumbnail>http://community-links.googlecode.com/svn/icons/entertainment-icon.png</thumbnail>
    <fanart>http://community-links.googlecode.com/svn/icons/entertainment-fanart.jpg</fanart>
    <info> </info>
    <items>
        <item>
            <title>POKER CHANNEL</title>
            <link>mms://91.193.244.244/pokerchannel</link>
            <thumbnail>http://www.lyngsat-logo.com/hires/pp/poker_channel.png?__SQUARESPACE_CACHEVERSION=12808 35516186</thumbnail>
            <genre>Poker</genre>
            <info>The Poker Channel – Europe’s largest dedicated gaming TV network is available online to a global audience, and to more than 30 million cable and satellite homes in Europe and Latin America.</info>
            <date>07.12.2011</date>
            <epg></epg>  <!-- See daschacka's post - http://forum.xbmc.org/showpost.php?p=936228&postcount=1076 -->
        </item>
        
        <item>
            <title>HGTV</title>
            <link>rtmp://fms3.tikilive.com:1935/view/25503_122/stream25503 live=true</link>
            <thumbnail>http://www.lyngsat-logo.com/hires/hh/hgtv.png</thumbnail>
            <info>Home &amp; Garden TV - This is a high quality stream. Bitrate: ~ 2 Mb</info>
        </item>
 
        <item>
            <title>PBS</title> 
            <link>http://winstream.kamu.tamu.edu/kamu-tv?mswmext=.asf</link>
            <thumbnail>http://www.lyngsat-logo.com/logo/tv/pp/pbs.jpg?__SQUARESPACE_CACHEVERSION=1280835516186</thumbnail>
            <fanart></fanart>
            <info>PBS stream from KAMU-TV College Station, TX</info>
        </item>
        <item>
            <title>NASA</title>
            <link>http://nasa-f.akamaihd.net/public_h264_400@54826</link>
            <thumbnail>http://community-links.googlecode.com/svn/icons/nasa.png</thumbnail>
        </item>  
        <item>
            <title>NASA HD</title>
            <link>rtmp://cp76072.live.edgefcs.net/live/ pageUrl=http://www.nasa.gov/multimedia/nasatv/media_flash.html swfUrl=http://www.nasa.gov/templateimages/redesign/flash_player/swf/4.5/player.swf Playpath=MED-HQ-Flash@42814 live=true</link>
            <thumbnail>http://community-links.googlecode.com/svn/icons/nasa.png</thumbnail>
        </item>        
        <item>
            <title>NASA TV</title>
            <link>http://www.nasa.gov/145590main_Digital_Media.asx</link>
            <thumbnail>http://community-links.googlecode.com/svn/icons/nasa.png</thumbnail>
        </item>       
        <item>
            <title>NASA Education Channel</title>
            <link>http://www.nasa.gov/145588main_Digital_Edu.asx</link>
            <thumbnail>http://community-links.googlecode.com/svn/icons/nasa.png</thumbnail>
        </item>

        <item>
            <title>oc16 Hawaii</title>
            <link>rtmp://24.165.45.209/oc16live/ playpath=oc16 swfUrl=http://www.oc16.tv/videoplayer/jw/player.swf pageURL=http://www.oc16.tv/ app=oc16live/ buffer=5000 live=true swfVfy=true</link>
            <thumbnail>http://www.oc16.tv/images/oc16logo.png</thumbnail>
            <info>oc16 is a local network from Hawaii</info>
        </item>
        
    </items>
    </channel>

    <channel>
    <name>Music</name>
    <thumbnail>http://community-links.googlecode.com/svn/icons/music-icon.png</thumbnail>
    <fanart>http://community-links.googlecode.com/svn/icons/music-fanart.jpg</fanart>
    <info> </info>

    <items>
        
        <item>
            <title>The Country Network</title>         
            <link>rtmp://209.107.220.92/live?_fcs_vhost=cp76676.live.edgefcs.net pageUrl=http://tcncountry.com/videos/livestream.htm swfUrl=http://player.ooyala.com/static/cacheable/57ae5b54d4a899ddac15eb16e1a5c0c7/player_v2.swf Playpath=5uMjNmMjqqV2tI5_ZzsUtHcPRTSQiUli_640_480_600@54976 live=true timeout=60</link>
            <thumbnail>http://upload.wikimedia.org/wikipedia/en/d/dd/The_Country_Network_Logo.png</thumbnail>
        </item>
        
        <item>
            <title>OneHD Live</title>         
            <link>rtmp://93.114.43.3:1935/live/ swfUrl=http://live.1hd.ro/player5.3.swf pageUrl=http://live.1hd.ro/ playpath=onehd live=true timeout=60</link>
            <thumbnail>http://live.1hd.ro/images/logo.png</thumbnail>
        </item>
        
        <item>
            <title>OneHD Rock</title>
            <link>rtmp://93.114.43.3:1935/live/ swfUrl=http://live.1hd.ro/player5.3.swf pageUrl=http://live.1hd.ro/ playpath=rock live=true timeout=60</link>
            <thumbnail>http://live.1hd.ro/images/onehd_rock.png</thumbnail>
        </item>
                
    </items>
    
    <subchannels>
    
        <subchannel>
            <name>Streaming Radio</name>
            <thumbnail>http://community-links.googlecode.com/svn/icons/music-icon.png</thumbnail>
            <info>Streaming Radio</info>
            <subitems>
            
                <subitem>
                    <title>Hard Rock Radio Live</title>
                    <link>http://yp.shoutcast.com/sbin/tunein-station.pls?id=625229</link>
                    <thumbnail>http://www.hardrockradiolive.com/files/hrrlbannerlogo.gif</thumbnail>
                </subitem>
              
                <subitem>
                    <title>BellyUp4Blues</title>
                    <link>http://64.62.252.134:5100/listen.pls</link>
                    <thumbnail>http://bellyup4blues.com/wp-content/images/belly.png</thumbnail>
                </subitem>
              
                <subitem>
                    <title>Chronix Grit</title>
                    <link>http://www.chronixradio.com/stations/cxrgrit/listen/listen.pls</link>
                    <thumbnail>http://www.chronixradio.com/images/stations/Logo_Grit_2011.png</thumbnail>
                </subitem>
                
                <subitem>
                    <title>Boot Liquor</title>
                    <link>http://yp.shoutcast.com/sbin/tunein-station.pls?id=1377561</link>
                    <thumbnail>http://somafm.com/img/bootliquor120.jpg</thumbnail>
                </subitem>
                            
                <subitem>
                    <title>HPR1: Traditional Classic Country</title>
                    <link>http://loudcity.com/stations/hpr1-traditional-classic-country/files/show/hpr1wmp.asx</link>
                    <thumbnail>http://static.radio.de/images/broadcasts/1638_io_4.jpeg</thumbnail>
                </subitem>
                
                <subitem>
                    <title>HPR3: Indie Country...Where Independent Country Lives</title>
                    <link>http://loudcity.com/stations/hpr2-todays-classic-country/files/show/hpr3wmp.asx</link>
                    <thumbnail>http://static.radio.de/images/broadcasts/1638_io_4.jpeg</thumbnail>
                </subitem>
                
                <subitem>
                    <title>Twang City</title>
                    <link>http://twangcity.com:8090/twang.m3u</link>
                    <thumbnail>http://twangcity.com/twangcity.gif</thumbnail>
                </subitem>

            </subitems>
        </subchannel>
      </subchannels>
    </channel>
</channels>