<window id="129">
	<defaultcontrol always="true">10</defaultcontrol>
	<allowoverlay>yes</allowoverlay>
	<include>Animation_OpenCloseFade</include>
	<coordinates>
		<system>1</system>
		<posx>0</posx>
		<posy>0</posy>
		<origin x="0" y="50" />
	</coordinates>
	<controls>
		<control type="group">
			<animation type="Conditional" condition="Window.IsActive(contentsettings) | Window.IsActive(filebrowser)">
				<effect type="zoom" time="600" center="640,360" start="100" end="50" tween="cubic" easing="inout" />
				<effect type="fade" time="400" start="100" end="0" />
			</animation>
			<control type="label" id="2">
				<description>Heading</description>
				<posx>460</posx>
				<posy>38</posy>
				<width>810</width>
				<height>38</height>
				<font>METF_TitleTextLarge</font>
				<textcolor>SettingsTitle</textcolor>
				<align>left</align>
				<aligny>center</aligny>
				<label>13406</label>
			</control>
			<control type="label">
				<description>Path</description>
				<posx>440</posx>
				<posy>76</posy>
				<width>810</width>
				<height>38</height>
				<font>METF_ContextValue</font>
				<textcolor>SettingsDetail</textcolor>
				<align>left</align>
				<aligny>center</aligny>
				<label>1021</label>
			</control>
			<control type="list" id="10">
				<posx>440</posx>
				<posy>114</posy>
				<width>840</width>
				<height>190</height>
				<onup>12</onup>
				<ondown>12</ondown>
				<onleft>9000</onleft>
				<onright>-</onright>
				<scrolltime>0</scrolltime>
				<itemlayout height="38">
					<control type="label">
						<posx>20</posx>
						<width>810</width>
						<height>38</height>
						<aligny>center</aligny>
						<font>METF_ContextValue</font>
						<textcolor>SettingsDetail</textcolor>
						<selectedcolor>TextFO</selectedcolor>
						<info>ListItem.Label</info>
					</control>
				</itemlayout>
				<focusedlayout height="38">
					<control type="image">
						<posx>0</posx>
						<width>840</width>
						<height>38</height>
						<texture>ButtonFo.png</texture>
						<animation effect="fade" start="100" end="50" condition="!Control.HasFocus(10)">Conditional</animation>
					</control>
					<control type="label">
						<posx>20</posx>
						<width>810</width>
						<height>38</height>
						<aligny>center</aligny>
						<font>METF_ContextValue</font>
						<textcolor>ButtonText</textcolor>
						<selectedcolor>ButtonText</selectedcolor>
						<info>ListItem.Label</info>
					</control>
				</focusedlayout>
			</control>
			<control type="label">
				<description>Path</description>
				<posx>440</posx>
				<posy>304</posy>
				<width>810</width>
				<height>38</height>
				<font>METF_ContextValue</font>
				<textcolor>SettingsDetail</textcolor>
				<align>left</align>
				<aligny>center</aligny>
				<label>1022</label>
			</control>
			<control type="image">
				<posx>440</posx>
				<posy>342</posy>
				<width>840</width>
				<height>38</height>
				<texture>ButtonFo.png</texture>
				<animation effect="fade" start="100" end="70" condition="True">Conditional</animation>
			</control>
			<control type="button" id="12">
				<description>Name for Selected Source</description>
				<posx>440</posx>
				<posy>342</posy>
				<onup>10</onup>
				<onleft>9000</onleft>
				<onright>-</onright>
				<ondown>10</ondown>
				<width>840</width>
				<height>38</height>
				<textoffsetx>20</textoffsetx>
				<aligny>center</aligny>
				<font>METF_ContextValue</font>
				<textcolor>ButtonText</textcolor>
				<focusedcolor>ButtonText</focusedcolor>
				<texturefocus>ButtonFo.png</texturefocus>
				<disabledcolor>TextDisabled</disabledcolor>
			</control>
			<control type="group" id="9000">
				<control type="button" id="11">
					<description>Browse</description>
					<posx>0</posx>
					<posy>114</posy>
					<include>SettingsLabelLeft</include>
					<label>1024</label>
					<onleft>-</onleft>
					<onright>10</onright>
					<onup>18</onup>
					<ondown>13</ondown>
				</control>
				<control type="button" id="13">
					<description>Add Path</description>
					<posx>0</posx>
					<posy>152</posy>
					<include>SettingsLabelLeft</include>
					<label>15019</label>
					<onleft>-</onleft>
					<onright>10</onright>
					<onup>11</onup>
					<ondown>14</ondown>
				</control>
				<control type="button" id="14">
					<description>Remove Path</description>
					<posx>0</posx>
					<posy>190</posy>
					<include>SettingsLabelLeft</include>
					<label>1210</label>
					<onleft>-</onleft>
					<onright>10</onright>
					<onup>13</onup>
					<ondown>20</ondown>
				</control>
				<control type="button" id="20">
					<description>Set Content</description>
					<posx>0</posx>
					<posy>228</posy>
					<include>SettingsLabelLeft</include>
					<label>20333</label>
					<onleft>-</onleft>
					<onright>10</onright>
					<onup>14</onup>
					<ondown>19</ondown>
				</control>
				<control type="button" id="19">
					<description>Cancel</description>
					<posx>0</posx>
					<posy>266</posy>
					<include>SettingsLabelLeft</include>
					<label>222</label>
					<onleft>-</onleft>
					<onright>10</onright>
					<onup>20</onup>
					<ondown>18</ondown>
				</control>
				<control type="button" id="18">
					<description>Ok</description>
					<posx>0</posx>
					<posy>304</posy>
					<include>SettingsLabelLeft</include>
					<label>186</label>
					<onleft>-</onleft>
					<onright>10</onright>
					<onup>19</onup>
					<ondown>11</ondown>
				</control>
			</control>
			<include condition="Skin.HasSetting(DebugMode)">Debug</include>
		</control>
	</controls>
</window>
