<window id="115">
	<visible>Window.IsActive(fullscreenvideo) | Window.IsActive(Visualisation)</visible>
	<visible>![Window.IsActive(VideoOSD) | Window.IsActive(MusicOSD)] + !Window.IsActive(FullscreenInfo) + [!SubString(Window(Videos).Property(CinemaExperienceRunning),True) | [SubString(Window(Videos).Property(CinemaExperienceRunning),True) + !Player.Caching]] + [Player.Seeking | Player.DisplayAfterSeek | Player.Paused | Player.Forwarding | Player.Rewinding]</visible>
	<controls>
		<include>OSD_Player_Banner</include>
		<include condition="!Skin.HasSetting(Slim_Seekbar)">OSD_Progress_Bar2</include> 
		<include condition="Skin.HasSetting(Slim_Seekbar)">OSD_Progress_Bar3</include>
		<include>OSD_Player_Details</include>
		<include>OSD_Player_Time</include>
		<include condition="!Skin.HasSetting(Slim_Seekbar)">MediaInfo2</include>
		<include condition="Skin.HasSetting(DebugGrid)">Object_DebugGrid</include>
		<include condition="Skin.HasSetting(DebugMode)">Debug</include>
	</controls>
</window>
