<window id="605">
	<defaultcontrol always="true">4</defaultcontrol>

	<controls>
		<include>Global_Background</include>

		<!-- Channel information -->
		<control type="group">
			<posx>870</posx>
			<posy>80</posy>
			<control type="radiobutton" id="7">
				<description>Channel Enabled</description>
				<posx>0</posx>
				<width>380</width>
				<include>SettingsLabel</include>
				<label>$LOCALIZE[19074]</label>
				<onleft>60</onleft>
				<onright>4</onright>
				<onup>33</onup>
				<ondown>8</ondown>
			</control>
			<control type="edit" id="8">
				<description>Channel Name</description>
				<posx>0</posx>
				<posy>35</posy>
				<width>380</width>
				<include>SettingsLabel</include>
				<label>$LOCALIZE[19201]</label>
				<onright>4</onright>
				<onleft>60</onleft>
				<onup>7</onup>
				<ondown>9</ondown>
			</control>
			<control type="button" id="9">
				<description>Channel Logo (Text)</description>
				<posx>0</posx>
				<posy>70</posy>
				<width>380</width>
				<include>SettingsLabel</include>
				<label>$LOCALIZE[19202]</label>
				<onleft>60</onleft>
				<onright>4</onright>
				<onup>8</onup>
				<ondown>11</ondown>
			</control>
			<control type="image" id="10">
				<description>Channel Logo (Icon)</description>
				<posx>335</posx>
				<posy>70</posy>
				<width>35</width>
				<height>35</height>
				<aspectratio>keep</aspectratio>
				<info>ListItem.Property(Icon)</info>
			</control>
			<control type="spincontrolex" id ="11">
				<description>Group Selection</description>
				<posx>0</posx>
				<posy>105</posy>
				<width>380</width>
				<include>SettingsLabel</include>
				<label>$LOCALIZE[19207]</label>
				<onright>4</onright>
				<onleft>60</onleft>
				<onup>9</onup>
				<ondown>12</ondown>
			</control>
			<control type="radiobutton" id ="12">
				<description>EPG Activated</description>
				<posx>0</posx>
				<posy>140</posy>
				<width>380</width>
				<include>SettingsLabel</include>
				<label>$LOCALIZE[19206]</label>
				<onleft>60</onleft>
				<onright>4</onright>
				<onup>11</onup>
				<ondown>13</ondown>
			</control>
			<control type="spincontrolex" id ="13">
				<description>EPG Source</description>
				<posx>0</posx>
				<posy>175</posy>
				<width>380</width>
				<include>SettingsLabel</include>
				<label>$LOCALIZE[19200]</label>
				<onright>4</onright>
				<onleft>60</onleft>
				<onup>12</onup>
				<ondown>30</ondown>
			</control>
		</control>

		<!-- Action Buttons group -->
		<control type="group">
			<posx>870</posx>
			<posy>340</posy>
			<control type="button" id ="30">
				<description>Group Manager Button</description>
				<posx>0</posx>
				<posy>0</posy>
				<width>380</width>
				<height>35</height>
				<include>SettingsLabel</include>
				<label>$LOCALIZE[19205]</label>
				<onleft>60</onleft>
				<onright>4</onright>
				<onup>13</onup>
				<ondown>34</ondown>
			</control>
			<control type="button" id ="34">
				<description>Radio Switch Button</description>
				<posx>0</posx>
				<posy>35</posy>
				<width>380</width>
				<height>35</height>
				<include>SettingsLabel</include>
				<label>$LOCALIZE[19024]</label>
				<visible>IsEmpty(Window.Property(IsRadio))</visible>
				<onleft>60</onleft>
				<onright>4</onright>
				<onup>30</onup>
				<ondown>31</ondown>
			</control>
			<control type="button" id ="34">
				<description>TV Channel Switch Button</description>
				<posx>0</posx>
				<posy>35</posy>
				<width>380</width>
				<height>35</height>
				<include>SettingsLabel</include>
				<label>$LOCALIZE[19023]</label>
				<visible>!IsEmpty(Window.Property(IsRadio))</visible>
				<onleft>60</onleft>
				<onright>4</onright>
				<onup>30</onup>
				<ondown>31</ondown>
			</control> 
			<control type="button" id ="31">
				<description>Edit Channel Button</description>
				<posx>0</posx>
				<posy>70</posy>
				<width>380</width>
				<height>35</height>
				<include>SettingsLabel</include>
				<label>$LOCALIZE[19203]</label>
				<onleft>60</onleft>
				<onright>4</onright>
				<onup>34</onup>
				<ondown>32</ondown>
			</control>
			<control type="button" id ="32">
				<description>Delete Channel Button</description>
				<posx>0</posx>
				<posy>105</posy>
				<width>380</width>
				<height>35</height>
				<include>SettingsLabel</include>
				<label>$LOCALIZE[19211]</label>
				<onleft>60</onleft>
				<onright>4</onright>
				<onup>31</onup>
				<ondown>33</ondown>
			</control>
			<control type="button" id ="33">
				<description>New Channel Button</description>
				<posx>0</posx>
				<posy>140</posy>
				<width>380</width>
				<height>35</height>
				<include>SettingsLabel</include>
				<label>$LOCALIZE[19204]</label>
				<onleft>60</onleft>
				<onright>4</onright>
				<onup>32</onup>
				<ondown>7</ondown>
			</control>
		</control>

		<!-- TV Channel list-->
		<control type="group">
			<posx>450</posx>
			<posy>70</posy>
			<control type="list" id="20">
				<posx>0</posx>
				<posy>10</posy>
				<width>370</width>
				<height>435</height>
				<onleft>4</onleft>
				<onright>60</onright>
				<pagecontrol>60</pagecontrol>
				<scrolltime>200</scrolltime>
				<itemlayout height="40">
					<control type="image">
						<posx>15</posx>
						<posy>5</posy>
						<width>32</width>
						<height>32</height>
						<info>ListItem.Property(Icon)</info>
					</control>
					<control type="label">
						<posx>50</posx>
						<posy>0</posy>
						<width>290</width>
						<height>38</height>
						<align>left</align>
						<aligny>center</aligny>
						<include>SettingsLabel</include>
						<label>$INFO[ListItem.Property(Number),(,) - ]$INFO[ListItem.Property(Name)]</label>
					</control>
				</itemlayout>
				<focusedlayout height="40">
					<control type="image">
						<posx>0</posx>
						<posy>0</posy>
						<height>40</height>
						<width>350</width>
						<texture>ButtonFo.png</texture>
						<animation effect="fade" start="100" end="50" condition="!Control.HasFocus(20)">Conditional</animation>
					</control>
					<control type="image">
						<posx>15</posx>
						<posy>5</posy>
						<width>32</width>
						<height>32</height>
						<info>ListItem.Property(Icon)</info>
					</control>
					<control type="label">
						<posx>50</posx>
						<posy>0</posy>
						<width>290</width>
						<height>38</height>
						<align>left</align>
						<aligny>center</aligny>
						<include>SettingsLabel</include>
						<label>$INFO[ListItem.Property(Number),(,) - ]$INFO[ListItem.Property(Name)]</label>
					</control>
				</focusedlayout>
			</control>

			<control type="scrollbar" id="60">
				<posx>364</posx>
				<posy>0</posy>
				<width>25</width>
				<height>455</height>
				<onleft>20</onleft>
				<onright>7</onright>
				<texturesliderbackground>-</texturesliderbackground>
				<textureslidernibfocus>ScrollBarV_Nib_Focus.png</textureslidernibfocus>
				<showonepage>false</showonepage>
				<orientation>vertical</orientation>
			</control>    
		</control>

		<!-- Default Menu -->
		<control type="grouplist">
			<posx>0</posx>
			<posy>236</posy>
			<itemgap>12</itemgap>
			<orientation>vertical</orientation>
			<onleft>7</onleft>
			<onright>20</onright>
			<control type="button" id="4">
				<description>OK Button</description>
				<include>SettingsLabelLeft</include>
				<label>$LOCALIZE[186]</label>
			</control>
			<control type="button" id="5">
				<description>Apply Changes Button</description>
				<include>SettingsLabelLeft</include>
				<label>$LOCALIZE[14070]</label>
			</control>
			<control type="button" id="6">
				<description>Cancel Button</description>
				<include>SettingsLabelLeft</include>
				<label>$LOCALIZE[222]</label>
			</control>
		</control>

		<!-- Header group --> 
		<control type="group">
			<posx>30</posx>
			<posy>10</posy>
			<include>Animation_SlideDownFadeOut</include>
			<control type="label">
				<label>$LOCALIZE[5]</label>
				<include>Global_HeadingSectionVars</include>
			</control>
			<control type="label">
				<label>$LOCALIZE[19199]</label>
				<include>Global_HeadingDetailVars</include>
			</control>
		</control>

		<!-- Time, weather and debug options -->
		<include>Global_Weather</include>
 		<include>Global_Time</include>
		<include condition="Skin.HasSetting(DebugGrid)">Object_DebugGrid</include>
		<include condition="Skin.HasSetting(DebugMode)">Debug</include>
	</controls>
</window>
