<window id="10140">
	<defaultcontrol always="true">9</defaultcontrol>
	<include>Animation_OpenCloseFade</include>
	<coordinates>
		<system>1</system>
		<posx>0</posx>
		<posy>0</posy>
		<origin x="0" y="0" />
	</coordinates>
	<controls>		
		<control type="group">
			<animation type="Conditional" condition="Window.IsActive(filebrowser)">
				<effect type="zoom" time="600" center="640,360" start="100" end="50" tween="cubic" easing="inout" />
				<effect type="fade" time="400" start="100" end="0" />
			</animation>
			<posy>-110</posy>
			<control type="label" id="20">
				<description>Header Label</description>
				<posx>460</posx>
				<posy>175</posy>
				<width>810</width>
				<height>38</height>
				<font>METF_TitleTextLarge</font>
				<textcolor>SettingsTitle</textcolor>
				<align>left</align>
				<aligny>center</aligny>
				<label>-</label>
			</control>
			<control type="grouplist" id="2">
				<description>Control Area</description>
				<include condition="!Window.IsActive(ContentSettings)">SettingsAddons_List1</include>
				<include condition="Window.IsActive(ContentSettings)">SettingsAddons_List2</include>
			</control>
			<control type="button" id="3">
				<description>Default Button</description>
				<include>SettingsLabel</include>
			</control>
			<control type="radiobutton" id="4">
				<description>Default RadioButton</description>
				<include>SettingsLabel</include>
			</control>
			<control type="spincontrolex" id="5">
				<description>Default SpinControlex</description>
				<include>SettingsLabel</include>
			</control>
			<control type="image" id="6">
				<description>Default Seperator</description>
				<include>Settings_Line</include>
			</control>
			<control type="label" id="7">
				<description>Separator label</description>
				<font>METF_Menu</font>
				<include>SettingsLabel</include>
			</control>
			<control type="sliderex" id="8">
				<description>Default Slider</description>
				<include>SettingsLabel</include>
				<sliderwidth>300</sliderwidth>
				<sliderheight>16</sliderheight>
				<texturesliderbar>osdsliderback.png</texturesliderbar>
				<textureslidernib>osdslidernib_2.png</textureslidernib>
				<textureslidernibfocus>osdslidernib.png</textureslidernibfocus>
			</control>
			<control type="grouplist" id="9">
				<description>Button Area</description>
				<posx>0</posx>
				<posy>392</posy>
				<width>380</width>
				<height>230</height>
				<itemgap>0</itemgap>
				<scrolltime>0</scrolltime>
				<onleft>2</onleft>
				<onright>2</onright>
				<onup>10</onup>
				<ondown>12</ondown>
				<orientation>vertical</orientation>
			</control>
			<control type="button" id="13">
				<description>Default Button</description>
				<include>SettingsLabelLeft</include>
			</control>
			<control type="group">
				<animation effect="slide" end="38,0" condition="IntegerGreaterThan(Container(9).NumItems,0)">Conditional</animation>
				<control type="button" id="12">
					<description>Default</description>
					<posx>0</posx>
					<posy>240</posy>
					<include>SettingsLabelLeft</include>
					<label>$LOCALIZE[409]</label>
					<onleft>2</onleft>
					<onright>2</onright>
					<onup>9</onup>
					<ondown>11</ondown>
				</control>
				<control type="button" id="11">
					<description>Cancel</description>
					<posx>0</posx>
					<posy>278</posy>
					<include>SettingsLabelLeft</include>
					<label>$LOCALIZE[222]</label>
					<onleft>2</onleft>
					<onright>2</onright>
					<onup>12</onup>
					<ondown>10</ondown>
				</control>
				<control type="button" id="10">
					<description>Ok</description>
					<posx>0</posx>
					<posy>316</posy>
					<include>SettingsLabelLeft</include>
					<label>$LOCALIZE[186]</label>
					<onleft>2</onleft>
					<onright>2</onright>
					<onup>11</onup>
					<ondown>9</ondown>
				</control>
			</control>
			<control type="image">
				<include>Animation_CommonFadeNoHide</include>
				<posx>848</posx>
				<posy>218</posy>
				<height>24</height>
				<width>24</width>
				<texture>Arrow2Up.png</texture>
				<colordiffuse>ArrowDiffuse</colordiffuse>
				<visible>Container(2).HasPrevious</visible>
			</control>
			<control type="image">
				<include>Animation_CommonFadeNoHide</include>
				<posx>848</posx>
				<posy>620</posy>
				<height>24</height>
				<width>24</width>
				<texture>Arrow2Down.png</texture>
				<colordiffuse>ArrowDiffuse</colordiffuse>
				<visible>Container(2).HasNext</visible>
			</control>
		</control>
		<include condition="Skin.HasSetting(DebugMode)">Debug</include>
	</controls>
</window>
