<window id="136">
	<animation type="WindowOpen" reversible="false">
		<effect type="zoom" start="80" end="100" center="auto" delay="1800" easing="out" tween="back" time="300" />
		<effect type="fade" delay="1800" start="0" end="100" time="300" />
	</animation>
	<animation type="WindowClose" reversible="false">
		<effect type="zoom" start="100" end="80" center="auto" easing="in" tween="back" time="300" />
		<effect type="fade" start="100" end="0" time="300" />
	</animation>
	<controls>
		<control type="group">
			<visible>!SubString(Window(Videos).Property(CinemaExperienceRunning),True)</visible>
			<posx>480</posx>
			<posy>300</posy>
			<control type="image">
				<posx>0</posx>
				<posy>0</posy>
				<width>320</width>
				<height>120</height>
				<texture>frames/Dialog_Glass2Medium.png</texture>
				<colordiffuse>DialogBackgroundColor</colordiffuse>
			</control>
			<control type="image">
				<posx>28</posx>
				<posy>32</posy>
				<width>60</width>
				<height>60</height>
				<texture>dialogs/Dialog_BusyIcon.png</texture>
				<colordiffuse>-</colordiffuse>
				<animation effect="rotate" start="360" end="0" center="auto" time="2500" loop="true" condition="true">conditional</animation>
			</control>
			<control type="label">
				<description>Heading Label</description>
				<posx>100</posx>
				<posy>30</posy>
				<width>210</width>
				<height>30</height>
				<font>METF_DialogLargeBold</font>
				<textcolor>TextNF</textcolor>
				<label>503</label>
			</control>
			<control type="label">
				<posx>100</posx>
				<posy>60</posy>
				<width>210</width>
				<height>30</height>
				<font>METF_DialogLargeBold</font>
				<textcolor>DialogTextFO</textcolor>
				<label>20186</label>
			</control>
		</control>
		<include condition="Skin.HasSetting(DebugMode)">Debug</include>
	</controls>
</window>
