<window type="buttonMenu" id="111">
	<defaultcontrol always="true">410</defaultcontrol>
	<animation type="WindowOpen" reversible="false">
		<effect type="zoom" start="80" end="100" center="auto" easing="out" tween="back" time="300" />
		<effect type="fade" start="0" end="100" time="300" />
	</animation>
	<animation type="WindowClose" reversible="false">
		<effect type="zoom" start="100" end="80" center="auto" easing="in" tween="back" time="300" />
		<effect type="fade" start="100" end="0" time="300" />
	</animation>
	<controls>
		<control type="group">
			<!-- Background Panel -->
			<control type="image">
				<description>Background Image</description>
				<posx>438</posx>
				<posy>65</posy>
				<width>404</width>
				<height>500</height>
				<texture>frames/Menu_Glass2b.png</texture>
				<colordiffuse>DialogBackgroundColor</colordiffuse>
			</control>
			<!-- Menu -->
			<control type="button" id="410">
				<onfocus>Dialog.Close(movieinformation)</onfocus>
				<onfocus>Dialog.Close(contextmenu)</onfocus>
				<onfocus>SetFocus(1)</onfocus>
			</control>
			<control type="grouplist" id="1">
				<posx>470</posx>
				<posy>120</posy>
				<onup>1</onup>
				<ondown>1</ondown>
				<onleft>Dialog.Close(shutdownmenu)</onleft>
				<onright>Dialog.Close(shutdownmenu)</onright>
				<orientation>vertical</orientation>
				<control type="togglebutton" id="3110">
					<description>Master mode button</description>
					<include>SettingsShutdownMenu</include>
					<label>20046</label>
					<altlabel>20045</altlabel>
					<onclick>XBMC.MasterMode</onclick>
					<visible>System.HasLocks</visible>
				</control>
				<control type="button" id="3111">
					<description>Settings</description>
					<include>SettingsShutdownMenu</include>
					<label>$LOCALIZE[5]</label>
					<onclick>ActivateWindow(Settings)</onclick>
				</control>
				<control type="button" id="3112">
					<description>Set Shutdown Timer</description>
					<include>SettingsShutdownMenu</include>
					<label>$LOCALIZE[31458]</label>
					<onclick>AlarmClock(ShutdownTimer,Shutdown)</onclick>
					<visible>!System.HasAlarm(ShutdownTimer)</visible>
					<visible>!Skin.HasSetting(NoShutdownDestructive)</visible>
				</control>
				<control type="button" id="3113">
					<description>Cancel Shutdown Timer</description>
					<include>SettingsShutdownMenu</include>
					<label>$LOCALIZE[31459]</label>
					<onclick>CancelAlarm(ShutdownTimer)</onclick>
					<visible>System.HasAlarm(ShutdownTimer)</visible>
				</control>
				<control type="button" id="3114">
					<include>SettingsShutdownMenu</include>
					<label>$LOCALIZE[13011]</label>
					<onclick>Suspend()</onclick>
					<visible>!Skin.HasSetting(NoShutdownDestructive)</visible>
				</control>
				<control type="button" id="3115">
					<include>SettingsShutdownMenu</include>
					<label>$LOCALIZE[13010]</label>
					<onclick>Hibernate()</onclick>
					<visible>!Skin.HasSetting(NoShutdownDestructive)</visible>
				</control>
				<control type="button" id="3116">
					<include>SettingsShutdownMenu</include>
					<label>$LOCALIZE[13013]</label>
					<onclick>Reboot()</onclick>
					<visible>System.CanReboot</visible>
					<visible>!Skin.HasSetting(NoShutdownDestructive)</visible>
				</control>
				<control type="button" id="3117">
					<include>SettingsShutdownMenu</include>
					<label>$LOCALIZE[13005]</label>
					<onclick>Shutdown()</onclick>
					<visible>!Skin.HasSetting(NoShutdownDestructive)</visible>
				</control>
				<control type="button" id="3118">
					<description>LogOff</description>
					<include>SettingsShutdownMenu</include>
					<label>$LOCALIZE[20126]</label>
					<onclick>Dialog.Close(all,true)</onclick>
					<onclick>System.LogOff</onclick>
					<visible>System.HasLoginScreen</visible>
				</control>
				<control type="button" id="3119">
					<description>Reload Skin</description>
					<include>SettingsShutdownMenu</include>
					<label>$LOCALIZE[20183]</label>
					<onclick>ReloadSkin()</onclick>
					<visible>Skin.HasSetting(DebugMode)</visible>
				</control>
				<control type="button" id="3120">
					<description>Quit</description>
					<include>SettingsShutdownMenu</include>
					<label>$LOCALIZE[13012]</label>
					<onclick>XBMC.Quit()</onclick>
				</control>
			</control>
		</control>
		<include condition="Skin.HasSetting(DebugGrid)">Object_DebugGrid</include>
		<include condition="Skin.HasSetting(DebugMode)">Debug</include>
	</controls>
</window>
