<includes>
	<include name="MediaInfo">
		<control type="group" id="9901">
			<include>Animation_FadedByMenu</include>
			<include>Animation_CommonFade</include>
			<visible>!IsEmpty(ListItem.Title)</visible>
			<visible>Container.Content(movies) | Container.Content(tvshows) | Container.Content(seasons) | Container.Content(episodes) | SubString(Container.FolderPath,plugin)</visible>
			<!-- limiting this to Advanced Launcher add-on only for now -->
			<visible>!SubString(Container.FolderPath,plugin) | SubString(Container.FolderPath,advanced.launcher)</visible>
			<visible>![Container.Content(movies) + IsEmpty(listitem.Genre) + IsEmpty(ListItem.VideoResolution)]</visible>
			<visible>![Player.HasAudio + Skin.HasSetting(MusicCoverArtOverlay)]</visible>
			<!-- Studio -->
			<control type="group">
				<posx>6</posx>
				<posy>565</posy>
				<control type="image">
					<height>70</height>
					<aspectratio aligny="center">keep</aspectratio>
					<texture fallback="flags/default.png">special://skin/extras/studios/$INFO[ListItem.Studio,,.png]</texture>
					<colordiffuse>MediaFlagDiffuse</colordiffuse>
					<visible>!IsEmpty(ListItem.Studio) + !SubString(Container.FolderPath,advanced.launcher)</visible>
				</control>
				<control type="image">
					<height>70</height>
					<aspectratio aligny="center">keep</aspectratio>
					<texture fallback="flags/default.png">special://skin/extras/games/studios/$INFO[ListItem.Studio,,.png]</texture>
					<colordiffuse>MediaFlagDiffuse</colordiffuse>
					<visible>!IsEmpty(ListItem.Studio) + SubString(Container.FolderPath,advanced.launcher)</visible>
				</control>
				<control type="image">
					<height>70</height>
					<aspectratio aligny="center">keep</aspectratio>
					<texture>flags/default.png</texture>
					<colordiffuse>MediaFlagDiffuse</colordiffuse>
					<visible>IsEmpty(ListItem.Studio)</visible>
				</control>
				<control type="image">
					<posx>10</posx>
					<posy>-9</posy>
					<width>140</width>
					<height>90</height>
					<texture>flags/flag_frame.png</texture>
					<colordiffuse>MediaFlagBoxDiffuse</colordiffuse>
				</control>
			</control>
			<control type="grouplist">
				<posx>18</posx>
				<posy>651</posy>
				<width>260</width>
				<height>62</height>
				<align>left</align>
				<itemgap>8</itemgap>
				<orientation>horizontal</orientation>
				<!-- MPAA Flag (or Game Platform when in Advanced Launcher addon) -->
				<control type="group">
					<width>58</width>
					<height>62</height>
					<control type="image">
						<include>MediaFlagsVarsSquare</include>
						<texture>$VAR[MediaFlag_MPAA]</texture>
						<colordiffuse>MediaFlagDiffuse</colordiffuse>
						<visible>!SubString(Container.FolderPath,advanced.launcher)</visible>
					</control>
					<control type="image">
						<include>MediaFlagsVarsSquare</include>
						<texture>special://skin/extras/games/platforms/$INFO[ListItem.Writer,,.png]</texture>
						<colordiffuse>MediaFlagDiffuse</colordiffuse>
						<visible>!IsEmpty(ListItem.Writer) + SubString(Container.FolderPath,advanced.launcher)</visible>
					</control>
					<control type="image">
						<posx>2</posx>
						<width>66</width>
						<height>54</height>
						<texture>flags/flag_framesquare.png</texture>
						<colordiffuse>MediaFlagBoxDiffuse</colordiffuse>
					</control>
				</control>
				<!-- Star Rating (or Game Genre when in Advanced Launcher addon) -->
				<control type="group">
					<width>58</width>
					<height>62</height>
					<control type="image">
						<include>MediaFlagsVarsSquare</include>
						<texture>Star.png</texture>
						<colordiffuse>RatingStarDiffuse</colordiffuse>
						<visible>!SubString(Container.FolderPath,advanced.launcher)</visible>
					</control>
					<control type="label">
						<include>MediaFlagsVarsSquare</include>
						<align>center</align>
						<aligny>center</aligny>
						<label fallback="NA">$INFO[ListItem.Rating]</label>
						<textcolor>MediaFlagDiffuse</textcolor>
						<font>METF_StarRating</font>
						<visible>!SubString(Container.FolderPath,advanced.launcher)</visible>
					</control>
					<control type="image">
						<include>MediaFlagsVarsSquare</include>
						<texture>special://skin/extras/games/genres/$INFO[ListItem.Genre,,.png]</texture>
						<colordiffuse>MediaFlagDiffuse</colordiffuse>
						<visible>!IsEmpty(ListItem.Genre) + SubString(Container.FolderPath,advanced.launcher)</visible>
					</control>
					<control type="image">
						<posx>2</posx>
						<width>66</width>
						<height>54</height>
						<texture>flags/flag_framesquare.png</texture>
						<colordiffuse>MediaFlagBoxDiffuse</colordiffuse>
					</control>
				</control>
				<!-- IMDb Top250 Flag -->
				<control type="group">
					<width>58</width>
					<height>62</height>
					<visible>!IsEmpty(ListItem.Top250) + !SubString(ListItem.Top250,0,Left)</visible>
					<control type="image">
						<include>MediaFlagsVarsSquareHalfTop</include>
						<texture>flags/IMDB-Logo.png</texture>
						<colordiffuse>IMDbDiffuse</colordiffuse>
					</control>
					<control type="label">
						<include>MediaFlagsVarsSquareHalfBottom</include>
						<align>center</align>
						<label>$INFO[ListItem.Top250]</label>
						<textcolor>MediaFlagDiffuse</textcolor>
						<font>METF_DialogSmallBold</font>
					</control>
					<control type="image">
						<posx>2</posx>
						<width>66</width>
						<height>54</height>
						<texture>flags/flag_framesquare.png</texture>
						<colordiffuse>MediaFlagBoxDiffuse</colordiffuse>
					</control>
				</control>
			</control>
		</control>
	</include>
</includes>
