<window id="131">
	<defaultcontrol>5</defaultcontrol>
	<controls>
		<control type="group">
			<include>Animation_OpenCloseFade</include>
			<animation type="Conditional" condition="Window.IsActive(contextmenu) | Window.IsActive(okdialog)">
				<effect type="zoom" time="600" center="640,360" start="100" end="50" tween="cubic" easing="inout" />
				<effect type="fade" time="400" start="100" end="0" />
			</animation>
			<control type="label">
				<description>header label</description>
				<posx>460</posx>
				<posy>158</posy>
				<width>810</width>
				<height>38</height>
				<font>METF_TitleTextLarge</font>
				<textcolor>SettingsTitle</textcolor>
				<align>left</align>
				<aligny>center</aligny>
				<label>$LOCALIZE[20043]</label>
			</control>
			<control type="grouplist" id="5">
				<description>control area</description>
				<posx>440</posx>
				<posy>234</posy>
				<width>840</width>
				<height>304</height>
				<itemgap>0</itemgap>
				<onleft>28</onleft>
				<onright>-</onright>
				<onup>5</onup>
				<ondown>5</ondown>
			</control>
			<control type="button" id="7">
				<description>Default Button</description>
				<include>SettingsLabel</include>
			</control>
			<control type="radiobutton" id="8">
				<description>Default RadioButton</description>
				<include>SettingsLabel</include>
			</control>
			<control type="spincontrolex" id="9">
				<description>Default SpinControlex</description>
				<include>SettingsLabel</include>
			</control>
			<control type="button" id="29">
				<description>Cancel</description>
				<posx>0</posx>
				<posy>234</posy>
				<include>SettingsLabelLeft</include>
				<label>$LOCALIZE[222]</label>
				<onleft>-</onleft>
				<onright>5</onright>
				<onup>28</onup>
				<ondown>28</ondown>
			</control>
			<control type="button" id="28">
				<description>Ok</description>
				<posx>0</posx>
				<posy>272</posy>
				<include>SettingsLabelLeft</include>
				<label>$LOCALIZE[186]</label>
				<onleft>-</onleft>
				<onright>5</onright>
				<onup>29</onup>
				<ondown>29</ondown>
			</control>
			<include>Global_ContextFilter</include>
			<include condition="Skin.HasSetting(DebugGrid)">Object_DebugGrid</include>
			<include condition="Skin.HasSetting(DebugMode)">Debug</include>
		</control>
	</controls>
</window>
