<window id="2006">
	<allowoverlay>no</allowoverlay>
	<onload condition="Skin.HasSetting(VisBgArtistSlideshow)">RunScript(script.artistslideshow)</onload>
	<defaultcontrol>-</defaultcontrol>
	<controls>
		
		<control type="multiimage" id="99">
			<posx>0</posx>
			<posy>0</posy>
			<width>1280</width>
			<height>720</height>
			<imagepath background="true">$INFO[Window(Visualisation).Property(ArtistSlideshow)]</imagepath>
			<aspectratio>keep</aspectratio>
			<timeperimage>10000</timeperimage>
			<fadetime>2000</fadetime>
			<randomize>true</randomize>
			<include>Animation_BackdropFade</include>
			<visible>Skin.HasSetting(VisBgArtistSlideshow)</visible>
		</control>
		<control type="image">
			<posx>0</posx>
			<posy>0</posy>
			<width>1280</width>
			<height>720</height>
			<texture background="true" fallback="special://skin/backgrounds/music.jpg">$INFO[MusicPlayer.Property(Fanart_Image)]</texture>
			<aspectratio>scale</aspectratio>
			<fadetime>400</fadetime>
			<include>Animation_BackdropFade</include>
			<visible>Skin.HasSetting(VisBgFanart)</visible>
		</control>
		<control type="multiimage">
			<posx>0</posx>
			<posy>0</posy>
			<width>1280</width>
			<height>720</height>
			<imagepath background="true">$INFO[Player.FolderPath,,../extrafanart/]</imagepath>
			<timeperimage>7000</timeperimage>
			<randomize>true</randomize>
			<fadetime>1000</fadetime>
			<include>Animation_BackdropFade</include>
			<visible>Skin.HasSetting(VisBgExtraFanart)</visible>
		</control>
		<control type="visualisation" id="2">
			<description>visualisation</description>
			<posx>0</posx>
			<posy>0</posy>
			<width>1280</width>
			<height>720</height>
			<include>Animation_BackdropFade</include>
			<visible>!Skin.HasSetting(VisBgArtistSlideshow)</visible>
		</control>
		<control type="group">
			<visible>Player.ShowInfo + Skin.HasSetting(ShowMusicTime) + !Window.IsVisible(120)</visible>
			<include>Animation_CommonFade</include>
			<control type="label">
				<posx>1250</posx>
				<posy>10</posy>
				<width>150</width>
				<height>40</height>
				<aligny>center</aligny>
				<align>right</align>
				<font>METF_OSDTime</font>
				<textcolor>OSDFinishTime</textcolor>
				<label>$INFO[MusicPlayer.PlaylistPosition]$INFO[MusicPlayer.PlaylistLength,/]</label>
			</control>
		</control>
		<control type="group">
			<visible>Player.ShowInfo + !Window.IsVisible(120)</visible>
			<animation type="Visible">
				<effect type="fade" time="200" start="0" end="100" />
				<effect type="slide" time="600" start="0,151" end="0,0" easing="out" tween="cubic" />
			</animation>
			<animation type="Hidden">
				<effect type="fade" time="200" start="100" end="0" />
				<effect type="slide" time="600" start="0,0" end="0,151" easing="out" tween="cubic" />
			</animation>
			<control type="image">
				<posx>0</posx>
				<posy>460</posy>
				<width>1280</width>
				<height>260</height>
				<texture>osd/OSDdialogback.png</texture>
				<colordiffuse>OSDBackgroundColor</colordiffuse>
				<visible>!Skin.HasSetting(SlimMusicInfo)</visible>
			</control>
			<control type="image">
				<posx>0</posx>
				<posy>546</posy>
				<width>1300</width>
				<height>194</height>
				<texture>black.png</texture>
				<colordiffuse>dd909090</colordiffuse>
				<visible>Skin.HasSetting(SlimMusicInfo) + !Skin.HasSetting(HideVisClock) + !Skin.HasSetting(HideClockTemp)</visible>
			</control>
			<control type="image">
				<posx>0</posx>
				<posy>580</posy>
				<width>1280</width>
				<height>160</height>
				<texture>black.png</texture>
				<colordiffuse>dd909090</colordiffuse>
				<visible>Skin.HasSetting(SlimMusicInfo) + !Skin.HasSetting(HideVisClock) + Skin.HasSetting(HideClockTemp)</visible>
			</control>
			<control type="image">
				<posx>0</posx>
				<posy>606</posy>
				<width>1280</width>
				<height>134</height>
				<texture>black.png</texture>
				<colordiffuse>dd909090</colordiffuse>
				<visible>Skin.HasSetting(SlimMusicInfo) + Skin.HasSetting(HideVisClock)</visible>
			</control>
			<control type="group">
				<posx>-20</posx>
				<posy>555</posy>
				<animation effect="slide" start="-280" end="30" time="600" tween="cubic" easing="out" delay="400">WindowOpen</animation>
				<animation effect="slide" start="30" end="-280" time="600" tween="cubic" easing="out" delay="800">WindowClose</animation> 
				<visible>!Skin.HasSetting(SlimMusicInfo) + Skin.HasSetting(MusicCoverArtOverlay)</visible>
				<control type="image" id="7026">
					<width>180</width>
					<height>180</height>
					<posx>64</posx>
					<posy>-70</posy>
					<include>Animation_SpinningCD</include>
				</control>
				<control type="image">
					<description>cover image</description>
					<posx>-50</posx>
					<posy>-80</posy>
					<width>340</width>
					<height>200</height>
					<fadetime>200</fadetime>
					<texture background="true">$INFO[MusicPlayer.Cover]</texture>
					<aspectratio aligny="bottom">keep</aspectratio>
					<bordertexture border="8">thumb_border.png</bordertexture>
					<bordersize>8</bordersize>
				</control>
			</control>
			<control type="image" id="1">
				<posx>525</posx>
				<posy>475</posy><!-- -143 -->
				<align>center</align>
				<aligny>center</aligny>
				<scroll>true</scroll>
				<width>230</width>
				<height>89</height>
				<texture>$INFO[Player.FolderPath,,../logo.png]</texture>
				<visible>!Skin.HasSetting(SlimMusicInfo) + !IsEmpty(Control.GetLabel(1))</visible>
			</control>
			<control type="image" id="2">
				<posx>525</posx>
				<posy>475</posy><!-- -143 -->
				<align>center</align>
				<aligny>center</aligny>
				<scroll>true</scroll>
				<width>230</width>
				<height>89</height>
				<texture>$INFO[Player.FolderPath,,../../logo.png]</texture>
				<visible>!Skin.HasSetting(SlimMusicInfo) + IsEmpty(Control.GetLabel(1))</visible>
			</control>
			<control type="label">
				<posx>315</posx>
				<posy>485</posy><!-- -143 -->
				<width>650</width>
				<height>25</height>
				<align>center</align>
				<aligny>-</aligny>
				<scroll>true</scroll>
				<font>METF_MusicVizTitle</font>
				<label>[COLOR=NowPlayingTitle]$INFO[MusicPlayer.Artist][/COLOR]</label>
				<visible>!Skin.HasSetting(SlimMusicInfo) + ![Control(1).IsVisible | Control(2).IsVisible]</visible>
			</control>
			<control type="label">
				<posx>315</posx>
				<posy>575</posy> <!-- -103 -->
				<width>650</width>
				<height>24</height>
				<align>center</align>
				<font>METF_TitleTextLarge</font>
				<label>$INFO[MusicPlayer.Album]</label>
				<textcolor>80C2C4C3</textcolor>
				<visible>!Skin.HasSetting(SlimMusicInfo)</visible>
			</control>
			<control type="label">
				<posx>10</posx>
				<posy>610</posy><!-- -143 -->
				<width>336</width>
				<height>30</height>
				<align>left</align>
				<aligny>-</aligny>
				<scroll>true</scroll>
				<font>METF_SettingsHeading</font>
				<label>[COLOR=NowPlayingTitle]$INFO[MusicPlayer.Artist][/COLOR]</label>
				<visible>Skin.HasSetting(SlimMusicInfo)</visible>
			</control>
			<control type="label">
				<posx>10</posx>
				<posy>640</posy> <!-- -103 -->
				<width>336</width>
				<height>30</height>
				<align>left</align>
				<font>METF_SettingsHeading</font>
				<label>$INFO[MusicPlayer.Album]</label>
				<textcolor>80C2C4C3</textcolor>
				<visible>Skin.HasSetting(SlimMusicInfo)</visible>
			</control>
			<control type="label">
				<posx>315</posx>
				<posy>620</posy>
				<width>650</width><!-- 1280 -->
				<height>30</height>
				<align>center</align>
				<font>METF_SettingsHeading</font>
				<label>[COLOR=white]$INFO[MusicPlayer.Title][/COLOR]</label>
			</control>
			<control type="progress" id="23">
				<description>Progressbar</description>
				<posx>395</posx>
				<posy>660</posy>
				<width>500</width>
				<height>15</height>
				<align>center</align>
				<info>Player.Progress</info>
				<texturebg>osd/osd_progress_back.png</texturebg>
				<lefttexture>osd/osd_progress_left.png</lefttexture>
				<midtexture>osd/osd_progress_mid.png</midtexture>
				<righttexture>osd/osd_progress_right.png</righttexture>
				<colordiffuse>OSDProgressBar</colordiffuse>
				<overlaytexture>-</overlaytexture>
				<visible>!Skin.HasSetting(ShowMusicTime)</visible>
			</control>
			<control type="fadelabel">
				<posx>395</posx>
				<posy>648</posy>
				<width>90</width>
				<align>center</align>
				<info>MusicPlayer.Time</info>
				<font>Font_Bartowski_Episodes</font>
				<textcolor>NowPlayingTitle</textcolor>
				<visible>Skin.HasSetting(ShowMusicTime)</visible>
			</control>
			<control type="progress" id="23">
				<description>Progressbar</description>
				<posx>495</posx>
				<posy>660</posy>
				<width>320</width>
				<height>15</height>
				<align>center</align>
				<info>Player.Progress</info>
				<texturebg>osd/osd_progress_back.png</texturebg>
				<lefttexture>osd/osd_progress_left.png</lefttexture>
				<midtexture>osd/osd_progress_mid.png</midtexture>
				<righttexture>osd/osd_progress_right.png</righttexture>
				<colordiffuse>OSDProgressBar</colordiffuse>
				<overlaytexture>-</overlaytexture>
				<visible>Skin.HasSetting(ShowMusicTime)</visible>
			</control>
			<control type="fadelabel">
				<posx>808</posx>
				<posy>648</posy>
				<width>90</width>
				<align>center</align>
				<info>MusicPlayer.Duration</info>
				<font>Font_Bartowski_Episodes</font>
				<textcolor>NowPlayingTitle</textcolor>
				<visible>Skin.HasSetting(ShowMusicTime)</visible>
			</control>
			<control type="fadelabel">
				<posx>290</posx>
				<posy>675</posy>
				<width>700</width>
				<visible>true</visible>
				<scroll>false</scroll>
				<scrollout>false</scrollout>
				<scrollspeed>1000</scrollspeed>
				<pauseatend>10000</pauseatend>
				<label>[COLOR=NowPlayingTitle]$LOCALIZE[209]:[/COLOR] $INFO[MusicPlayer.offset(1).Artist]: $INFO[MusicPlayer.offset(1).Title]</label>
				<font>Font_Bartowski_Episodes</font>
				<textcolor>50FFFFFF</textcolor>
				<align>center</align>
			</control>
			<control type="group">
				<control type="image">
					<posx>10</posx>
					<posy>680</posy>
					<description>Codec Image</description>
					<width>67</width>  <!-- 160x80 -->
					<height>30</height>
					<aspectratio>keep</aspectratio>
					<texture>$INFO[MusicPlayer.Codec,flags/AudioCodec/,.png]</texture>
				</control>
				<control type="image">
					<posx>5</posx>
					<posy>675</posy>
					<width>77</width>
					<height>40</height>
					<colordiffuse>MediaFlagBoxDiffuse</colordiffuse>
					<texture>flags/flag_frame.png</texture>
				</control>
				<control type="image">
					<posx>85</posx>
					<posy>680</posy>
					<width>60</width>
					<height>30</height>
					<aspectratio>keep</aspectratio>
					<texture fallback="flags/AudioChannels/DefaultChannels.png">$INFO[MusicPlayer.Channels,flags/AudioChannels/,ch.png]</texture>
				</control>
				<control type="image">
					<posx>75</posx>
					<posy>675</posy>
					<width>80</width>
					<height>40</height>
					<colordiffuse>MediaFlagBoxDiffuse</colordiffuse>
					<texture>flags/flag_frame.png</texture>
				</control>
				<control type="image">
					<posx>158</posx>
					<posy>680</posy>
					<width>60</width>
					<height>30</height>
					<aspectratio>keep</aspectratio>
					<texture>$INFO[MusicPlayer.Property(Album_Label),flags/RecordLabels/,.png]</texture>
				</control>
				<control type="image">
					<posx>148</posx>
					<posy>675</posy>
					<width>80</width>
					<height>40</height>
					<colordiffuse>MediaFlagBoxDiffuse</colordiffuse>
					<texture>flags/flag_frame.png</texture>
				</control>
				<control type="image">
					<posx>233</posx>
					<posy>685</posy>
					<width>88</width>
					<height>22</height>
					<colordiffuse>OSDProgressBar</colordiffuse>
					<texture>flags/LeftRating/$INFO[Player.StarRating]</texture>
				</control>
				<control type="image">
					<posx>218</posx>
					<posy>675</posy>
					<width>118</width>
					<height>40</height>
					<texture>flags/flag_frame.png</texture>
					<colordiffuse>MediaFlagBoxDiffuse</colordiffuse>
				</control>
			</control>
			<include>Global_Weather</include>
			<include>Global_Time</include>
		</control>
	</controls>
</window>
