<window>
	<onload>ClearProperty(TVGuide.MondayList,Home)</onload>
	<onload>ClearProperty(TVGuide.TuesdayList,Home)</onload>
	<onload>ClearProperty(TVGuide.WednesdayList,Home)</onload>
	<onload>ClearProperty(TVGuide.ThursdayList,Home)</onload>
	<onload>ClearProperty(TVGuide.FridayList,Home)</onload>
	<onload>ClearProperty(TVGuide.SaturdayList,Home)</onload>
	<onload>ClearProperty(TVGuide.SundayList,Home)</onload>
	<allowoverlay>no</allowoverlay>
	<controls>
		<control type="group">
			<animation effect="fade" time="250">WindowOpen</animation>
			<animation effect="fade" time="250">WindowClose</animation>
			<control type="image">
				<posx>0</posx>
				<posy>0</posy>
				<width>1280</width>
				<height>720</height>
				<aspectratio>scale</aspectratio>
				<texture>special://skin/home_art/programs.jpg</texture>
			</control>			
			<control type="image">
				<posx>0</posx>
				<posy>0</posy>
				<width>1280</width>
				<height>720</height>
				<texture background="true">$VAR[NextAiredFanart]</texture>
				<aspectratio>scale</aspectratio>
				<fadetime>FanartCrossfadeTime</fadetime>
				<visible>!IsEmpty(Window(Home).Property(TVGuide.BackgroundFanart))</visible>
			</control>
		</control>
		<control type="image">
			<posx>0</posx>
			<posy>0</posy>
			<height>820</height>
			<aspectratio>scale</aspectratio>
			<texture fallback="background.png">$INFO[Skin.String(CustomBackground)]</texture>
			<colordiffuse>BackgroundColor</colordiffuse>
		</control>
		<control type="group">
			<animation effect="fade" time="250">WindowOpen</animation>
			<animation effect="fade" time="250">WindowClose</animation>
			<control type="group">
				<control type="image">
					<posx>35</posx>
					<posy>25</posy>
					<width>860</width>
					<height>640</height>
					<texture border="50,0,50,0">frames/ClassicFrame_Poster.png</texture>
					<aspectratio>stretch</aspectratio>
					<animation effect="fade" start="100" end="80" time="0" condition="true">conditional</animation>
				</control>
				<control type="image">
					<posx>890</posx>
					<posy>25</posy>
					<width>360</width>
					<height>640</height>
					<texture border="8">frames/ClassicFrame_Poster.png</texture>
					<aspectratio>stretch</aspectratio>
					<animation effect="fade" start="100" end="80" time="0" condition="true">conditional</animation>
				</control>
			</control>
		</control>
		<control type="group">
			<animation effect="fade" time="250">WindowOpen</animation>
			<animation effect="fade" time="250">WindowClose</animation>
			<control type="image">
				<posx>0</posx>
				<posy>-15</posy>
				<width>1280</width>
				<height>720</height>
				<texture>TVGuide-Grid.png</texture>
				<colordiffuse>DialogTextFO</colordiffuse>
			</control>
			<control type="image">
				<description>Current weekday highlight</description>
				<posx>0</posx>
				<posy>-12</posy>
				<width>1280</width>
				<height>720</height>
				<texture>TVGuide-Grid-Highlight.png</texture>
				<animation effect="slide" end="0,79" time="0" condition="StringCompare(System.Date(ddd),$LOCALIZE[42])">Conditional</animation>
				<animation effect="slide" end="0,158" time="0" condition="StringCompare(System.Date(ddd),$LOCALIZE[43])">Conditional</animation>
				<animation effect="slide" end="0,237" time="0" condition="StringCompare(System.Date(ddd),$LOCALIZE[44])">Conditional</animation>
				<animation effect="slide" end="0,316" time="0" condition="StringCompare(System.Date(ddd),$LOCALIZE[45])">Conditional</animation>
				<animation effect="slide" end="0,395" time="0" condition="StringCompare(System.Date(ddd),$LOCALIZE[46])">Conditional</animation>
				<animation effect="slide" end="0,474" time="0" condition="StringCompare(System.Date(ddd),$LOCALIZE[47])">Conditional</animation>
			</control>
			<control type="group">
				<description>Day labels</description>
				<posx>115</posx>
				<posy>65</posy>
				<control type="label">
					<description>Monday</description>
					<posx>0</posx>
					<posy>0</posy>
					<width>75</width>
					<height>75</height>
					<label>[B][UPPERCASE]$LOCALIZE[41][/UPPERCASE][/B]</label>
					<align>right</align>
					<aligny>center</aligny>
					<font>font13</font>
					<textcolor>FFFFFFFF</textcolor>
					<animation effect="fade" start="100" end="65" time="0" condition="!StringCompare(System.Date(ddd),$LOCALIZE[41])">Conditional</animation>
				</control>
				<control type="label">
					<description>Tuesday</description>
					<posx>-5</posx>
					<posy>79</posy>
					<width>75</width>
					<height>75</height>
					<label>[B][UPPERCASE]$LOCALIZE[42][/UPPERCASE][/B]</label>
					<align>right</align>
					<aligny>center</aligny>
					<font>font13</font>
					<textcolor>FFFFFFFF</textcolor>
					<animation effect="fade" start="100" end="50" time="0" condition="!StringCompare(System.Date(ddd),$LOCALIZE[42])">Conditional</animation>
				</control>
				<control type="label">
					<description>Wednesday</description>
					<posx>2</posx>
					<posy>159</posy>
					<width>75</width>
					<height>75</height>
					<label>[B][UPPERCASE]$LOCALIZE[43][/UPPERCASE][/B]</label>
					<align>right</align>
					<aligny>center</aligny>
					<font>font13</font>
					<textcolor>FFFFFFFF</textcolor>
					<animation effect="fade" start="100" end="50" time="0" condition="!StringCompare(System.Date(ddd),$LOCALIZE[43])">Conditional</animation>
				</control>
				<control type="label">
					<description>Thursday</description>
					<posx>-2</posx>
					<posy>238</posy>
					<width>75</width>
					<height>75</height>
					<label>[B][UPPERCASE]$LOCALIZE[44][/UPPERCASE][/B]</label>
					<align>right</align>
					<aligny>center</aligny>
					<font>font13</font>
					<textcolor>FFFFFFFF</textcolor>
					<animation effect="fade" start="100" end="50" time="0" condition="!StringCompare(System.Date(ddd),$LOCALIZE[44])">Conditional</animation>
				</control>
				<control type="label">
					<description>Friday</description>
					<posx>-8</posx>
					<posy>318</posy>
					<width>75</width>
					<height>75</height>
					<label>[B][UPPERCASE]$LOCALIZE[45][/UPPERCASE][/B]</label>
					<align>right</align>
					<aligny>center</aligny>
					<font>font13</font>
					<textcolor>FFFFFFFF</textcolor>
					<animation effect="fade" start="100" end="50" time="0" condition="!StringCompare(System.Date(ddd),$LOCALIZE[45])">Conditional</animation>
				</control>
				<control type="label">
					<description>Saturday</description>
					<posx>-2</posx>
					<posy>397</posy>
					<width>75</width>
					<height>75</height>
					<label>[B][UPPERCASE]$LOCALIZE[46][/UPPERCASE][/B]</label>
					<align>right</align>
					<aligny>center</aligny>
					<font>font13</font>
					<textcolor>FFFFFFFF</textcolor>
					<animation effect="fade" start="100" end="50" time="0" condition="!StringCompare(System.Date(ddd),$LOCALIZE[46])">Conditional</animation>
				</control>
				<control type="label">
					<description>Sunday</description>
					<posx>0</posx>
					<posy>476</posy>
					<width>75</width>
					<height>75</height>
					<label>[B][UPPERCASE]$LOCALIZE[47][/UPPERCASE][/B]</label>
					<align>right</align>
					<aligny>center</aligny>
					<font>font13</font>
					<textcolor>FFFFFFFF</textcolor>
					<animation effect="fade" start="100" end="50" time="0" condition="!StringCompare(System.Date(ddd),$LOCALIZE[47])">Conditional</animation>
				</control>
			</control>
			<control type="group" id="9002">
				<control type="list" id="200">
					<description>Monday list</description>
					<posx>124</posx>
					<posy>65</posy>
					<width>750</width>
					<height>77</height>
					<orientation>horizontal</orientation>
					<scrolltime>0</scrolltime>
					<onup>206</onup>
					<ondown>201</ondown>
					<onleft>SetProperty(TVGuide.MondayList,1,Home)</onleft>
					<onleft>200</onleft>
					<onright>200</onright>
					<itemgap>5</itemgap>
					<itemlayout height="77" width="150">
						<control type="label">
							<description>Next air date</description>
							<posx>75</posx>
							<posy>30</posy>
							<width>150</width>
							<height>20</height>
							<label>$INFO[ListItem.Property(NextDate)]</label>
							<textcolor>99FFFFFF</textcolor>
							<font>METF_PlotText</font>
							<align>center</align>
						</control>
						<control type="label">
							<description>Airing time</description>
							<posx>75</posx>
							<posy>48</posy>
							<width>150</width>
							<height>20</height>
							<label>$INFO[ListItem.Property(ShortTime)]</label>
							<textcolor>99FFFFFF</textcolor>
							<font>METF_PlotText</font>
							<align>center</align>
						</control>
						<control type="image">
							<description>Thumb</description>
							<posx>21</posx>
							<posy>4</posy>
							<width>108</width>
							<height>30</height>
							<aspectratio>keep</aspectratio>
							<texture background="true">$INFO[ListItem.Thumb]</texture>
							<visible>StringCompare(Window(Home).Property(TVGuide.ThumbType),0)</visible>
						</control>
						<control type="image">
							<description>Banner</description>
							<posx>4</posx>
							<posy>0</posy>
							<width>140</width>
							<height>30</height>
							<aspectratio>keep</aspectratio>
							<texture background="true">$INFO[ListItem.Property(Path),,banner.jpg]</texture>
							<visible>StringCompare(Window(Home).Property(TVGuide.ThumbType),1)</visible>
						</control>
						<control type="image">
							<description>Logo</description>
							<posx>21</posx>
							<posy>4</posy>
							<width>108</width>
							<height>30</height>
							<aspectratio>keep</aspectratio>
							<texture background="true">$INFO[ListItem.Property(Path),,logo.png]</texture>
							<visible>StringCompare(Window(Home).Property(TVGuide.ThumbType),2)</visible>
						</control>						
					</itemlayout>
					<focusedlayout height="77" width="150">
						<control type="group">
							<visible>Control.HasFocus(200)</visible>
							<control type="image">
								<posx>0</posx>
								<posy>0</posy>
								<width>147</width>
								<height>76</height>
								<texture border="5">ButtonFo.png</texture>
								<aspectratio>stretch</aspectratio>
							</control>
							<control type="label">
								<description>Next air date</description>
								<posx>75</posx>
								<posy>30</posy>
								<width>150</width>
								<height>20</height>
								<label>$INFO[ListItem.Property(NextDate)]</label>
								<textcolor>FFFFFFFF</textcolor>
								<font>METF_PlotText</font>
								<align>center</align>
							</control>
							<control type="label">
								<description>Airing time</description>
								<posx>75</posx>
								<posy>48</posy>
								<width>150</width>
								<height>20</height>
								<label>$INFO[ListItem.Property(ShortTime)]</label>
								<textcolor>FFFFFFFF</textcolor>
								<font>METF_PlotText</font>
								<align>center</align>
							</control>
						</control>
						<control type="group">
							<visible>!Control.HasFocus(200)</visible>
							<control type="label">
								<description>Next air date</description>
								<posx>75</posx>
								<posy>30</posy>
								<width>150</width>
								<height>20</height>
								<label>$INFO[ListItem.Property(NextDate)]</label>
								<textcolor>99FFFFFF</textcolor>
								<font>METF_PlotText</font>
								<align>center</align>
							</control>
							<control type="label">
								<description>Airing time</description>
								<posx>75</posx>
								<posy>48</posy>
								<width>150</width>
								<height>20</height>
								<label>$INFO[ListItem.Property(ShortTime)]</label>
								<textcolor>99FFFFFF</textcolor>
								<font>METF_PlotText</font>
								<align>center</align>
							</control>
						</control>
						<control type="image">
							<description>Thumb</description>
							<posx>21</posx>
							<posy>4</posy>
							<width>108</width>
							<height>30</height>
							<aspectratio>keep</aspectratio>
							<texture background="true">$INFO[ListItem.Thumb]</texture>
							<visible>StringCompare(Window(Home).Property(TVGuide.ThumbType),0)</visible>
						</control>
						<control type="image">
							<description>Banner</description>
							<posx>4</posx>
							<posy>0</posy>
							<width>140</width>
							<height>30</height>
							<aspectratio>keep</aspectratio>
							<texture background="true">$INFO[ListItem.Property(Path),,banner.jpg]</texture>
							<visible>StringCompare(Window(Home).Property(TVGuide.ThumbType),1)</visible>
						</control>
						<control type="image">
							<description>Logo</description>
							<posx>21</posx>
							<posy>4</posy>
							<width>108</width>
							<height>30</height>
							<aspectratio>keep</aspectratio>
							<texture background="true">$INFO[ListItem.Property(Path),,logo.png]</texture>
							<visible>StringCompare(Window(Home).Property(TVGuide.ThumbType),2)</visible>
						</control>
					</focusedlayout>
				</control>
				<control type="list" id="201">
					<description>Tuesday list</description>
					<posx>124</posx>
					<posy>144</posy>
					<width>750</width>
					<height>77</height>
					<orientation>horizontal</orientation>
					<scrolltime>0</scrolltime>
					<onup>200</onup>
					<ondown>202</ondown>
					<onleft>SetProperty(TVGuide.TuesdayList,1,Home)</onleft>
					<onleft>201</onleft>
					<onright>201</onright>
					<itemgap>5</itemgap>
					<itemlayout height="77" width="150">
						<control type="label">
							<description>Next air date</description>
							<posx>75</posx>
							<posy>30</posy>
							<width>150</width>
							<height>20</height>
							<label>$INFO[ListItem.Property(NextDate)]</label>
							<textcolor>99FFFFFF</textcolor>
							<font>METF_PlotText</font>
							<align>center</align>
						</control>
						<control type="label">
							<description>Airing time</description>
							<posx>75</posx>
							<posy>48</posy>
							<width>150</width>
							<height>20</height>
							<label>$INFO[ListItem.Property(ShortTime)]</label>
							<textcolor>99FFFFFF</textcolor>
							<font>METF_PlotText</font>
							<align>center</align>
						</control>
						<control type="image">
							<description>Thumb</description>
							<posx>21</posx>
							<posy>4</posy>
							<width>108</width>
							<height>30</height>
							<aspectratio>keep</aspectratio>
							<texture background="true">$INFO[ListItem.Thumb]</texture>
							<visible>StringCompare(Window(Home).Property(TVGuide.ThumbType),0)</visible>
						</control>
						<control type="image">
							<description>Banner</description>
							<posx>4</posx>
							<posy>0</posy>
							<width>140</width>
							<height>30</height>
							<aspectratio>keep</aspectratio>
							<texture background="true">$INFO[ListItem.Property(Path),,banner.jpg]</texture>
							<visible>StringCompare(Window(Home).Property(TVGuide.ThumbType),1)</visible>
						</control>
						<control type="image">
							<description>Logo</description>
							<posx>21</posx>
							<posy>4</posy>
							<width>108</width>
							<height>30</height>
							<aspectratio>keep</aspectratio>
							<texture background="true">$INFO[ListItem.Property(Path),,logo.png]</texture>
							<visible>StringCompare(Window(Home).Property(TVGuide.ThumbType),2)</visible>
						</control>
					</itemlayout>
					<focusedlayout height="77" width="150">
						<control type="group">
							<visible>Control.HasFocus(201)</visible>
							<control type="image">
								<posx>0</posx>
								<posy>0</posy>
								<width>147</width>
								<height>76</height>
								<texture border="5">ButtonFo.png</texture>
								<aspectratio>stretch</aspectratio>
							</control>
							<control type="label">
								<description>Next air date</description>
								<posx>75</posx>
								<posy>30</posy>
								<width>150</width>
								<height>20</height>
								<label>$INFO[ListItem.Property(NextDate)]</label>
								<textcolor>FFFFFFFF</textcolor>
								<font>METF_PlotText</font>
								<align>center</align>
							</control>
							<control type="label">
								<description>Airing time</description>
								<posx>75</posx>
								<posy>48</posy>
								<width>150</width>
								<height>20</height>
								<label>$INFO[ListItem.Property(ShortTime)]</label>
								<textcolor>FFFFFFFF</textcolor>
								<font>METF_PlotText</font>
								<align>center</align>
							</control>
						</control>
						<control type="group">
							<visible>!Control.HasFocus(201)</visible>
							<control type="label">
								<description>Next air date</description>
								<posx>75</posx>
								<posy>30</posy>
								<width>150</width>
								<height>20</height>
								<label>$INFO[ListItem.Property(NextDate)]</label>
								<textcolor>99FFFFFF</textcolor>
								<font>METF_PlotText</font>
								<align>center</align>
							</control>
							<control type="label">
								<description>Airing time</description>
								<posx>75</posx>
								<posy>48</posy>
								<width>150</width>
								<height>20</height>
								<label>$INFO[ListItem.Property(ShortTime)]</label>
								<textcolor>99FFFFFF</textcolor>
								<font>METF_PlotText</font>
								<align>center</align>
							</control>
						</control>
						<control type="image">
							<description>Thumb</description>
							<posx>21</posx>
							<posy>4</posy>
							<width>108</width>
							<height>30</height>
							<aspectratio>keep</aspectratio>
							<texture background="true">$INFO[ListItem.Thumb]</texture>
							<visible>StringCompare(Window(Home).Property(TVGuide.ThumbType),0)</visible>
						</control>
						<control type="image">
							<description>Banner</description>
							<posx>4</posx>
							<posy>0</posy>
							<width>140</width>
							<height>30</height>
							<aspectratio>keep</aspectratio>
							<texture background="true">$INFO[ListItem.Property(Path),,banner.jpg]</texture>
							<visible>StringCompare(Window(Home).Property(TVGuide.ThumbType),1)</visible>
						</control>
						<control type="image">
							<description>Logo</description>
							<posx>21</posx>
							<posy>4</posy>
							<width>108</width>
							<height>30</height>
							<aspectratio>keep</aspectratio>
							<texture background="true">$INFO[ListItem.Property(Path),,logo.png]</texture>
							<visible>StringCompare(Window(Home).Property(TVGuide.ThumbType),2)</visible>
						</control>
					</focusedlayout>
				</control>
				<control type="list" id="202">
					<description>Wednesday list</description>
					<posx>124</posx>
					<posy>224</posy>
					<width>750</width>
					<height>77</height>
					<orientation>horizontal</orientation>
					<scrolltime>0</scrolltime>
					<onup>201</onup>
					<ondown>203</ondown>
					<onleft>SetProperty(TVGuide.WednesdayList,1,Home)</onleft>
					<onleft>202</onleft>
					<onright>202</onright>
					<itemgap>5</itemgap>
					<itemlayout height="77" width="150">
						<control type="label">
							<description>Next air date</description>
							<posx>75</posx>
							<posy>30</posy>
							<width>150</width>
							<height>20</height>
							<label>$INFO[ListItem.Property(NextDate)]</label>
							<textcolor>99FFFFFF</textcolor>
							<font>METF_PlotText</font>
							<align>center</align>
						</control>
						<control type="label">
							<description>Airing time</description>
							<posx>75</posx>
							<posy>48</posy>
							<width>150</width>
							<height>20</height>
							<label>$INFO[ListItem.Property(ShortTime)]</label>
							<textcolor>99FFFFFF</textcolor>
							<font>METF_PlotText</font>
							<align>center</align>
						</control>
						<control type="image">
							<description>Thumb</description>
							<posx>21</posx>
							<posy>4</posy>
							<width>108</width>
							<height>30</height>
							<aspectratio>keep</aspectratio>
							<texture background="true">$INFO[ListItem.Thumb]</texture>
							<visible>StringCompare(Window(Home).Property(TVGuide.ThumbType),0)</visible>
						</control>
						<control type="image">
							<description>Banner</description>
							<posx>4</posx>
							<posy>0</posy>
							<width>140</width>
							<height>30</height>
							<aspectratio>keep</aspectratio>
							<texture background="true">$INFO[ListItem.Property(Path),,banner.jpg]</texture>
							<visible>StringCompare(Window(Home).Property(TVGuide.ThumbType),1)</visible>
						</control>
						<control type="image">
							<description>Logo</description>
							<posx>21</posx>
							<posy>4</posy>
							<width>108</width>
							<height>30</height>
							<aspectratio>keep</aspectratio>
							<texture background="true">$INFO[ListItem.Property(Path),,logo.png]</texture>
							<visible>StringCompare(Window(Home).Property(TVGuide.ThumbType),2)</visible>
						</control>
					</itemlayout>
					<focusedlayout height="77" width="150">
						<control type="group">
							<visible>Control.HasFocus(202)</visible>
							<control type="image">
								<posx>0</posx>
								<posy>0</posy>
								<width>147</width>
								<height>76</height>
								<texture border="5">ButtonFo.png</texture>
								<aspectratio>stretch</aspectratio>
							</control>
							<control type="label">
								<description>Next air date</description>
								<posx>75</posx>
								<posy>30</posy>
								<width>150</width>
								<height>20</height>
								<label>$INFO[ListItem.Property(NextDate)]</label>
								<textcolor>FFFFFFFF</textcolor>
								<font>METF_PlotText</font>
								<align>center</align>
							</control>
							<control type="label">
								<description>Airing time</description>
								<posx>75</posx>
								<posy>48</posy>
								<width>150</width>
								<height>20</height>
								<label>$INFO[ListItem.Property(ShortTime)]</label>
								<textcolor>FFFFFFFF</textcolor>
								<font>METF_PlotText</font>
								<align>center</align>
							</control>
						</control>
						<control type="group">
							<visible>!Control.HasFocus(202)</visible>
							<control type="label">
								<description>Next air date</description>
								<posx>75</posx>
								<posy>30</posy>
								<width>150</width>
								<height>20</height>
								<label>$INFO[ListItem.Property(NextDate)]</label>
								<textcolor>99FFFFFF</textcolor>
								<font>METF_PlotText</font>
								<align>center</align>
							</control>
							<control type="label">
								<description>Airing time</description>
								<posx>75</posx>
								<posy>48</posy>
								<width>150</width>
								<height>20</height>
								<label>$INFO[ListItem.Property(ShortTime)]</label>
								<textcolor>99FFFFFF</textcolor>
								<font>METF_PlotText</font>
								<align>center</align>
							</control>
						</control>
						<control type="image">
							<description>Thumb</description>
							<posx>21</posx>
							<posy>4</posy>
							<width>108</width>
							<height>30</height>
							<aspectratio>keep</aspectratio>
							<texture background="true">$INFO[ListItem.Thumb]</texture>
							<visible>StringCompare(Window(Home).Property(TVGuide.ThumbType),0)</visible>
						</control>
						<control type="image">
							<description>Banner</description>
							<posx>4</posx>
							<posy>0</posy>
							<width>140</width>
							<height>30</height>
							<aspectratio>keep</aspectratio>
							<texture background="true">$INFO[ListItem.Property(Path),,banner.jpg]</texture>
							<visible>StringCompare(Window(Home).Property(TVGuide.ThumbType),1)</visible>
						</control>
						<control type="image">
							<description>Logo</description>
							<posx>21</posx>
							<posy>4</posy>
							<width>108</width>
							<height>30</height>
							<aspectratio>keep</aspectratio>
							<texture background="true">$INFO[ListItem.Property(Path),,logo.png]</texture>
							<visible>StringCompare(Window(Home).Property(TVGuide.ThumbType),2)</visible>
						</control>
					</focusedlayout>
				</control>
				<control type="list" id="203">
					<description>Thursday list</description>
					<posx>124</posx>
					<posy>303</posy>
					<width>750</width>
					<height>77</height>
					<orientation>horizontal</orientation>
					<scrolltime>0</scrolltime>
					<onup>202</onup>
					<ondown>204</ondown>
					<onleft>SetProperty(TVGuide.ThursdayList,1,Home)</onleft>
					<onleft>203</onleft>
					<onright>203</onright>
					<itemgap>5</itemgap>
					<itemlayout height="77" width="150">
						<control type="label">
							<description>Next air date</description>
							<posx>75</posx>
							<posy>30</posy>
							<width>150</width>
							<height>20</height>
							<label>$INFO[ListItem.Property(NextDate)]</label>
							<textcolor>99FFFFFF</textcolor>
							<font>METF_PlotText</font>
							<align>center</align>
						</control>
						<control type="label">
							<description>Airing time</description>
							<posx>75</posx>
							<posy>48</posy>
							<width>150</width>
							<height>20</height>
							<label>$INFO[ListItem.Property(ShortTime)]</label>
							<textcolor>99FFFFFF</textcolor>
							<font>METF_PlotText</font>
							<align>center</align>
						</control>
						<control type="image">
							<description>Thumb</description>
							<posx>21</posx>
							<posy>4</posy>
							<width>108</width>
							<height>30</height>
							<aspectratio>keep</aspectratio>
							<texture background="true">$INFO[ListItem.Thumb]</texture>
							<visible>StringCompare(Window(Home).Property(TVGuide.ThumbType),0)</visible>
						</control>
						<control type="image">
							<description>Banner</description>
							<posx>4</posx>
							<posy>0</posy>
							<width>140</width>
							<height>30</height>
							<aspectratio>keep</aspectratio>
							<texture background="true">$INFO[ListItem.Property(Path),,banner.jpg]</texture>
							<visible>StringCompare(Window(Home).Property(TVGuide.ThumbType),1)</visible>
						</control>
						<control type="image">
							<description>Logo</description>
							<posx>21</posx>
							<posy>4</posy>
							<width>108</width>
							<height>30</height>
							<aspectratio>keep</aspectratio>
							<texture background="true">$INFO[ListItem.Property(Path),,logo.png]</texture>
							<visible>StringCompare(Window(Home).Property(TVGuide.ThumbType),2)</visible>
						</control>
					</itemlayout>
					<focusedlayout height="77" width="150">
						<control type="group">
							<visible>Control.HasFocus(203)</visible>
							<control type="image">
								<posx>0</posx>
								<posy>0</posy>
								<width>147</width>
								<height>76</height>
								<texture border="5">ButtonFo.png</texture>
								<aspectratio>stretch</aspectratio>
							</control>
							<control type="label">
								<description>Next air date</description>
								<posx>75</posx>
								<posy>30</posy>
								<width>150</width>
								<height>20</height>
								<label>$INFO[ListItem.Property(NextDate)]</label>
								<textcolor>FFFFFFFF</textcolor>
								<font>METF_PlotText</font>
								<align>center</align>
							</control>
							<control type="label">
								<description>Airing time</description>
								<posx>75</posx>
								<posy>48</posy>
								<width>150</width>
								<height>20</height>
								<label>$INFO[ListItem.Property(ShortTime)]</label>
								<textcolor>FFFFFFFF</textcolor>
								<font>METF_PlotText</font>
								<align>center</align>
							</control>
						</control>
						<control type="group">
							<visible>!Control.HasFocus(203)</visible>
							<control type="label">
								<description>Next air date</description>
								<posx>75</posx>
								<posy>30</posy>
								<width>150</width>
								<height>20</height>
								<label>$INFO[ListItem.Property(NextDate)]</label>
								<textcolor>99FFFFFF</textcolor>
								<font>METF_PlotText</font>
								<align>center</align>
							</control>
							<control type="label">
								<description>Airing time</description>
								<posx>75</posx>
								<posy>48</posy>
								<width>150</width>
								<height>20</height>
								<label>$INFO[ListItem.Property(ShortTime)]</label>
								<textcolor>99FFFFFF</textcolor>
								<font>METF_PlotText</font>
								<align>center</align>
							</control>
						</control>
						<control type="image">
							<description>Thumb</description>
							<posx>21</posx>
							<posy>4</posy>
							<width>108</width>
							<height>30</height>
							<aspectratio>keep</aspectratio>
							<texture background="true">$INFO[ListItem.Thumb]</texture>
							<visible>StringCompare(Window(Home).Property(TVGuide.ThumbType),0)</visible>
						</control>
						<control type="image">
							<description>Banner</description>
							<posx>4</posx>
							<posy>0</posy>
							<width>140</width>
							<height>30</height>
							<aspectratio>keep</aspectratio>
							<texture background="true">$INFO[ListItem.Property(Path),,banner.jpg]</texture>
							<visible>StringCompare(Window(Home).Property(TVGuide.ThumbType),1)</visible>
						</control>
						<control type="image">
							<description>Logo</description>
							<posx>21</posx>
							<posy>4</posy>
							<width>108</width>
							<height>30</height>
							<aspectratio>keep</aspectratio>
							<texture background="true">$INFO[ListItem.Property(Path),,logo.png]</texture>
							<visible>StringCompare(Window(Home).Property(TVGuide.ThumbType),2)</visible>
						</control>	
					</focusedlayout>
				</control>
				<control type="list" id="204">
					<description>Friday list</description>
					<posx>124</posx>
					<posy>383</posy>
					<width>750</width>
					<height>77</height>
					<orientation>horizontal</orientation>
					<scrolltime>0</scrolltime>
					<onup>203</onup>
					<ondown>205</ondown>
					<onleft>SetProperty(TVGuide.FridayList,1,Home)</onleft>
					<onleft>204</onleft>
					<onright>204</onright>
					<itemgap>5</itemgap>
					<itemlayout height="77" width="150">
						<control type="label">
							<description>Next air date</description>
							<posx>75</posx>
							<posy>30</posy>
							<width>150</width>
							<height>20</height>
							<label>$INFO[ListItem.Property(NextDate)]</label>
							<textcolor>99FFFFFF</textcolor>
							<font>METF_PlotText</font>
							<align>center</align>
						</control>
						<control type="label">
							<description>Airing time</description>
							<posx>75</posx>
							<posy>48</posy>
							<width>150</width>
							<height>20</height>
							<label>$INFO[ListItem.Property(ShortTime)]</label>
							<textcolor>99FFFFFF</textcolor>
							<font>METF_PlotText</font>
							<align>center</align>
						</control>
						<control type="image">
							<description>Thumb</description>
							<posx>21</posx>
							<posy>4</posy>
							<width>108</width>
							<height>30</height>
							<aspectratio>keep</aspectratio>
							<texture background="true">$INFO[ListItem.Thumb]</texture>
							<visible>StringCompare(Window(Home).Property(TVGuide.ThumbType),0)</visible>
						</control>
						<control type="image">
							<description>Banner</description>
							<posx>4</posx>
							<posy>0</posy>
							<width>140</width>
							<height>30</height>
							<aspectratio>keep</aspectratio>
							<texture background="true">$INFO[ListItem.Property(Path),,banner.jpg]</texture>
							<visible>StringCompare(Window(Home).Property(TVGuide.ThumbType),1)</visible>
						</control>
						<control type="image">
							<description>Logo</description>
							<posx>21</posx>
							<posy>4</posy>
							<width>108</width>
							<height>30</height>
							<aspectratio>keep</aspectratio>
							<texture background="true">$INFO[ListItem.Property(Path),,logo.png]</texture>
							<visible>StringCompare(Window(Home).Property(TVGuide.ThumbType),2)</visible>
						</control>
					</itemlayout>
					<focusedlayout height="77" width="150">
						<control type="group">
							<visible>Control.HasFocus(204)</visible>
							<control type="image">
								<posx>0</posx>
								<posy>0</posy>
								<width>147</width>
								<height>76</height>
								<texture border="5">ButtonFo.png</texture>
								<aspectratio>stretch</aspectratio>
							</control>
							<control type="label">
								<description>Next air date</description>
								<posx>75</posx>
								<posy>30</posy>
								<width>150</width>
								<height>20</height>
								<label>$INFO[ListItem.Property(NextDate)]</label>
								<textcolor>FFFFFFFF</textcolor>
								<font>METF_PlotText</font>
								<align>center</align>
							</control>
							<control type="label">
								<description>Airing time</description>
								<posx>75</posx>
								<posy>48</posy>
								<width>150</width>
								<height>20</height>
								<label>$INFO[ListItem.Property(ShortTime)]</label>
								<textcolor>FFFFFFFF</textcolor>
								<font>METF_PlotText</font>
								<align>center</align>
							</control>
						</control>
						<control type="group">
							<visible>!Control.HasFocus(204)</visible>
							<control type="label">
								<description>Next air date</description>
								<posx>75</posx>
								<posy>30</posy>
								<width>150</width>
								<height>20</height>
								<label>$INFO[ListItem.Property(NextDate)]</label>
								<textcolor>99FFFFFF</textcolor>
								<font>METF_PlotText</font>
								<align>center</align>
							</control>
							<control type="label">
								<description>Airing time</description>
								<posx>75</posx>
								<posy>48</posy>
								<width>150</width>
								<height>20</height>
								<label>$INFO[ListItem.Property(ShortTime)]</label>
								<textcolor>99FFFFFF</textcolor>
								<font>METF_PlotText</font>
								<align>center</align>
							</control>
						</control>
						<control type="image">
							<description>Thumb</description>
							<posx>21</posx>
							<posy>4</posy>
							<width>108</width>
							<height>30</height>
							<aspectratio>keep</aspectratio>
							<texture background="true">$INFO[ListItem.Thumb]</texture>
							<visible>StringCompare(Window(Home).Property(TVGuide.ThumbType),0)</visible>
						</control>
						<control type="image">
							<description>Banner</description>
							<posx>4</posx>
							<posy>0</posy>
							<width>140</width>
							<height>30</height>
							<aspectratio>keep</aspectratio>
							<texture background="true">$INFO[ListItem.Property(Path),,banner.jpg]</texture>
							<visible>StringCompare(Window(Home).Property(TVGuide.ThumbType),1)</visible>
						</control>
						<control type="image">
							<description>Logo</description>
							<posx>21</posx>
							<posy>4</posy>
							<width>108</width>
							<height>30</height>
							<aspectratio>keep</aspectratio>
							<texture background="true">$INFO[ListItem.Property(Path),,logo.png]</texture>
							<visible>StringCompare(Window(Home).Property(TVGuide.ThumbType),2)</visible>
						</control>
					</focusedlayout>
				</control>
				<control type="list" id="205">
					<description>Saturday list</description>
					<posx>124</posx>
					<posy>462</posy>
					<width>750</width>
					<height>77</height>
					<orientation>horizontal</orientation>
					<scrolltime>0</scrolltime>
					<onup>204</onup>
					<ondown>206</ondown>
					<onleft>SetProperty(TVGuide.SaturdayList,1,Home)</onleft>
					<onleft>205</onleft>
					<onright>205</onright>
					<itemgap>5</itemgap>
					<itemlayout height="77" width="150">
						<control type="label">
							<description>Next air date</description>
							<posx>75</posx>
							<posy>30</posy>
							<width>150</width>
							<height>20</height>
							<label>$INFO[ListItem.Property(NextDate)]</label>
							<textcolor>99FFFFFF</textcolor>
							<font>METF_PlotText</font>
							<align>center</align>
						</control>
						<control type="label">
							<description>Airing time</description>
							<posx>75</posx>
							<posy>48</posy>
							<width>150</width>
							<height>20</height>
							<label>$INFO[ListItem.Property(ShortTime)]</label>
							<textcolor>99FFFFFF</textcolor>
							<font>METF_PlotText</font>
							<align>center</align>
						</control>
						<control type="image">
							<description>Thumb</description>
							<posx>21</posx>
							<posy>4</posy>
							<width>108</width>
							<height>30</height>
							<aspectratio>keep</aspectratio>
							<texture background="true">$INFO[ListItem.Thumb]</texture>
							<visible>StringCompare(Window(Home).Property(TVGuide.ThumbType),0)</visible>
						</control>
						<control type="image">
							<description>Banner</description>
							<posx>4</posx>
							<posy>0</posy>
							<width>140</width>
							<height>30</height>
							<aspectratio>keep</aspectratio>
							<texture background="true">$INFO[ListItem.Property(Path),,banner.jpg]</texture>
							<visible>StringCompare(Window(Home).Property(TVGuide.ThumbType),1)</visible>
						</control>
						<control type="image">
							<description>Logo</description>
							<posx>21</posx>
							<posy>4</posy>
							<width>108</width>
							<height>30</height>
							<aspectratio>keep</aspectratio>
							<texture background="true">$INFO[ListItem.Property(Path),,logo.png]</texture>
							<visible>StringCompare(Window(Home).Property(TVGuide.ThumbType),2)</visible>
						</control>
					</itemlayout>
					<focusedlayout height="77" width="150">
						<control type="group">
							<visible>Control.HasFocus(205)</visible>
							<control type="image">
								<posx>0</posx>
								<posy>0</posy>
								<width>147</width>
								<height>76</height>
								<texture border="5">ButtonFo.png</texture>
								<aspectratio>stretch</aspectratio>
							</control>
							<control type="label">
								<description>Next air date</description>
								<posx>75</posx>
								<posy>30</posy>
								<width>150</width>
								<height>20</height>
								<label>$INFO[ListItem.Property(NextDate)]</label>
								<textcolor>FFFFFFFF</textcolor>
								<font>METF_PlotText</font>
								<align>center</align>
							</control>
							<control type="label">
								<description>Airing time</description>
								<posx>75</posx>
								<posy>48</posy>
								<width>150</width>
								<height>20</height>
								<label>$INFO[ListItem.Property(ShortTime)]</label>
								<textcolor>FFFFFFFF</textcolor>
								<font>METF_PlotText</font>
								<align>center</align>
							</control>
						</control>
						<control type="group">
							<visible>!Control.HasFocus(205)</visible>
							<control type="label">
								<description>Next air date</description>
								<posx>75</posx>
								<posy>30</posy>
								<width>150</width>
								<height>20</height>
								<label>$INFO[ListItem.Property(NextDate)]</label>
								<textcolor>99FFFFFF</textcolor>
								<font>METF_PlotText</font>
								<align>center</align>
							</control>
							<control type="label">
								<description>Airing time</description>
								<posx>75</posx>
								<posy>48</posy>
								<width>150</width>
								<height>20</height>
								<label>$INFO[ListItem.Property(ShortTime)]</label>
								<textcolor>99FFFFFF</textcolor>
								<font>METF_PlotText</font>
								<align>center</align>
							</control>
						</control>
						<control type="image">
							<description>Thumb</description>
							<posx>21</posx>
							<posy>4</posy>
							<width>108</width>
							<height>30</height>
							<aspectratio>keep</aspectratio>
							<texture background="true">$INFO[ListItem.Thumb]</texture>
							<visible>StringCompare(Window(Home).Property(TVGuide.ThumbType),0)</visible>
						</control>
						<control type="image">
							<description>Banner</description>
							<posx>4</posx>
							<posy>0</posy>
							<width>140</width>
							<height>30</height>
							<aspectratio>keep</aspectratio>
							<texture background="true">$INFO[ListItem.Property(Path),,banner.jpg]</texture>
							<visible>StringCompare(Window(Home).Property(TVGuide.ThumbType),1)</visible>
						</control>
						<control type="image">
							<description>Logo</description>
							<posx>21</posx>
							<posy>4</posy>
							<width>108</width>
							<height>30</height>
							<aspectratio>keep</aspectratio>
							<texture background="true">$INFO[ListItem.Property(Path),,logo.png]</texture>
							<visible>StringCompare(Window(Home).Property(TVGuide.ThumbType),2)</visible>
						</control>
					</focusedlayout>
				</control>
				<control type="list" id="206">
					<description>Sunday list</description>
					<posx>124</posx>
					<posy>541</posy>
					<width>750</width>
					<height>77</height>
					<orientation>horizontal</orientation>
					<scrolltime>0</scrolltime>
					<onup>205</onup>
					<ondown>200</ondown>
					<onleft>SetProperty(TVGuide.SundayList,1,Home)</onleft>
					<onleft>206</onleft>
					<onright>206</onright>
					<itemgap>5</itemgap>
					<itemlayout height="77" width="150">
						<control type="label">
							<description>Next air date</description>
							<posx>75</posx>
							<posy>30</posy>
							<width>150</width>
							<height>20</height>
							<label>$INFO[ListItem.Property(NextDate)]</label>
							<textcolor>99FFFFFF</textcolor>
							<font>METF_PlotText</font>
							<align>center</align>
						</control>
						<control type="label">
							<description>Airing time</description>
							<posx>75</posx>
							<posy>48</posy>
							<width>150</width>
							<height>20</height>
							<label>$INFO[ListItem.Property(ShortTime)]</label>
							<textcolor>99FFFFFF</textcolor>
							<font>METF_PlotText</font>
							<align>center</align>
						</control>
						<control type="image">
							<description>Thumb</description>
							<posx>21</posx>
							<posy>4</posy>
							<width>108</width>
							<height>30</height>
							<aspectratio>keep</aspectratio>
							<texture background="true">$INFO[ListItem.Thumb]</texture>
							<visible>StringCompare(Window(Home).Property(TVGuide.ThumbType),0)</visible>
						</control>
						<control type="image">
							<description>Banner</description>
							<posx>4</posx>
							<posy>0</posy>
							<width>140</width>
							<height>30</height>
							<aspectratio>keep</aspectratio>
							<texture background="true">$INFO[ListItem.Property(Path),,banner.jpg]</texture>
							<visible>StringCompare(Window(Home).Property(TVGuide.ThumbType),1)</visible>
						</control>
						<control type="image">
							<description>Logo</description>
							<posx>21</posx>
							<posy>4</posy>
							<width>108</width>
							<height>30</height>
							<aspectratio>keep</aspectratio>
							<texture background="true">$INFO[ListItem.Property(Path),,logo.png]</texture>
							<visible>StringCompare(Window(Home).Property(TVGuide.ThumbType),2)</visible>
						</control>
					</itemlayout>
					<focusedlayout height="77" width="150">
						<control type="group">
							<visible>Control.HasFocus(206)</visible>
							<control type="image">
								<posx>0</posx>
								<posy>0</posy>
								<width>147</width>
								<height>76</height>
								<texture border="5">ButtonFo.png</texture>
								<aspectratio>stretch</aspectratio>
							</control>
							<control type="label">
								<description>Next air date</description>
								<posx>75</posx>
								<posy>30</posy>
								<width>150</width>
								<height>20</height>
								<label>$INFO[ListItem.Property(NextDate)]</label>
								<textcolor>FFFFFFFF</textcolor>
								<font>METF_PlotText</font>
								<align>center</align>
							</control>
							<control type="label">
								<description>Airing time</description>
								<posx>75</posx>
								<posy>48</posy>
								<width>150</width>
								<height>20</height>
								<label>$INFO[ListItem.Property(ShortTime)]</label>
								<textcolor>FFFFFFFF</textcolor>
								<font>METF_PlotText</font>
								<align>center</align>
							</control>
						</control>
						<control type="group">
							<visible>!Control.HasFocus(206)</visible>
							<control type="label">
								<description>Next air date</description>
								<posx>75</posx>
								<posy>30</posy>
								<width>150</width>
								<height>20</height>
								<label>$INFO[ListItem.Property(NextDate)]</label>
								<textcolor>99FFFFFF</textcolor>
								<font>METF_PlotText</font>
								<align>center</align>
							</control>
							<control type="label">
								<description>Airing time</description>
								<posx>75</posx>
								<posy>48</posy>
								<width>150</width>
								<height>20</height>
								<label>$INFO[ListItem.Property(ShortTime)]</label>
								<textcolor>99FFFFFF</textcolor>
								<font>METF_PlotText</font>
								<align>center</align>
							</control>
						</control>
						<control type="image">
							<description>Thumb</description>
							<posx>21</posx>
							<posy>4</posy>
							<width>108</width>
							<height>30</height>
							<aspectratio>keep</aspectratio>
							<texture background="true">$INFO[ListItem.Thumb]</texture>
							<visible>StringCompare(Window(Home).Property(TVGuide.ThumbType),0)</visible>
						</control>
						<control type="image">
							<description>Banner</description>
							<posx>4</posx>
							<posy>0</posy>
							<width>140</width>
							<height>30</height>
							<aspectratio>keep</aspectratio>
							<texture background="true">$INFO[ListItem.Property(Path),,banner.jpg]</texture>
							<visible>StringCompare(Window(Home).Property(TVGuide.ThumbType),1)</visible>
						</control>
						<control type="image">
							<description>Logo</description>
							<posx>21</posx>
							<posy>4</posy>
							<width>108</width>
							<height>30</height>
							<aspectratio>keep</aspectratio>
							<texture background="true">$INFO[ListItem.Property(Path),,logo.png]</texture>
							<visible>StringCompare(Window(Home).Property(TVGuide.ThumbType),2)</visible>
						</control>
					</focusedlayout>
				</control>
			</control>
			<control type="group">
				<description>Additional show info</description>
				<posx>919</posx>
				<posy>65</posy>
				<visible>Control.HasFocus(200) | !IsEmpty(Window(Home).Property(TVGuide.MondayList))</visible>
				<control type="label">
					<description>Episode title</description>
					<posx>0</posx>
					<posy>-20</posy>
					<width>302</width>
					<height>75</height>
					<label>$INFO[Container(200).ListItem.Label]</label>
					<align>center</align>
					<aligny>center</aligny>
					<font>METF_Heading</font>
					<textcolor>TextFO</textcolor>
					<wrapmultiline>true</wrapmultiline>
				</control>				
				<control type="label">
					<description>Season/Episode number</description>
					<posx>0</posx>
					<posy>40</posy>
					<width>302</width>
					<height>35</height>
					<label>$LOCALIZE[20373] $INFO[Container(200).ListItem.Property(NextSeasonNumber)] - $LOCALIZE[20359] $INFO[Container(200).ListItem.Property(NextEpisodeNumber)]</label>
					<align>center</align>
					<aligny>center</aligny>
					<font>METF_PlotTextSmall</font>
					<textcolor>white</textcolor>
				</control>				
				<control type="image">
					<posx>0</posx>
					<posy>88</posy>
					<width>302</width>
					<height>170</height>
					<aspectratio>stretch</aspectratio>
					<texture background="true">$INFO[Container(200).ListItem.Property(Fanart)]</texture>
					<visible>![Control.IsVisible(2001) + !stringcompare(Control.GetLabel(2001),empty.png)]</visible>
					<bordertexture>dialogback.png</bordertexture>
					<bordersize>2</bordersize>
				</control>
				<control type="image" id="2001">
					<posx>0</posx>
					<posy>88</posy>
					<width>302</width>
					<height>170</height>
					<aspectratio>stretch</aspectratio>
					<texture background="true" fallback="empty.png">$INFO[Container(200).ListItem.Property(Path),,landscape.jpg]</texture>
					<visible>!IsEmpty(Window(Home).Property(TVGuide.PreviewThumbs))</visible>
					<bordertexture>dialogback.png</bordertexture>
					<bordersize>2</bordersize>
				</control>
				<control type="image">
					<posx>0</posx>
					<posy>88</posy>
					<width>302</width>
					<height>170</height>
					<aspectratio>stretch</aspectratio>
					<texture>frames/ClassicFrameGlass_Horizontal2.png</texture>
				</control>
				<control type="label">
					<posx>0</posx>
					<posy>278</posy>
					<width>302</width>
					<height>30</height>
					<label>$INFO[Container(200).ListItem.Property(NextTitle)]</label>
					<textcolor>TextFO</textcolor>
					<font>METF_HomeMenuSmall</font>
					<align>center</align>
					<aligny>center</aligny>
					<wrapmultiline>true</wrapmultiline>
				</control>
				<control type="label">
					<posx>0</posx>
					<posy>326</posy>
					<width>302</width>
					<height>15</height>
					<label>$INFO[Container(200).ListItem.Property(Runtime),, $LOCALIZE[12391]]</label>
					<font>METF_PlotText</font>
					<align>center</align>
					<aligny>center</aligny>
				</control>
				<control type="label">
					<posx>0</posx>
					<posy>350</posy>
					<width>302</width>
					<height>30</height>
					<label>$INFO[Container(200).ListItem.Property(Genre)]</label>
					<font>METF_PlotText</font>
					<align>center</align>
					<aligny>center</aligny>
					<wrapmultiline>true</wrapmultiline>
				</control>				
				<control type="label">
					<posx>0</posx>
					<posy>390</posy>
					<width>302</width>
					<height>15</height>
					<label>$INFO[Container(200).ListItem.Property(ShortTime)]</label>
					<font>METF_PlotText</font>
					<align>center</align>
					<aligny>center</aligny>
				</control>
				<control type="label">
					<posx>0</posx>
					<posy>412</posy>
					<width>302</width>
					<height>15</height>
					<label>$INFO[Container(200).ListItem.Property(NextDate)]</label>
					<font>METF_PlotText</font>
					<align>center</align>
					<aligny>center</aligny>
				</control>
				<control type="label">
					<posx>0</posx>
					<posy>440</posy>
					<width>302</width>
					<height>15</height>
					<label>$INFO[Container(200).ListItem.Property(Network)]</label>
					<font>METF_PlotText</font>
					<textcolor>TextFO</textcolor>
					<align>center</align>
					<aligny>center</aligny>
					<visible>IsEmpty(Control.GetLabel(80000))</visible>
				</control>
				<control type="image" id="80000">
					<posx>122</posx>
					<posy>432</posy>
					<width>60</width>
					<height>41</height>
					<texture>$INFO[Container(200).ListItem.Property(Network),special://skin/extras/studios/,.png]</texture>
				</control>								
			</control>
			<control type="group">
				<description>Additional show info</description>
				<posx>919</posx>
				<posy>65</posy>
				<visible>Control.HasFocus(201) | !IsEmpty(Window(Home).Property(TVGuide.TuesdayList))</visible>
				<control type="label">
					<description>Episode title</description>
					<posx>0</posx>
					<posy>-20</posy>
					<width>302</width>
					<height>75</height>
					<label>$INFO[Container(201).ListItem.Label]</label>
					<align>center</align>
					<aligny>center</aligny>
					<font>METF_Heading</font>
					<textcolor>TextFO</textcolor>
					<wrapmultiline>true</wrapmultiline>
				</control>
				<control type="label">
					<description>Season/Episode number</description>
					<posx>0</posx>
					<posy>40</posy>
					<width>302</width>
					<height>35</height>
					<label>$LOCALIZE[20373] $INFO[Container(201).ListItem.Property(NextSeasonNumber)] - $LOCALIZE[20359] $INFO[Container(201).ListItem.Property(NextEpisodeNumber)]</label>
					<align>center</align>
					<aligny>center</aligny>
					<font>METF_PlotTextSmall</font>
					<textcolor>white</textcolor>
				</control>
				<control type="image">
					<posx>0</posx>
					<posy>88</posy>
					<width>302</width>
					<height>170</height>
					<aspectratio>stretch</aspectratio>
					<texture background="true">$INFO[Container(201).ListItem.Property(Fanart)]</texture>
					<visible>![Control.IsVisible(2011) + !stringcompare(Control.GetLabel(2011),empty.png)]</visible>
					<bordertexture>dialogback.png</bordertexture>
					<bordersize>2</bordersize>
				</control>
				<control type="image" id="2011">
					<posx>0</posx>
					<posy>88</posy>
					<width>302</width>
					<height>170</height>
					<aspectratio>stretch</aspectratio>
					<texture background="true" fallback="empty.png">$INFO[Container(201).ListItem.Property(Path),,landscape.jpg]</texture>
					<visible>!IsEmpty(Window(Home).Property(TVGuide.PreviewThumbs))</visible>
					<bordertexture>dialogback.png</bordertexture>
					<bordersize>2</bordersize>
				</control>
				<control type="image">
					<posx>0</posx>
					<posy>88</posy>
					<width>302</width>
					<height>170</height>
					<aspectratio>stretch</aspectratio>
					<texture>frames/ClassicFrameGlass_Horizontal2.png</texture>
				</control>
				<control type="label">
					<posx>0</posx>
					<posy>278</posy>
					<width>302</width>
					<height>30</height>
					<label>$INFO[Container(201).ListItem.Property(NextTitle)]</label>
					<textcolor>TextFO</textcolor>
					<font>METF_HomeMenuSmall</font>
					<align>center</align>
					<aligny>center</aligny>
					<wrapmultiline>true</wrapmultiline>
				</control>
				<control type="label">
					<posx>0</posx>
					<posy>326</posy>
					<width>302</width>
					<height>15</height>
					<label>$INFO[Container(201).ListItem.Property(Runtime),, $LOCALIZE[12391]]</label>
					<font>METF_PlotText</font>
					<align>center</align>
					<aligny>center</aligny>
				</control>
				<control type="label">
					<posx>0</posx>
					<posy>350</posy>
					<width>302</width>
					<height>30</height>
					<label>$INFO[Container(201).ListItem.Property(Genre)]</label>
					<font>METF_PlotText</font>
					<align>center</align>
					<aligny>center</aligny>
					<wrapmultiline>true</wrapmultiline>
				</control>
				<control type="label">
					<posx>0</posx>
					<posy>390</posy>
					<width>302</width>
					<height>15</height>
					<label>$INFO[Container(201).ListItem.Property(ShortTime)]</label>
					<font>METF_PlotText</font>
					<align>center</align>
					<aligny>center</aligny>
				</control>
				<control type="label">
					<posx>0</posx>
					<posy>412</posy>
					<width>302</width>
					<height>15</height>
					<label>$INFO[Container(201).ListItem.Property(NextDate)]</label>
					<font>METF_PlotText</font>
					<align>center</align>
					<aligny>center</aligny>
				</control>
				<control type="label">
					<posx>0</posx>
					<posy>440</posy>
					<width>302</width>
					<height>15</height>
					<label>$INFO[Container(201).ListItem.Property(Network)]</label>
					<font>METF_PlotText</font>
					<textcolor>TextFO</textcolor>
					<align>center</align>
					<aligny>center</aligny>
					<visible>IsEmpty(Control.GetLabel(80001))</visible>
				</control>
				<control type="image" id="80001">
					<posx>122</posx>
					<posy>432</posy>
					<width>60</width>
					<height>41</height>
					<texture>$INFO[Container(201).ListItem.Property(Network),special://skin/extras/studios/,.png]</texture>
				</control>
			</control>
			<control type="group">
				<description>Additional show info</description>
				<posx>919</posx>
				<posy>65</posy>
				<visible>Control.HasFocus(202) | !IsEmpty(Window(Home).Property(TVGuide.WednesdayList))</visible>
				<control type="label">
					<description>Episode title</description>
					<posx>0</posx>
					<posy>-20</posy>
					<width>302</width>
					<height>75</height>
					<label>$INFO[Container(202).ListItem.Label]</label>
					<align>center</align>
					<aligny>center</aligny>
					<font>METF_Heading</font>
					<textcolor>TextFO</textcolor>
					<wrapmultiline>true</wrapmultiline>
				</control>
				<control type="label">
					<description>Season/Episode number</description>
					<posx>0</posx>
					<posy>40</posy>
					<width>302</width>
					<height>35</height>
					<label>$LOCALIZE[20373] $INFO[Container(202).ListItem.Property(NextSeasonNumber)] - $LOCALIZE[20359] $INFO[Container(202).ListItem.Property(NextEpisodeNumber)]</label>
					<align>center</align>
					<aligny>center</aligny>
					<font>METF_PlotTextSmall</font>
					<textcolor>white</textcolor>
				</control>
				<control type="image">
					<posx>0</posx>
					<posy>88</posy>
					<width>302</width>
					<height>170</height>
					<aspectratio>stretch</aspectratio>
					<texture background="true">$INFO[Container(202).ListItem.Property(Fanart)]</texture>
					<visible>![Control.IsVisible(2021) + !stringcompare(Control.GetLabel(2021),empty.png)]</visible>
					<bordertexture>dialogback.png</bordertexture>
					<bordersize>2</bordersize>
				</control>
				<control type="image" id="2021">
					<posx>0</posx>
					<posy>88</posy>
					<width>302</width>
					<height>170</height>
					<aspectratio>stretch</aspectratio>
					<texture background="true" fallback="empty.png">$INFO[Container(202).ListItem.Property(Path),,landscape.jpg]</texture>
					<visible>!IsEmpty(Window(Home).Property(TVGuide.PreviewThumbs))</visible>
					<bordertexture>dialogback.png</bordertexture>
					<bordersize>2</bordersize>
				</control>
				<control type="image">
					<posx>0</posx>
					<posy>88</posy>
					<width>302</width>
					<height>170</height>
					<aspectratio>stretch</aspectratio>
					<texture>frames/ClassicFrameGlass_Horizontal2.png</texture>
				</control>
				<control type="label">
					<posx>0</posx>
					<posy>278</posy>
					<width>302</width>
					<height>30</height>
					<label>$INFO[Container(202).ListItem.Property(NextTitle)]</label>
					<textcolor>TextFO</textcolor>
					<font>METF_HomeMenuSmall</font>
					<align>center</align>
					<aligny>center</aligny>
					<wrapmultiline>true</wrapmultiline>
				</control>
				<control type="label">
					<posx>0</posx>
					<posy>326</posy>
					<width>302</width>
					<height>15</height>
					<label>$INFO[Container(202).ListItem.Property(Runtime),, $LOCALIZE[12391]]</label>
					<font>METF_PlotText</font>
					<align>center</align>
					<aligny>center</aligny>
				</control>
				<control type="label">
					<posx>0</posx>
					<posy>350</posy>
					<width>302</width>
					<height>30</height>
					<label>$INFO[Container(202).ListItem.Property(Genre)]</label>
					<font>METF_PlotText</font>
					<align>center</align>
					<aligny>center</aligny>
					<wrapmultiline>true</wrapmultiline>
				</control>
				<control type="label">
					<posx>0</posx>
					<posy>390</posy>
					<width>302</width>
					<height>15</height>
					<label>$INFO[Container(202).ListItem.Property(ShortTime)]</label>
					<font>METF_PlotText</font>
					<align>center</align>
					<aligny>center</aligny>
				</control>
				<control type="label">
					<posx>0</posx>
					<posy>412</posy>
					<width>302</width>
					<height>15</height>
					<label>$INFO[Container(202).ListItem.Property(NextDate)]</label>
					<font>METF_PlotText</font>
					<align>center</align>
					<aligny>center</aligny>
				</control>
				<control type="label">
					<posx>0</posx>
					<posy>440</posy>
					<width>302</width>
					<height>15</height>
					<label>$INFO[Container(202).ListItem.Property(Network)]</label>
					<font>METF_PlotText</font>
					<textcolor>TextFO</textcolor>
					<align>center</align>
					<aligny>center</aligny>
					<visible>IsEmpty(Control.GetLabel(80002))</visible>
				</control>
				<control type="image" id="80002">
					<posx>122</posx>
					<posy>432</posy>
					<width>60</width>
					<height>41</height>
					<texture>$INFO[Container(202).ListItem.Property(Network),special://skin/extras/studios/,.png]</texture>
				</control>
			</control>
			<control type="group">
				<description>Additional show info</description>
				<posx>919</posx>
				<posy>65</posy>
				<visible>Control.HasFocus(203) | !IsEmpty(Window(Home).Property(TVGuide.ThursdayList))</visible>
				<control type="label">
					<description>Episode title</description>
					<posx>0</posx>
					<posy>-20</posy>
					<width>302</width>
					<height>75</height>
					<label>$INFO[Container(203).ListItem.Label]</label>
					<align>center</align>
					<aligny>center</aligny>
					<font>METF_Heading</font>
					<textcolor>TextFO</textcolor>
					<wrapmultiline>true</wrapmultiline>
				</control>
				<control type="label">
					<description>Season/Episode number</description>
					<posx>0</posx>
					<posy>40</posy>
					<width>302</width>
					<height>35</height>
					<label>$LOCALIZE[20373] $INFO[Container(203).ListItem.Property(NextSeasonNumber)] - $LOCALIZE[20359] $INFO[Container(203).ListItem.Property(NextEpisodeNumber)]</label>
					<align>center</align>
					<aligny>center</aligny>
					<font>METF_PlotTextSmall</font>
					<textcolor>white</textcolor>
				</control>
				<control type="image">
					<posx>0</posx>
					<posy>88</posy>
					<width>302</width>
					<height>170</height>
					<aspectratio>stretch</aspectratio>
					<texture background="true">$INFO[Container(203).ListItem.Property(Fanart)]</texture>
					<visible>![Control.IsVisible(2031) + !stringcompare(Control.GetLabel(2031),empty.png)]</visible>
					<bordertexture>dialogback.png</bordertexture>
					<bordersize>2</bordersize>
				</control>
				<control type="image" id="2031">
					<posx>0</posx>
					<posy>88</posy>
					<width>302</width>
					<height>170</height>
					<aspectratio>stretch</aspectratio>
					<texture background="true" fallback="empty.png">$INFO[Container(203).ListItem.Property(Path),,landscape.jpg]</texture>
					<visible>!IsEmpty(Window(Home).Property(TVGuide.PreviewThumbs))</visible>
					<bordertexture>dialogback.png</bordertexture>
					<bordersize>2</bordersize>
				</control>
				<control type="image">
					<posx>0</posx>
					<posy>88</posy>
					<width>302</width>
					<height>170</height>
					<aspectratio>stretch</aspectratio>
					<texture>frames/ClassicFrameGlass_Horizontal2.png</texture>
				</control>
				<control type="label">
					<posx>0</posx>
					<posy>278</posy>
					<width>302</width>
					<height>30</height>
					<label>$INFO[Container(203).ListItem.Property(NextTitle)]</label>
					<textcolor>TextFO</textcolor>
					<font>METF_HomeMenuSmall</font>
					<align>center</align>
					<aligny>center</aligny>
					<wrapmultiline>true</wrapmultiline>
				</control>
				<control type="label">
					<posx>0</posx>
					<posy>326</posy>
					<width>302</width>
					<height>15</height>
					<label>$INFO[Container(203).ListItem.Property(Runtime),, $LOCALIZE[12391]]</label>
					<font>METF_PlotText</font>
					<align>center</align>
					<aligny>center</aligny>
				</control>
				<control type="label">
					<posx>0</posx>
					<posy>350</posy>
					<width>302</width>
					<height>30</height>
					<label>$INFO[Container(203).ListItem.Property(Genre)]</label>
					<font>METF_PlotText</font>
					<align>center</align>
					<aligny>center</aligny>
					<wrapmultiline>true</wrapmultiline>
				</control>
				<control type="label">
					<posx>0</posx>
					<posy>390</posy>
					<width>302</width>
					<height>15</height>
					<label>$INFO[Container(203).ListItem.Property(ShortTime)]</label>
					<font>METF_PlotText</font>
					<align>center</align>
					<aligny>center</aligny>
				</control>
				<control type="label">
					<posx>0</posx>
					<posy>412</posy>
					<width>302</width>
					<height>15</height>
					<label>$INFO[Container(203).ListItem.Property(NextDate)]</label>
					<font>METF_PlotText</font>
					<align>center</align>
					<aligny>center</aligny>
				</control>
				<control type="label">
					<posx>0</posx>
					<posy>440</posy>
					<width>302</width>
					<height>15</height>
					<label>$INFO[Container(203).ListItem.Property(Network)]</label>
					<font>METF_PlotText</font>
					<textcolor>TextFO</textcolor>
					<align>center</align>
					<aligny>center</aligny>
					<visible>IsEmpty(Control.GetLabel(80003))</visible>
				</control>
				<control type="image" id="80003">
					<posx>122</posx>
					<posy>432</posy>
					<width>60</width>
					<height>41</height>
					<texture>$INFO[Container(203).ListItem.Property(Network),special://skin/extras/studios/,.png]</texture>
				</control>
			</control>
			<control type="group">
				<description>Additional show info</description>
				<posx>919</posx>
				<posy>65</posy>
				<visible>Control.HasFocus(204) | !IsEmpty(Window(Home).Property(TVGuide.FridayList))</visible>
				<control type="label">
					<description>Episode title</description>
					<posx>0</posx>
					<posy>-20</posy>
					<width>302</width>
					<height>75</height>
					<label>$INFO[Container(204).ListItem.Label]</label>
					<align>center</align>
					<aligny>center</aligny>
					<font>METF_Heading</font>
					<textcolor>TextFO</textcolor>
					<wrapmultiline>true</wrapmultiline>
				</control>
				<control type="label">
					<description>Season/Episode number</description>
					<posx>0</posx>
					<posy>40</posy>
					<width>302</width>
					<height>35</height>
					<label>$LOCALIZE[20373] $INFO[Container(204).ListItem.Property(NextSeasonNumber)] - $LOCALIZE[20359] $INFO[Container(204).ListItem.Property(NextEpisodeNumber)]</label>
					<align>center</align>
					<aligny>center</aligny>
					<font>METF_PlotTextSmall</font>
					<textcolor>white</textcolor>
				</control>
				<control type="image">
					<posx>0</posx>
					<posy>88</posy>
					<width>302</width>
					<height>170</height>
					<aspectratio>stretch</aspectratio>
					<texture background="true">$INFO[Container(204).ListItem.Property(Fanart)]</texture>
					<visible>![Control.IsVisible(2041) + !stringcompare(Control.GetLabel(2041),empty.png)]</visible>
					<bordertexture>dialogback.png</bordertexture>
					<bordersize>2</bordersize>
				</control>
				<control type="image" id="2041">
					<posx>0</posx>
					<posy>88</posy>
					<width>302</width>
					<height>170</height>
					<aspectratio>stretch</aspectratio>
					<texture background="true" fallback="empty.png">$INFO[Container(204).ListItem.Property(Path),,landscape.jpg]</texture>
					<visible>!IsEmpty(Window(Home).Property(TVGuide.PreviewThumbs))</visible>
					<bordertexture>dialogback.png</bordertexture>
					<bordersize>2</bordersize>
				</control>
				<control type="image">
					<posx>0</posx>
					<posy>88</posy>
					<width>302</width>
					<height>170</height>
					<aspectratio>stretch</aspectratio>
					<texture>frames/ClassicFrameGlass_Horizontal2.png</texture>
				</control>
				<control type="label">
					<posx>0</posx>
					<posy>278</posy>
					<width>302</width>
					<height>30</height>
					<label>$INFO[Container(204).ListItem.Property(NextTitle)]</label>
					<textcolor>TextFO</textcolor>
					<font>METF_HomeMenuSmall</font>
					<align>center</align>
					<aligny>center</aligny>
					<wrapmultiline>true</wrapmultiline>
				</control>
				<control type="label">
					<posx>0</posx>
					<posy>326</posy>
					<width>302</width>
					<height>15</height>
					<label>$INFO[Container(204).ListItem.Property(Runtime),, $LOCALIZE[12391]]</label>
					<font>METF_PlotText</font>
					<align>center</align>
					<aligny>center</aligny>
				</control>
				<control type="label">
					<posx>0</posx>
					<posy>350</posy>
					<width>302</width>
					<height>30</height>
					<label>$INFO[Container(204).ListItem.Property(Genre)]</label>
					<font>METF_PlotText</font>
					<align>center</align>
					<aligny>center</aligny>
					<wrapmultiline>true</wrapmultiline>
				</control>
				<control type="label">
					<posx>0</posx>
					<posy>390</posy>
					<width>302</width>
					<height>15</height>
					<label>$INFO[Container(204).ListItem.Property(ShortTime)]</label>
					<font>METF_PlotText</font>
					<align>center</align>
					<aligny>center</aligny>
				</control>
				<control type="label">
					<posx>0</posx>
					<posy>412</posy>
					<width>302</width>
					<height>15</height>
					<label>$INFO[Container(204).ListItem.Property(NextDate)]</label>
					<font>METF_PlotText</font>
					<align>center</align>
					<aligny>center</aligny>
				</control>
				<control type="label">
					<posx>0</posx>
					<posy>440</posy>
					<width>302</width>
					<height>15</height>
					<label>$INFO[Container(204).ListItem.Property(Network)]</label>
					<font>METF_PlotText</font>
					<textcolor>TextFO</textcolor>
					<align>center</align>
					<aligny>center</aligny>
				<visible>IsEmpty(Control.GetLabel(80004))</visible>
				</control>
				<control type="image" id="80004">
					<posx>122</posx>
					<posy>432</posy>
					<width>60</width>
					<height>41</height>
					<texture>$INFO[Container(204).ListItem.Property(Network),special://skin/extras/studios/,.png]</texture>
				</control>
			</control>
			<control type="group">
				<description>Additional show info</description>
				<posx>919</posx>
				<posy>65</posy>
				<visible>Control.HasFocus(205) | !IsEmpty(Window(Home).Property(TVGuide.SaturdayList))</visible>
				<control type="label">
					<description>Episode title</description>
					<posx>0</posx>
					<posy>-20</posy>
					<width>302</width>
					<height>75</height>
					<label>$INFO[Container(205).ListItem.Label]</label>
					<align>center</align>
					<aligny>center</aligny>
					<font>METF_Heading</font>
					<textcolor>TextFO</textcolor>
					<wrapmultiline>true</wrapmultiline>
				</control>
				<control type="label">
					<description>Season/Episode number</description>
					<posx>0</posx>
					<posy>40</posy>
					<width>302</width>
					<height>35</height>
					<label>$LOCALIZE[20373] $INFO[Container(205).ListItem.Property(NextSeasonNumber)] - $LOCALIZE[20359] $INFO[Container(205).ListItem.Property(NextEpisodeNumber)]</label>
					<align>center</align>
					<aligny>center</aligny>
					<font>METF_PlotTextSmall</font>
					<textcolor>white</textcolor>
				</control>
				<control type="image">
					<posx>0</posx>
					<posy>88</posy>
					<width>302</width>
					<height>170</height>
					<aspectratio>stretch</aspectratio>
					<texture background="true">$INFO[Container(205).ListItem.Property(Fanart)]</texture>
					<visible>![Control.IsVisible(2051) + !stringcompare(Control.GetLabel(2051),empty.png)]</visible>
					<bordertexture>dialogback.png</bordertexture>
					<bordersize>2</bordersize>
				</control>
				<control type="image" id="2051">
					<posx>0</posx>
					<posy>88</posy>
					<width>302</width>
					<height>170</height>
					<aspectratio>stretch</aspectratio>
					<texture background="true" fallback="empty.png">$INFO[Container(205).ListItem.Property(Path),,landscape.jpg]</texture>
					<visible>!IsEmpty(Window(Home).Property(TVGuide.PreviewThumbs))</visible>
					<bordertexture>dialogback.png</bordertexture>
					<bordersize>2</bordersize>
				</control>
				<control type="image">
					<posx>0</posx>
					<posy>88</posy>
					<width>302</width>
					<height>170</height>
					<aspectratio>stretch</aspectratio>
					<texture>frames/ClassicFrameGlass_Horizontal2.png</texture>
				</control>
				<control type="label">
					<posx>0</posx>
					<posy>278</posy>
					<width>302</width>
					<height>30</height>
					<label>$INFO[Container(205).ListItem.Property(NextTitle)]</label>
					<textcolor>TextFO</textcolor>
					<font>METF_HomeMenuSmall</font>
					<align>center</align>
					<aligny>center</aligny>
					<wrapmultiline>true</wrapmultiline>
				</control>
				<control type="label">
					<posx>0</posx>
					<posy>326</posy>
					<width>302</width>
					<height>15</height>
					<label>$INFO[Container(205).ListItem.Property(Runtime),, $LOCALIZE[12391]]</label>
					<font>METF_PlotText</font>
					<align>center</align>
					<aligny>center</aligny>
				</control>
				<control type="label">
					<posx>0</posx>
					<posy>350</posy>
					<width>302</width>
					<height>30</height>
					<label>$INFO[Container(205).ListItem.Property(Genre)]</label>
					<font>METF_PlotText</font>
					<align>center</align>
					<aligny>center</aligny>
					<wrapmultiline>true</wrapmultiline>
				</control>
				<control type="label">
					<posx>0</posx>
					<posy>390</posy>
					<width>302</width>
					<height>15</height>
					<label>$INFO[Container(205).ListItem.Property(ShortTime)]</label>
					<font>METF_PlotText</font>
					<align>center</align>
					<aligny>center</aligny>
				</control>
				<control type="label">
					<posx>0</posx>
					<posy>412</posy>
					<width>302</width>
					<height>15</height>
					<label>$INFO[Container(205).ListItem.Property(NextDate)]</label>
					<font>METF_PlotText</font>
					<align>center</align>
					<aligny>center</aligny>
				</control>
				<control type="label">
					<posx>0</posx>
					<posy>440</posy>
					<width>302</width>
					<height>15</height>
					<label>$INFO[Container(205).ListItem.Property(Network)]</label>
					<font>METF_PlotText</font>
					<textcolor>TextFO</textcolor>
					<align>center</align>
					<aligny>center</aligny>
					<visible>IsEmpty(Control.GetLabel(80005))</visible>
				</control>
				<control type="image" id="80005">
					<posx>122</posx>
					<posy>432</posy>
					<width>60</width>
					<height>41</height>
					<texture>$INFO[Container(205).ListItem.Property(Network),special://skin/extras/studios/,.png]</texture>
				</control>
			</control>
			<control type="group">
				<description>Additional show info</description>
				<posx>919</posx>
				<posy>65</posy>
				<visible>Control.HasFocus(206) | !IsEmpty(Window(Home).Property(TVGuide.SundayList))</visible>
				<control type="label">
					<description>Episode title</description>
					<posx>0</posx>
					<posy>-20</posy>
					<width>302</width>
					<height>75</height>
					<label>$INFO[Container(206).ListItem.Label]</label>
					<align>center</align>
					<aligny>center</aligny>
					<font>METF_Heading</font>
					<textcolor>TextFO</textcolor>
					<wrapmultiline>true</wrapmultiline>
				</control>
				<control type="label">
					<description>Season/Episode number</description>
					<posx>0</posx>
					<posy>40</posy>
					<width>302</width>
					<height>35</height>
					<label>$LOCALIZE[20373] $INFO[Container(206).ListItem.Property(NextSeasonNumber)] - $LOCALIZE[20359] $INFO[Container(206).ListItem.Property(NextEpisodeNumber)]</label>
					<align>center</align>
					<aligny>center</aligny>
					<font>METF_PlotTextSmall</font>
					<textcolor>white</textcolor>
				</control>
				<control type="image">
					<posx>0</posx>
					<posy>88</posy>
					<width>302</width>
					<height>170</height>
					<aspectratio>stretch</aspectratio>
					<texture background="true">$INFO[Container(206).ListItem.Property(Fanart)]</texture>
					<visible>![Control.IsVisible(2061) + !stringcompare(Control.GetLabel(2021),empty.png)]</visible>
					<bordertexture>dialogback.png</bordertexture>
					<bordersize>2</bordersize>
				</control>
				<control type="image" id="2061">
					<posx>0</posx>
					<posy>88</posy>
					<width>302</width>
					<height>170</height>
					<aspectratio>stretch</aspectratio>
					<texture background="true" fallback="empty.png">$INFO[Container(206).ListItem.Property(Path),,landscape.jpg]</texture>
					<visible>!IsEmpty(Window(Home).Property(TVGuide.PreviewThumbs))</visible>
					<bordertexture>dialogback.png</bordertexture>
					<bordersize>2</bordersize>
				</control>
				<control type="image">
					<posx>0</posx>
					<posy>88</posy>
					<width>302</width>
					<height>170</height>
					<aspectratio>stretch</aspectratio>
					<texture>frames/ClassicFrameGlass_Horizontal2.png</texture>
				</control>
				<control type="label">
					<posx>0</posx>
					<posy>278</posy>
					<width>302</width>
					<height>30</height>
					<label>$INFO[Container(206).ListItem.Property(NextTitle)]</label>
					<textcolor>TextFO</textcolor>
					<font>METF_HomeMenuSmall</font>
					<align>center</align>
					<aligny>center</aligny>
					<wrapmultiline>true</wrapmultiline>
				</control>
				<control type="label">
					<posx>0</posx>
					<posy>326</posy>
					<width>302</width>
					<height>15</height>
					<label>$INFO[Container(206).ListItem.Property(Runtime),, $LOCALIZE[12391]]</label>
					<font>METF_PlotText</font>
					<align>center</align>
					<aligny>center</aligny>
				</control>
				<control type="label">
					<posx>0</posx>
					<posy>350</posy>
					<width>302</width>
					<height>30</height>
					<label>$INFO[Container(206).ListItem.Property(Genre)]</label>
					<font>METF_PlotText</font>
					<align>center</align>
					<aligny>center</aligny>
					<wrapmultiline>true</wrapmultiline>
				</control>
				<control type="label">
					<posx>0</posx>
					<posy>390</posy>
					<width>302</width>
					<height>15</height>
					<label>$INFO[Container(206).ListItem.Property(ShortTime)]</label>
					<font>METF_PlotText</font>
					<align>center</align>
					<aligny>center</aligny>
				</control>
				<control type="label">
					<posx>0</posx>
					<posy>412</posy>
					<width>302</width>
					<height>15</height>
					<label>$INFO[Container(206).ListItem.Property(NextDate)]</label>
					<font>METF_PlotText</font>
					<align>center</align>
					<aligny>center</aligny>
				</control>
				<control type="label">
					<posx>0</posx>
					<posy>440</posy>
					<width>302</width>
					<height>15</height>
					<label>$INFO[Container(206).ListItem.Property(Network)]</label>
					<font>METF_PlotText</font>
					<textcolor>TextFO</textcolor>
					<align>center</align>
					<aligny>center</aligny>
					<visible>IsEmpty(Control.GetLabel(80006))</visible>
				</control>
				<control type="image" id="80006">
					<posx>122</posx>
					<posy>432</posy>
					<width>60</width>
					<height>41</height>
					<texture>$INFO[Container(206).ListItem.Property(Network),special://skin/extras/studios/,.png]</texture>
				</control>
			</control>
			
			<control type="label">
				<posx>919</posx>
				<posy>560</posy>
				<width>302</width>
				<height>15</height>
				<label>Listed shows: $INFO[Window(Home).Property(NextAired.Total)]</label>
				<font>METF_HomeMenuSmall</font>
				<align>center</align>
			</control>
			<control type="label">
				<posx>919</posx>
				<posy>585</posy>
				<width>302</width>
				<height>15</height>
				<label>Airing today: $INFO[Window(Home).Property(NextAired.TodayTotal)]</label>
				<font>METF_HomeMenuSmall</font>
				<align>center</align>
			</control>
		</control>				
		<control type="label">
			<description>Header label</description>
			<posx>30</posx>
			<posy>10</posy>
			<include>Global_HeadingSectionVars</include>
			<label>$LOCALIZE[SCRIPT450]</label>
		</control>		
	</controls>
</window>
