<window id="136">
	<defaultcontrol always="true">22</defaultcontrol>
	<allowoverlay>yes</allowoverlay>
	<controls>
		<control type="group">
			<posy>-80</posy>
			<include>Animation_OpenCloseFade</include>
			<animation type="Conditional" condition="Window.IsActive(smartplaylistrule) | Window.IsActive(filebrowser)">
				<effect type="zoom" time="600" center="640,360" start="100" end="50" tween="cubic" easing="inout" />
				<effect type="fade" time="400" start="100" end="0" />
			</animation>
			<control type="label">
				<description>header label</description>
				<posx>460</posx>
				<posy>158</posy>
				<width>810</width>
				<height>38</height>
				<font>METF_TitleTextLarge</font>
				<textcolor>SettingsTitle</textcolor>
				<align>left</align>
				<aligny>center</aligny>
				<label>$LOCALIZE[21432]</label>
			</control>
			<control type="button" id="21">
				<description>Cancel</description>
				<posx>0</posx>
				<posy>215</posy>
				<include>SettingsLabelLeft</include>
				<label>$LOCALIZE[222]</label>
				<onleft>-</onleft>
				<onright>22</onright>
				<onup>20</onup>
				<ondown>20</ondown>
			</control>
			<control type="button" id="20">
				<description>Ok</description>
				<posx>0</posx>
				<posy>253</posy>
				<include>SettingsLabelLeft</include>
				<label>$LOCALIZE[186]</label>
				<onleft>-</onleft>
				<onright>22</onright>
				<onup>21</onup>
				<ondown>21</ondown>
			</control>
			<control type="spincontrolex" id="22">
				<description>Set Playlist type</description>
				<posx>440</posx>
				<posy>215</posy>
				<width>840</width>
				<height>38</height>
				<include>SettingsLabel</include>
				<onright>-</onright>
				<onleft>20</onleft>
				<onup>9001</onup>
				<ondown>12</ondown>
			</control>
			<control type="label">
				<description>Directory Contains</description>
				<posx>460</posx>
				<posy>215</posy>
				<width>790</width>
				<height>38</height>
				<font>METF_ContextValue</font>
				<textcolor>SettingsDetail</textcolor>
				<align>left</align>
				<aligny>center</aligny>
				<label>$LOCALIZE[146]</label>
				<visible>!Control.HasFocus(22)</visible>
			</control>
			<control type="label">
				<description>Directory Contains</description>
				<posx>460</posx>
				<posy>215</posy>
				<width>790</width>
				<height>38</height>
				<font>METF_ContextValue</font>
				<textcolor>ButtonText</textcolor>
				<align>left</align>
				<aligny>center</aligny>
				<label>$LOCALIZE[146]</label>
				<visible>Control.HasFocus(22)</visible>
			</control>
			<control type="edit" id="12">
				<description>Name Button</description>
				<posx>440</posx>
				<posy>253</posy>
				<width>840</width>
				<height>38</height>
				<align>right</align>
				<include>SettingsLabel</include>
				<label>-</label>
				<onup>22</onup>
				<onleft>20</onleft>
				<onright>-</onright>
				<ondown>10</ondown>
			</control>
			<control type="label">
				<description>Name Label</description>
				<posx>460</posx>
				<posy>253</posy>
				<width>790</width>
				<height>38</height>
				<font>METF_ContextValue</font>
				<textcolor>SettingsDetail</textcolor>
				<align>left</align>
				<aligny>center</aligny>
				<label>$LOCALIZE[21433]</label>
				<visible>!Control.HasFocus(12)</visible>
			</control>
			<control type="label">
				<description>Name Label</description>
				<posx>460</posx>
				<posy>253</posy>
				<width>790</width>
				<height>38</height>
				<font>METF_ContextValue</font>
				<textcolor>ButtonText</textcolor>
				<align>left</align>
				<aligny>center</aligny>
				<label>$LOCALIZE[21433]</label>
				<visible>Control.HasFocus(12)</visible>
			</control>
			<control type="list" id="10">
				<description>Rules List Control</description>
				<posx>440</posx>
				<posy>310</posy>
				<width>840</width>
				<height>114</height>
				<onup>12</onup>
				<onleft>9000</onleft>
				<onright>-</onright>
				<ondown>16</ondown>
				<itemlayout height="38" width="840">
					<control type="label">
						<posx>20</posx>
						<width>810</width>
						<height>38</height>
						<textcolor>SettingsDetail</textcolor>
						<font>METF_ContextValue</font>
						<align>left</align>
						<aligny>center</aligny>
						<selectedcolor>ButtonText</selectedcolor>
						<info>ListItem.Label</info>
					</control>
				</itemlayout>
				<focusedlayout height="38" width="840">
					<control type="image">
						<posx>0</posx>
						<posy>0</posy>
						<width>840</width>
						<height>38</height>
						<align>left</align>
						<aligny>center</aligny>
						<texture>ButtonFo.png</texture>
						<animation effect="fade" start="0" end="100" condition="True">Conditional</animation>
					</control>
					<control type="label">
						<posx>20</posx>
						<width>810</width>
						<height>38</height>
						<textcolor>ButtonText</textcolor>
						<font>METF_ContextValue</font>
						<align>left</align>
						<aligny>center</aligny>
						<selectedcolor>ButtonText</selectedcolor>
						<info>ListItem.Label</info>
					</control>
				</focusedlayout>
			</control>
			<control type="group" id="9000">
				<posx>0</posx>
				<posy>310</posy>
				<control type="button" id="13">
					<description>Add Rule Button</description>
					<posy>0</posy>
					<align>right</align>
					<include>SettingsLabelLeft</include>
					<label>$LOCALIZE[15019]</label>
					<onup>15</onup>
					<onleft>-</onleft>
					<onright>10</onright>
					<ondown>14</ondown>
				</control>
				<control type="button" id="14">
					<description>Remove Rule Button</description>
					<posy>38</posy>
					<align>right</align>
					<include>SettingsLabelLeft</include>
					<label>$LOCALIZE[1210]</label>
					<onup>13</onup>
					<onleft>-</onleft>
					<onright>10</onright>
					<ondown>15</ondown>
				</control>
				<control type="button" id="15">
					<description>Edit Rule Button</description>
					<posy>76</posy>
					<align>right</align>
					<include>SettingsLabelLeft</include>
					<label>$LOCALIZE[21435]</label>
					<onup>14</onup>
					<onleft>-</onleft>
					<onright>10</onright>
					<ondown>13</ondown>
				</control>
			</control>
			<control type="label">
				<description>header label</description>
				<posx>460</posx>
				<posy>443</posy>
				<width>810</width>
				<height>38</height>
				<font>METF_TitleTextLarge</font>
				<textcolor>SettingsTitle</textcolor>
				<align>left</align>
				<aligny>center</aligny>
				<label>$LOCALIZE[559] $LOCALIZE[33063]:</label>
			</control>
			<control type="spincontrolex" id="16">
				<posx>440</posx>
				<posy>500</posy>
				<include>SettingsLabel</include>
				<label>$LOCALIZE[21424]</label>
				<onright>16</onright>
				<onleft>16</onleft>
				<onup>10</onup>
				<ondown>17</ondown>
			</control>
			<control type="spincontrolex" id="17">
				<posx>440</posx>
				<posy>538</posy>
				<include>SettingsLabel</include>
				<label>$LOCALIZE[21427]</label>
				<onright>17</onright>
				<onleft>17</onleft>
				<onup>16</onup>
				<ondown>18</ondown>
			</control>
			<control type="spincontrolex" id="18">
				<posx>440</posx>
				<posy>576</posy>
				<include>SettingsLabel</include>
				<label>$LOCALIZE[21429]</label>
				<onright>19</onright>
				<onleft>19</onleft>
				<onup>17</onup>
				<ondown>22</ondown>
			</control>
			<control type="togglebutton" id="19">
				<posx>440</posx>
				<posy>576</posy>
				<width>840</width>
				<align>center</align>
				<include>SettingsLabel</include>
				<label>$LOCALIZE[21431]</label>
				<altlabel>$LOCALIZE[21430]</altlabel>
				<onright>18</onright>
				<onleft>18</onleft>
				<onup>17</onup>
				<ondown>22</ondown>
				<texturenofocus>-</texturenofocus>
				<texturefocus>ButtonFo.png</texturefocus>
				<alttexturenofocus>-</alttexturenofocus>
				<alttexturefocus>ButtonFo.png</alttexturefocus>
			</control>
			<include condition="Skin.HasSetting(DebugGrid)">Object_DebugGrid</include>
			<include condition="Skin.HasSetting(DebugMode)">Debug</include>
		</control>
	</controls>
</window>
