<window id="2005">
	<controls>
		<control type="group">
			<animation effect="slide" end="0,-200" time="0" condition="Window.IsVisible(fullscreeninfo)">conditional</animation>
			<!-- Background Image -->
			<control type="image">
				<posx>0</posx>
				<posy>-45</posy>
				<width>1280</width>
				<height>175</height>
				<texture>osd/OSDdialogback_top.png</texture>
				<colordiffuse>OSDBackgroundColor</colordiffuse>
			</control>

			<control type="label" id="10">
				<description>row 1 label</description>
				<posx>20</posx>
				<posy>12</posy>
				<label>-</label>
				<align>left</align>
				<width>1240</width>
				<font>METF_PlotTextMedium</font>
				<textcolor>TextNF</textcolor>
			</control>
			<control type="label" id="11">
				<description>row 2 label</description>
				<posx>20</posx>
				<posy>37</posy>
				<label>-</label>
				<align>left</align>
				<width>1240</width>
				<font>METF_PlotTextMedium</font>
				<textcolor>TextNF</textcolor>
			</control>
			<control type="label" id="12">
				<description>row 3 label</description>
				<posx>20</posx>
				<posy>62</posy>
				<label>-</label>
				<align>left</align>
				<width>1240</width>
				<font>METF_PlotTextMedium</font>
				<textcolor>TextNF</textcolor>
			</control>
		</control>
		<control type="label" id="24">
			<description>buffering label</description>
			<posx>0</posx>
			<posy>350</posy>
			<label>$LOCALIZE[15107] $INFO[Player.CacheLevel]%</label>
			<width>1280</width>
			<align>center</align>
			<textcolor>FFFFFFFF</textcolor>
			<shadowcolor>FF000000</shadowcolor>
			<font>METF_FontAMPM</font>
		</control>
		<include condition="Skin.HasSetting(DebugMode)">Debug</include>
	</controls>
</window>
