<window id="2901">
	<defaultcontrol always="true">410</defaultcontrol>
	<controls>
		<control type="button" id="410">
			<onfocus>Dialog.Close(FullscreenInfo)</onfocus>
			<onfocus>SetFocus(4)</onfocus>
		</control>

		<control type="group">
			<visible>!VideoPlayer.Content(LiveTV) + ![Window.IsVisible(SliderDialog) | Window.IsVisible(VideoBookmarks)]</visible>
			<include>Animation_OpenCloseFade</include>
			<include>Animation_FadedByOSDSettings</include>
			<include>OSD_Progress_Bar2</include>
			<include>OSD_Player_Details</include>
			<include>OSD_Player_Time</include>
			<control type="grouplist" id="2001">
				<posx>292</posx>
				<posy>650</posy>
				<width>775</width>
				<itemgap>5</itemgap>
				<orientation>horizontal</orientation>
				<onleft>800</onleft>
				<onright>11</onright>
				<onup>Close</onup>
				<ondown>Close</ondown>
				<control type="button" id="11">
					<description>Playlists</description>
					<include>Animation_ButtonFocus</include>
					<height>60</height>
					<width>60</width>
					<texturefocus>osd/osd_button_playlist_fo.png</texturefocus>
					<texturenofocus>osd/osd_button_playlist_nf.png</texturenofocus>
					<onclick>ActivateWindow(videoplaylist)</onclick>
				</control>
				<control type="button" id="12">
					<description>Bookmarks</description>
					<include>Animation_ButtonFocus</include>
					<height>60</height>
					<width>60</width>
					<texturefocus>osd/osd_button_book_fo.png</texturefocus>
					<texturenofocus>osd/osd_button_book_nf.png</texturenofocus>
					<onclick>ActivateWindow(videobookmarks)</onclick>
				</control>
				<control type="button" id="14">
					<description>OSD Subtitles</description>
					<include>Animation_ButtonFocus</include>
					<height>60</height>
					<width>60</width>
					<texturefocus>osd/osd_button_sub_fo.png</texturefocus>
					<texturenofocus>osd/osd_button_sub_nf.png</texturenofocus>
					<onclick>Close</onclick>
					<onclick>XBMC.RunScript(script.xbmc.subtitles)</onclick>
					<visible>IsEmpty(Skin.String(SubtitlesPath))</visible>
				</control>
				<control type="button" id="17">
					<description>OSD Subtitles</description>
					<include>Animation_ButtonFocus</include>
					<height>60</height>
					<width>60</width>
					<texturefocus>osd/osd_button_sub_fo.png</texturefocus>
					<texturenofocus>osd/osd_button_sub_nf.png</texturenofocus>
					<onclick>Close</onclick>
					<onclick>XBMC.RunScript($INFO[Skin.String(SubtitlesPath)])</onclick>
					<visible>!IsEmpty(Skin.String(SubtitlesPath))</visible>
				</control>
				<control type="button" id="7">
					<description>DVD Menu</description>
					<include>Animation_ButtonFocus</include>
					<height>60</height>
					<width>60</width>
					<texturefocus>osd/osd_button_dvd_fo.png</texturefocus>
					<texturenofocus>osd/osd_button_dvd_nf.png</texturenofocus>
					<onclick>PlayerControl(ShowVideoMenu)</onclick>
					<visible>VideoPlayer.HasMenu</visible>
				</control>
				<control type="button" id="9">
					<description>Previous</description>
					<include>Animation_ButtonFocus</include>
					<height>60</height>
					<width>60</width>
					<texturefocus>osd/osd_button_prev_fo.png</texturefocus>
					<texturenofocus>osd/osd_button_prev_nf.png</texturenofocus>
					<onclick>PlayerControl(Previous)</onclick>
				</control>
				<control type="button" id="3">
					<description>Rewind</description>
					<include>Animation_ButtonFocus</include>
					<height>60</height>
					<width>60</width>
					<texturefocus>osd/osd_button_rew_fo.png</texturefocus>
					<texturenofocus>osd/osd_button_rew_nf.png</texturenofocus>
					<onclick>PlayerControl(rewind)</onclick>
				</control>
				<control type="button" id="5">
					<description>Stop</description>
					<include>Animation_ButtonFocus</include>
					<height>60</height>
					<width>60</width>
					<texturefocus>osd/osd_button_stop_fo.png</texturefocus>
					<texturenofocus>osd/osd_button_stop_nf.png</texturenofocus>
					<onclick>PlayerControl(stop)</onclick>
				</control>
				<control type="togglebutton" id="4">
					<description>Play</description>
					<include>Animation_ButtonFocus</include>
					<height>60</height>
					<width>60</width>
					<texturefocus>osd/osd_button_pause_fo.png</texturefocus>
					<texturenofocus>osd/osd_button_pause_nf.png</texturenofocus>
					<usealttexture>Player.Paused | Player.Forwarding | Player.Rewinding</usealttexture>
					<alttexturefocus>osd/osd_button_play_fo.png</alttexturefocus>
					<alttexturenofocus>osd/osd_button_play_nf.png</alttexturenofocus>
					<disabledcolor>-</disabledcolor>
					<colordiffuse>-</colordiffuse>
					<onclick>PlayerControl(play)</onclick>
				</control>
				<control type="button" id="6">
					<description>Forward</description>
					<include>Animation_ButtonFocus</include>
					<height>60</height>
					<width>60</width>
					<texturefocus>osd/osd_button_ff_fo.png</texturefocus>
					<texturenofocus>osd/osd_button_ff_nf.png</texturenofocus>
					<onclick>PlayerControl(forward)</onclick>
				</control>
				<control type="button" id="10">
					<description>Next</description>
					<include>Animation_ButtonFocus</include>
					<height>60</height>
					<width>60</width>
					<texturefocus>osd/osd_button_next_fo.png</texturefocus>
					<texturenofocus>osd/osd_button_next_nf.png</texturenofocus>
					<onclick>PlayerControl(Next)</onclick>
				</control>
				<control type="button" id="13">
					<description>Video Settings</description>
					<include>Animation_ButtonFocus</include>
					<height>60</height>
					<width>60</width>
					<texturefocus>osd/osd_button_settings_fo.png</texturefocus>
					<texturenofocus>osd/osd_button_settings_nf.png</texturenofocus>
					<onclick>ActivateWindow(osdvideosettings)</onclick>
				</control>
				<control type="button" id="800">
					<description>Audio Settings</description>
					<include>Animation_ButtonFocus</include>
					<height>60</height>
					<width>60</width>
					<texturefocus>osd/osd_button_audio_fo.png</texturefocus>
					<texturenofocus>osd/osd_button_audio_nf.png</texturenofocus>
					<onclick>ActivateWindow(osdaudiosettings)</onclick>
				</control>
			</control>
		</control>

		<!-- LiveTV OSD -->
		<control type="group">
			<visible>VideoPlayer.Content(LiveTV)</visible>
			<include>Animation_OpenCloseFade</include>
			<include>Animation_FadedByOSDSettings</include>
			<include>OSD_Progress_Bar2</include>
			<include>OSD_Player_Details</include>

			<control type="grouplist" id="2002">
				<posx>292</posx>
				<posy>650</posy>
				<width>775</width>
				<itemgap>5</itemgap>
				<orientation>horizontal</orientation>
				<onleft>121</onleft>
				<onright>100</onright>
				<onup>Close</onup>
				<ondown>Close</ondown>
				<control type="button" id="100">
					<description>Previous Channel</description>
					<include>Animation_ButtonFocus</include>
					<height>60</height>
					<width>60</width>
					<texturefocus>osd/osd_button_channel_previous_fo.png</texturefocus>
					<texturenofocus>osd/osd_button_channel_previous_nf.png</texturenofocus>
					<onclick>PlayerControl(Previous)</onclick>
				</control>
				<control type="button" id="101">
					<description>Next Channel</description>
					<include>Animation_ButtonFocus</include>
					<height>60</height>
					<width>60</width>
					<texturefocus>osd/osd_button_channel_next_fo.png</texturefocus>
					<texturenofocus>osd/osd_button_channel_next_nf.png</texturenofocus>
					<onclick>PlayerControl(Next)</onclick>
				</control>
				<control type="button" id="105">
					<description>Telext</description>
					<include>Animation_ButtonFocus</include>
					<height>60</height>
					<width>60</width>
					<texturefocus>osd/osd_button_teletext_fo.png</texturefocus>
					<texturenofocus>osd/osd_button_teletext_nf.png</texturenofocus>
					<onclick>ActivateWindow(Teletext)</onclick>
				</control>
				<control type="button" id="106">
					<description>OSD EPG</description>
					<include>Animation_ButtonFocus</include>
					<height>60</height>
					<width>60</width>
					<texturefocus>osd/osd_button_epg_fo.png</texturefocus>
					<texturenofocus>osd/osd_button_epg_nf.png</texturenofocus>
					<onclick>ActivateWindow(PVROSDGuide)</onclick>
				</control>
				<control type="button" id="107">
					<description>OSD Channel</description>
					<include>Animation_ButtonFocus</include>
					<height>60</height>
					<width>60</width>
					<texturefocus>osd/osd_button_channels_fo.png</texturefocus>
					<texturenofocus>osd/osd_button_channels_nf.png</texturenofocus>
					<font>METF_PVRChannelList</font>
					<onclick>ActivateWindow(PVROSDChannels)</onclick>
				</control>
				<control type="button" id="115">
					<description>Rewind</description>
					<include>Animation_ButtonFocus</include>
					<height>60</height>
					<width>60</width>
					<texturefocus>osd/osd_button_rew_fo.png</texturefocus>
					<texturenofocus>osd/osd_button_rew_nf.png</texturenofocus>
					<onclick>PlayerControl(Rewind)</onclick>
					<enable>Player.SeekEnabled</enable>
				</control>
				<control type="button" id="110">
					<description>Stop</description>
					<include>Animation_ButtonFocus</include>
					<height>60</height>
					<width>60</width>
					<texturefocus>osd/osd_button_stop_fo.png</texturefocus>
					<texturenofocus>osd/osd_button_stop_nf.png</texturenofocus>
					<onclick>PlayerControl(stop)</onclick>
				</control>
				<control type="togglebutton" id="4">
					<description>Play</description>
					<include>Animation_ButtonFocus</include>
					<height>60</height>
					<width>60</width>
					<texturefocus>osd/osd_button_pause_fo.png</texturefocus>
					<texturenofocus>osd/osd_button_pause_nf.png</texturenofocus>
					<usealttexture>Player.Paused | Player.Forwarding | Player.Rewinding</usealttexture>
					<alttexturefocus>osd/osd_button_play_fo.png</alttexturefocus>
					<alttexturenofocus>osd/osd_button_play_nf.png</alttexturenofocus>
					<disabledcolor>-</disabledcolor>
					<colordiffuse>-</colordiffuse>
					<onclick>PlayerControl(play)</onclick>
				</control>
				<control type="button" id="114">
					<description>Forward</description>
					<include>Animation_ButtonFocus</include>
					<height>60</height>
					<width>60</width>
					<texturefocus>osd/osd_button_ff_fo.png</texturefocus>
					<texturenofocus>osd/osd_button_ff_nf.png</texturenofocus>
					<onclick>PlayerControl(Forward)</onclick>
					<enable>Player.SeekEnabled</enable>
				</control>
				<control type="button" id="112">
					<description>Record</description>
					<include>Animation_ButtonFocus</include>
					<height>60</height>
					<width>60</width>
					<texturefocus>osd/osd_button_record_off_fo.png</texturefocus>
					<texturenofocus>osd/osd_button_record_off_nf.png</texturenofocus>
					<onclick>XBMC.PlayerControl(record)</onclick>
					<enable>Player.CanRecord</enable>
					<visible>Player.CanRecord + !Player.Recording</visible>
				</control>
				<control type="button" id="113">
					<description>Record</description>
					<include>Animation_ButtonFocus</include>
					<height>60</height>
					<width>60</width>
					<texturefocus>osd/osd_button_record_on_fo.png</texturefocus>
					<texturenofocus>osd/osd_button_record_on_nf.png</texturenofocus>
					<onclick>XBMC.PlayerControl(record)</onclick>
					<enable>Player.CanRecord</enable>
					<visible>Player.CanRecord + Player.Recording</visible>
				</control>
				<control type="button" id="120">
					<description>Video Settings</description>
					<include>Animation_ButtonFocus</include>
					<height>60</height>
					<width>60</width>
					<texturefocus>osd/osd_button_settings_fo.png</texturefocus>
					<texturenofocus>osd/osd_button_settings_nf.png</texturenofocus>
					<onclick>ActivateWindow(osdvideosettings)</onclick>
				</control>
				<control type="button" id="121">
					<description>Audio Settings</description>
					<include>Animation_ButtonFocus</include>
					<height>60</height>
					<width>60</width>
					<texturefocus>osd/osd_button_audio_fo.png</texturefocus>
					<texturenofocus>osd/osd_button_audio_nf.png</texturenofocus>
					<onclick>ActivateWindow(osdaudiosettings)</onclick>
				</control>
			</control>
		</control>
		<include condition="Skin.HasSetting(DebugGrid)">Object_DebugGrid</include>
		<include condition="Skin.HasSetting(DebugMode)">Debug</include>
	</controls>
</window>
