<includes>
	<include name="Viewtype_LowList">
		<control type="group">
			<visible>Control.IsVisible(905)</visible>
			<control type="fixedlist" id="905">
				<viewtype label="$LOCALIZE[418] $LOCALIZE[535]">biglist</viewtype>
				<posx>360</posx>
				<posy>348</posy>
				<width>535</width>
				<height>175</height>
				<onup>905</onup>
				<ondown>905</ondown>
				<include condition="!Skin.HasSetting(ViewLockdown)">OnLeft7000</include>
				<onright>998</onright>
				<orientation>vertical</orientation>
				<focusposition>2</focusposition>
				<movement>2</movement>
				<pagecontrol>998</pagecontrol>
				<preloaditems>2</preloaditems>
				<include>Animation_OpenCloseFade</include>
				<include>Animation_FadedByMenu</include>
				<include>Animation_HiddenByInfo</include>
				<visible>!Skin.HasSetting(NoViewLowList)</visible>
				<visible>Container.Content(episodes) | Container.Content(seasons) | Container.Content(tvshows) | Container.Content(movies) | [Window.IsActive(musiclibrary) + Container.Content(songs) | Container.Content(artists) | Container.Content(albums)] | Container.Content(addons) | SubString(Container.FolderPath,plugin) | SubString(Container.FolderPath,script)</visible>
				<itemlayout width="535" height="35">
					<!-- List Line Item Divider -->
					<control type="image">
						<posx>35</posx>
						<posy>33</posy>
						<width>500</width>
						<height>2</height>
						<aligny>center</aligny>
						<texture>VideoInfoLine.png</texture>
						<colordiffuse>FilesDividerDiffuse</colordiffuse>
					</control>
					<!-- Items in Video Library -->
					<control type="label">
						<posx>45</posx>
						<posy>0</posy>
						<width>475</width>
						<height>35</height>
						<align>left</align>
						<aligny>center</aligny>
						<label>$INFO[ListItem.Episode]$INFO[ListItem.Title,. ]</label>
						<font>METF_TitleText</font>
						<textcolor>LowListTitle</textcolor>
						<visible>!IsEmpty(ListItem.Episode) + Container.Content(episodes)</visible>
					</control>
					<control type="label">
						<posx>45</posx>
						<posy>0</posy>
						<width>475</width>
						<height>35</height>
						<align>left</align>
						<aligny>center</aligny>
						<label>$INFO[ListItem.Label]</label>
						<font>METF_TitleText</font>
						<textcolor>LowListTitle</textcolor>
						<visible>Container.Content(movies) | Container.Content(tvshows) | Container.Content(music) | Container.Content(addons) | [Window.IsActive(videolibrary) + !Container.Content(episodes)]</visible>
					</control>
					<control type="label">
						<posx>45</posx>
						<posy>0</posy>
						<width>475</width>
						<height>35</height>
						<align>left</align>
						<aligny>center</aligny>
						<label>$INFO[ListItem.Label]</label>
						<font>METF_TitleText</font>
						<textcolor>LowListTitle</textcolor>
						<visible>Container.Content(seasons)</visible>
					</control>
					<!-- Watched Overlay for Items in Video Library -->
					<control type="image">
						<posx>4</posx>
						<posy>5</posy>
						<width>24</width>
						<height>24</height>
						<texture>$INFO[ListItem.Overlay]</texture>
						<colordiffuse>WatchedOverlay</colordiffuse>
						<visible>Window.IsActive(videolibrary) + [[Container.Content(movies) + !Skin.HasSetting(HideMovieWatchedOverlays)] | [!Container.Content(movies) + !Skin.HasSetting(HideTVWatchedOverlays)]]</visible>
					</control>
					<!-- Items NOT in Video Library -->
					<control type="label">
						<posx>45</posx>
						<posy>0</posy>
						<width>475</width>
						<height>35</height>
						<align>left</align>
						<aligny>center</aligny>
						<font>METF_TitleText</font>
						<textcolor>TextNF</textcolor>
						<selectedcolor>TextFO</selectedcolor>
						<label>$INFO[ListItem.Label]$INFO[ListItem.Label2, - ]</label>
						<scroll>false</scroll>
						<visible>!Window.IsActive(videolibrary)</visible>
					</control>
					<!-- Watched Overlay for Items NOT in Video Library -->
					<control type="image">
						<posx>4</posx>
						<posy>5</posy>
						<width>24</width>
						<height>24</height>
						<texture>$INFO[ListItem.Overlay]</texture>
						<colordiffuse>WatchedOverlay</colordiffuse>
						<visible>!Window.IsActive(videolibrary) + stringcompare(ListItem.Overlay,OverlayWatched.png)</visible>
					</control>
				</itemlayout>
				<focusedlayout width="535" height="35">
					<!-- List Line Item Divider -->
					<control type="image">
						<posx>35</posx>
						<posy>33</posy>
						<width>500</width>
						<height>2</height>
						<aligny>center</aligny>
						<texture>VideoInfoLine.png</texture>
						<colordiffuse>FilesDividerDiffuse</colordiffuse>
					</control>
					<control type="image">
						<posx>35</posx>
						<posy>0</posy>
						<width>500</width>
						<height>35</height>
						<texture>FocusLine.png</texture>
						<colordiffuse>FocusBar</colordiffuse>
					</control>
					<!-- Items in Video Library -->
					<control type="label">
						<posx>45</posx>
						<posy>0</posy>
						<width>475</width>
						<height>35</height>
						<align>left</align>
						<aligny>center</aligny>
						<scrollout>false</scrollout>
						<pauseatend>1800</pauseatend>
						<scrollspeed>40</scrollspeed>
						<scroll>true</scroll>
						<label>$INFO[ListItem.Episode]$INFO[ListItem.Title,. ]</label>
						<font>METF_TitleText</font>
						<textcolor>FocusBarText</textcolor>
						<visible>!IsEmpty(ListItem.Episode) + Container.Content(episodes)</visible>
					</control>
					<control type="label">
						<posx>45</posx>
						<posy>0</posy>
						<width>475</width>
						<height>35</height>
						<align>left</align>
						<aligny>center</aligny>
						<scrollout>false</scrollout>
						<pauseatend>1800</pauseatend>
						<scrollspeed>40</scrollspeed>
						<scroll>true</scroll>
						<label>$INFO[ListItem.Label]</label>
						<font>METF_TitleText</font>
						<textcolor>FocusBarText</textcolor>
						<visible>Container.Content(movies) | Container.Content(tvshows) | Container.Content(addons) | [Window.IsActive(videolibrary) + !Container.Content(episodes)]</visible>
					</control>
					<control type="label">
						<posx>45</posx>
						<posy>0</posy>
						<width>475</width>
						<height>35</height>
						<align>left</align>
						<aligny>center</aligny>
						<scrollout>false</scrollout>
						<pauseatend>1800</pauseatend>
						<scrollspeed>40</scrollspeed>
						<scroll>true</scroll>
						<label>$INFO[ListItem.Label]  ($INFO[ListItem.Property(NumEpisodes)] $LOCALIZE[20360])</label>
						<font>METF_TitleText</font>
						<textcolor>FocusBarText</textcolor>
						<visible>Container.Content(seasons)</visible>
					</control>
					<!-- Watched Overlay for Items in Video Library -->
					<control type="image">
						<posx>4</posx>
						<posy>5</posy>
						<width>24</width>
						<height>24</height>
						<texture>$INFO[ListItem.Overlay]</texture>
						<colordiffuse>WatchedOverlay</colordiffuse>
						<visible>Window.IsActive(videolibrary) + [[Container.Content(movies) + !Skin.HasSetting(HideMovieWatchedOverlays)] | [!Container.Content(movies) + !Skin.HasSetting(HideTVWatchedOverlays)]]</visible>
					</control>
					<!-- Items NOT in Video Library -->
					<control type="label">
						<posx>45</posx>
						<posy>0</posy>
						<width>475</width>
						<height>35</height>
						<align>left</align>
						<aligny>center</aligny>
						<scrollout>false</scrollout>
						<pauseatend>1800</pauseatend>
						<scrollspeed>40</scrollspeed>
						<scroll>true</scroll>
						<font>METF_TitleText</font>
						<textcolor>FocusBarText</textcolor>
						<selectedcolor>FocusBarText</selectedcolor>
						<label>$INFO[ListItem.Label]$INFO[ListItem.Label2, - ]</label>
						<visible>!Window.IsActive(videolibrary)</visible>
					</control>
					<!-- Watched Overlay for Items NOT in Video Library -->
					<control type="image">
						<posx>4</posx>
						<posy>5</posy>
						<width>24</width>
						<height>24</height>
						<texture>$INFO[ListItem.Overlay]</texture>
						<colordiffuse>WatchedOverlay</colordiffuse>
						<visible>!Window.IsActive(videolibrary) + stringcompare(ListItem.Overlay,OverlayWatched.png)</visible>
					</control>
				</focusedlayout>
			</control>
			<!-- Info Details -->
			<control type="group">
				<posy>-80</posy>
				<include>Animation_OpenCloseFade</include>
				<include>Animation_FadedByMenu</include>
				<include>Animation_HiddenByInfo</include>
				<visible>[Container.Content(episodes) | Container.Content(seasons) | Container.Content(tvshows) | Container.Content(movies) | Container.Content(addons) | Window.IsActive(videolibrary)] | [Window.IsActive(musiclibrary) + Container.Content(songs) | Container.Content(artists) | Container.Content(albums)]</visible>
				<control type="image">
					<posx>360</posx>
					<posy>413</posy>
					<width>890</width>
					<height>3</height>
					<texture>VideoInfoLine.png</texture>
					<colordiffuse>LowListDivider</colordiffuse>
					<visible>!Container.Content(Seasons) + [Window.IsActive(videolibrary) | Container.Content(episodes) | Container.Content(tvshows) | Container.Content(movies) | Container.Content(addons)]</visible>
				</control>
				<control type="image">
					<posx>360</posx>
					<posy>413</posy>
					<width>560</width>
					<height>3</height>
					<texture>VideoInfoLine.png</texture>
					<colordiffuse>LowListDivider</colordiffuse>
					<visible>Container.Content(seasons)</visible>
				</control>
				<!-- Season - Unwatched Episode Number -->
				<control type="label">
					<posx>915</posx>
					<posy>378</posy>
					<width>550</width>
					<height>27</height>
					<align>right</align>
					<font>METF_MediaDetails</font>
					<textcolor>MediaDetailsEpisodes</textcolor>
					<label>$INFO[ListItem.Property(UnWatchedEpisodes)] $LOCALIZE[16101]</label>
					<visible>Container.Content(seasons)</visible>
				</control>
				<!-- Episode Aired Date -->
				<control type="label">
					<posx>1245</posx>
					<posy>380</posy>
					<width>550</width>
					<height>27</height>
					<align>right</align>
					<label>$LOCALIZE[20416] $INFO[ListItem.Date]</label>
					<font>METF_MediaDetails</font>
					<textcolor>MediaDetailsInfo</textcolor>
					<visible>!IsEmpty(ListItem.Date) + Container.Content(episodes)</visible>
				</control>
				<!-- Addon Author -->
				<control type="label">
					<posx>1245</posx>
					<posy>380</posy>
					<width>550</width>
					<height>27</height>
					<align>right</align>
					<label fallback="416">[COLOR=MediaDetailsGenre]$LOCALIZE[31423]:[/COLOR] $INFO[ListItem.Property(Addon.Creator)]</label>
					<font>METF_MediaDetails</font>
					<textcolor>MediaDetailsInfo</textcolor>
					<visible>Container.Content(addons)</visible>
				</control>
				<!-- Genre -->
				<control type="label">
					<posx>1245</posx>
					<posy>380</posy>
					<width>590</width>
					<height>27</height>
					<align>right</align>
					<label>$INFO[ListItem.Genre]</label>
					<font>METF_MediaDetails</font>
					<textcolor>MediaDetailsGenre</textcolor>
					<visible>!IsEmpty(ListItem.Genre) + [Container.Content(movies) | Container.Content(tvshows)]</visible>
				</control>
				<!-- Episode Duration -->
				<control type="label">
					<posx>365</posx>
					<posy>380</posy>
					<width>225</width>
					<height>27</height>
					<align>left</align>
					<font>METF_MediaDetails</font>
					<textcolor>MediaDetailsDuration</textcolor>
					<label>$INFO[ListItem.Duration,, [LOWERCASE]$LOCALIZE[31299][/LOWERCASE]]</label>
					<visible>substring(listitem.Duration,hrs)</visible>
					<visible>Container.Content(episodes) + !IsEmpty(listitem.Duration)</visible>
				</control>
				<control type="label">
					<posx>365</posx>
					<posy>380</posy>
					<width>225</width>
					<height>27</height>
					<align>left</align>
					<font>METF_MediaDetails</font>
					<textcolor>MediaDetailsDuration</textcolor>
					<label>$INFO[ListItem.Duration]</label>
					<visible>substring(listitem.Duration,min)</visible>
					<visible>!substring(listitem.Duration,hrs)</visible>
					<visible>Container.Content(episodes) + !IsEmpty(listitem.Duration)</visible>
				</control>
				<control type="label">
					<posx>365</posx>
					<posy>380</posy>
					<width>225</width>
					<height>27</height>
					<align>left</align>
					<font>METF_MediaDetails</font>
					<textcolor>MediaDetailsDuration</textcolor>
					<label>$INFO[ListItem.Duration,, [LOWERCASE]$LOCALIZE[31299][/LOWERCASE]]</label>
					<visible>!substring(listitem.Duration,min)</visible>
					<visible>Container.Content(episodes) + !IsEmpty(listitem.Duration)</visible>
				</control>
				<!-- Movie Sets -->
				<control type="label">
					<posx>1245</posx>
					<posy>380</posy>
					<width>620</width>
					<height>27</height>
					<align>right</align>
					<font>METF_MediaDetails</font>
					<textcolor>MediaDetailsInfo</textcolor>
					<label>$LOCALIZE[31313]</label>
					<visible>Container.Content(movies) + IsEmpty(ListItem.path) + !StringCompare(ListItem.Label,..)</visible>
				</control>
				<!-- Tagline -->
				<control type="textbox">
					<posx>870</posx>
					<posy>165</posy>
					<width>380</width>
					<height>166</height>
					<align>right</align>
					<font>METF_PlotText</font>
					<textcolor>TextNF</textcolor>
					<label>$INFO[ListItem.Tagline]</label>
					<autoscroll time="4000" delay="4000" repeat="5000">Skin.HasSetting(autoscroll)</autoscroll>
					<visible>Container.Content(movies) + !IsEmpty(ListItem.Tagline)</visible>
					<include>Animation_HiddenByInfo</include>
				</control>

				<!-- LEFT SIDE OF SCREEN -->
				<!-- Default Poster Image  -->
				<control type="image">
					<posx>37</posx>
					<posy>160</posy>
					<width>300</width>
					<height>440</height>
					<texture background="true" fallback="DefaultThumb.png">$INFO[ListItem.Icon]</texture>
					<aspectratio scalediffuse="false">stretch</aspectratio>
					<fadetime>300</fadetime>
					<visible>[Window.IsActive(videolibrary) + ![Container.Content(seasons) | Container.Content(episodes)]] | Container.Content(addons)</visible>
				</control>
				<!-- Poster Image for TV Show Episodes -->
				<control type="image">
					<posx>37</posx>
					<posy>160</posy>
					<width>300</width>
					<height>440</height>
					<texture background="true" fallback="home_art/tvshows.jpg">$INFO[Container.SeasonThumb]</texture>
					<aspectratio scalediffuse="false">stretch</aspectratio>
					<fadetime>300</fadetime>
					<visible>!Container.Content(tvshows) + Container.Content(episodes) + !SubString(Container.FolderPath,-1) + !SubString(Container.FolderPath,videodb://5/)</visible>
				</control>
				<!-- Poster Image for TV Show Seasons -->
				<control type="image">
					<posx>37</posx>
					<posy>160</posy>
					<width>300</width>
					<height>440</height>
					<texture background="true" fallback="home_art/tvshows.jpg">$INFO[Container.TvshowThumb]</texture> 
					<aspectratio scalediffuse="false">stretch</aspectratio>
					<fadetime>300</fadetime>
					<!-- Allows TV Show poster to show if Flattened -->
					<visible>!Container.Content(tvshows) + [Container.Content(seasons) | [Container.Content(episodes) + SubString(Container.FolderPath,-1) + IsEmpty(ListItem.Property(SeasonThumb))]]</visible>
				</control>
				<!-- Poster Image for special subsections (RecentlyAddedEpisodes, etc) -->
				<control type="image">
					<posx>37</posx>
					<posy>160</posy>
					<width>300</width>
					<height>440</height>
					<texture background="true" fallback="home_art/tvshows.jpg">$INFO[ListItem.Property(SeasonThumb)]</texture>
					<aspectratio scalediffuse="false">stretch</aspectratio>
					<fadetime>300</fadetime>
					<visible>!Container.Content(tvshows) + Container.Content(episodes) + [[SubString(Container.FolderPath,-1) + !IsEmpty(ListItem.Property(SeasonThumb))] | SubString(Container.FolderPath,videodb://5/)]</visible>
				</control>
				<!-- Frame for poster -->
				<control type="image">
					<posx>20</posx>
					<posy>135</posy>
					<width>335</width>
					<height>490</height>
					<texture>frames/ClassicFrame_PosterMedium.png</texture>
					<aspectratio>stretch</aspectratio>
					<fadetime>300</fadetime>
					<visible>Container.Content(movies) | Container.Content(tvshows) | Container.Content(seasons) | Container.Content(episodes)</visible>
				</control>
				<!-- Album and Artist Cover for Music -->
				<control type="image">
					<posx>37</posx>
					<posy>165</posy>
					<width>300</width>
					<height>440</height>
					<fadetime>100</fadetime>
					<aspectratio align="right" aligny="bottom">keep</aspectratio>
					<texture fallback="DefaultThumb.png">$INFO[ListItem.Icon]</texture>
					<bordertexture border="8">border.png</bordertexture>
					<bordersize>4</bordersize>
					<visible>Window.IsActive(musiclibrary) + [Container.Content(songs) | Container.Content(artists) | Container.Content(albums)]</visible>
				</control>

				<!-- RIGHT SIDE OF SCREEN -->
				<!-- TV Show Episode, Fanart, or Landscape Image -->
				<control type="image">
					<posx>952</posx>
					<posy>435</posy>
					<width>293</width>
					<height>165</height>
					<texture background="true">$INFO[ListItem.Icon]</texture>
					<aspectratio scalediffuse="false" background="true">scale</aspectratio>
					<fadetime>300</fadetime>
					<visible>Container.Content(episodes)</visible>
				</control>
				<control type="image">
					<posx>952</posx>
					<posy>435</posy>
					<width>293</width>
					<height>165</height>
					<texture fallback="MissingLandscapeJpeg.jpg" background="true">$INFO[ListItem.Path]landscape.jpg</texture>
					<aspectratio scalediffuse="false">scale</aspectratio>
					<fadetime>300</fadetime>
					<visible>!IsEmpty(ListItem.Title) + Container.Content(tvshows) + Skin.HasSetting(landscape_jpg)</visible>
				</control>
				<control type="image">
					<posx>952</posx>
					<posy>435</posy>
					<width>293</width>
					<height>165</height>
					<texture fallback="home_art/tvshows.jpg" background="true">$INFO[ListItem.Property(Fanart_Image)]</texture>
					<aspectratio scalediffuse="false">scale</aspectratio>
					<fadetime>300</fadetime>
					<visible>!IsEmpty(ListItem.Title) + Container.Content(tvshows) + !Skin.HasSetting(landscape_jpg)</visible>
				</control>
				<!-- Movie Fanart Image -->
				<control type="image">
					<posx>952</posx>
					<posy>435</posy>
					<width>293</width>
					<height>165</height>
					<texture fallback="home_art/movies.jpg" background="true">$INFO[ListItem.Property(Fanart_Image)]</texture>
					<fadetime>300</fadetime>
					<aspectratio scalediffuse="false">scale</aspectratio>
					<visible>!IsEmpty(ListItem.Title) + Container.Content(movies) | Container.Content(addons)</visible>
				</control>
				<!-- Season poster -->
				<control type="image">
					<posx>947</posx>
					<posy>160</posy>
					<width>300</width>
					<height>440</height>
					<texture background="true">$INFO[ListItem.Icon]</texture>
					<aspectratio scalediffuse="false">stretch</aspectratio>
					<fadetime>300</fadetime>
					<visible>Container.Content(seasons)</visible>
				</control>
				<!-- Frame for Episode, Landscape and Fanart images -->
				<control type="image">
					<posx>952</posx>
					<posy>435</posy>
					<width>293</width>
					<height>165</height>
					<texture>frames/ClassicFrameGlass_Horizontal.png</texture>
					<aspectratio scalediffuse="false">stretch</aspectratio>
					<colordiffuse>GlassDiffuse</colordiffuse>
					<fadetime>300</fadetime>
					<visible>Container.Content(episodes) | Container.Content(movies) | Container.Content(tvshows) | Container.Content(addons)</visible>
				</control>
				<control type="image">
					<posx>935</posx>
					<posy>417</posy>
					<width>328</width>
					<height>203</height>
					<texture>frames/ClassicFrame_FanartSmall.png</texture>
					<fadetime>300</fadetime>
					<visible>Container.Content(episodes) | Container.Content(movies) | Container.Content(tvshows) | Container.Content(addons)</visible>
				</control>
				<!-- Frame for Season poster -->
				<control type="image">
					<posx>930</posx>
					<posy>135</posy>
					<width>335</width>
					<height>490</height>
					<texture>frames/ClassicFrame_PosterMedium.png</texture>
					<aspectratio>stretch</aspectratio>
					<fadetime>300</fadetime>
					<visible>Container.Content(seasons)</visible>
				</control>

				<!-- Scroll Bar -->
				<control type="scrollbar" id="998">
					<posx>902</posx>
					<posy>420</posy>
					<width>24</width>
					<height>190</height>
					<onleft>905</onleft>
					<onright>905</onright>
					<visible allowhiddenfocus="true">Control.IsVisible(905) + Control.HasFocus(998)</visible>
					<texturesliderbackground border="0,14,0,14">scrollbarv.png</texturesliderbackground>
					<textureslidernibfocus>ScrollBarV_Nib_Focus.png</textureslidernibfocus>
					<showonepage>false</showonepage>
					<orientation>vertical</orientation>
					<include>Animation_CommonFade</include>
					<animation effect="fade" start="60" end="100" time="400" tween="cubic" easing="inout" condition="Control.HasFocus(998)">Conditional</animation>
				</control>
			</control>
			<!-- Movies/TVShows - Year/Duration/Number of Episodes -->
			<control type="grouplist">
				<posx>365</posx>
				<posy>298</posy>
				<width>300</width>
				<height>30</height>
				<align>left</align>
				<itemgap>10</itemgap>
				<orientation>horizontal</orientation>
				<include>Animation_OpenCloseFade</include>
				<include>Animation_FadedByMenu</include>
				<include>Animation_HiddenByInfo</include>
				<!-- Year -->
				<control type="label">
					<width min="25" max="300">auto</width>
					<height>30</height>
					<aligny>center</aligny>
					<font>METF_MediaDetailsSmall</font>
					<textcolor>MediaDetailsYear</textcolor>
					<label>$INFO[ListItem.Year]</label>
					<visible>!IsEmpty(ListItem.Year) + [Container.Content(tvshows) | Container.Content(movies)]</visible>
				</control>
				<!-- Bullet -->
				<control type="image">
					<width>8</width>
					<height>36</height>
					<texture>Dot.png</texture>
					<aspectratio align="center" aligny="center">keep</aspectratio>
					<colordiffuse>BulletDiffuse</colordiffuse>
					<visible>![IsEmpty(ListItem.Year) | IsEmpty(ListItem.Duration)] + Container.Content(movies)</visible>
				</control>
				<!-- Duration -->
				<control type="label">
					<width min="25" max="300">auto</width>
					<height>30</height>
					<aligny>center</aligny>
					<font>METF_MediaDetailsSmall</font>
					<textcolor>MediaDetailsDuration</textcolor>
					<label>$INFO[ListItem.Duration,, [LOWERCASE]$LOCALIZE[31299][/LOWERCASE]]</label>
					<visible>!IsEmpty(ListItem.Duration) + !SubString(ListItem.Duration,min) + Container.Content(movies)</visible>
				</control>
				<control type="label">
					<width min="25" max="300">auto</width>
					<height>30</height>
					<aligny>center</aligny>
					<font>METF_MediaDetailsSmall</font>
					<textcolor>MediaDetailsDuration</textcolor>
					<label>$INFO[ListItem.Duration]</label>
					<visible>!IsEmpty(ListItem.Duration) + SubString(ListItem.Duration,min) + Container.Content(movies)</visible>
				</control>
				<!-- Bullet -->
				<control type="image">
					<width>8</width>
					<height>36</height>
					<texture>Dot.png</texture>
					<aspectratio align="center" aligny="center">keep</aspectratio>
					<colordiffuse>BulletDiffuse</colordiffuse>
					<visible>!IsEmpty(ListItem.Year) + Container.Content(tvshows)</visible>
				</control>
				<!-- TV Shows - Number of Episodes -->
				<control type="label">
					<width min="25" max="300">auto</width>
					<height>30</height>
					<aligny>center</aligny>
					<font>METF_MediaDetailsSmall</font>
					<textcolor>MediaDetailsEpisodes</textcolor>
					<label>$INFO[ListItem.Property(NumEpisodes)] $LOCALIZE[20360]</label>
					<visible>Container.Content(tvshows)</visible>
				</control>
			</control>
		</control>
	</include>	
</includes>
