<includes>
	<include name="Viewtype_PVR_Timers">
		<control type="group">
			<description>Timers group</description>
			<visible>Control.IsVisible(14)</visible>
			<control type="group">
				<posx>110</posx>
				<posy>60</posy>
				<control type="label">
					<description>Title Header Label</description>
					<posx>0</posx>
					<posy>20</posy>
					<width>300</width>
					<height>20</height>
					<align>center</align>
					<aligny>center</aligny>
					<include>LiveTVLabel</include>
					<label>$LOCALIZE[369]</label>
				</control>
				<control type="label">
					<description>Schedule time header label</description>
					<posx>300</posx>
					<posy>20</posy>
					<width>600</width>
					<height>20</height>
					<align>center</align>
					<aligny>center</aligny>
					<include>LiveTVLabel</include>
					<label>$LOCALIZE[31610]</label>
				</control>
				<control type="label">
					<description>Comment header label</description>
					<posx>840</posx>
					<posy>20</posy>
					<width>200</width>
					<height>20</height>
					<align>center</align>
					<aligny>center</aligny>
					<include>LiveTVLabel</include>
					<label>$LOCALIZE[126]</label>
				</control>
				<control type="list" id="14">
					<posx>0</posx>
					<posy>55</posy>
					<width>1100</width>
					<height>414</height>
					<onup>14</onup>
					<ondown>14</ondown>
					<onleft>35</onleft>
					<onright>73</onright>
					<pagecontrol>73</pagecontrol>
					<scrolltime>200</scrolltime>
					<itemlayout height="40">
						<control type="label">
							<description>Title Label</description>
							<posx>150</posx>
							<posy>0</posy>
							<width>290</width>
							<height>40</height>
							<align>center</align>
							<aligny>center</aligny>
							<include>LiveTVLabel</include>
							<info>ListItem.Label</info>
						</control>
						<control type="label">
							<description>Schedule time label</description>
							<posx>570</posx>
							<posy>0</posy>
							<width>590</width>
							<height>40</height>
							<align>center</align>
							<aligny>center</aligny>
							<include>LiveTVLabel</include>
							<info>ListItem.Date</info>
						</control>
						<control type="label">
							<description>Status label</description>
							<posx>940</posx>
							<posy>0</posy>
							<width>190</width>
							<height>40</height>
							<align>center</align>
							<aligny>center</aligny>
							<include>LiveTVLabel</include>
							<info>ListItem.Comment</info>
						</control>
					</itemlayout>
					<focusedlayout height="40">
						<description>Focus selection</description>
						<control type="image">
							<posx>0</posx>
							<posy>4</posy>
							<width>1050</width>
							<height>40</height>
							<texture>ButtonFo.png</texture>
						</control>
						<control type="label">
							<description>Title Label</description>
							<posx>150</posx>
							<posy>0</posy>
							<width>290</width>
							<height>40</height>
							<align>center</align>
							<aligny>center</aligny>
							<include>LiveTVLabel</include>
							<info>ListItem.Label</info>
						</control>
						<control type="label">
							<description>Schedule time label</description>
							<posx>570</posx>
							<posy>0</posy>
							<width>530</width>
							<height>40</height>
							<align>center</align>
							<aligny>center</aligny>
							<include>LiveTVLabel</include>
							<info>ListItem.Date</info>
						</control>
						<control type="label">
							<description>Status label</description>
							<posx>940</posx>
							<posy>0</posy>
							<width>190</width>
							<height>40</height>
							<align>center</align>
							<aligny>center</aligny>
							<include>LiveTVLabel</include>
							<info>ListItem.Comment</info>
						</control>
					</focusedlayout>
				</control>
				<control type="scrollbar" id="73">
					<posx>1105</posx>
					<posy>50</posy>
					<width>25</width>
					<height>480</height>
					<texturesliderbackground>-</texturesliderbackground>
					<textureslidernibfocus>ScrollBarV_Nib_Focus.png</textureslidernibfocus>
					<onleft>11</onleft>
					<onright>35</onright>
					<ondown>73</ondown>
					<onup>73</onup>
					<showonepage>false</showonepage>
					<orientation>vertical</orientation>
					<visible>Control.IsVisible(14)</visible>
				</control>
				<control type="label">
					<description>Next timer date</description>
					<posx>55</posx>
					<posy>545</posy>
					<width>1010</width>
					<height>30</height>
					<align>center</align>
					<aligny>center</aligny>
					<scroll>true</scroll>
					<include>LiveTVLabel</include>
					<info>$INFO[PVR.NextTimer]</info>
					<visible>PVR.HasTimer</visible>
				</control>
			</control>
		</control>
	</include>
</includes>
