<includes>
	<include name="Viewtype_FanartList">
		<control type="group">
			<visible>Control.IsVisible(509)</visible>
			<!-- Browser -->
			<control type="fixedlist" id="509">
				<viewtype label="$LOCALIZE[20445] $LOCALIZE[535]">biglist</viewtype>
				<posx>658</posx>
				<posy>60</posy>
				<height>455</height>
				<width>600</width>
				<onup>509</onup>
				<ondown>509</ondown>
				<include condition="!Skin.HasSetting(ViewLockdown)">OnLeft7000</include>
				<onright>61</onright>
				<orientation>vertical</orientation>
				<preloaditems>2</preloaditems>
				<focusposition>6</focusposition>
				<movement>6</movement>
				<pagecontrol>61</pagecontrol>
				<include>Animation_OpenCloseFade</include>
				<include>Animation_FadedByMenu</include>
				<include>Animation_HiddenByInfo</include>
				<visible>!Skin.HasSetting(NoViewFanartList)</visible>
				<visible>Window.IsActive(pictures) | [Container.Content(movies) | Container.Content(tvshows) | Container.Content(seasons) | Container.Content(episodes)]</visible>
				<itemlayout width="600" height="35">
					<!-- List Line Item Divider -->
					<control type="image">
						<posx>35</posx>
						<posy>33</posy>
						<width>575</width>
						<height>2</height>
						<aligny>center</aligny>
						<texture>VideoInfoLine.png</texture>
						<colordiffuse>FilesDividerDiffuse</colordiffuse>
					</control>
					<control type="label">
						<posx>45</posx>
						<posy>0</posy>
						<width>550</width>
						<height>35</height>
						<align>left</align>
						<aligny>center</aligny>
						<label>$INFO[ListItem.Episode]$INFO[ListItem.Title,. ]</label>
						<font>METF_TitleText</font>
						<textcolor>LowListTitle</textcolor>
						<visible>!IsEmpty(ListItem.Episode) + Container.Content(episodes)</visible>
					</control>
					<control type="label">
						<posx>45</posx>
						<posy>0</posy>
						<width>550</width>
						<height>35</height>
						<align>left</align>
						<aligny>center</aligny>
						<label>$INFO[ListItem.Label]</label>
						<font>METF_TitleText</font>
						<textcolor>LowListTitle</textcolor>
						<visible>Window.IsActive(pictures) | [Container.Content(movies) | Container.Content(tvshows) | Container.Content(seasons)]</visible>
					</control>
					<!-- Watched Overlay -->
					<control type="image">
						<posx>4</posx>
						<posy>5</posy>
						<width>24</width>
						<height>24</height>
						<texture>$INFO[ListItem.Overlay]</texture>
						<colordiffuse>WatchedOverlay</colordiffuse>
						<visible>[Container.Content(movies) + !Skin.HasSetting(HideMovieWatchedOverlays)] | [!Container.Content(movies) + !Skin.HasSetting(HideTVWatchedOverlays)]</visible>
					</control>
				</itemlayout>
				<focusedlayout width="600" height="35">
					<!-- List Line Item Divider -->
					<control type="image">
						<posx>35</posx>
						<posy>33</posy>
						<width>575</width>
						<height>2</height>
						<aligny>center</aligny>
						<texture>VideoInfoLine.png</texture>
						<colordiffuse>FilesDividerDiffuse</colordiffuse>
					</control>
					<control type="image">
						<posx>35</posx>
						<posy>0</posy>
						<width>575</width>
						<height>35</height>
						<texture>FocusLine.png</texture>
						<colordiffuse>FocusBar</colordiffuse>
					</control>
					<control type="label">
						<posx>45</posx>
						<posy>0</posy>
						<width>550</width>
						<height>35</height>
						<align>left</align>
						<aligny>center</aligny>
						<label>$INFO[ListItem.Episode]$INFO[ListItem.Title,. ]</label>
						<font>METF_TitleText</font>
						<textcolor>FocusBarText</textcolor>
						<visible>!IsEmpty(ListItem.Episode) + Container.Content(episodes)</visible>
					</control>
					<control type="label">
						<posx>45</posx>
						<posy>0</posy>
						<width>550</width>
						<height>35</height>
						<align>left</align>
						<aligny>center</aligny>
						<label>$INFO[ListItem.Label]</label>
						<font>METF_TitleText</font>
						<textcolor>FocusBarText</textcolor>
						<visible>Window.IsActive(pictures) | [Container.Content(movies) | Container.Content(tvshows) | Container.Content(seasons)]</visible>
					</control>
					<!-- Watched Overlay -->
					<control type="image">
						<posx>4</posx>
						<posy>5</posy>
						<width>24</width>
						<height>24</height>
						<texture>$INFO[ListItem.Overlay]</texture>
						<colordiffuse>WatchedOverlay</colordiffuse>
						<visible>[Container.Content(movies) + !Skin.HasSetting(HideMovieWatchedOverlays)] | [!Container.Content(movies) + !Skin.HasSetting(HideTVWatchedOverlays)]</visible>
					</control>
				</focusedlayout>
			</control>
			<!-- Thumbnails -->
			<control type="group">
				<include>Animation_OpenCloseFade</include>
				<include>Animation_FadedByMenu</include>
				<include>Animation_HiddenByInfo</include>
				<visible>Window.IsActive(pictures) | [Container.Content(movies) | Container.Content(tvshows) | Container.Content(seasons) | Container.Content(episodes)]</visible>
				<!-- Background Frame Matte -->
				<control type="image">
					<posx>35</posx>
					<posy>66</posy>
					<width>600</width>
					<height>338</height>
					<texture>frames/ClassicFrame_Background.png</texture>
					<colordiffuse>FrameBackgroundDiffuse</colordiffuse>
					<aspectratio scalediffuse="false">stretch</aspectratio>
				</control>
				<!-- Picture Icon Image -->
				<control type="image">
					<posx>35</posx>
					<posy>66</posy>
					<width>600</width>
					<height>338</height>
					<texture background="true">$INFO[ListItem.Icon]</texture>
					<aspectratio scalediffuse="false">scale</aspectratio>
					<visible>Window.IsActive(pictures) + !IsEmpty(ListItem.Icon)</visible>
				</control>
				<!-- Picture Fanart Image (use for thumb if no icon set) -->
				<control type="image">
					<posx>35</posx>
					<posy>66</posy>
					<width>600</width>
					<height>338</height>
					<texture background="true" fallback="home_art/pictures.jpg">$INFO[ListItem.Property(Fanart_Image)]</texture>
					<aspectratio scalediffuse="false">scale</aspectratio>
					<visible>Window.IsActive(pictures) + IsEmpty(ListItem.Icon)</visible>
				</control>
				<!-- Movie Fanart Image -->
				<control type="image">
					<posx>35</posx>
					<posy>66</posy>
					<width>600</width>
					<height>338</height>
					<texture background="true" fallback="home_art/movies.jpg">$INFO[ListItem.Property(Fanart_Image)]</texture>
					<aspectratio scalediffuse="false">scale</aspectratio>
					<visible>!IsEmpty(ListItem.Title) + Container.Content(movies)</visible>
				</control>
				<!-- TVShow Fanart Image -->
				<control type="image">
					<posx>35</posx>
					<posy>66</posy>
					<width>600</width>
					<height>338</height>
					<texture background="true" fallback="home_art/tvshows.jpg">$INFO[ListItem.Property(Fanart_Image)]</texture>
					<aspectratio scalediffuse="false">scale</aspectratio>
					<visible>!IsEmpty(ListItem.Title) + [Container.Content(tvshows) | Container.Content(seasons)] + !Skin.HasSetting(landscape_jpg)</visible>
				</control>
				<!-- TVShow Landscape Image -->
				<control type="image">
					<posx>35</posx>
					<posy>66</posy>
					<width>600</width>
					<height>338</height>
					<texture fallback="MissingLandscapeJpeg.jpg" background="true">$INFO[ListItem.Path]landscape.jpg</texture>
					<aspectratio scalediffuse="false">scale</aspectratio>
					<visible>!IsEmpty(ListItem.Title) + [Container.Content(tvshows) | Container.Content(seasons)] + Skin.HasSetting(landscape_jpg)</visible>
				</control>
				<!-- Episode Image -->
				<control type="image">
					<posx>35</posx>
					<posy>66</posy>
					<width>600</width>
					<height>338</height>
					<texture background="true">$INFO[ListItem.Icon]</texture>
					<aspectratio scalediffuse="false">scale</aspectratio>
					<visible>Container.Content(episodes)</visible>
				</control>
				<!-- Image Frame -->
				<control type="image">
					<posx>12</posx>
					<posy>46</posy>
					<width>650</width>
					<height>383</height>
					<texture>frames/ClassicFrame_FanartMedium.png</texture>
					<aspectratio scalediffuse="false">scale</aspectratio>
				</control>
				<!-- Title -->
				<control type="label">
					<posx>35</posx>
					<posy>430</posy>
					<width>600</width>
					<height>30</height>
					<align>center</align>
					<aligny>center</aligny>
					<font>METF_TitleTextLarge</font>
					<textcolor>TitleText</textcolor>
					<label>$INFO[ListItem.Label]</label>
				</control>
				<!-- Genre -->
				<control type="label">
					<posx>35</posx>
					<posy>459</posy>
					<width>600</width>
					<height>30</height>
					<align>center</align>
					<aligny>center</aligny>
					<font>METF_MediaDetailsSmall</font>
					<textcolor>MediaDetailsGenre</textcolor>
					<label>$INFO[ListItem.Genre]</label>
					<visible>!IsEmpty(ListItem.Genre) + !Container.Content(episodes)</visible>
				</control>
				<!-- Episode Air Date -->
				<control type="label">
					<posx>35</posx>
					<posy>459</posy>
					<width>600</width>
					<height>30</height>
					<align>center</align>
					<aligny>center</aligny>
					<font>METF_MediaDetailsSmall</font>
					<textcolor>MediaDetailsGenre</textcolor>
					<label>$LOCALIZE[20416] $INFO[ListItem.Date]</label>
					<visible>!IsEmpty(ListItem.Date) + Container.Content(episodes)</visible>
				</control>
				<!-- Picture Date -->
				<control type="label">
					<posx>35</posx>
					<posy>459</posy>
					<width>600</width>
					<height>30</height>
					<align>center</align>
					<aligny>center</aligny>
					<font>METF_MediaDetailsSmall</font>
					<textcolor>MediaDetailsGenre</textcolor>
					<label>$INFO[ListItem.PictureDateTime]</label>
					<visible>Window.IsActive(pictures) + !IsEmpty(ListItem.PictureDateTime)</visible>
				</control>
			</control>
			<!-- TV Show Info -->
			<control type="grouplist">
				<posx>35</posx>
				<posy>487</posy>
				<width>600</width>
				<height>30</height>
				<align>center</align>
				<itemgap>10</itemgap>
				<orientation>horizontal</orientation>
				<include>Animation_OpenCloseFade</include>
				<include>Animation_FadedByMenu</include>
				<include>Animation_HiddenByInfo</include>
				<visible>Container.Content(movies) | Container.Content(tvshows) | Container.Content(seasons) | Container.Content(episodes)</visible>
				<!-- Year -->
				<control type="label">
					<width min="25" max="1200">auto</width>
					<height>30</height>
					<aligny>center</aligny>
					<font>METF_MediaDetailsSmall</font>
					<textcolor>MediaDetailsYear</textcolor>
					<label>$INFO[ListItem.Year]</label>
					<visible>!IsEmpty(ListItem.Year) + !Container.Content(episodes)</visible>
				</control>
				<!-- Bullet -->
				<control type="image">
					<width>8</width>
					<height>36</height>
					<texture>Dot.png</texture>
					<aspectratio align="center" aligny="center">keep</aspectratio>
					<colordiffuse>BulletDiffuse</colordiffuse>
					<visible>![IsEmpty(ListItem.Year) | IsEmpty(ListItem.Duration)] + [Container.Content(movies) | Container.Content(tvshows)]</visible>
				</control>
				<!-- Duration -->
				<control type="label">
					<width min="25" max="1200">auto</width>
					<height>30</height>
					<aligny>center</aligny>
					<font>METF_MediaDetailsSmall</font>
					<textcolor>MediaDetailsDuration</textcolor>
					<label>$INFO[ListItem.Duration,, [LOWERCASE]$LOCALIZE[31299][/LOWERCASE]]</label>
					<visible>!IsEmpty(ListItem.Duration) + !SubString(ListItem.Duration,min) + !Container.Content(tvshows)</visible>
				</control>
				<control type="label">
					<width min="25" max="1200">auto</width>
					<height>30</height>
					<aligny>center</aligny>
					<font>METF_MediaDetailsSmall</font>
					<textcolor>MediaDetailsDuration</textcolor>
					<label>$INFO[ListItem.Duration]</label>
					<visible>!IsEmpty(ListItem.Duration) + SubString(ListItem.Duration,min) + !Container.Content(tvshows)</visible>
				</control>
				<!-- Bullet -->
				<control type="image">
					<width>8</width>
					<height>36</height>
					<texture>Dot.png</texture>
					<aspectratio align="center" aligny="center">keep</aspectratio>
					<colordiffuse>BulletDiffuse</colordiffuse>
					<visible>![IsEmpty(ListItem.Duration) | IsEmpty(ListItem.Property(TotalEpisodes))] + !Container.Content(episodes) | Container.Content(tvshows)</visible>
				</control>
				<!-- Episode Count -->
				<control type="label">
					<width min="25" max="1200">auto</width>
					<height>30</height>
					<aligny>center</aligny>
					<font>METF_MediaDetailsSmall</font>
					<textcolor>MediaDetailsEpisodes</textcolor>
					<label>$INFO[ListItem.Property(TotalEpisodes)] $LOCALIZE[20360]</label>
					<visible>!IsEmpty(ListItem.Property(TotalEpisodes)) + [Container.Content(tvshows) | Container.Content(seasons)]</visible>
				</control>
				<!-- Bullet -->
				<control type="image">
					<width>8</width>
					<height>36</height>
					<texture>Dot.png</texture>
					<aspectratio align="center" aligny="center">keep</aspectratio>
					<colordiffuse>BulletDiffuse</colordiffuse>
					<visible>!IsEmpty(ListItem.Property(TotalEpisodes)) + [Container.Content(seasons) | Container.Content(tvshows)]</visible>
				</control>
				<!-- Unwatched Episode Count -->
				<control type="label">
					<width min="25" max="1200">auto</width>
					<height>30</height>
					<aligny>center</aligny>
					<font>METF_MediaDetailsSmall</font>
					<textcolor>MediaDetailsEpisodes</textcolor>
					<label>$INFO[ListItem.Property(UnWatchedEpisodes)] $LOCALIZE[16101]</label>
					<visible>!IsEmpty(ListItem.Property(TotalEpisodes)) + [Container.Content(seasons) | Container.Content(tvshows)]</visible>
				</control>
			</control>
			<!-- Picture Info -->
			<control type="grouplist">
				<posx>35</posx>
				<posy>487</posy>
				<width>600</width>
				<height>30</height>
				<align>center</align>
				<itemgap>10</itemgap>
				<orientation>horizontal</orientation>
				<include>Animation_OpenCloseFade</include>
				<include>Animation_FadedByMenu</include>
				<include>Animation_HiddenByInfo</include>
				<visible>Window.IsActive(pictures)</visible>
				<!-- Picture Resolution -->
				<control type="label">
					<width min="25" max="1200">auto</width>
					<height>30</height>
					<aligny>center</aligny>
					<font>METF_MediaDetailsSmall</font>
					<textcolor>MediaDetailsDuration</textcolor>
					<label>$INFO[ListItem.PictureResolution]</label>
					<visible>!IsEmpty(ListItem.PictureResolution) + !StringCompare(ListItem.PictureResolution, 0 x 0)</visible>
				</control>
			</control>
			<include>ScrollBar_Vertical</include>
		</control>
	</include>
</includes>
