<includes>
	<include name="Viewtype_FanartBanner">
		<control type="group">
			<visible>Control.IsVisible(508)</visible>
			<!-- Browser -->
			<control type="fixedlist" id="508">
				<viewtype label="$LOCALIZE[31442]">bigwide</viewtype>
				<posx>658</posx>
				<posy>52</posy>
				<height>480</height>
				<width>600</width>
				<onup>508</onup>
				<ondown>508</ondown>
				<include condition="!Skin.HasSetting(ViewLockdown)">OnLeft7000</include>
				<onright>61</onright>
				<orientation>vertical</orientation>
				<preloaditems>2</preloaditems>
				<focusposition>1</focusposition>
				<movement>1</movement>
				<scrolltime>200</scrolltime>
				<pagecontrol>61</pagecontrol>
				<include>Animation_OpenCloseFade</include>
				<include>Animation_FadedByMenu</include>
				<include>Animation_HiddenByInfo</include>
				<visible>!Skin.HasSetting(NoViewBannerFanart)</visible>
				<visible>Window.IsActive(videolibrary) + Container.Content(tvshows)</visible>
				<itemlayout width="600" height="120">
					<control type="image">
						<posx>30</posx>
						<posy>10</posy>
						<width>541</width>
						<height>100</height>
						<texture>frames/banner_diffuse.png</texture>
						<colordiffuse>FrameBackgroundDiffuse</colordiffuse>
						<visible>!IsEmpty(ListItem.Title)</visible>
					</control>
					<control type="image">
						<posx>30</posx>
						<posy>10</posy>
						<width>541</width>
						<height>100</height>
						<texture background="true" diffuse="frames/banner_diffuse.png">$INFO[ListItem.Icon]</texture>
						<aspectratio scalediffuse="true">keep</aspectratio>
						<visible>IsEmpty(ListItem.Title)</visible>
					</control>
					<control type="image">
						<posx>30</posx>
						<posy>10</posy>
						<width>541</width>
						<height>100</height>
						<texture background="true" fallback="default_banner.png" diffuse="frames/banner_diffuse.png">$INFO[ListItem.Icon]</texture>
						<aspectratio scalediffuse="true">stretch</aspectratio>
						<visible>!IsEmpty(ListItem.Title) + !Skin.HasSetting(banner_jpg)</visible>
					</control>
					<control type="image">
						<posx>30</posx>
						<posy>10</posy>
						<width>541</width>
						<height>100</height>
						<texture background="true" fallback="default_banner.png" diffuse="frames/banner_diffuse.png">$INFO[ListItem.Path]banner.jpg</texture>
						<aspectratio scalediffuse="true">stretch</aspectratio>
						<visible>!IsEmpty(ListItem.Title) + Skin.HasSetting(banner_jpg)</visible>
					</control>
					<control type="image">
						<posx>18</posx>
						<posy>-2</posy>
						<width>563</width>
						<height>123</height>
						<texture>frames/banner_frame2.png</texture>
						<aspectratio scalediffuse="true">stretch</aspectratio>
					</control>
					<control type="image">
						<posx>532</posx>
						<posy>70</posy>
						<width>32</width>
						<height>32</height>
						<texture>$INFO[ListItem.Overlay]</texture>
						<colordiffuse>WatchedOverlay</colordiffuse>
						<visible>!Skin.HasSetting(HideTVWatchedOverlays)</visible>
					</control>
				</itemlayout>
				<focusedlayout width="600" height="120">
					<control type="image">
						<posx>30</posx>
						<posy>10</posy>
						<width>541</width>
						<height>100</height>
						<texture>frames/banner_diffuse.png</texture>
						<colordiffuse>FrameBackgroundDiffuse</colordiffuse>
						<animation reversible="false" effect="zoom" center="auto" start="100" end="108" time="200" tween="sine" easing="inout">focus</animation>
						<animation reversible="false" effect="zoom" center="auto" start="108" end="100" time="200" tween="sine" easing="inout">unfocus</animation>
						<visible>!IsEmpty(ListItem.Title)</visible>
					</control>
					<control type="image">
						<posx>30</posx>
						<posy>10</posy>
						<width>541</width>
						<height>100</height>
						<texture background="true" diffuse="frames/banner_diffuse.png">$INFO[ListItem.Icon]</texture>
						<aspectratio scalediffuse="true">keep</aspectratio>
						<animation reversible="false" effect="zoom" center="auto" start="100" end="108" time="200" tween="sine" easing="inout">focus</animation>
						<animation reversible="false" effect="zoom" center="auto" start="108" end="100" time="200" tween="sine" easing="inout">unfocus</animation>
						<visible>IsEmpty(ListItem.Title)</visible>
					</control>
					<control type="image">
						<posx>30</posx>
						<posy>10</posy>
						<width>541</width>
						<height>100</height>
						<texture background="true" fallback="default_banner.png" diffuse="frames/banner_diffuse.png">$INFO[ListItem.Icon]</texture>
						<aspectratio scalediffuse="true">stretch</aspectratio>
						<animation reversible="false" effect="zoom" center="auto" start="100" end="108" time="200" tween="sine" easing="inout">focus</animation>
						<animation reversible="false" effect="zoom" center="auto" start="108" end="100" time="200" tween="sine" easing="inout">unfocus</animation>
						<visible>!IsEmpty(ListItem.Title) + !Skin.HasSetting(banner_jpg)</visible>
					</control>
					<control type="image">
						<posx>30</posx>
						<posy>10</posy>
						<width>541</width>
						<height>100</height>
						<texture background="true" fallback="default_banner.png" diffuse="frames/banner_diffuse.png">$INFO[ListItem.Path]banner.jpg</texture>
						<aspectratio scalediffuse="true">stretch</aspectratio>
						<animation reversible="false" effect="zoom" center="auto" start="100" end="108" time="200" tween="sine" easing="inout">focus</animation>
						<animation reversible="false" effect="zoom" center="auto" start="108" end="100" time="200" tween="sine" easing="inout">unfocus</animation>
						<visible>!IsEmpty(ListItem.Title) + Skin.HasSetting(banner_jpg)</visible>
					</control>
					<control type="image">
						<posx>18</posx>
						<posy>-2</posy>
						<width>563</width>
						<height>123</height>
						<texture>frames/banner_frame2.png</texture>
						<aspectratio scalediffuse="true">stretch</aspectratio>
						<animation reversible="false" effect="zoom" center="auto" start="100" end="108" time="200" tween="sine" easing="inout">focus</animation>
						<animation reversible="false" effect="zoom" center="auto" start="108" end="100" time="200" tween="sine" easing="inout">unfocus</animation>
					</control>
					<control type="image">
						<posx>532</posx>
						<posy>70</posy>
						<width>32</width>
						<height>32</height>
						<texture>$INFO[ListItem.Overlay]</texture>
						<colordiffuse>WatchedOverlay</colordiffuse>
						<animation reversible="false" effect="zoom" center="282,62" start="100" end="108" time="200" tween="sine" easing="inout">focus</animation>
						<animation reversible="false" effect="zoom" center="282,62" start="108" end="100" time="200" tween="sine" easing="inout">unfocus</animation>
						<visible>!Skin.HasSetting(HideTVWatchedOverlays)</visible>
					</control>
				</focusedlayout>
			</control>
			<control type="group">
				<include>Animation_OpenCloseFade</include>
				<include>Animation_FadedByMenu</include>
				<include>Animation_HiddenByInfo</include>
				<visible>Window.IsActive(videolibrary) + Container.Content(tvshows)</visible>
				<!-- Movie Fanart Image -->
				<control type="image">
					<posx>35</posx>
					<posy>66</posy>
					<width>600</width>
					<height>338</height>
					<texture>frames/ClassicFrame_Background.png</texture>
					<colordiffuse>FrameBackgroundDiffuse</colordiffuse>
					<aspectratio scalediffuse="false">stretch</aspectratio>
				</control>
				<control type="image">
					<posx>35</posx>
					<posy>66</posy>
					<width>600</width>
					<height>338</height>
					<texture background="true" fallback="home_art/tvshows.jpg">$INFO[ListItem.Property(Fanart_Image)]</texture>
					<aspectratio scalediffuse="false">scale</aspectratio>
				</control>
				<control type="image">
					<posx>12</posx>
					<posy>46</posy>
					<width>650</width>
					<height>383</height>
					<texture background="true">frames/ClassicFrame_FanartMedium.png</texture>
					<aspectratio scalediffuse="false">scale</aspectratio>
				</control>
				<!-- Title -->
				<control type="label">
					<posx>35</posx>
					<posy>430</posy>
					<width>600</width>
					<height>30</height>
					<align>center</align>
					<aligny>center</aligny>
					<font>METF_TitleTextLarge</font>
					<textcolor>TitleText</textcolor>
					<label>$INFO[ListItem.Label]</label>
				</control>
				<!-- Genre -->
				<control type="label">
					<posx>35</posx>
					<posy>459</posy>
					<width>600</width>
					<height>30</height>
					<align>center</align>
					<aligny>center</aligny>
					<font>METF_MediaDetailsSmall</font>
					<textcolor>MediaDetailsGenre</textcolor>
					<label>$INFO[ListItem.Genre]</label>
					<visible>!IsEmpty(ListItem.Genre)</visible>
				</control>
			</control>
			<control type="grouplist">
				<posx>35</posx>
				<posy>487</posy>
				<width>600</width>
				<height>30</height>
				<align>center</align>
				<itemgap>10</itemgap>
				<orientation>horizontal</orientation>
				<include>Animation_OpenCloseFade</include>
				<include>Animation_FadedByMenu</include>
				<include>Animation_HiddenByInfo</include>
				<visible>Window.IsActive(videolibrary) + Container.Content(tvshows)</visible>
				<!-- Year -->
				<control type="label">
					<width min="25" max="600">auto</width>
					<height>30</height>
					<aligny>center</aligny>
					<font>METF_MediaDetailsSmall</font>
					<textcolor>MediaDetailsYear</textcolor>
					<label>$INFO[ListItem.Year]</label>
					<visible>!IsEmpty(ListItem.Year)</visible>
				</control>
				<!-- Bullet -->
				<control type="image">
					<width>8</width>
					<height>36</height>
					<texture>Dot.png</texture>
					<aspectratio align="center" aligny="center">keep</aspectratio>
					<colordiffuse>BulletDiffuse</colordiffuse>
					<visible>![IsEmpty(ListItem.Year) | IsEmpty(ListItem.Property(TotalEpisodes))]</visible>
				</control>
				<!-- Episode Count -->
				<control type="label">
					<width min="25" max="600">auto</width>
					<height>30</height>
					<aligny>center</aligny>
					<font>METF_MediaDetailsSmall</font>
					<textcolor>MediaDetailsEpisodes</textcolor>
					<label>$INFO[ListItem.Property(TotalEpisodes)] $LOCALIZE[20360]</label>
					<visible>!IsEmpty(ListItem.Property(TotalEpisodes)) + [Container.Content(seasons) | Container.Content(tvshows)]</visible>
				</control>
				<!-- Bullet -->
				<control type="image">
					<width>8</width>
					<height>36</height>
					<texture>Dot.png</texture>
					<aspectratio align="center" aligny="center">keep</aspectratio>
					<colordiffuse>BulletDiffuse</colordiffuse>
					<visible>!IsEmpty(ListItem.Property(TotalEpisodes))</visible>
				</control>
				<!-- Unwatched Episode Count -->
				<control type="label">
					<width min="25" max="600">auto</width>
					<height>30</height>
					<aligny>center</aligny>
					<font>METF_MediaDetailsSmall</font>
					<textcolor>MediaDetailsEpisodes</textcolor>
					<label>$INFO[ListItem.Property(UnWatchedEpisodes)] $LOCALIZE[16101]</label>
				</control>
			</control>
			<include>ScrollBar_Vertical</include>
		</control>
	</include>
</includes>
