﻿<window id="106">
	<defaultcontrol>1000</defaultcontrol>
	<animation type="WindowOpen" reversible="false">
		<effect type="zoom" start="80" end="100" center="auto" easing="out" tween="back" time="300" />
		<effect type="fade" start="0" end="100" time="300" />
	</animation>
	<animation type="WindowClose" reversible="false">
		<effect type="zoom" start="100" end="80" center="auto" easing="in" tween="back" time="300" />
		<effect type="fade" start="100" end="0" time="300" />
	</animation>
	<coordinates>
		<system>1</system>
		<posx>0</posx>
		<posy>0</posy>
		<origin x="440" y="120" />
	</coordinates>
	<controls>
		<control type="image" id="997">
			<description>background top image</description>
			<posx>0</posx>
			<posy>-50</posy>
			<width>400</width>
			<height>50</height>
			<texture>dialogs/ContextMenu_Top.png</texture>
			<colordiffuse>DialogBackgroundColor</colordiffuse>
		</control>
		<control type="image" id="999">
			<description>background image</description>
			<posx>0</posx>
			<posy>0</posy>
			<width>400</width>
			<texture>dialogs/ContextMenu_Middle.png</texture>
			<colordiffuse>DialogBackgroundColor</colordiffuse>
		</control>
		<control type="image" id="998">
			<description>background bottom image</description>
			<posx>0</posx>
			<width>400</width>
			<height>50</height>
			<texture>dialogs/ContextMenu_Bottom.png</texture>
			<colordiffuse>DialogBackgroundColor</colordiffuse>
		</control>
		<control type="button" id="1000">
			<description>button template</description>
			<onleft>Dialog.Close(contextmenu)</onleft>
			<onright>Dialog.Close(contextmenu)</onright>
			<posx>40</posx>
			<posy>40</posy>
			<width>320</width>
			<height>35</height>
			<!--
			<font>METF_Menu</font>
			-->
			<font>METF_DialogLarge</font>
			<align>center</align>
			<aligny>center</aligny>
			<textcolor>TextNF</textcolor>
			<focusedcolor>DialogTextFO</focusedcolor>
			<texturefocus border="1">ButtonFO2Wide.png</texturefocus>
		</control>
		<include condition="Skin.HasSetting(DebugMode)">Debug</include>
	</controls>
</window>
