﻿<window id="151">
	<defaultcontrol>1111</defaultcontrol>
	<animation type="WindowOpen" reversible="false">
		<effect type="slide" start="0,-100" end="0,0" time="300" />
		<effect type="fade" start="0" end="100" time="300" />
	</animation>
	<animation type="WindowClose" reversible="false">
		<effect type="slide" start="0,0" end="0,-100" time="300" />
		<effect type="fade" start="100" end="0" time="300" />
	</animation>
	<coordinates>
		<posx>-30</posx>
		<posy>-15</posy>
	</coordinates>
	<controls>
		<control type="button" id="1111">
			<posx>-10</posx>
			<posy>-10</posy>
			<height>1</height>
			<width>1</width>
			<texturefocus>-</texturefocus>
			<texturenofocus>-</texturenofocus>
			<onfocus>Skin.SetBool(LibraryUpdated)</onfocus>
		</control>
		<control type="image">
			<description>background image</description>
			<posx>0</posx>
			<posy>-10</posy>
			<width>1100</width>
			<height>67</height>
			<texture>dialogs/DialogBG_DropdownWide2.png</texture>
			<colordiffuse>DialogDropdownColor</colordiffuse>
			<animation effect="slide" end="0,-150" time="200" condition="Window.IsVisible(FullscreenVideo) | Window.IsVisible(Visualisation) | Window.IsVisible(slideshow)">conditional</animation>
		</control>
		<control type="image">
			<description>Progress background</description>
			<posx>50</posx>
			<posy>24</posy>
			<width>175</width>
			<height>17</height>
			<texture>osd/osd_progress_back3.png</texture>
			<colordiffuse>DialogProgressBar</colordiffuse>
			<animation effect="slide" end="0,-150" time="200" condition="Window.IsVisible(FullscreenVideo) | Window.IsVisible(Visualisation) | Window.IsVisible(slideshow)">conditional</animation>
		</control>
		<control type="progress" id="32">
			<description>Progress Bar</description>
			<posx>50</posx>
			<posy>24</posy>
			<width>175</width>
			<height>17</height>
			<texturebg>osd/osd_progress_back3.png</texturebg>
			<lefttexture>osd/osd_progress_left3.png</lefttexture>
			<midtexture>osd/osd_progress_mid3.png</midtexture>
			<righttexture>osd/osd_progress_right3.png</righttexture>
			<colordiffuse>DialogProgressBar</colordiffuse>
			<animation effect="slide" end="0,-150" time="200" condition="Window.IsVisible(FullscreenVideo) | Window.IsVisible(Visualisation) | Window.IsVisible(slideshow)">conditional</animation>
			<visible>!Window.IsActive(2006) + !VideoPlayer.IsFullscreen</visible>
		</control>
		<control type="grouplist">
			<posx>235</posx>
			<posy>16</posy>
			<width>835</width>
			<height>30</height>
			<align>left</align>
			<itemgap>10</itemgap>
			<orientation>horizontal</orientation>
			<animation effect="slide" end="0,-150" time="200" condition="Window.IsVisible(FullscreenVideo) | Window.IsVisible(Visualisation) | Window.IsVisible(slideshow)">conditional</animation>
			<visible>!Window.IsActive(2006) + !VideoPlayer.IsFullscreen</visible>
			<control type="label" id="30">
				<description>Heading Label</description>
				<width min="25" max="835">auto</width>
				<height>30</height>
				<aligny>center</aligny>
				<font>METF_DialogSmallBold</font>
				<textcolor>DialogTextFO</textcolor>
			</control>
			<control type="label" id="31">
				<description>Line 1</description>
				<width min="25" max="835">auto</width>
				<height>30</height>
				<aligny>center</aligny>
				<label>-</label>
				<font>METF_DialogSmallBold</font>
				<textcolor>TextNF</textcolor>
			</control>
		</control>
		<include condition="Skin.HasSetting(DebugMode)">Debug</include>
	</controls>
</window>
