<includes>
	<!-- Home2 Icons -->
	<visible>Skin.HasSetting(home2)</visible>
	<include name="Submenu_Button2">
		<width>220</width>
		<height>27</height>
		<align>center</align>
		<font>METF_HomeMenuSmall</font>
		<textcolor>SubmenuText</textcolor>
		<focusedcolor>SubmenuTextFocused</focusedcolor>
		<animation type="Focus" reversible="false">
			<effect type="zoom" center="auto" start="100" end="110" time="100" tween="cubic" easing="inout" />
		</animation>
	</include>
	<include name="Submenu_VerticalDetails2">
		<width>220</width>
		<height>140</height>
		<orientation>vertical</orientation>
		<itemgap>0</itemgap>
		<onleft>9000</onleft>
		<onright>9000</onright>
	</include>	
	
	<!--
	<include name="HomeStatsDetails3">
		<posx>1120</posx>
		<height>25</height>
		<width>130</width>
		<align>left</align>
		<font>METF_HomeStatsText</font>
		<textcolor>HomeStatsCategory</textcolor>
	</include>
	<include name="HomeStatsDetailsNumber3">
		<posx>1112</posx>
		<height>25</height>
		<width>50</width>
		<align>right</align>
		<font>METF_HomeStatsText</font>
		<textcolor>HomeStatsNumber</textcolor>
	</include>
	-->
	
	<include name="Home2_Icons">
		<include>HomeDeck</include>
		<control type="button" id="9002">
			<description>Hidden Button to pass through navigation when recently added is disabled</description>
			<posx>-20</posx>
			<posy>-20</posy>
			<width>1</width>
			<height>1</height>
			<label>-</label>
			<font>-</font>
			<texturefocus>-</texturefocus>
			<texturenofocus>-</texturenofocus>
			<onleft>9000</onleft>
			<onright>9000</onright>
			<onup>9000</onup>
			<ondown>9001</ondown>
			<visible>false</visible>
		</control>

		<!-- XBMC Logo and Skin Name -->
		<control type="group">
			<include>Animation_OpenCloseFade</include>
			<include>Animation_FadedByMenu</include>
			<control type="image">
				<posx>20</posx>
				<posy>25</posy>
				<width>240</width>
				<height>54</height>
				<aspectratio aligny="bottom">keep</aspectratio>
				<colordiffuse>XBMCLogoDiffuse</colordiffuse>
				<texture>xbmc-logo2.png</texture>
			</control>
			<control type="label">
				<posx>20</posx>
				<posy>77</posy>
				<width>274</width>
				<height>30</height>
				<align>left</align>
				<aligny>center</aligny>
				<font>METF_Heading</font>
				<textcolor>Home2SkinName</textcolor>
				<label>$LOCALIZE[31011]</label>
			</control>
		</control>
		<!-- Main Menu -->
		<control type="wraplist" id="9000">
			<posx>10</posx>
			<posy>65</posy>
			<height>450</height>
			<width>1260</width>
			<onup>9002</onup>
			<ondown>9001</ondown>
			<onleft>9000</onleft>
			<onright>9000</onright>
			<viewtype>list</viewtype>
			<orientation>horizontal</orientation>
			<focusposition>3</focusposition>
			<scrolltime>200</scrolltime>
			<!-- Setting preloaditems to anything greater than zero currently causes -->
			<!-- flickering/slowdown if any home items are hidden.  -->
			<!-- See http://trac.xbmc.org/ticket/12145 and https://github.com/stoli/Metropolis/issues/21 -->
			<!--<preloaditems>2</preloaditems>-->
			<preloaditems>0</preloaditems>
			<include>Animation_OpenCloseFade</include>
			<include>Animation_FadedByMenu</include>
			<itemlayout width="180" height="450">
				<control type="image">
					<posx>15</posx>
					<posy>75</posy>
					<width>150</width>
					<height>300</height>
					<texture>$INFO[ListItem.ActualIcon]</texture>
					<aspectratio>stretch</aspectratio>
				</control>
				<control type="image">
					<posx>5</posx>
					<posy>59</posy>
					<width>180</width>
					<height>335</height>
					<texture>frames/ClassicFrame_Tall.png</texture>
					<aspectratio>stretch</aspectratio>
				</control>
			</itemlayout>
			<focusedlayout width="180" height="450">
				<control type="image">
					<posx>15</posx>
					<posy>75</posy>
					<width>150</width>
					<height>300</height>
					<texture>$INFO[ListItem.ActualIcon]</texture>
					<aspectratio>stretch</aspectratio>
					<animation reversible="false" effect="zoom" center="auto" start="100" end="112" time="200" tween="sine" easing="inout">focus</animation>
					<animation reversible="false" effect="zoom" center="auto" start="112" end="100" time="200" tween="sine" easing="inout">unfocus</animation>
				</control>
				<control type="image">
					<posx>5</posx>
					<posy>59</posy>
					<width>180</width>
					<height>335</height>
					<texture>frames/ClassicFrame_Tall.png</texture>
					<aspectratio>stretch</aspectratio>
					<animation reversible="false" effect="zoom" center="auto" start="100" end="112" time="200" tween="sine" easing="inout">focus</animation>
					<animation reversible="false" effect="zoom" center="auto" start="112" end="100" time="200" tween="sine" easing="inout">unfocus</animation>
				</control>
			</focusedlayout>
			<content>
				<item id="10">
					<description>Favourites</description>
					<label>$LOCALIZE[1036]</label>
					<icon>home_icons/favourites.png</icon>
					<onclick>ActivateWindow(Favourites)</onclick>
					<visible>!Skin.HasSetting(NoFavourites)</visible>
				</item>
				<item id="8">
					<description>Settings</description>
					<label>$LOCALIZE[5]</label>
					<icon>home_icons/settings.png</icon>
					<onclick>ActivateWindow(Settings)</onclick>
					<visible>!Skin.HasSetting(NoSettings)</visible>
				</item>
				<item id="11">
					<description>Shutdown</description>
					<label>$LOCALIZE[13005]</label>
					<icon>home_icons/shutdown.png</icon>
					<onclick>Shutdown()</onclick>
					<visible>!Skin.HasSetting(NoShutdown)</visible>
					<visible>!Skin.HasSetting(NoShutdownDestructive)</visible>
				</item>
				<item id="11">
					<description>Shutdown</description>
					<label>$LOCALIZE[13005]</label>
					<icon>home_icons/shutdown.png</icon>
					<onclick>XBMC.Quit()</onclick>
					<visible>!Skin.HasSetting(NoShutdown)</visible>
					<visible>Skin.HasSetting(NoShutdownDestructive)</visible>
				</item>
				<item id="12">
					<description>Logoff</description>
					<label>$LOCALIZE[20126]</label>
					<icon>home_icons/logoff.png</icon>
					<onclick>System.LogOff</onclick>
					<visible>System.HasLoginScreen</visible>
				</item>
				<item id="9">
					<description>Play Disc</description>
					<label>$LOCALIZE[341]</label>
					<icon>home_icons/playdisc.png</icon>
					<onclick>PlayDVD</onclick>
					<visible>System.HasMediadvd</visible>
				</item>
				<item id="4">
					<description>Movies (Empty library)</description>
					<label>$LOCALIZE[342]</label>
					<icon>home_icons/movies.png</icon>
					<onclick>ActivateWindow(Videos,Files)</onclick>
					<visible>!Skin.HasSetting(NoMovies) + !Library.HasContent(Movies) + !Skin.HasSetting(HomeMovies_Override)</visible>
				</item>
				<item id="4">
					<description>Movies</description>
					<label>$LOCALIZE[342]</label>
					<icon>home_icons/movies.png</icon>
					<onclick>ActivateWindow(Videos,MovieTitles,Return)</onclick>
					<visible>!Skin.HasSetting(NoMovies) + Library.HasContent(Movies) + !Skin.HasSetting(HomeMovies_Override)</visible>
				</item>
				<item id="4">
					<description>Movies (Recent)</description>
					<label>$LOCALIZE[342]</label>
					<icon>home_icons/movies.png</icon>
					<onclick>ActivateWindow(Videos,RecentlyAddedMovies,return)</onclick>
					<visible>!Skin.HasSetting(NoMovies) + Skin.HasSetting(HomeMovies_Override) + Skin.HasSetting(HomeMovies_Recent)</visible>
				</item>
				<item id="4">
					<description>Movies (Genres)</description>
					<label>$LOCALIZE[342]</label>
					<icon>home_icons/movies.png</icon>
					<onclick>ActivateWindow(Videos,MovieGenres,return)</onclick>
					<visible>!Skin.HasSetting(NoMovies) + Skin.HasSetting(HomeMovies_Override) + Skin.HasSetting(HomeMovies_Genres)</visible>
				</item>
				<item id="4">
					<description>Movies (Years)</description>
					<label>$LOCALIZE[342]</label>
					<icon>home_icons/movies.png</icon>
					<onclick>ActivateWindow(Videos,MovieYears,return)</onclick>
					<visible>!Skin.HasSetting(NoMovies) + Skin.HasSetting(HomeMovies_Override) + Skin.HasSetting(HomeMovies_Years)</visible>
				</item>
				<item id="4">
					<description>Movies (Actors)</description>
					<label>$LOCALIZE[342]</label>
					<icon>home_icons/movies.png</icon>
					<onclick>ActivateWindow(Videos,MovieActors,return)</onclick>
					<visible>!Skin.HasSetting(NoMovies) + Skin.HasSetting(HomeMovies_Override) + Skin.HasSetting(HomeMovies_Actors)</visible>
				</item>
				<item id="4">
					<description>Movies (Directors)</description>
					<label>$LOCALIZE[342]</label>
					<icon>home_icons/movies.png</icon>
					<onclick>ActivateWindow(Videos,MovieDirectors,return)</onclick>
					<visible>!Skin.HasSetting(NoMovies) + Skin.HasSetting(HomeMovies_Override) + Skin.HasSetting(HomeMovies_Directors)</visible>
				</item>
				<item id="4">
					<description>Movies (Studios)</description>
					<label>$LOCALIZE[342]</label>
					<icon>home_icons/movies.png</icon>
					<onclick>ActivateWindow(Videos,MovieStudios,return)</onclick>
					<visible>!Skin.HasSetting(NoMovies) + Skin.HasSetting(HomeMovies_Override) + Skin.HasSetting(HomeMovies_Studios)</visible>
				</item>
				<item id="4">
					<description>Movies (Playlist)</description>
					<label>$LOCALIZE[342]</label>
					<icon>home_icons/movies.png</icon>
					<onclick>XBMC.ActivateWindow(10025,$INFO[Skin.String(HomeMovies_Playlist)],return)</onclick>
					<visible>!Skin.HasSetting(NoMovies) + Skin.HasSetting(HomeMovies_Override) + !IsEmpty(Skin.String(HomeMovies_Playlist))</visible>
				</item>
				<item id="4">
					<description>Movies (Addon)</description>
					<label>$LOCALIZE[342]</label>
					<icon>home_icons/movies.png</icon>
					<onclick>RunAddon($INFO[Skin.String(HomeMovies_Addon)])</onclick>
					<visible>!Skin.HasSetting(NoMovies) + Skin.HasSetting(HomeMovies_Override) + !IsEmpty(Skin.String(HomeMovies_Addon))</visible>
				</item>
				<item id="5">
					<description>TV Shows (Empty library)</description>
					<label>$LOCALIZE[20343]</label>
					<icon>home_icons/tvshows.png</icon>
					<onclick>ActivateWindow(Videos,Files)</onclick>
					<visible>!Skin.HasSetting(NoTVShows) + !Library.HasContent(TVShows) + !Skin.HasSetting(HomeTVShows_Override)</visible>
				</item>
				<item id="5">
					<description>TV Shows</description>
					<label>$LOCALIZE[20343]</label>
					<icon>home_icons/tvshows.png</icon>
					<onclick>ActivateWindow(Videos,TVShowTitles,return)</onclick>
					<visible>!Skin.HasSetting(NoTVShows) + Library.HasContent(TVShows) + !Skin.HasSetting(HomeTVShows_Override)</visible>
				</item>
				<item id="5">
					<description>TV Shows (Recent)</description>
					<label>$LOCALIZE[20343]</label>
					<icon>home_icons/tvshows.png</icon>
					<onclick>ActivateWindow(Videos,RecentlyAddedEpisodes,return)</onclick>
					<visible>!Skin.HasSetting(NoTVShows) + Skin.HasSetting(HomeTVShows_Override) + Skin.HasSetting(HomeTVShows_Recent)</visible>
				</item>
				<item id="5">
					<description>TV Shows (Genres)</description>
					<label>$LOCALIZE[20343]</label>
					<icon>home_icons/tvshows.png</icon>
					<onclick>ActivateWindow(Videos,TVShowGenres,return)</onclick>
					<visible>!Skin.HasSetting(NoTVShows) + Skin.HasSetting(HomeTVShows_Override) + Skin.HasSetting(HomeTVShows_Genres)</visible>
				</item>
				<item id="5">
					<description>TV Shows (Years)</description>
					<label>$LOCALIZE[20343]</label>
					<icon>home_icons/tvshows.png</icon>
					<onclick>ActivateWindow(Videos,TVShowYears,return)</onclick>
					<visible>!Skin.HasSetting(NoTVShows) + Skin.HasSetting(HomeTVShows_Override) + Skin.HasSetting(HomeTVShows_Years)</visible>
				</item>
				<item id="5">
					<description>TV Shows (Actors)</description>
					<label>$LOCALIZE[20343]</label>
					<icon>home_icons/tvshows.png</icon>
					<onclick>ActivateWindow(Videos,TVShowActors,return)</onclick>
					<visible>!Skin.HasSetting(NoTVShows) + Skin.HasSetting(HomeTVShows_Override) + Skin.HasSetting(HomeTVShows_Actors)</visible>
				</item>
				<item id="5">
					<description>TV Shows (Studios)</description>
					<label>$LOCALIZE[20343]</label>
					<icon>home_icons/tvshows.png</icon>
					<onclick>ActivateWindow(Videos,TVShowStudios,return)</onclick>
					<visible>!Skin.HasSetting(NoTVShows) + Skin.HasSetting(HomeTVShows_Override) + Skin.HasSetting(HomeTVShows_Studios)</visible>
				</item>
				<item id="5">
					<description>TV Shows (Guide)</description>
					<label>$LOCALIZE[31428]</label>
					<icon>home_icons/tvshows.png</icon>
					<onclick>RunScript(script.tv.show.next.aired)</onclick>
					<visible>!Skin.HasSetting(NoTVShows) + Skin.HasSetting(HomeTVShows_Override) + Skin.HasSetting(HomeTVShows_TVGuide)</visible>
				</item>
				<item id="5">
					<description>TV Shows (Playlist)</description>
					<label>$LOCALIZE[20343]</label>
					<icon>home_icons/tvshows.png</icon>
					<onclick>XBMC.ActivateWindow(10025,$INFO[Skin.String(HomeTVShows_Playlist)],return)</onclick>
					<visible>!Skin.HasSetting(NoTVShows) + Skin.HasSetting(HomeTVShows_Override) + !IsEmpty(Skin.String(HomeTVShows_Playlist))</visible>
				</item>
				<item id="5">
					<description>TV Shows (Addon)</description>
					<label>$LOCALIZE[20343]</label>
					<icon>home_icons/tvshows.png</icon>
					<onclick>RunAddon($INFO[Skin.String(HomeTVShows_Addon)])</onclick>
					<visible>!Skin.HasSetting(NoTVShows) + Skin.HasSetting(HomeTVShows_Override) + !IsEmpty(Skin.String(HomeTVShows_Addon))</visible>
				</item>
				<item id="2">
					<description>Videos</description>
					<label>$LOCALIZE[3]</label>
					<icon>home_icons/videos.png</icon>
					<onclick>ActivateWindow(Videos,root)</onclick>
					<visible>!Skin.HasSetting(NoVideos) + !Skin.HasSetting(HomeVideos_Override)</visible>
				</item>
				<item id="2">
					<description>Videos (Files)</description>
					<label>$LOCALIZE[3]</label>
					<icon>home_icons/videos.png</icon>
					<onclick>ActivateWindow(Videos,Files)</onclick>
					<visible>!Skin.HasSetting(NoVideos) + Skin.HasSetting(HomeVideos_Override) + Skin.HasSetting(HomeVideos_Files)</visible>
				</item>
				<item id="2">
					<description>Videos (Playlists)</description>
					<label>$LOCALIZE[3]</label>
					<icon>home_icons/videos.png</icon>
					<onclick>ActivateWindow(Videos,Playlists,return)</onclick>
					<visible>!Skin.HasSetting(NoVideos) + Skin.HasSetting(HomeVideos_Override) + Skin.HasSetting(HomeVideos_Playlists)</visible>
				</item>
				<item id="2">
					<description>Videos (Playlist)</description>
					<label>$LOCALIZE[3]</label>
					<icon>home_icons/videos.png</icon>
					<onclick>XBMC.ActivateWindow(10025,$INFO[Skin.String(HomeVideos_Playlist)],return)</onclick>
					<visible>!Skin.HasSetting(NoVideos) + Skin.HasSetting(HomeVideos_Override) + !IsEmpty(Skin.String(HomeVideos_Playlist))</visible>
				</item>
				<item id="2">
					<description>Videos (Addons)</description>
					<label>$LOCALIZE[3]</label>
					<icon>home_icons/videos.png</icon>
					<onclick>ActivateWindow(Videos,Addons,return)</onclick>
					<visible>!Skin.HasSetting(NoVideos) + Skin.HasSetting(HomeVideos_Override) + Skin.HasSetting(HomeVideos_Addons)</visible>
				</item>
				<item id="2">
					<description>Videos (Addon)</description>
					<label>$LOCALIZE[3]</label>
					<icon>home_icons/videos.png</icon>
					<onclick>RunAddon($INFO[Skin.String(HomeVideos_Addon)])</onclick>
					<visible>!Skin.HasSetting(NoVideos) + Skin.HasSetting(HomeVideos_Override) + !IsEmpty(Skin.String(HomeVideos_Addon))</visible>
				</item>
				<item id="13">
					<description>Movie Trailers</description>
					<label>$LOCALIZE[31334]</label>
					<icon>home_icons/trailers.png</icon>
					<onclick>ActivateWindow(Videos,plugin://plugin.video.the.trailers,return)</onclick>
					<visible>system.hasaddon(plugin.video.the.trailers) + !Skin.HasSetting(NoTrailers)</visible>
				</item>
				<item id="15">
					<description>Live TV</description>
					<label>$LOCALIZE[31601]</label>
					<icon>home_icons/livetv.png</icon>
					<onclick>ActivateWindow(PVR)</onclick>
					<!-- for frodo
					<visible>System.GetBool(pvrmanager.enabled)</visible>-->
					<visible>Skin.HasSetting(LiveTV)</visible>
				</item>
				<item id="3">
					<description>Music</description>
					<label>$LOCALIZE[2]</label>
					<icon>home_icons/music.png</icon>
					<onclick>ActivateWindow(Music)</onclick>
					<visible>!Skin.HasSetting(NoMusic) + !Skin.HasSetting(HomeMusic_Override)</visible>
				</item>
				<item id="3">
					<description>Music (Recent)</description>
					<label>$LOCALIZE[2]</label>
					<icon>home_icons/music.png</icon>
					<onclick>ActivateWindow(MusicLibrary,RecentlyAddedAlbums,return)</onclick>
					<visible>!Skin.HasSetting(NoMusic) + Skin.HasSetting(HomeMusic_Override) + Skin.HasSetting(HomeMusic_Recent)</visible>
				</item>
				<item id="3">
					<description>Music (Genres)</description>
					<label>$LOCALIZE[2]</label>
					<icon>home_icons/music.png</icon>
					<onclick>ActivateWindow(MusicLibrary,Genres,return)</onclick>
					<visible>!Skin.HasSetting(NoMusic) + Skin.HasSetting(HomeMusic_Override) + Skin.HasSetting(HomeMusic_Genres)</visible>
				</item>
				<item id="3">
					<description>Music (Years)</description>
					<label>$LOCALIZE[2]</label>
					<icon>home_icons/music.png</icon>
					<onclick>ActivateWindow(MusicLibrary,Years,return)</onclick>
					<visible>!Skin.HasSetting(NoMusic) + Skin.HasSetting(HomeMusic_Override) + Skin.HasSetting(HomeMusic_Years)</visible>
				</item>
				<item id="3">
					<description>Music (Artists)</description>
					<label>$LOCALIZE[2]</label>
					<icon>home_icons/music.png</icon>
					<onclick>ActivateWindow(MusicLibrary,Artists,return)</onclick>
					<visible>!Skin.HasSetting(NoMusic) + Skin.HasSetting(HomeMusic_Override) + Skin.HasSetting(HomeMusic_Artists)</visible>
				</item>
				<item id="3">
					<description>Music (Albums)</description>
					<label>$LOCALIZE[2]</label>
					<icon>home_icons/music.png</icon>
					<onclick>ActivateWindow(MusicLibrary,Albums,return)</onclick>
					<visible>!Skin.HasSetting(NoMusic) + Skin.HasSetting(HomeMusic_Override) + Skin.HasSetting(HomeMusic_Albums)</visible>
				</item>
				<item id="3">
					<description>Music (Songs)</description>
					<label>$LOCALIZE[2]</label>
					<icon>home_icons/music.png</icon>
					<onclick>ActivateWindow(MusicLibrary,Songs,return)</onclick>
					<visible>!Skin.HasSetting(NoMusic) + Skin.HasSetting(HomeMusic_Override) + Skin.HasSetting(HomeMusic_Songs)</visible>
				</item>
				<item id="3">
					<description>Music (Playlists)</description>
					<label>$LOCALIZE[2]</label>
					<icon>home_icons/music.png</icon>
					<onclick>ActivateWindow(MusicLibrary,Playlists,return)</onclick>
					<visible>!Skin.HasSetting(NoMusic) + Skin.HasSetting(HomeMusic_Override) + Skin.HasSetting(HomeMusic_Playlists)</visible>
				</item>
				<item id="3">
					<description>Music (Playlist)</description>
					<label>$LOCALIZE[2]</label>
					<icon>home_icons/music.png</icon>
					<onclick>XBMC.ActivateWindow(10025,$INFO[Skin.String(HomeMusic_Playlist)],return)</onclick>
					<visible>!Skin.HasSetting(NoMusic) + Skin.HasSetting(HomeMusic_Override) + !IsEmpty(Skin.String(HomeMusic_Playlist))</visible>
				</item>
				<item id="3">
					<description>Music (Addons)</description>
					<label>$LOCALIZE[2]</label>
					<icon>home_icons/music.png</icon>
					<onclick>ActivateWindow(MusicFiles,Addons,return)</onclick>
					<visible>!Skin.HasSetting(NoMusic) + Skin.HasSetting(HomeMusic_Override) + Skin.HasSetting(HomeMusic_Addons)</visible>
				</item>
				<item id="3">
					<description>Music (Addon)</description>
					<label>$LOCALIZE[2]</label>
					<icon>home_icons/music.png</icon>
					<onclick>RunAddon($INFO[Skin.String(HomeMusic_Addon)])</onclick>
					<visible>!Skin.HasSetting(NoMusic) + Skin.HasSetting(HomeMusic_Override) + !IsEmpty(Skin.String(HomeMusic_Addon))</visible>
				</item>
				<item id="16">
					<description>Music Videos (Empty library)</description>
					<label>$LOCALIZE[20389]</label>
					<icon>home_icons/musicvideos.png</icon>
					<onclick>ActivateWindow(Videos,Files)</onclick>
					<visible>!Skin.HasSetting(NoMusicVideos) + !Library.HasContent(MusicVideos) + !Skin.HasSetting(HomeMusicVideos_Override)</visible>
				</item>
				<item id="16">
					<description>Music Videos</description>
					<label>$LOCALIZE[20389]</label>
					<icon>home_icons/musicvideos.png</icon>
					<onclick>ActivateWindow(Videos,MusicVideoTitles,return)</onclick>
					<visible>!Skin.HasSetting(NoMusicVideos) + Library.HasContent(MusicVideos) + !Skin.HasSetting(HomeMusicVideos_Override)</visible>
				</item>
				<item id="16">
					<description>Music Videos (Recent)</description>
					<label>$LOCALIZE[20389]</label>
					<icon>home_icons/musicvideos.png</icon>
					<onclick>ActivateWindow(Videos,RecentlyAddedMusicVideos,return)</onclick>
					<visible>!Skin.HasSetting(NoMusicVideos) + Skin.HasSetting(HomeMusicVideos_Override) + Skin.HasSetting(HomeMusicVideos_Recent)</visible>
				</item>
				<item id="16">
					<description>Music Videos (Genres)</description>
					<label>$LOCALIZE[20389]</label>
					<icon>home_icons/musicvideos.png</icon>
					<onclick>ActivateWindow(Videos,MusicVideoGenres,return)</onclick>
					<visible>!Skin.HasSetting(NoMusicVideos) + Skin.HasSetting(HomeMusicVideos_Override) + Skin.HasSetting(HomeMusicVideos_Genres)</visible>
				</item>
				<item id="16">
					<description>Music Videos (Years)</description>
					<label>$LOCALIZE[20389]</label>
					<icon>home_icons/musicvideos.png</icon>
					<onclick>ActivateWindow(Videos,MusicVideoYears,return)</onclick>
					<visible>!Skin.HasSetting(NoMusicVideos) + Skin.HasSetting(HomeMusicVideos_Override) + Skin.HasSetting(HomeMusicVideos_Years)</visible>
				</item>
				<item id="16">
					<description>Music Videos (Artists)</description>
					<label>$LOCALIZE[20389]</label>
					<icon>home_icons/musicvideos.png</icon>
					<onclick>ActivateWindow(Videos,MusicVideoArtists,return)</onclick>
					<visible>!Skin.HasSetting(NoMusicVideos) + Skin.HasSetting(HomeMusicVideos_Override) + Skin.HasSetting(HomeMusicVideos_Artists)</visible>
				</item>
				<item id="16">
					<description>Music Videos (Albums)</description>
					<label>$LOCALIZE[20389]</label>
					<icon>home_icons/musicvideos.png</icon>
					<onclick>ActivateWindow(Videos,MusicVideoAlbums,return)</onclick>
					<visible>!Skin.HasSetting(NoMusicVideos) + Skin.HasSetting(HomeMusicVideos_Override) + Skin.HasSetting(HomeMusicVideos_Albums)</visible>
				</item>
				<item id="16">
					<description>Music Videos (Playlist)</description>
					<label>$LOCALIZE[20389]</label>
					<icon>home_icons/musicvideos.png</icon>
					<onclick>XBMC.ActivateWindow(10025,$INFO[Skin.String(HomeMusicVideos_Playlist)],return)</onclick>
					<visible>!Skin.HasSetting(NoMusicVideos) + Skin.HasSetting(HomeMusicVideos_Override) + !IsEmpty(Skin.String(HomeMusicVideos_Playlist))</visible>
				</item>
				<item id="16">
					<description>Music Videos (Addon)</description>
					<label>$LOCALIZE[20389]</label>
					<icon>home_icons/musicvideos.png</icon>
					<onclick>RunAddon($INFO[Skin.String(HomeMusicVideos_Addon)])</onclick>
					<visible>!Skin.HasSetting(NoMusicVideos) + Skin.HasSetting(HomeMusicVideos_Override) + !IsEmpty(Skin.String(HomeMusicVideos_Addon))</visible>
				</item>
				<item id="6">
					<description>Pictures</description>
					<label>$LOCALIZE[1]</label>
					<icon>home_icons/pictures.png</icon>
					<onclick>ActivateWindow(Pictures)</onclick>
					<visible>!Skin.HasSetting(NoPictures) + !Skin.HasSetting(HomePictures_Override)</visible>
				</item>
				<item id="6">
					<description>Pictures (Addons)</description>
					<label>$LOCALIZE[1]</label>
					<icon>home_icons/pictures.png</icon>
					<onclick>ActivateWindow(Pictures,Addons,return)</onclick>
					<visible>!Skin.HasSetting(NoPictures) + Skin.HasSetting(HomePictures_Override) + Skin.HasSetting(HomePictures_Addons)</visible>
				</item>
				<item id="6">
					<description>Pictures (Addon)</description>
					<label>$LOCALIZE[1]</label>
					<icon>home_icons/pictures.png</icon>
					<onclick>RunAddon($INFO[Skin.String(HomePictures_Addon)])</onclick>
					<visible>!Skin.HasSetting(NoPictures) + Skin.HasSetting(HomePictures_Override) + !IsEmpty(Skin.String(HomePictures_Addon))</visible>
				</item>
				<item id="17">
					<description>Games</description>
					<label>$LOCALIZE[31460]</label>
					<icon>home_icons/games.png</icon>
					<onclick>RunAddon($INFO[Skin.String(HomeGames)])</onclick>
					<visible>!Skin.HasSetting(NoGames) + !IsEmpty(Skin.String(HomeGames))</visible>
				</item>
				<item id="1">
					<description>Add-ons</description>
					<label>$LOCALIZE[24001]</label>
					<icon>home_icons/programs.png</icon>
					<onclick>ActivateWindow(Programs,Addons)</onclick>
					<visible>!Skin.HasSetting(NoPrograms)</visible>
				</item>
				<item id="7">
					<description>Weather</description>
					<label>$LOCALIZE[8]</label>
					<icon>home_icons/weather.png</icon>
					<onclick>ActivateWindow(weather)</onclick>
					<visible>!Skin.HasSetting(NoWeather)</visible>
				</item>
			</content>
		</control>
		<!-- Main menu Icon Label -->
		<control type="label">
			<include>Animation_OpenCloseFade</include>
			<include>Animation_FadedByMenu</include>
			<posx>490</posx>
			<posy>480</posy>
			<width>300</width>
			<height>30</height>
			<align>center</align>
			<aligny>center</aligny>
			<font>METF_HomeMenu</font>
			<textcolor>HomeMenuTextFocused</textcolor>
			<label>$INFO[Container(9000).ListItem.Label]</label>
		</control>
		<!-- Help Arrow when submenu present -->
		<control type="group">
			<posx>0</posx>
			<posy>2</posy>
			<include>Animation_OpenCloseFade</include>
			<include>Animation_FadedByMenu</include>
			<visible>!ControlGroup(9001).HasFocus() + ![Control.HasFocus(8000) | Control.HasFocus(8001) | Control.HasFocus(8002) | Control.HasFocus(8003) | Control.HasFocus(8004)] + [Container(9000).HasFocus(1) | Container(9000).HasFocus(2) | Container(9000).HasFocus(3) | Container(9000).HasFocus(4) | Container(9000).HasFocus(5) | [Container(9000).HasFocus(6) + [Skin.HasSetting(HomePictures_Override) | Skin.HasSetting(HomePictures_Shortcuts)]] | [Container(9000).HasFocus(17) + Skin.HasSetting(HomeGames_Shortcuts)] | Container(9000).HasFocus(8) | Container(9000).HasFocus(9) | [Container(9000).HasFocus(7) + !Skin.HasSetting(NoSettings)] | [Container(9000).HasFocus(10) + Skin.HasSetting(HomeFavourites_Shortcuts)] | Container(9000).HasFocus(11) | Container(9000).HasFocus(15) | Container(9000).HasFocus(16)]</visible>
			<control type="image">
				<posx>625</posx>
				<posy>505</posy>
				<width>30</width>
				<height>30</height>
				<texture>ArrowDown.png</texture>
				<colordiffuse>HelpArrowDiffuse</colordiffuse>
			</control>
		</control>
	
		<!-- Submenus -->
		<control type="group" id="9001">
			<posx>530</posx>
			<posy>563</posy>
			<animation effect="fade" start="0" end="100" time="200">Visible</animation>
			<animation effect="fade" start="100" end="0" time="200">Hidden</animation>
			<include>Animation_OpenCloseFade</include>
			<include>Animation_FadedByMenu</include>
			<visible>![Control.HasFocus(8000) | Control.HasFocus(8001) | Control.HasFocus(8002) | Control.HasFocus(8003) | Control.HasFocus(8004)]</visible>
			<!-- Play Disc Submenu -->
			<control type="grouplist" id="9019">
				<include>Submenu_VerticalDetails2</include>
				<onup>9019</onup>
				<ondown>9019</ondown>
				<visible>Container(9000).HasFocus(9)</visible>
				<control type="button" id="91901">
					<include>Submenu_Button2</include>
					<label>$LOCALIZE[13391]</label>
					<onclick>SetFocus(9000)</onclick>
					<onclick>EjectTray()</onclick>
					<visible>System.HasMediaDVD</visible>
				</control>
			</control>
			<!-- Movies Submenu -->
			<control type="grouplist" id="9011">
				<include>Submenu_VerticalDetails2</include>
				<onup>9011</onup>
				<ondown>9011</ondown>
				<visible>Container(9000).HasFocus(4)</visible>
				<control type="button" id="91101">
					<include>Submenu_Button2</include>
					<label>$LOCALIZE[31438]</label>
					<onclick>ActivateWindow(Videos,RecentlyAddedMovies,return)</onclick>
				</control>
				<control type="button" id="91102">
					<include>Submenu_Button2</include>
					<label>$INFO[Skin.String(HomeMovies_Playlist1_Label)]</label>
					<onclick>XBMC.ActivateWindow(10025,$INFO[Skin.String(HomeMovies_Playlist1_Path)],return)</onclick>
					<visible>Skin.HasSetting(HomeMovies_Shortcuts) + Skin.HasSetting(HomeMovies_Playlist1)</visible>
				</control>
				<control type="button" id="91103">
					<include>Submenu_Button2</include>
					<label>$INFO[Skin.String(HomeMovies_Favourite1_Label)]</label>
					<onclick>$INFO[Skin.String(HomeMovies_Favourite1_Path)]</onclick>
					<visible>Skin.HasSetting(HomeMovies_Shortcuts) + !IsEmpty(Skin.String(HomeMovies_Favourite1_Path))</visible>
				</control>
				<control type="button" id="91104">
					<include>Submenu_Button2</include>
					<label>$INFO[System.AddonTitle(Skin.String(HomeMovies_Addon1))]</label>
					<onclick>RunAddon($INFO[Skin.String(HomeMovies_Addon1)])</onclick>
					<visible>Skin.HasSetting(HomeMovies_Shortcuts) + !IsEmpty(Skin.String(HomeMovies_Addon1))</visible>
				</control>
				<control type="button" id="91105">
					<include>Submenu_Button2</include>
					<label>$INFO[Skin.String(HomeMovies_Playlist2_Label)]</label>
					<onclick>XBMC.ActivateWindow(10025,$INFO[Skin.String(HomeMovies_Playlist2_Path)],return)</onclick>
					<visible>Skin.HasSetting(HomeMovies_Shortcuts) + Skin.HasSetting(HomeMovies_Playlist2)</visible>
				</control>
				<control type="button" id="91106">
					<include>Submenu_Button2</include>
					<label>$INFO[Skin.String(HomeMovies_Favourite2_Label)]</label>
					<onclick>$INFO[Skin.String(HomeMovies_Favourite2_Path)]</onclick>
					<visible>Skin.HasSetting(HomeMovies_Shortcuts) + !IsEmpty(Skin.String(HomeMovies_Favourite2_Path))</visible>
				</control>
				<control type="button" id="91107">
					<include>Submenu_Button2</include>
					<label>$INFO[System.AddonTitle(Skin.String(HomeMovies_Addon2))]</label>
					<onclick>RunAddon($INFO[Skin.String(HomeMovies_Addon2)])</onclick>
					<visible>Skin.HasSetting(HomeMovies_Shortcuts) + !IsEmpty(Skin.String(HomeMovies_Addon2))</visible>
				</control>
				<control type="button" id="91108">
					<include>Submenu_Button2</include>
					<label>$INFO[Skin.String(HomeMovies_Playlist3_Label)]</label>
					<onclick>XBMC.ActivateWindow(10025,$INFO[Skin.String(HomeMovies_Playlist3_Path)],return)</onclick>
					<visible>Skin.HasSetting(HomeMovies_Shortcuts) + Skin.HasSetting(HomeMovies_Playlist3)</visible>
				</control>
				<control type="button" id="91109">
					<include>Submenu_Button2</include>
					<label>$INFO[Skin.String(HomeMovies_Favourite3_Label)]</label>
					<onclick>$INFO[Skin.String(HomeMovies_Favourite3_Path)]</onclick>
					<visible>Skin.HasSetting(HomeMovies_Shortcuts) + !IsEmpty(Skin.String(HomeMovies_Favourite3_Path))</visible>
				</control>
				<control type="button" id="91110">
					<include>Submenu_Button2</include>
					<label>$INFO[System.AddonTitle(Skin.String(HomeMovies_Addon3))]</label>
					<onclick>RunAddon($INFO[Skin.String(HomeMovies_Addon3)])</onclick>
					<visible>Skin.HasSetting(HomeMovies_Shortcuts) + !IsEmpty(Skin.String(HomeMovies_Addon3))</visible>
				</control>
				<control type="button" id="91111">
					<include>Submenu_Button2</include>
					<label>$LOCALIZE[556]</label>
					<onclick>ActivateWindow(Videos,MovieTitles,Return)</onclick>
					<visible>Library.HasContent(Movies) + Skin.HasSetting(HomeMovies_Override)</visible>
				</control>
				<control type="button" id="91112">
					<include>Submenu_Button2</include>
					<label>$LOCALIZE[135]</label>
					<onclick>ActivateWindow(Videos,MovieGenres,return)</onclick>
				</control>
				<control type="button" id="91113">
					<include>Submenu_Button2</include>
					<label>$LOCALIZE[652]</label>
					<onclick>ActivateWindow(Videos,MovieYears,return)</onclick>
				</control>
				<control type="button" id="91114">
					<include>Submenu_Button2</include>
					<label>$LOCALIZE[344]</label>
					<onclick>ActivateWindow(Videos,MovieActors,return)</onclick>
				</control>
				<control type="button" id="91115">
					<include>Submenu_Button2</include>
					<label>$LOCALIZE[20348]</label>
					<onclick>ActivateWindow(Videos,MovieDirectors,return)</onclick>
				</control>
				<control type="button" id="91116">
					<include>Submenu_Button2</include>
					<label>$LOCALIZE[20388]</label>
					<onclick>ActivateWindow(Videos,moviestudios,return)</onclick>
				</control>
				<control type="button" id="91117">
					<include>Submenu_Button2</include>
					<label>$LOCALIZE[20434]</label>
					<onclick>ActivateWindow(Videos,MovieSets,return)</onclick>
				</control>
				<control type="button" id="91118">
					<include>Submenu_Button2</include>
					<label>$LOCALIZE[31289]</label>
					<onclick>ActivateWindow(Videos,Files)</onclick>
					<visible>Skin.HasSetting(NoVideos)</visible>
				</control>
				<control type="button" id="91119">
					<include>Submenu_Button2</include>
					<label>$LOCALIZE[31465]</label>
					<onclick>CleanLibrary(video)</onclick>
					<visible>Skin.HasSetting(NoVideos) + Skin.HasSetting(HomeCleanLibrary)</visible>
				</control>
				<control type="button" id="91120">
					<include>Submenu_Button2</include>
					<label>$LOCALIZE[653]</label>
					<onclick>UpdateLibrary(video)</onclick>
					<visible>Skin.HasSetting(NoVideos) + !Skin.HasSetting(NoSettings)</visible>
				</control>
			</control>
			<!-- TVShows Submenu -->
			<control type="grouplist" id="9012">
				<include>Submenu_VerticalDetails2</include>
				<onup>9012</onup>
				<ondown>9012</ondown>
				<visible>Container(9000).HasFocus(5)</visible>
				<control type="button" id="91201">
					<include>Submenu_Button2</include>
					<label>$LOCALIZE[31438]</label>
					<onclick>ActivateWindow(Videos,RecentlyAddedEpisodes,return)</onclick>
				</control>
				<control type="button" id="91202">
					<include>Submenu_Button2</include>
					<label>$INFO[Skin.String(HomeTVShows_Playlist1_Label)]</label>
					<onclick>XBMC.ActivateWindow(10025,$INFO[Skin.String(HomeTVShows_Playlist1_Path)],return)</onclick>
					<visible>Skin.HasSetting(HomeTVShows_Shortcuts) + Skin.HasSetting(HomeTVShows_Playlist1)</visible>
				</control>
				<control type="button" id="91203">
					<include>Submenu_Button2</include>
					<label>$INFO[Skin.String(HomeTVShows_Favourite1_Label)]</label>
					<onclick>$INFO[Skin.String(HomeTVShows_Favourite1_Path)]</onclick>
					<visible>Skin.HasSetting(HomeTVShows_Shortcuts) + !IsEmpty(Skin.String(HomeTVShows_Favourite1_Path))</visible>
				</control>
				<control type="button" id="91204">
					<include>Submenu_Button2</include>
					<label>$INFO[System.AddonTitle(Skin.String(HomeTVShows_Addon1))]</label>
					<onclick>RunAddon($INFO[Skin.String(HomeTVShows_Addon1)])</onclick>
					<visible>Skin.HasSetting(HomeTVShows_Shortcuts) + !IsEmpty(Skin.String(HomeTVShows_Addon1))</visible>
				</control>
				<control type="button" id="91205">
					<include>Submenu_Button2</include>
					<label>$INFO[Skin.String(HomeTVShows_Playlist2_Label)]</label>
					<onclick>XBMC.ActivateWindow(10025,$INFO[Skin.String(HomeTVShows_Playlist2_Path)],return)</onclick>
					<visible>Skin.HasSetting(HomeTVShows_Shortcuts) + Skin.HasSetting(HomeTVShows_Playlist2)</visible>
				</control>
				<control type="button" id="91206">
					<include>Submenu_Button2</include>
					<label>$INFO[Skin.String(HomeTVShows_Favourite2_Label)]</label>
					<onclick>$INFO[Skin.String(HomeTVShows_Favourite2_Path)]</onclick>
					<visible>Skin.HasSetting(HomeTVShows_Shortcuts) + !IsEmpty(Skin.String(HomeTVShows_Favourite2_Path))</visible>
				</control>
				<control type="button" id="91207">
					<include>Submenu_Button2</include>
					<label>$INFO[System.AddonTitle(Skin.String(HomeTVShows_Addon2))]</label>
					<onclick>RunAddon($INFO[Skin.String(HomeTVShows_Addon2)])</onclick>
					<visible>Skin.HasSetting(HomeTVShows_Shortcuts) + !IsEmpty(Skin.String(HomeTVShows_Addon2))</visible>
				</control>
				<control type="button" id="91208">
					<include>Submenu_Button2</include>
					<label>$INFO[Skin.String(HomeTVShows_Playlist3_Label)]</label>
					<onclick>XBMC.ActivateWindow(10025,$INFO[Skin.String(HomeTVShows_Playlist3_Path)],return)</onclick>
					<visible>Skin.HasSetting(HomeTVShows_Shortcuts) + Skin.HasSetting(HomeTVShows_Playlist3)</visible>
				</control>
				<control type="button" id="91209">
					<include>Submenu_Button2</include>
					<label>$INFO[Skin.String(HomeTVShows_Favourite3_Label)]</label>
					<onclick>$INFO[Skin.String(HomeTVShows_Favourite3_Path)]</onclick>
					<visible>Skin.HasSetting(HomeTVShows_Shortcuts) + !IsEmpty(Skin.String(HomeTVShows_Favourite3_Path))</visible>
				</control>
				<control type="button" id="91210">
					<include>Submenu_Button2</include>
					<label>$INFO[System.AddonTitle(Skin.String(HomeTVShows_Addon3))]</label>
					<onclick>RunAddon($INFO[Skin.String(HomeTVShows_Addon3)])</onclick>
					<visible>Skin.HasSetting(HomeTVShows_Shortcuts) + !IsEmpty(Skin.String(HomeTVShows_Addon3))</visible>
				</control>
				<control type="button" id="91211">
					<include>Submenu_Button2</include>
					<label>$LOCALIZE[556]</label>
					<onclick>ActivateWindow(Videos,TVShowTitles,Return)</onclick>
					<visible>Library.HasContent(TVShows) + Skin.HasSetting(HomeTVShows_Override)</visible>
				</control>
				<control type="button" id="91212">
					<include>Submenu_Button2</include>
					<label>$LOCALIZE[135]</label>
					<onclick>ActivateWindow(Videos,TVShowGenres,return)</onclick>
				</control>
				<control type="button" id="91213">
					<include>Submenu_Button2</include>
					<label>$LOCALIZE[652]</label>
					<onclick>ActivateWindow(Videos,TVShowYears,return)</onclick>
				</control>
				<control type="button" id="91214">
					<include>Submenu_Button2</include>
					<label>$LOCALIZE[344]</label>
					<onclick>ActivateWindow(Videos,TVShowActors,return)</onclick>
				</control>
				<control type="button" id="91215">
					<include>Submenu_Button2</include>
					<label>$LOCALIZE[20388]</label>
					<onclick>ActivateWindow(Videos,TVShowStudios,return)</onclick>
				</control>
				<control type="button" id="91216">
					<include>Submenu_Button2</include>
					<label>$LOCALIZE[31428]</label>
					<onclick>RunScript(script.tv.show.next.aired)</onclick>
					<visible>System.HasAddon(script.tv.show.next.aired)</visible>
				</control>
				<control type="button" id="91217">
					<include>Submenu_Button2</include>
					<label>$LOCALIZE[31443]</label>
					<onclick>RunScript(script.pseudotv)</onclick>
					<visible>System.HasAddon(script.pseudotv)</visible>
				</control>
				<control type="button" id="91218">
					<include>Submenu_Button2</include>
					<label>$LOCALIZE[31289]</label>
					<onclick>ActivateWindow(Videos,Files)</onclick>
					<visible>Skin.HasSetting(NoVideos)</visible>
				</control>
				<control type="button" id="91219">
					<include>Submenu_Button2</include>
					<label>$LOCALIZE[31465]</label>
					<onclick>CleanLibrary(video)</onclick>
					<visible>Skin.HasSetting(NoVideos) + Skin.HasSetting(HomeCleanLibrary)</visible>
				</control>
				<control type="button" id="91220">
					<include>Submenu_Button2</include>
					<label>$LOCALIZE[653]</label>
					<onclick>UpdateLibrary(video)</onclick>
					<visible>Skin.HasSetting(NoVideos) + !Skin.HasSetting(NoSettings)</visible>
				</control>
			</control>
			<!-- Videos Submenu -->
			<control type="grouplist" id="9010">
				<include>Submenu_VerticalDetails2</include>
				<onup>9010</onup>
				<ondown>9010</ondown>
				<visible>Container(9000).HasFocus(2)</visible>
				<control type="button" id="91001">
					<include>Submenu_Button2</include>
					<label>$LOCALIZE[24001]</label>
					<onclick>ActivateWindow(Videos,Addons,return)</onclick>
					<visible>Skin.HasSetting(NoPrograms) + !Skin.HasSetting(HomeVideos_Addons)</visible>
				</control>
				<control type="button" id="91002">
					<include>Submenu_Button2</include>
					<label>$INFO[Skin.String(HomeVideos_Playlist1_Label)]</label>
					<onclick>XBMC.ActivateWindow(10025,$INFO[Skin.String(HomeVideos_Playlist1_Path)],return)</onclick>
					<visible>Skin.HasSetting(HomeVideos_Shortcuts) + Skin.HasSetting(HomeVideos_Playlist1)</visible>
				</control>
				<control type="button" id="91003">
					<include>Submenu_Button2</include>
					<label>$INFO[Skin.String(HomeVideos_Favourite1_Label)]</label>
					<onclick>$INFO[Skin.String(HomeVideos_Favourite1_Path)]</onclick>
					<visible>Skin.HasSetting(HomeVideos_Shortcuts) + !IsEmpty(Skin.String(HomeVideos_Favourite1_Path))</visible>
				</control>
				<control type="button" id="91004">
					<include>Submenu_Button2</include>
					<label>$INFO[System.AddonTitle(Skin.String(HomeVideos_Addon1))]</label>
					<onclick>RunAddon($INFO[Skin.String(HomeVideos_Addon1)])</onclick>
					<visible>Skin.HasSetting(HomeVideos_Shortcuts) + !IsEmpty(Skin.String(HomeVideos_Addon1))</visible>
				</control>
				<control type="button" id="91005">
					<include>Submenu_Button2</include>
					<label>$INFO[Skin.String(HomeVideos_Playlist2_Label)]</label>
					<onclick>XBMC.ActivateWindow(10025,$INFO[Skin.String(HomeVideos_Playlist2_Path)],return)</onclick>
					<visible>Skin.HasSetting(HomeVideos_Shortcuts) + Skin.HasSetting(HomeVideos_Playlist2)</visible>
				</control>
				<control type="button" id="91006">
					<include>Submenu_Button2</include>
					<label>$INFO[Skin.String(HomeVideos_Favourite2_Label)]</label>
					<onclick>$INFO[Skin.String(HomeVideos_Favourite2_Path)]</onclick>
					<visible>Skin.HasSetting(HomeVideos_Shortcuts) + !IsEmpty(Skin.String(HomeVideos_Favourite2_Path))</visible>
				</control>
				<control type="button" id="91007">
					<include>Submenu_Button2</include>
					<label>$INFO[System.AddonTitle(Skin.String(HomeVideos_Addon2))]</label>
					<onclick>RunAddon($INFO[Skin.String(HomeVideos_Addon2)])</onclick>
					<visible>Skin.HasSetting(HomeVideos_Shortcuts) + !IsEmpty(Skin.String(HomeVideos_Addon2))</visible>
				</control>
				<control type="button" id="91008">
					<include>Submenu_Button2</include>
					<label>$INFO[Skin.String(HomeVideos_Playlist3_Label)]</label>
					<onclick>XBMC.ActivateWindow(10025,$INFO[Skin.String(HomeVideos_Playlist3_Path)],return)</onclick>
					<visible>Skin.HasSetting(HomeVideos_Shortcuts) + Skin.HasSetting(HomeVideos_Playlist3)</visible>
				</control>
				<control type="button" id="91009">
					<include>Submenu_Button2</include>
					<label>$INFO[Skin.String(HomeVideos_Favourite3_Label)]</label>
					<onclick>$INFO[Skin.String(HomeVideos_Favourite3_Path)]</onclick>
					<visible>Skin.HasSetting(HomeVideos_Shortcuts) + !IsEmpty(Skin.String(HomeVideos_Favourite3_Path))</visible>
				</control>
				<control type="button" id="91010">
					<include>Submenu_Button2</include>
					<label>$INFO[System.AddonTitle(Skin.String(HomeVideos_Addon3))]</label>
					<onclick>RunAddon($INFO[Skin.String(HomeVideos_Addon3)])</onclick>
					<visible>Skin.HasSetting(HomeVideos_Shortcuts) + !IsEmpty(Skin.String(HomeVideos_Addon3))</visible>
				</control>
				<control type="button" id="91011">
					<include>Submenu_Button2</include>
					<label>$LOCALIZE[20342]</label>
					<onclick>ActivateWindow(Videos,MovieTitles,return)</onclick>
					<visible>Library.HasContent(Movies)</visible>
				</control>
				<control type="button" id="91012">
					<include>Submenu_Button2</include>
					<label>$LOCALIZE[20343]</label>
					<onclick>ActivateWindow(Videos,TvShowTitles,return)</onclick>
					<visible>Library.HasContent(TVShows)</visible>
				</control>
				<control type="button" id="91013">
					<include>Submenu_Button2</include>
					<label>$LOCALIZE[20389]</label>
					<onclick>ActivateWindow(Videos,MusicVideoTitles,return)</onclick>
					<visible>Library.HasContent(MusicVideos)</visible>
				</control>
				<control type="button" id="91014">
					<include>Submenu_Button2</include>
					<label>$LOCALIZE[136]</label>
					<onclick>ActivateWindow(Videos,Playlists,return)</onclick>
					<visible>!Skin.HasSetting(HomeVideos_Playlists)</visible>
				</control>
				<control type="button" id="91015">
					<include>Submenu_Button2</include>
					<label>$LOCALIZE[31289]</label>
					<onclick>ActivateWindow(Videos,Files)</onclick>
				</control>
				<control type="button" id="91016">
					<include>Submenu_Button2</include>
					<label>$LOCALIZE[31465]</label>
					<onclick>CleanLibrary(video)</onclick>
					<visible>Skin.HasSetting(HomeCleanLibrary)</visible>
				</control>
				<control type="button" id="91017">
					<include>Submenu_Button2</include>
					<label>$LOCALIZE[653]</label>
					<onclick>UpdateLibrary(video)</onclick>
					<visible>!Skin.HasSetting(NoSettings)</visible>
				</control>
				<control type="button" id="91018">
					<include>Submenu_Button2</include>
					<label>$LOCALIZE[5]</label>
					<onclick>ActivateWindow(VideosSettings)</onclick>
					<visible>!Skin.HasSetting(NoSettings)</visible>
				</control>
			</control>
 			<!-- Live TV Submenu -->
			<control type="grouplist" id="9020">
				<include>Submenu_VerticalDetails2</include>
				<onup>9020</onup>
				<ondown>9020</ondown>
				<visible>Container(9000).HasFocus(15)</visible>
				<control type="button" id="92001">
					<include>Submenu_Button2</include>
					<label>$LOCALIZE[19023]</label>
					<onclick>ActivateWindow(PVR)</onclick>
					<onclick>Setfocus(32)</onclick>
					<onclick>Setfocus(11)</onclick>
				</control>
				<control type="button" id="92002">
					<include>Submenu_Button2</include>
					<label>$LOCALIZE[19069]</label>
					<onclick>ActivateWindow(PVR)</onclick>
					<onclick>Setfocus(31)</onclick>
					<onclick>Setfocus(10)</onclick>
				</control>
				<control type="button" id="92003">
					<include>Submenu_Button2</include>
					<label>$LOCALIZE[19163]</label>
					<onclick>ActivateWindow(PVR)</onclick>
					<onclick>Setfocus(34)</onclick>
					<onclick>Setfocus(13)</onclick>
				</control>
				<control type="button" id="92004">
					<include>Submenu_Button2</include>
					<label>$LOCALIZE[19040]</label>
					<onclick>ActivateWindow(PVR)</onclick>
					<onclick>Setfocus(35)</onclick>
					<onclick>Setfocus(14)</onclick>
				</control>
			</control>
			<!-- Music Submenu -->
			<control type="grouplist" id="9017">
				<include>Submenu_VerticalDetails2</include>
				<onup>9017</onup>
				<ondown>9017</ondown>
				<visible>Container(9000).HasFocus(3)</visible>
				<control type="button" id="91701">
					<include>Submenu_Button2</include>
					<label>$LOCALIZE[24001]</label>
					<onclick>ActivateWindow(MusicFiles,Addons,return)</onclick>
					<visible>Skin.HasSetting(NoPrograms) + !Skin.HasSetting(HomeMusic_Addons)</visible>
				</control>
				<control type="button" id="91702">
					<include>Submenu_Button2</include>
					<label>$LOCALIZE[31438]</label>
					<onclick>ActivateWindow(MusicLibrary,RecentlyAddedAlbums,return)</onclick>
					<visible>Library.HasContent(Music)</visible>
				</control>
				<control type="button" id="91703">
					<include>Submenu_Button2</include>
					<label>$INFO[Skin.String(HomeMusic_Playlist1_Label)]</label>
					<onclick>XBMC.ActivateWindow(10025,$INFO[Skin.String(HomeMusic_Playlist1_Path)],return)</onclick>
					<visible>Skin.HasSetting(HomeMusic_Shortcuts) + Skin.HasSetting(HomeMusic_Playlist1)</visible>
				</control>
				<control type="button" id="91704">
					<include>Submenu_Button2</include>
					<label>$INFO[Skin.String(HomeMusic_Favourite1_Label)]</label>
					<onclick>$INFO[Skin.String(HomeMusic_Favourite1_Path)]</onclick>
					<visible>Skin.HasSetting(HomeMusic_Shortcuts) + !IsEmpty(Skin.String(HomeMusic_Favourite1_Path))</visible>
				</control>
				<control type="button" id="91705">
					<include>Submenu_Button2</include>
					<label>$INFO[System.AddonTitle(Skin.String(HomeMusic_Addon1))]</label>
					<onclick>RunAddon($INFO[Skin.String(HomeMusic_Addon1)])</onclick>
					<visible>Skin.HasSetting(HomeMusic_Shortcuts) + !IsEmpty(Skin.String(HomeMusic_Addon1))</visible>
				</control>
				<control type="button" id="91706">
					<include>Submenu_Button2</include>
					<label>$INFO[Skin.String(HomeMusic_Playlist2_Label)]</label>
					<onclick>XBMC.ActivateWindow(10025,$INFO[Skin.String(HomeMusic_Playlist2_Path)],return)</onclick>
					<visible>Skin.HasSetting(HomeMusic_Shortcuts) + Skin.HasSetting(HomeMusic_Playlist2)</visible>
				</control>
				<control type="button" id="91707">
					<include>Submenu_Button2</include>
					<label>$INFO[Skin.String(HomeMusic_Favourite2_Label)]</label>
					<onclick>$INFO[Skin.String(HomeMusic_Favourite2_Path)]</onclick>
					<visible>Skin.HasSetting(HomeMusic_Shortcuts) + !IsEmpty(Skin.String(HomeMusic_Favourite2_Path))</visible>
				</control>
				<control type="button" id="91708">
					<include>Submenu_Button2</include>
					<label>$INFO[System.AddonTitle(Skin.String(HomeMusic_Addon2))]</label>
					<onclick>RunAddon($INFO[Skin.String(HomeMusic_Addon2)])</onclick>
					<visible>Skin.HasSetting(HomeMusic_Shortcuts) + !IsEmpty(Skin.String(HomeMusic_Addon2))</visible>
				</control>
				<control type="button" id="91709">
					<include>Submenu_Button2</include>
					<label>$INFO[Skin.String(HomeMusic_Playlist3_Label)]</label>
					<onclick>XBMC.ActivateWindow(10025,$INFO[Skin.String(HomeMusic_Playlist3_Path)],return)</onclick>
					<visible>Skin.HasSetting(HomeMusic_Shortcuts) + Skin.HasSetting(HomeMusic_Playlist3)</visible>
				</control>
				<control type="button" id="91710">
					<include>Submenu_Button2</include>
					<label>$INFO[Skin.String(HomeMusic_Favourite3_Label)]</label>
					<onclick>$INFO[Skin.String(HomeMusic_Favourite3_Path)]</onclick>
					<visible>Skin.HasSetting(HomeMusic_Shortcuts) + !IsEmpty(Skin.String(HomeMusic_Favourite3_Path))</visible>
				</control>
				<control type="button" id="91711">
					<include>Submenu_Button2</include>
					<label>$INFO[System.AddonTitle(Skin.String(HomeMusic_Addon3))]</label>
					<onclick>RunAddon($INFO[Skin.String(HomeMusic_Addon3)])</onclick>
					<visible>Skin.HasSetting(HomeMusic_Shortcuts) + !IsEmpty(Skin.String(HomeMusic_Addon3))</visible>
				</control>
				<control type="button" id="91712">
					<include>Submenu_Button2</include>
					<label>$LOCALIZE[135]</label>
					<onclick>ActivateWindow(MusicLibrary,Genres,return)</onclick>
					<visible>Library.HasContent(Music)</visible>
				</control>
				<control type="button" id="91713">
					<include>Submenu_Button2</include>
					<label>$LOCALIZE[652]</label>
					<onclick>ActivateWindow(MusicLibrary,Years,return)</onclick>
					<visible>Library.HasContent(Music)</visible>
				</control>
				<control type="button" id="91714">
					<include>Submenu_Button2</include>
					<label>$LOCALIZE[133]</label>
					<onclick>ActivateWindow(MusicLibrary,Artists,return)</onclick>
					<visible>Library.HasContent(Music)</visible>
				</control>
				<control type="button" id="91715">
					<include>Submenu_Button2</include>
					<label>$LOCALIZE[132]</label>
					<onclick>ActivateWindow(MusicLibrary,Albums,return)</onclick>
					<visible>Library.HasContent(Music)</visible>
				</control>
				<control type="button" id="91716">
					<include>Submenu_Button2</include>
					<label>$LOCALIZE[134]</label>
					<onclick>ActivateWindow(MusicLibrary,Songs,return)</onclick>
					<visible>Library.HasContent(Music)</visible>
				</control>
				<control type="button" id="91717">
					<include>Submenu_Button2</include>
					<label>$LOCALIZE[3]</label>
					<onclick>ActivateWindow(Videos,MusicVideoTitles,return)</onclick>
					<visible>Skin.HasSetting(NoMusicVideos) + Library.HasContent(MusicVideos)</visible>
				</control>
				<control type="button" id="91718">
					<include>Submenu_Button2</include>
					<label>$LOCALIZE[136]</label>
					<onclick>ActivateWindow(MusicLibrary,Playlists,return)</onclick>
				</control>
				<control type="button" id="91719">
					<include>Submenu_Button2</include>
					<label>$LOCALIZE[589]</label>
					<onclick>PlayerControl(Partymode(music))</onclick>
					<visible>Library.HasContent(Music)</visible>
				</control>
				<control type="button" id="91720">
					<include>Submenu_Button2</include>
					<label>$LOCALIZE[31446]</label>
					<onclick>fullscreen</onclick>
					<visible>Player.HasAudio</visible>
				</control>
				<control type="button" id="91721">
					<include>Submenu_Button2</include>
					<label>$LOCALIZE[31289]</label>
					<onclick>ActivateWindow(MusicFiles)</onclick>
					<visible>Skin.HasSetting(HomeMusic_Override)</visible>
				</control>
				<control type="button" id="91722">
					<include>Submenu_Button2</include>
					<label>$LOCALIZE[31465]</label>
					<onclick>CleanLibrary(music)</onclick>
					<visible>Skin.HasSetting(HomeCleanLibrary)</visible>
				</control>
				<control type="button" id="91723">
					<include>Submenu_Button2</include>
					<label>$LOCALIZE[653]</label>
					<onclick>UpdateLibrary(music)</onclick>
				</control>
				<control type="button" id="91724">
					<include>Submenu_Button2</include>
					<label>$LOCALIZE[5]</label>
					<onclick>ActivateWindow(MusicSettings)</onclick>
					<visible>!Skin.HasSetting(NoSettings)</visible>
				</control>
			</control>
			<!-- Music Videos Submenu -->
			<control type="grouplist" id="9021">
				<include>Submenu_VerticalDetails2</include>
				<onup>9021</onup>
				<ondown>9021</ondown>
				<visible>Container(9000).HasFocus(16)</visible>
				<control type="button" id="92101">
					<include>Submenu_Button2</include>
					<label>$LOCALIZE[31438]</label>
					<onclick>ActivateWindow(Videos,RecentlyAddedMusicVideos,return)</onclick>
				</control>
				<control type="button" id="92102">
					<include>Submenu_Button2</include>
					<label>$INFO[Skin.String(HomeMusicVideos_Playlist1_Label)]</label>
					<onclick>XBMC.ActivateWindow(10025,$INFO[Skin.String(HomeMusicVideos_Playlist1_Path)],return)</onclick>
					<visible>Skin.HasSetting(HomeMusicVideos_Shortcuts) + Skin.HasSetting(HomeMusicVideos_Playlist1)</visible>
				</control>
				<control type="button" id="92103">
					<include>Submenu_Button2</include>
					<label>$INFO[Skin.String(HomeMusicVideos_Favourite1_Label)]</label>
					<onclick>$INFO[Skin.String(HomeMusicVideos_Favourite1_Path)]</onclick>
					<visible>Skin.HasSetting(HomeMusicVideos_Shortcuts) + !IsEmpty(Skin.String(HomeMusicVideos_Favourite1_Path))</visible>
				</control>
				<control type="button" id="92104">
					<include>Submenu_Button2</include>
					<label>$INFO[System.AddonTitle(Skin.String(HomeMusicVideos_Addon1))]</label>
					<onclick>RunAddon($INFO[Skin.String(HomeMusicVideos_Addon1)])</onclick>
					<visible>Skin.HasSetting(HomeMusicVideos_Shortcuts) + !IsEmpty(Skin.String(HomeMusicVideos_Addon1))</visible>
				</control>
				<control type="button" id="92105">
					<include>Submenu_Button2</include>
					<label>$INFO[Skin.String(HomeMusicVideos_Playlist2_Label)]</label>
					<onclick>XBMC.ActivateWindow(10025,$INFO[Skin.String(HomeMusicVideos_Playlist2_Path)],return)</onclick>
					<visible>Skin.HasSetting(HomeMusicVideos_Shortcuts) + Skin.HasSetting(HomeMusicVideos_Playlist2)</visible>
				</control>
				<control type="button" id="92106">
					<include>Submenu_Button2</include>
					<label>$INFO[Skin.String(HomeMusicVideos_Favourite2_Label)]</label>
					<onclick>$INFO[Skin.String(HomeMusicVideos_Favourite2_Path)]</onclick>
					<visible>Skin.HasSetting(HomeMusicVideos_Shortcuts) + !IsEmpty(Skin.String(HomeMusicVideos_Favourite2_Path))</visible>
				</control>
				<control type="button" id="92107">
					<include>Submenu_Button2</include>
					<label>$INFO[System.AddonTitle(Skin.String(HomeMusicVideos_Addon2))]</label>
					<onclick>RunAddon($INFO[Skin.String(HomeMusicVideos_Addon2)])</onclick>
					<visible>Skin.HasSetting(HomeMusicVideos_Shortcuts) + !IsEmpty(Skin.String(HomeMusicVideos_Addon2))</visible>
				</control>
				<control type="button" id="92108">
					<include>Submenu_Button2</include>
					<label>$INFO[Skin.String(HomeMusicVideos_Playlist3_Label)]</label>
					<onclick>XBMC.ActivateWindow(10025,$INFO[Skin.String(HomeMusicVideos_Playlist3_Path)],return)</onclick>
					<visible>Skin.HasSetting(HomeMusicVideos_Shortcuts) + Skin.HasSetting(HomeMusicVideos_Playlist3)</visible>
				</control>
				<control type="button" id="92109">
					<include>Submenu_Button2</include>
					<label>$INFO[Skin.String(HomeMusicVideos_Favourite3_Label)]</label>
					<onclick>$INFO[Skin.String(HomeMusicVideos_Favourite3_Path)]</onclick>
					<visible>Skin.HasSetting(HomeMusicVideos_Shortcuts) + !IsEmpty(Skin.String(HomeMusicVideos_Favourite3_Path))</visible>
				</control>
				<control type="button" id="92110">
					<include>Submenu_Button2</include>
					<label>$INFO[System.AddonTitle(Skin.String(HomeMusicVideos_Addon3))]</label>
					<onclick>RunAddon($INFO[Skin.String(HomeMusicVideos_Addon3)])</onclick>
					<visible>Skin.HasSetting(HomeMusicVideos_Shortcuts) + !IsEmpty(Skin.String(HomeMusicVideos_Addon3))</visible>
				</control>
				<control type="button" id="92111">
					<include>Submenu_Button2</include>
					<label>$INFO[Skin.String(HomeMusicVideos_Playlist4_Label)]</label>
					<onclick>XBMC.ActivateWindow(10025,$INFO[Skin.String(HomeMusicVideos_Playlist4_Path)],return)</onclick>
					<visible>Skin.HasSetting(HomeMusicVideos_Shortcuts) + Skin.HasSetting(HomeMusicVideos_Playlist4)</visible>
				</control>
				<control type="button" id="92112">
					<include>Submenu_Button2</include>
					<label>$INFO[Skin.String(HomeMusicVideos_Favourite4_Label)]</label>
					<onclick>$INFO[Skin.String(HomeMusicVideos_Favourite4_Path)]</onclick>
					<visible>Skin.HasSetting(HomeMusicVideos_Shortcuts) + !IsEmpty(Skin.String(HomeMusicVideos_Favourite4_Path))</visible>
				</control>
				<control type="button" id="92113">
					<include>Submenu_Button2</include>
					<label>$INFO[System.AddonTitle(Skin.String(HomeMusicVideos_Addon4))]</label>
					<onclick>RunAddon($INFO[Skin.String(HomeMusicVideos_Addon4)])</onclick>
					<visible>Skin.HasSetting(HomeMusicVideos_Shortcuts) + !IsEmpty(Skin.String(HomeMusicVideos_Addon4))</visible>
				</control>
				<control type="button" id="92114">
					<include>Submenu_Button2</include>
					<label>$LOCALIZE[556]</label>
					<onclick>ActivateWindow(Videos,MusicVideoTitles,Return)</onclick>
					<visible>Library.HasContent(MusicVideos) + Skin.HasSetting(HomeMusicVideos_Override)</visible>
				</control>
				<control type="button" id="92115">
					<include>Submenu_Button2</include>
					<label>$LOCALIZE[135]</label>
					<onclick>ActivateWindow(Videos,MusicVideoGenres,return)</onclick>
				</control>
				<control type="button" id="92116">
					<include>Submenu_Button2</include>
					<label>$LOCALIZE[652]</label>
					<onclick>ActivateWindow(Videos,MusicVideoYears,return)</onclick>
				</control>
				<control type="button" id="92117">
					<include>Submenu_Button2</include>
					<label>$LOCALIZE[133]</label>
					<onclick>ActivateWindow(Videos,MusicVideoArtists,return)</onclick>
				</control>
				<control type="button" id="92118">
					<include>Submenu_Button2</include>
					<label>$LOCALIZE[132]</label>
					<onclick>ActivateWindow(Videos,MusicVideoAlbums,return)</onclick>
				</control>
				<control type="button" id="92119">
					<include>Submenu_Button2</include>
					<label>$LOCALIZE[31289]</label>
					<onclick>ActivateWindow(Videos,Files)</onclick>
					<visible>Skin.HasSetting(NoVideos)</visible>
				</control>
				<control type="button" id="92120">
					<include>Submenu_Button2</include>
					<label>$LOCALIZE[653]</label>
					<onclick>UpdateLibrary(video)</onclick>
					<visible>Skin.HasSetting(NoVideos) + !Skin.HasSetting(NoSettings)</visible>
				</control>
			</control>
			<!-- Pictures Submenu -->
			<control type="grouplist" id="9016">
				<include>Submenu_VerticalDetails2</include>
				<onup>9016</onup>
				<ondown>9016</ondown>
				<visible>Container(9000).HasFocus(6)</visible>
				<control type="button" id="91601">
					<include>Submenu_Button2</include>
					<label>$LOCALIZE[24001]</label>
					<onclick>ActivateWindow(Pictures,Addons,return)</onclick>
					<visible>Skin.HasSetting(NoPrograms) + !Skin.HasSetting(HomePictures_Addons)</visible>
				</control>
				<control type="button" id="91602">
					<include>Submenu_Button2</include>
					<label>$INFO[Skin.String(HomePictures_Favourite1_Label)]</label>
					<onclick>$INFO[Skin.String(HomePictures_Favourite1_Path)]</onclick>
					<visible>Skin.HasSetting(HomePictures_Shortcuts) + !IsEmpty(Skin.String(HomePictures_Favourite1_Path))</visible>
				</control>
				<control type="button" id="91603">
					<include>Submenu_Button2</include>
					<label>$INFO[System.AddonTitle(Skin.String(HomePictures_Addon1))]</label>
					<onclick>RunAddon($INFO[Skin.String(HomePictures_Addon1)])</onclick>
					<visible>Skin.HasSetting(HomePictures_Shortcuts) + !IsEmpty(Skin.String(HomePictures_Addon1))</visible>
				</control>
				<control type="button" id="91604">
					<include>Submenu_Button2</include>
					<label>$INFO[Skin.String(HomePictures_Favourite2_Label)]</label>
					<onclick>$INFO[Skin.String(HomePictures_Favourite2_Path)]</onclick>
					<visible>Skin.HasSetting(HomePictures_Shortcuts) + !IsEmpty(Skin.String(HomePictures_Favourite2_Path))</visible>
				</control>
				<control type="button" id="91605">
					<include>Submenu_Button2</include>
					<label>$INFO[System.AddonTitle(Skin.String(HomePictures_Addon2))]</label>
					<onclick>RunAddon($INFO[Skin.String(HomePictures_Addon2)])</onclick>
					<visible>Skin.HasSetting(HomePictures_Shortcuts) + !IsEmpty(Skin.String(HomePictures_Addon2))</visible>
				</control>
				<control type="button" id="91606">
					<include>Submenu_Button2</include>
					<label>$INFO[Skin.String(HomePictures_Favourite3_Label)]</label>
					<onclick>$INFO[Skin.String(HomePictures_Favourite3_Path)]</onclick>
					<visible>Skin.HasSetting(HomePictures_Shortcuts) + !IsEmpty(Skin.String(HomePictures_Favourite3_Path))</visible>
				</control>
				<control type="button" id="91607">
					<include>Submenu_Button2</include>
					<label>$INFO[System.AddonTitle(Skin.String(HomePictures_Addon3))]</label>
					<onclick>RunAddon($INFO[Skin.String(HomePictures_Addon3)])</onclick>
					<visible>Skin.HasSetting(HomePictures_Shortcuts) + !IsEmpty(Skin.String(HomePictures_Addon3))</visible>
				</control>
				<control type="button" id="91608">
					<include>Submenu_Button2</include>
					<label>$INFO[Skin.String(HomePictures_Favourite4_Label)]</label>
					<onclick>$INFO[Skin.String(HomePictures_Favourite4_Path)]</onclick>
					<visible>Skin.HasSetting(HomePictures_Shortcuts) + !IsEmpty(Skin.String(HomePictures_Favourite4_Path))</visible>
				</control>
				<control type="button" id="91609">
					<include>Submenu_Button2</include>
					<label>$INFO[System.AddonTitle(Skin.String(HomePictures_Addon4))]</label>
					<onclick>RunAddon($INFO[Skin.String(HomePictures_Addon4)])</onclick>
					<visible>Skin.HasSetting(HomePictures_Shortcuts) + !IsEmpty(Skin.String(HomePictures_Addon4))</visible>
				</control>
				<control type="button" id="91610">
					<include>Submenu_Button2</include>
					<label>$INFO[Skin.String(HomePictures_Favourite5_Label)]</label>
					<onclick>$INFO[Skin.String(HomePictures_Favourite5_Path)]</onclick>
					<visible>Skin.HasSetting(HomePictures_Shortcuts) + !IsEmpty(Skin.String(HomePictures_Favourite5_Path))</visible>
				</control>
				<control type="button" id="91611">
					<include>Submenu_Button2</include>
					<label>$INFO[System.AddonTitle(Skin.String(HomePictures_Addon5))]</label>
					<onclick>RunAddon($INFO[Skin.String(HomePictures_Addon5)])</onclick>
					<visible>Skin.HasSetting(HomePictures_Shortcuts) + !IsEmpty(Skin.String(HomePictures_Addon5))</visible>
				</control>
				<control type="button" id="91612">
					<include>Submenu_Button2</include>
					<label>$LOCALIZE[31289]</label>
					<onclick>ActivateWindow(Pictures)</onclick>
					<visible>Skin.HasSetting(HomePictures_Override)</visible>
				</control>
				<control type="button" id="91613">
					<include>Submenu_Button2</include>
					<label>$LOCALIZE[5]</label>
					<onclick>ActivateWindow(PicturesSettings)</onclick>
					<visible>!Skin.HasSetting(NoSettings)</visible>
				</control>
			</control>
			<!-- Games Submenu -->
			<control type="grouplist" id="9023">
				<include>Submenu_VerticalDetails2</include>
				<onup>9023</onup>
				<ondown>9023</ondown>
				<visible>Container(9000).HasFocus(17)</visible>
				<control type="button" id="92301">
					<include>Submenu_Button2</include>
					<label>$INFO[System.AddonTitle(Skin.String(HomeGames_Addon1))]</label>
					<onclick>RunAddon($INFO[Skin.String(HomeGames_Addon1)])</onclick>
					<visible>Skin.HasSetting(HomeGames_Shortcuts) + !IsEmpty(Skin.String(HomeGames_Addon1))</visible>
				</control>
				<control type="button" id="92302">
					<include>Submenu_Button2</include>
					<label>$INFO[System.AddonTitle(Skin.String(HomeGames_Addon2))]</label>
					<onclick>RunAddon($INFO[Skin.String(HomeGames_Addon2)])</onclick>
					<visible>Skin.HasSetting(HomeGames_Shortcuts) + !IsEmpty(Skin.String(HomeGames_Addon2))</visible>
				</control>
				<control type="button" id="92303">
					<include>Submenu_Button2</include>
					<label>$INFO[System.AddonTitle(Skin.String(HomeGames_Addon3))]</label>
					<onclick>RunAddon($INFO[Skin.String(HomeGames_Addon3)])</onclick>
					<visible>Skin.HasSetting(HomeGames_Shortcuts) + !IsEmpty(Skin.String(HomeGames_Addon3))</visible>
				</control>
				<control type="button" id="92304">
					<include>Submenu_Button2</include>
					<label>$INFO[System.AddonTitle(Skin.String(HomeGames_Addon4))]</label>
					<onclick>RunAddon($INFO[Skin.String(HomeGames_Addon4)])</onclick>
					<visible>Skin.HasSetting(HomeGames_Shortcuts) + !IsEmpty(Skin.String(HomeGames_Addon4))</visible>
				</control>
				<control type="button" id="92305">
					<include>Submenu_Button2</include>
					<label>$INFO[System.AddonTitle(Skin.String(HomeGames_Addon5))]</label>
					<onclick>RunAddon($INFO[Skin.String(HomeGames_Addon5)])</onclick>
					<visible>Skin.HasSetting(HomeGames_Shortcuts) + !IsEmpty(Skin.String(HomeGames_Addon5))</visible>
				</control>
			</control>
			<!-- Programs/Addons Submenu -->
			<control type="grouplist" id="9015">
				<include>Submenu_VerticalDetails2</include>
				<onup>9015</onup>
				<ondown>9015</ondown>
				<visible>Container(9000).HasFocus(1)</visible>
				<control type="button" id="91501">
					<include>Submenu_Button2</include>
					<label>$LOCALIZE[1212]</label>
					<onclick>ActivateWindow(Videos,Addons,return)</onclick>
				</control>
				<control type="button" id="91502">
					<include>Submenu_Button2</include>
					<label>$LOCALIZE[1211]</label>
					<onclick>ActivateWindow(MusicFiles,Addons,return)</onclick>
				</control>
				<control type="button" id="91503">
					<include>Submenu_Button2</include>
					<label>$LOCALIZE[1213]</label>
					<onclick>ActivateWindow(Pictures,Addons,return)</onclick>
				</control>
				<control type="button" id="91504">
					<include>Submenu_Button2</include>
					<label>Browser</label>
					<onclick>ActivateWindow(addonbrowser)</onclick>
				</control>
			</control>
			<!-- Weather Submenu -->
			<control type="grouplist" id="9023">
				<include>Submenu_VerticalDetails2</include>
				<onup>9023</onup>
				<ondown>9023</ondown>
				<visible>Container(9000).HasFocus(7)</visible>
				<control type="button" id="92301">
					<include>Submenu_Button2</include>
					<label>$LOCALIZE[5]</label>
					<onclick>ActivateWindow(WeatherSettings)</onclick>
					<visible>!Skin.HasSetting(NoSettings)</visible>
				</control>
			</control>
			<!-- Favourites Submenu -->
			<control type="grouplist" id="9022">
				<include>Submenu_VerticalDetails2</include>
				<onup>9022</onup>
				<ondown>9022</ondown>
				<visible>Container(9000).HasFocus(10)</visible>
				<control type="button" id="92201">
					<include>Submenu_Button2</include>
					<label>$INFO[Skin.String(HomeFavourites_Favourite1_Label)]</label>
					<onclick>$INFO[Skin.String(HomeFavourites_Favourite1_Path)]</onclick>
					<visible>Skin.HasSetting(HomeFavourites_Shortcuts) + !IsEmpty(Skin.String(HomeFavourites_Favourite1_Path))</visible>
				</control>
				<control type="button" id="92202">
					<include>Submenu_Button2</include>
					<label>$INFO[Skin.String(HomeFavourites_Favourite2_Label)]</label>
					<onclick>$INFO[Skin.String(HomeFavourites_Favourite2_Path)]</onclick>
					<visible>Skin.HasSetting(HomeFavourites_Shortcuts) + !IsEmpty(Skin.String(HomeFavourites_Favourite2_Path))</visible>
				</control>
				<control type="button" id="92203">
					<include>Submenu_Button2</include>
					<label>$INFO[Skin.String(HomeFavourites_Favourite3_Label)]</label>
					<onclick>$INFO[Skin.String(HomeFavourites_Favourite3_Path)]</onclick>
					<visible>Skin.HasSetting(HomeFavourites_Shortcuts) + !IsEmpty(Skin.String(HomeFavourites_Favourite3_Path))</visible>
				</control>
				<control type="button" id="92204">
					<include>Submenu_Button2</include>
					<label>$INFO[Skin.String(HomeFavourites_Favourite4_Label)]</label>
					<onclick>$INFO[Skin.String(HomeFavourites_Favourite4_Path)]</onclick>
					<visible>Skin.HasSetting(HomeFavourites_Shortcuts) + !IsEmpty(Skin.String(HomeFavourites_Favourite4_Path))</visible>
				</control>
				<control type="button" id="92205">
					<include>Submenu_Button2</include>
					<label>$INFO[Skin.String(HomeFavourites_Favourite5_Label)]</label>
					<onclick>$INFO[Skin.String(HomeFavourites_Favourite5_Path)]</onclick>
					<visible>Skin.HasSetting(HomeFavourites_Shortcuts) + !IsEmpty(Skin.String(HomeFavourites_Favourite5_Path))</visible>
				</control>
				<control type="button" id="92206">
					<include>Submenu_Button2</include>
					<label>$INFO[Skin.String(HomeFavourites_Favourite6_Label)]</label>
					<onclick>$INFO[Skin.String(HomeFavourites_Favourite6_Path)]</onclick>
					<visible>Skin.HasSetting(HomeFavourites_Shortcuts) + !IsEmpty(Skin.String(HomeFavourites_Favourite6_Path))</visible>
				</control>
				<control type="button" id="92207">
					<include>Submenu_Button2</include>
					<label>$INFO[Skin.String(HomeFavourites_Favourite7_Label)]</label>
					<onclick>$INFO[Skin.String(HomeFavourites_Favourite7_Path)]</onclick>
					<visible>Skin.HasSetting(HomeFavourites_Shortcuts) + !IsEmpty(Skin.String(HomeFavourites_Favourite7_Path))</visible>
				</control>
				<control type="button" id="92208">
					<include>Submenu_Button2</include>
					<label>$INFO[Skin.String(HomeFavourites_Favourite8_Label)]</label>
					<onclick>$INFO[Skin.String(HomeFavourites_Favourite8_Path)]</onclick>
					<visible>Skin.HasSetting(HomeFavourites_Shortcuts) + !IsEmpty(Skin.String(HomeFavourites_Favourite8_Path))</visible>
				</control>
				<control type="button" id="92209">
					<include>Submenu_Button2</include>
					<label>$INFO[Skin.String(HomeFavourites_Favourite9_Label)]</label>
					<onclick>$INFO[Skin.String(HomeFavourites_Favourite9_Path)]</onclick>
					<visible>Skin.HasSetting(HomeFavourites_Shortcuts) + !IsEmpty(Skin.String(HomeFavourites_Favourite9_Path))</visible>
				</control>
				<control type="button" id="92210">
					<include>Submenu_Button2</include>
					<label>$INFO[Skin.String(HomeFavourites_Favourite10_Label)]</label>
					<onclick>$INFO[Skin.String(HomeFavourites_Favourite10_Path)]</onclick>
					<visible>Skin.HasSetting(HomeFavourites_Shortcuts) + !IsEmpty(Skin.String(HomeFavourites_Favourite10_Path))</visible>
				</control>
			</control>
			<!-- Settings Submenu -->
			<control type="grouplist" id="9014">
				<include>Submenu_VerticalDetails2</include>
				<onup>9014</onup>
				<ondown>9014</ondown>
				<visible>Container(9000).HasFocus(8)</visible>
				<control type="button" id="91401">
					<include>Submenu_Button2</include>
					<label>$LOCALIZE[31011]</label>
					<onclick>Skin.Reset(ProgramItems)</onclick>
					<onclick>Skin.Reset(VideoItems)</onclick>
					<onclick>Skin.Reset(MusicItems)</onclick>
					<onclick>Skin.Reset(MovieItems)</onclick>
					<onclick>Skin.Reset(TVItems)</onclick>
					<onclick>Skin.Reset(PictureItems)</onclick>
					<onclick>Skin.Reset(WeatherItems)</onclick>
					<onclick>Skin.Reset(SettingItems)</onclick>
					<onclick>ActivateWindow(56)</onclick>
				</control>
				<control type="button" id="91402">
					<include>Submenu_Button2</include>
					<label>13000</label>
					<onclick>ActivateWindow(SystemSettings)</onclick>
				</control>
				<control type="button" id="91403">
					<include>Submenu_Button2</include>
					<label>31468</label>
					<onclick>ActivateWindow(NetworkSettings)</onclick>
				</control>
				<control type="button" id="91404">
					<include>Submenu_Button2</include>
					<label>31469</label>
					<onclick>ActivateWindow(AppearanceSettings)</onclick>
				</control>
				<control type="button" id="91405">
					<include>Submenu_Button2</include>
					<label>7</label>
					<onclick>ActivateWindow(FileManager)</onclick>
				</control>
				<control type="button" id="91406">
					<include>Submenu_Button2</include>
					<label>13200</label>
					<onclick>ActivateWindow(Profiles)</onclick>
				</control>
				<control type="button" id="91407">
					<include>Submenu_Button2</include>
					<label>130</label>
					<onclick>ActivateWindow(SystemInfo)</onclick>
				</control>
			</control>
			<!-- Shutdown Submenu -->
			<control type="grouplist" id="9090">
				<include>Submenu_VerticalDetails2</include>
				<onup>9090</onup>
				<ondown>9090</ondown>
				<visible>Container(9000).HasFocus(11)</visible>
				<control type="button" id="99001">
					<include>Submenu_Button2</include>
					<label>31458</label>
					<onclick>AlarmClock(ShutdownTimer,Shutdown)</onclick>>
					<visible>!System.HasAlarm(ShutdownTimer)</visible>
					<visible>!Skin.HasSetting(NoShutdownDestructive)</visible>
				</control>
				<control type="button" id="99002">
					<include>Submenu_Button2</include>
					<label>31459</label>
					<onclick>CancelAlarm(ShutdownTimer)</onclick>
					<visible>System.HasAlarm(ShutdownTimer)</visible>
				</control>
				<control type="button" id="99003">
					<include>Submenu_Button2</include>
					<label>13011</label>
					<onclick>Dialog.Close(ShutdownMenu,yes)</onclick>
					<onclick>Suspend()</onclick>
					<visible>!Skin.HasSetting(NoShutdownDestructive)</visible>
				</control>
				<control type="button" id="99004">
					<include>Submenu_Button2</include>
					<label>13010</label>
					<onclick>Hibernate()</onclick>
					<visible>!Skin.HasSetting(NoShutdownDestructive)</visible>
				</control>
				<control type="button" id="99005">
					<include>Submenu_Button2</include>
					<label>13013</label>
					<onclick>Reboot()</onclick>
					<visible>System.CanReboot</visible>
					<visible>!Skin.HasSetting(NoShutdownDestructive)</visible>
				</control>
				<control type="button" id="99006">
					<include>Submenu_Button2</include>
					<label>13005</label>
					<onclick>Shutdown()</onclick>
					<visible>!Skin.HasSetting(NoShutdownDestructive)</visible>
				</control>
				<control type="button" id="99007">
					<include>Submenu_Button2</include>
					<label>$LOCALIZE[20126]</label>
					<onclick>System.LogOff</onclick>
					<visible>System.HasLoginScreen</visible>
				</control>
				<control type="button" id="99008">
					<include>Submenu_Button2</include>
					<label>20183</label>
					<onclick>ReloadSkin()</onclick>
					<visible>Skin.HasSetting(DebugMode)</visible>
				</control>
				<control type="button" id="99009">
					<include>Submenu_Button2</include>
					<label>13012</label>
					<onclick>XBMC.Quit()</onclick>
				</control>
			</control>
		</control>
	</include>
</includes>
