<includes>
	<include name="HomeDeck">
		<control type="group">
			<!-- Submenu title for default home view -->
			<control type="group">
				<include>Animation_OpenCloseFade</include>
				<include>Animation_FadedByMenu</include>
				<visible>!Skin.HasSetting(home2)</visible>
				<control type="image">
					<posx>238</posx>
					<posy>510</posy>
					<width>30</width>
					<height>30</height>
					<texture>ArrowLeft.png</texture>
					<colordiffuse>HelpArrowDiffuse</colordiffuse>
					<visible>[Container(9000).HasFocus(3) + [Skin.HasSetting(ShowMusicRecentlyAdded) | Skin.HasSetting(ShowMusicRandomItems) | Skin.HasSetting(ShowMusicWatchlist)]] | [Container(9000).HasFocus(16) + [Skin.HasSetting(ShowMusicVideosRecentlyAdded) | Skin.HasSetting(ShowMusicVideosRandomItems)]] | [Container(9000).HasFocus(4) + [Skin.HasSetting(ShowMoviesRecentlyAdded) | Skin.HasSetting(ShowMoviesRandomItems) | Skin.HasSetting(ShowMoviesWatchlist)]] | [Container(9000).HasFocus(5) + [Skin.HasSetting(ShowTVShowsRecentlyAdded) | Skin.HasSetting(ShowTVShowsRandomItems) | Skin.HasSetting(ShowTVShowsWatchlist)]] | [Container(9000).HasFocus(1) + Skin.HasSetting(HomePrograms_IconShortcuts)]</visible>
					<visible>![Control.HasFocus(8000) | Control.HasFocus(8001) | Control.HasFocus(8002) | Control.HasFocus(8003) | Control.HasFocus(8004)]</visible>
				</control>
				<!-- Recently Added Movies -->
				<control type="label">
					<posx>270</posx>
					<posy>513</posy>
					<width>570</width>
					<height>25</height>
					<align>left</align>
					<aligny>center</aligny>
					<font>METF_RecentlyAddedTitle</font>
					<textcolor>HomeMenuText</textcolor>
					<label>[B]$LOCALIZE[20386][/B]</label>
					<visible>Container(9000).HasFocus(4) + Skin.HasSetting(ShowMoviesRecentlyAdded)</visible>
				</control>
				<!-- Random Movies -->
				<control type="label">
					<posx>270</posx>
					<posy>513</posy>
					<width>570</width>
					<height>25</height>
					<align>left</align>
					<aligny>center</aligny>
					<font>METF_RecentlyAddedTitle</font>
					<textcolor>HomeMenuText</textcolor>
					<label>[B]$LOCALIZE[590] $LOCALIZE[20342][/B]</label>
					<visible>Container(9000).HasFocus(4) + Skin.HasSetting(ShowMoviesRandomItems)</visible>
				</control>
				<!-- Recommended Movies -->
				<control type="label">
					<posx>270</posx>
					<posy>513</posy>
					<width>570</width>
					<height>25</height>
					<align>left</align>
					<aligny>center</aligny>
					<font>METF_RecentlyAddedTitle</font>
					<textcolor>HomeMenuText</textcolor>
					<label>[B]$LOCALIZE[31451] $LOCALIZE[20342][/B]</label>
					<visible>Container(9000).HasFocus(4) + Skin.HasSetting(ShowMoviesWatchlist)</visible>
				</control>
				<!-- Recently Added Episodes -->
				<control type="label">
					<posx>270</posx>
					<posy>513</posy>
					<width>570</width>
					<height>25</height>
					<align>left</align>
					<aligny>center</aligny>
					<font>METF_RecentlyAddedTitle</font>
					<textcolor>HomeMenuText</textcolor>
					<label>[B]$LOCALIZE[20387][/B]</label>
					<visible>Container(9000).HasFocus(5) + Skin.HasSetting(ShowTVShowsRecentlyAdded)</visible>
				</control>
				<!-- Random Episodes -->
				<control type="label">
					<posx>270</posx>
					<posy>513</posy>
					<width>570</width>
					<height>25</height>
					<align>left</align>
					<aligny>center</aligny>
					<font>METF_RecentlyAddedTitle</font>
					<textcolor>HomeMenuText</textcolor>
					<label>[B]$LOCALIZE[590] $LOCALIZE[20360][/B]</label>
					<visible>Container(9000).HasFocus(5) + Skin.HasSetting(ShowTVShowsRandomItems)</visible>
				</control>
				<!-- Recommended Episodes -->
				<control type="label">
					<posx>270</posx>
					<posy>513</posy>
					<width>570</width>
					<height>25</height>
					<align>left</align>
					<aligny>center</aligny>
					<font>METF_RecentlyAddedTitle</font>
					<textcolor>HomeMenuText</textcolor>
					<label>[B]$LOCALIZE[31451] $LOCALIZE[20360][/B]</label>
					<visible>Container(9000).HasFocus(5) + Skin.HasSetting(ShowTVShowsWatchlist)</visible>
				</control>
				<!-- Recently Added Albums -->
				<control type="label">
					<posx>270</posx>
					<posy>513</posy>
					<width>570</width>
					<height>25</height>
					<align>left</align>
					<aligny>center</aligny>
					<font>METF_RecentlyAddedTitle</font>
					<textcolor>HomeMenuText</textcolor>
					<label>[B]$LOCALIZE[359][/B]</label>
					<visible>Container(9000).HasFocus(3) + Skin.HasSetting(ShowMusicRecentlyAdded)</visible>
				</control>
				<!-- Random Albums -->
				<control type="label">
					<posx>270</posx>
					<posy>513</posy>
					<width>570</width>
					<height>25</height>
					<align>left</align>
					<aligny>center</aligny>
					<font>METF_RecentlyAddedTitle</font>
					<textcolor>HomeMenuText</textcolor>
					<label>[B]$LOCALIZE[590] $LOCALIZE[132][/B]</label>
					<visible>Container(9000).HasFocus(3) + Skin.HasSetting(ShowMusicRandomItems)</visible>
				</control>
				<!-- Recommended Albums -->
				<control type="label">
					<posx>270</posx>
					<posy>513</posy>
					<width>570</width>
					<height>25</height>
					<align>left</align>
					<aligny>center</aligny>
					<font>METF_RecentlyAddedTitle</font>
					<textcolor>HomeMenuText</textcolor>
					<label>[B]$LOCALIZE[31451] $LOCALIZE[132][/B]</label>
					<visible>Container(9000).HasFocus(3) + Skin.HasSetting(ShowMusicWatchlist)</visible>
				</control>
				<!-- Recently Added Music Videos -->
				<control type="label">
					<posx>270</posx>
					<posy>513</posy>
					<width>570</width>
					<height>25</height>
					<align>left</align>
					<aligny>center</aligny>
					<font>METF_RecentlyAddedTitle</font>
					<textcolor>HomeMenuText</textcolor>
					<label>[B]$LOCALIZE[20390][/B]</label>
					<visible>Container(9000).HasFocus(16) + Skin.HasSetting(ShowMusicVideosRecentlyAdded)</visible>
				</control>
				<!-- Random Music Videos -->
				<control type="label">
					<posx>270</posx>
					<posy>513</posy>
					<width>570</width>
					<height>25</height>
					<align>left</align>
					<aligny>center</aligny>
					<font>METF_RecentlyAddedTitle</font>
					<textcolor>HomeMenuText</textcolor>
					<label>[B]$LOCALIZE[590] $LOCALIZE[20389][/B]</label>
					<visible>Container(9000).HasFocus(16) + Skin.HasSetting(ShowMusicVideosRandomItems)</visible>
				</control>
				<!-- Addon Shortcuts -->
				<control type="label">
					<posx>270</posx>
					<posy>513</posy>
					<width>570</width>
					<height>25</height>
					<align>left</align>
					<aligny>center</aligny>
					<font>METF_RecentlyAddedTitle</font>
					<textcolor>HomeMenuText</textcolor>
					<label>[B]$LOCALIZE[31457][/B]</label>
					<visible>!Control.HasFocus(8004) + Container(9000).HasFocus(1) + Skin.HasSetting(HomePrograms_IconShortcuts)</visible>
				</control>
				<control type="label">
					<posx>270</posx>
					<posy>513</posy>
					<width>570</width>
					<height>25</height>
					<align>left</align>
					<aligny>center</aligny>
					<font>METF_RecentlyAddedTitle</font>
					<textcolor>HomeMenuText</textcolor>
					<label>[B]$INFO[Container(8004).ListItem.Label][/B]</label>
					<visible>Control.HasFocus(8004)</visible>
				</control>
			</control>
			<!-- Submenu title for icon home view -->
			<control type="group">
				<include>Animation_OpenCloseFade</include>
				<include>Animation_FadedByMenu</include>
				<visible>Skin.HasSetting(home2)</visible>
				<control type="image">
					<posx>625</posx>
					<posy>45</posy>
					<width>30</width>
					<height>30</height>
					<texture>ArrowUp.png</texture>
					<colordiffuse>HelpArrowDiffuse</colordiffuse>
					<visible>[Container(9000).HasFocus(3) + [Skin.HasSetting(ShowMusicRecentlyAdded) | Skin.HasSetting(ShowMusicRandomItems) | Skin.HasSetting(ShowMusicWatchlist)]] | [Container(9000).HasFocus(16) + [Skin.HasSetting(ShowMusicVideosRecentlyAdded) | Skin.HasSetting(ShowMusicVideosRandomItems)]] | [Container(9000).HasFocus(4) + [Skin.HasSetting(ShowMoviesRecentlyAdded) | Skin.HasSetting(ShowMoviesRandomItems) | Skin.HasSetting(ShowMoviesWatchlist)]] | [Container(9000).HasFocus(5) + [Skin.HasSetting(ShowTVShowsRecentlyAdded) | Skin.HasSetting(ShowTVShowsRandomItems) | Skin.HasSetting(ShowTVShowsWatchlist)]] | [Container(9000).HasFocus(1) + Skin.HasSetting(HomePrograms_IconShortcuts)]</visible>
					<visible>![Control.HasFocus(8000) | Control.HasFocus(8001) | Control.HasFocus(8002) | Control.HasFocus(8003) | Control.HasFocus(8004)]</visible>
				</control>
				<!-- Recently Added Movies -->
				<control type="label">
					<posx>355</posx>
					<posy>75</posy>
					<width>570</width>
					<height>25</height>
					<align>center</align>
					<aligny>center</aligny>
					<font>METF_RecentlyAddedTitle</font>
					<textcolor>HomeMenuText</textcolor>
					<label>[B]$LOCALIZE[20386][/B]</label>
					<visible>Container(9000).HasFocus(4) + Skin.HasSetting(ShowMoviesRecentlyAdded)</visible>
				</control>
				<!-- Random Movies -->
				<control type="label">
					<posx>355</posx>
					<posy>75</posy>
					<width>570</width>
					<height>25</height>
					<align>center</align>
					<aligny>center</aligny>
					<font>METF_RecentlyAddedTitle</font>
					<textcolor>HomeMenuText</textcolor>
					<label>[B]$LOCALIZE[590] $LOCALIZE[20342][/B]</label>
					<visible>Container(9000).HasFocus(4) + Skin.HasSetting(ShowMoviesRandomItems)</visible>
				</control>
				<!-- Recommended Movies -->
				<control type="label">
					<posx>355</posx>
					<posy>75</posy>
					<width>570</width>
					<height>25</height>
					<align>center</align>
					<aligny>center</aligny>
					<font>METF_RecentlyAddedTitle</font>
					<textcolor>HomeMenuText</textcolor>
					<label>[B]$LOCALIZE[31451] $LOCALIZE[20342][/B]</label>
					<visible>Container(9000).HasFocus(4) + Skin.HasSetting(ShowMoviesWatchlist)</visible>
				</control>
				<!-- Recently Added Episodes -->
				<control type="label">
					<posx>355</posx>
					<posy>75</posy>
					<width>570</width>
					<height>25</height>
					<align>center</align>
					<aligny>center</aligny>
					<font>METF_RecentlyAddedTitle</font>
					<textcolor>HomeMenuText</textcolor>
					<label>[B]$LOCALIZE[20387][/B]</label>
					<visible>Container(9000).HasFocus(5) + Skin.HasSetting(ShowTVShowsRecentlyAdded)</visible>
				</control>
				<!-- Random Episodes -->
				<control type="label">
					<posx>355</posx>
					<posy>75</posy>
					<width>570</width>
					<height>25</height>
					<align>center</align>
					<aligny>center</aligny>
					<font>METF_RecentlyAddedTitle</font>
					<textcolor>HomeMenuText</textcolor>
					<label>[B]$LOCALIZE[590] $LOCALIZE[20360][/B]</label>
					<visible>Container(9000).HasFocus(5) + Skin.HasSetting(ShowTVShowsRandomItems)</visible>
				</control>
				<!-- Recommended Episodes -->
				<control type="label">
					<posx>355</posx>
					<posy>75</posy>
					<width>570</width>
					<height>25</height>
					<align>center</align>
					<aligny>center</aligny>
					<font>METF_RecentlyAddedTitle</font>
					<textcolor>HomeMenuText</textcolor>
					<label>[B]$LOCALIZE[31451] $LOCALIZE[20360][/B]</label>
					<visible>Container(9000).HasFocus(5) + Skin.HasSetting(ShowTVShowsWatchlist)</visible>
				</control>
				<!-- Recently Added Albums -->
				<control type="label">
					<posx>355</posx>
					<posy>75</posy>
					<width>570</width>
					<height>25</height>
					<align>center</align>
					<aligny>center</aligny>
					<font>METF_RecentlyAddedTitle</font>
					<textcolor>HomeMenuText</textcolor>
					<label>[B]$LOCALIZE[359][/B]</label>
					<visible>Container(9000).HasFocus(3) + Skin.HasSetting(ShowMusicRecentlyAdded)</visible>
				</control>
				<!-- Random Albums -->
				<control type="label">
					<posx>355</posx>
					<posy>75</posy>
					<width>570</width>
					<height>25</height>
					<align>center</align>
					<aligny>center</aligny>
					<font>METF_RecentlyAddedTitle</font>
					<textcolor>HomeMenuText</textcolor>
					<label>[B]$LOCALIZE[590] $LOCALIZE[132][/B]</label>
					<visible>Container(9000).HasFocus(3) + Skin.HasSetting(ShowMusicRandomItems)</visible>
				</control>
				<!-- Recommended Albums -->
				<control type="label">
					<posx>355</posx>
					<posy>75</posy>
					<width>570</width>
					<height>25</height>
					<align>center</align>
					<aligny>center</aligny>
					<font>METF_RecentlyAddedTitle</font>
					<textcolor>HomeMenuText</textcolor>
					<label>[B]$LOCALIZE[31451] $LOCALIZE[132][/B]</label>
					<visible>Container(9000).HasFocus(3) + Skin.HasSetting(ShowMusicWatchlist)</visible>
				</control>
				<!-- Recently Added Music Videos -->
				<control type="label">
					<posx>355</posx>
					<posy>75</posy>
					<width>570</width>
					<height>25</height>
					<align>center</align>
					<aligny>center</aligny>
					<font>METF_RecentlyAddedTitle</font>
					<textcolor>HomeMenuText</textcolor>
					<label>[B]$LOCALIZE[20390][/B]</label>
					<visible>Container(9000).HasFocus(16) + Skin.HasSetting(ShowMusicVideosRecentlyAdded)</visible>
				</control>
				<!-- Random Music Videos -->
				<control type="label">
					<posx>355</posx>
					<posy>75</posy>
					<width>570</width>
					<height>25</height>
					<align>center</align>
					<aligny>center</aligny>
					<font>METF_RecentlyAddedTitle</font>
					<textcolor>HomeMenuText</textcolor>
					<label>[B]$LOCALIZE[590] $LOCALIZE[20389][/B]</label>
					<visible>Container(9000).HasFocus(16) + Skin.HasSetting(ShowMusicVideosRandomItems)</visible>
				</control>
				<!-- Addon Shortcuts -->
				<control type="label">
					<posx>355</posx>
					<posy>75</posy>
					<width>570</width>
					<height>25</height>
					<align>center</align>
					<aligny>center</aligny>
					<font>METF_RecentlyAddedTitle</font>
					<textcolor>HomeMenuText</textcolor>
					<label>[B]$LOCALIZE[31457][/B]</label>
					<visible>!Control.HasFocus(8004) + Container(9000).HasFocus(1) + Skin.HasSetting(HomePrograms_IconShortcuts)</visible>
				</control>
				<control type="label">
					<posx>355</posx>
					<posy>75</posy>
					<width>570</width>
					<height>25</height>
					<align>center</align>
					<aligny>center</aligny>
					<font>METF_RecentlyAddedTitle</font>
					<textcolor>HomeMenuText</textcolor>
					<label>[B]$INFO[Container(8004).ListItem.Label][/B]</label>
					<visible>Control.HasFocus(8004)</visible>
				</control>
			</control>

			<control type="group" id="9002">
				<animation effect="fade" start="100" end="0" time="0" condition="Skin.HasSetting(home2) + !ControlGroup(9002).HasFocus()">conditional</animation>
				<animation effect="fade" start="0" end="100" delay="200" time="200" condition="Skin.HasSetting(home2) + ControlGroup(9002).HasFocus()">conditional</animation>
				<!-- Thumbnail -->
				<control type="group">
					<control type="image">
						<include>Animation_CommonFade</include>
						<include>Animation_FadedByMenu</include>
						<posx>265</posx>
						<posy>560</posy>
						<width>250</width>
						<height>140</height>
						<aspectratio aligny="center">stretch</aspectratio>
						<bordertexture border="6">frames/thumb_border.png</bordertexture>
						<bordersize>6</bordersize>
						<texture diffuse="frames/EpisodeMatte.png">$INFO[Container(8000).ListItem.Thumb]</texture>
						<visible>Container(9000).HasFocus(4) + Library.HasContent(Movies) + [!Skin.HasSetting(home2) | Control.HasFocus(8000)]</visible>
					</control>
				</control>
				<control type="group">
					<control type="image">
						<include>Animation_CommonFade</include>
						<include>Animation_FadedByMenu</include>
						<posx>265</posx>
						<posy>560</posy>
						<width>250</width>
						<height>140</height>
						<aspectratio aligny="center">stretch</aspectratio>
						<bordertexture border="6">frames/thumb_border.png</bordertexture>
						<bordersize>6</bordersize>
						<texture diffuse="frames/EpisodeMatte.png">$INFO[Container(8001).ListItem.Thumb]</texture>
						<visible>Container(9000).HasFocus(5) + Library.HasContent(TVShows) + [!Skin.HasSetting(home2) | Control.HasFocus(8001)]</visible>
					</control>
				</control>
				<control type="group">
					<control type="image">
						<include>Animation_CommonFade</include>
						<include>Animation_FadedByMenu</include>
						<posx>265</posx>
						<posy>560</posy>
						<width>250</width>
						<height>140</height>
						<aspectratio align="right" aligny="center">keep</aspectratio>
						<bordertexture border="6">frames/thumb_border.png</bordertexture>
						<bordersize>6</bordersize>
						<texture diffuse="frames/EpisodeMatte.png">$INFO[Container(8002).ListItem.Thumb]</texture>
						<visible>Container(9000).HasFocus(3) + Library.HasContent(Music) + [!Skin.HasSetting(home2) | Control.HasFocus(8002)]</visible>
					</control>
				</control>
				<control type="group">
					<control type="image">
						<include>Animation_CommonFade</include>
						<include>Animation_FadedByMenu</include>
						<posx>265</posx>
						<posy>560</posy>
						<width>250</width>
						<height>140</height>
						<aspectratio align="right" aligny="center">keep</aspectratio>
						<bordertexture border="6">frames/thumb_border.png</bordertexture>
						<bordersize>6</bordersize>
						<!-- Probably should be ListItem.Thumb (Fanart) but it doesn't seem to be filled in by the scraper -->
						<texture diffuse="frames/EpisodeMatte.png">$INFO[Container(8003).ListItem.Icon]</texture>
						<visible>Container(9000).HasFocus(16) + Library.HasContent(MusicVideos) + [!Skin.HasSetting(home2) | Control.HasFocus(8003)]</visible>
					</control>
				</control>

				<!-- Lists -->
				<control type="group">
					<posx>522</posx>
					<posy>563</posy>
					<control type="list" id="8000">
						<posx>0</posx>
						<posy>0</posy>
						<width>510</width>
						<height>135</height>
						<onup>8000</onup>
						<ondown>8000</ondown>
						<onleft>9000</onleft>
						<onright>9000</onright>
						<viewtype>list</viewtype>
						<orientation>vertical</orientation>
						<scrolltime>200</scrolltime>
						<include condition="Skin.HasSetting(ShowMoviesRecentlyAdded)">RecentlyAddedMovieContents</include>
						<include condition="Skin.HasSetting(ShowMoviesRandomItems)">RandomMovieContents</include>
						<include condition="Skin.HasSetting(ShowMoviesWatchlist)">WatchlistMovieContents</include>
					</control>
				</control>
				<control type="group">
					<posx>522</posx>
					<posy>563</posy>
					<control type="list" id="8001">
						<posx>0</posx>
						<posy>0</posy>
						<width>510</width>
						<height>135</height>
						<onup>8001</onup>
						<ondown>8001</ondown>
						<onleft>9000</onleft>
						<onright>9000</onright>
						<viewtype>list</viewtype>
						<orientation>vertical</orientation>
						<scrolltime>200</scrolltime>
						<include condition="Skin.HasSetting(ShowTVShowsRecentlyAdded)">RecentlyAddedTVShowContents</include>
						<include condition="Skin.HasSetting(ShowTVShowsRandomItems)">RandomTVShowContents</include>
						<include condition="Skin.HasSetting(ShowTVShowsWatchlist)">WatchlistTVShowContents</include>
					</control>
				</control>
				<control type="group">
					<posx>522</posx>
					<posy>563</posy>
					<control type="list" id="8002">
						<posx>0</posx>
						<posy>0</posy>
						<width>519</width>
						<height>135</height>
						<onup>8002</onup>
						<ondown>8002</ondown>
						<onleft>9000</onleft>
						<onright>9000</onright>
						<viewtype>list</viewtype>
						<orientation>vertical</orientation>
						<scrolltime>200</scrolltime>
						<include condition="Skin.HasSetting(ShowMusicRecentlyAdded)">RecentlyAddedAlbumContents</include>
						<include condition="Skin.HasSetting(ShowMusicRandomItems)">RandomAlbumContents</include>
						<include condition="Skin.HasSetting(ShowMusicWatchlist)">WatchlistAlbumContents</include>
					</control>
				</control>
				<control type="group">
					<posx>522</posx>
					<posy>563</posy>
					<control type="list" id="8003">
						<posx>0</posx>
						<posy>0</posy>
						<width>510</width>
						<height>135</height>
						<onup>8003</onup>
						<ondown>8003</ondown>
						<onleft>9000</onleft>
						<onright>9000</onright>
						<viewtype>list</viewtype>
						<orientation>vertical</orientation>
						<scrolltime>200</scrolltime>
						<include condition="Skin.HasSetting(ShowMusicVideosRecentlyAdded)">RecentlyAddedMusicVideoContents</include>
						<include condition="Skin.HasSetting(ShowMusicVideosRandomItems)">RandomMusicVideoContents</include>
					</control>
				</control>
				<control type="group">
					<posx>265</posx>
					<posy>560</posy>
					<control type="fixedlist" id="8004">
						<include>Animation_CommonFade</include>
						<include>Animation_FadedByMenu</include>
						<animation effect="slide" start="0,0"  end="76,0" time="0" condition="StringCompare(Container(8004).NumItems,4)">conditional</animation>
						<animation effect="slide" start="0,0" end="152,0" time="0" condition="StringCompare(Container(8004).NumItems,3)">conditional</animation>
						<animation effect="slide" start="0,0" end="228,0" time="0" condition="StringCompare(Container(8004).NumItems,2)">conditional</animation>
						<animation effect="slide" start="0,0" end="304,0" time="0" condition="StringCompare(Container(8004).NumItems,1)">conditional</animation>
						<posx>0</posx>
						<posy>0</posy>
						<width>760</width>
						<height>152</height>
						<onup>9000</onup>
						<ondown>9000</ondown>
						<onleft>8004</onleft>
						<onright>8004</onright>
						<pagecontrol>-</pagecontrol>
						<orientation>horizontal</orientation>
						<focusposition>0</focusposition>
						<movement>5</movement>
						<scrolltime>200</scrolltime>
						<!-- Setting preloaditems to anything greater than zero currently causes -->
						<!-- flickering/slowdown if any home items are hidden.  -->
						<!-- See http://trac.xbmc.org/ticket/12145 and https://github.com/stoli/Metropolis/issues/21 -->
						<!--<preloaditems>2</preloaditems>-->
						<preloaditems>0</preloaditems>
						<visible>Container(9000).HasFocus(1)</visible>
						<itemlayout height="152" width="152">
							<control type="image">
								<posx>0</posx>
								<posy>0</posy>
								<width>152</width>
								<height>152</height>
								<aspectratio aligny="top">keep</aspectratio>
								<bordertexture border="6">frames/thumb_border.png</bordertexture>
								<bordersize>6</bordersize>
								<texture diffuse="frames/EpisodeMatte.png">$INFO[ListItem.Icon]</texture>
							</control>
						</itemlayout>
						<focusedlayout height="152" width="152">
							<control type="image">
								<posx>0</posx>
								<posy>0</posy>
								<width>152</width>
								<height>152</height>
								<aspectratio aligny="top">keep</aspectratio>
								<bordertexture border="6">frames/thumb_border.png</bordertexture>
								<bordersize>6</bordersize>
								<texture diffuse="frames/EpisodeMatte.png">$INFO[ListItem.Icon]</texture>
								<visible>!Control.HasFocus(8004)</visible>
							</control>
							<control type="image">
								<posx>0</posx>
								<posy>0</posy>
								<width>152</width>
								<height>152</height>
								<aspectratio aligny="top">keep</aspectratio>
								<colordiffuse>PosterDiffuse</colordiffuse>
								<bordertexture border="6">frames/thumb_border.png</bordertexture>
								<bordersize>6</bordersize>
								<texture diffuse="frames/EpisodeMatte.png">$INFO[ListItem.Icon]</texture>
								<visible>Control.HasFocus(8004)</visible>
							</control>
						</focusedlayout>
						<content>
							<item id="1">
								<label>$INFO[System.AddonTitle(Skin.String(HomePrograms_Addon1))]</label>
								<onclick>RunAddon($INFO[Skin.String(HomePrograms_Addon1)])</onclick>
								<icon>$INFO[System.AddonIcon(Skin.String(HomePrograms_Addon1))]</icon>
								<thumb>-</thumb>
								<visible>Skin.HasSetting(HomePrograms_IconShortcuts) + !IsEmpty(Skin.String(HomePrograms_Addon1))</visible>
							</item>
							<item id="2">
								<label>$INFO[System.AddonTitle(Skin.String(HomePrograms_Addon2))]</label>
								<onclick>RunAddon($INFO[Skin.String(HomePrograms_Addon2)])</onclick>
								<icon>$INFO[System.AddonIcon(Skin.String(HomePrograms_Addon2))]</icon>
								<thumb>-</thumb>
								<visible>Skin.HasSetting(HomePrograms_IconShortcuts) + !IsEmpty(Skin.String(HomePrograms_Addon2))</visible>
							</item>
							<item id="3">
								<label>$INFO[System.AddonTitle(Skin.String(HomePrograms_Addon3))]</label>
								<onclick>RunAddon($INFO[Skin.String(HomePrograms_Addon3)])</onclick>
								<icon>$INFO[System.AddonIcon(Skin.String(HomePrograms_Addon3))]</icon>
								<thumb>-</thumb>
								<visible>Skin.HasSetting(HomePrograms_IconShortcuts) + !IsEmpty(Skin.String(HomePrograms_Addon3))</visible>
							</item>
							<item id="4">
								<label>$INFO[System.AddonTitle(Skin.String(HomePrograms_Addon4))]</label>
								<onclick>RunAddon($INFO[Skin.String(HomePrograms_Addon4)])</onclick>
								<icon>$INFO[System.AddonIcon(Skin.String(HomePrograms_Addon4))]</icon>
								<thumb>-</thumb>
								<visible>Skin.HasSetting(HomePrograms_IconShortcuts) + !IsEmpty(Skin.String(HomePrograms_Addon4))</visible>
							</item>
							<item id="5">
								<label>$INFO[System.AddonTitle(Skin.String(HomePrograms_Addon5))]</label>
								<onclick>RunAddon($INFO[Skin.String(HomePrograms_Addon5)])</onclick>
								<icon>$INFO[System.AddonIcon(Skin.String(HomePrograms_Addon5))]</icon>
								<thumb>-</thumb>
								<visible>Skin.HasSetting(HomePrograms_IconShortcuts) + !IsEmpty(Skin.String(HomePrograms_Addon5))</visible>
							</item>
						</content>
					</control>
				</control>
			</control>
		</control>
	</include>

	<include name="Global_MovieDeck">
		<include>Animation_CommonFade</include>
		<include>Animation_FadedByMenu</include>
		<visible>Container(9000).HasFocus(4) + Library.HasContent(Movies)</visible>
		<itemlayout width="510" height="27">
			<control type="label">
				<posx>10</posx>
				<posy>-2</posy>
				<width>500</width>
				<height>27</height>
				<align>left</align>
				<aligny>center</aligny>
				<scrollout>false</scrollout>
				<pauseatend>600</pauseatend>
				<scrollspeed>20</scrollspeed>
				<font>METF_RecentlyAddedListText</font>
				<textcolor>RecentlyAddedNF</textcolor>
				<label>$INFO[ListItem.Label]</label>
			</control>
		</itemlayout>
		<focusedlayout width="510" height="27">
			<!-- Focus Bar -->
			<control type="image">
				<posx>0</posx>
				<posy>0</posy>
				<width>510</width>
				<height>27</height>
				<aligny>center</aligny>
				<texture>FocusLine.png</texture>
				<colordiffuse>FocusBar</colordiffuse>
				<visible>Control.HasFocus(8000)</visible>
			</control>
			<control type="label">
				<posx>10</posx>
				<posy>-2</posy>
				<width>500</width>
				<height>27</height>
				<align>left</align>
				<aligny>center</aligny>
				<scrollout>false</scrollout>
				<pauseatend>600</pauseatend>
				<scrollspeed>20</scrollspeed>
				<font>METF_RecentlyAddedListText</font>
				<textcolor>FocusBarText</textcolor>
				<label>$INFO[ListItem.Label]</label>
			</control>
		</focusedlayout>
	</include>
	<include name="Global_TVShowDeck">
		<include>Animation_CommonFade</include>
		<include>Animation_FadedByMenu</include>
		<visible>Container(9000).HasFocus(5) + Library.HasContent(TVShows)</visible>
		<itemlayout width="510" height="27">
			<control type="label">
				<posx>10</posx>
				<posy>-2</posy>
				<width>500</width>
				<height>27</height>
				<align>left</align>
				<aligny>center</aligny>
				<scrollout>false</scrollout>
				<pauseatend>600</pauseatend>
				<scrollspeed>20</scrollspeed>
				<font>METF_RecentlyAddedListText</font>
				<textcolor>RecentlyAddedNF</textcolor>
				<label>$INFO[ListItem.Label]</label>
			</control>
		</itemlayout>
		<focusedlayout width="510" height="27">
			<!-- Focus Bar -->
			<control type="image">
				<posx>0</posx>
				<posy>0</posy>
				<width>510</width>
				<height>27</height>
				<aligny>center</aligny>
				<texture>FocusLine.png</texture>
				<colordiffuse>FocusBar</colordiffuse>
				<visible>Control.HasFocus(8001)</visible>
			</control>
			<control type="label">
				<posx>10</posx>
				<posy>-2</posy>
				<width>500</width>
				<height>27</height>
				<align>left</align>
				<aligny>center</aligny>
				<scrollout>false</scrollout>
				<pauseatend>600</pauseatend>
				<scrollspeed>20</scrollspeed>
				<font>METF_RecentlyAddedListText</font>
				<textcolor>FocusBarText</textcolor>
				<label>$INFO[ListItem.Label]</label>
			</control>
		</focusedlayout>
	</include>
	<include name="Global_MusicDeck">
		<include>Animation_CommonFade</include>
		<include>Animation_FadedByMenu</include>
		<visible>Container(9000).HasFocus(3) + Library.HasContent(Music)</visible>
		<itemlayout width="620" height="27">
			<control type="label">
				<posx>10</posx>
				<posy>-2</posy>
				<width>500</width>
				<height>27</height>
				<align>left</align>
				<aligny>center</aligny>
				<scrollout>false</scrollout>
				<pauseatend>600</pauseatend>
				<scrollspeed>20</scrollspeed>
				<font>METF_RecentlyAddedListText</font>
				<textcolor>RecentlyAddedNF</textcolor>
				<label>$INFO[ListItem.Label]</label>
			</control>
		</itemlayout>
		<focusedlayout width="620" height="27">
			<!-- Focus Bar -->
			<control type="image">
				<posx>0</posx>
				<posy>0</posy>
				<width>510</width>
				<height>27</height>
				<aligny>center</aligny>
				<texture>FocusLine.png</texture>
				<colordiffuse>FocusBar</colordiffuse>
				<visible>Control.HasFocus(8002)</visible>
			</control>
			<control type="label">
				<posx>10</posx>
				<posy>-2</posy>
				<width>500</width>
				<height>27</height>
				<align>left</align>
				<aligny>center</aligny>
				<scrollout>false</scrollout>
				<pauseatend>600</pauseatend>
				<scrollspeed>20</scrollspeed>
				<font>METF_RecentlyAddedListText</font>
				<textcolor>FocusBarText</textcolor>
				<label>$INFO[ListItem.Label]</label>
			</control>
		</focusedlayout>
	</include>
	<include name="Global_MusicVideoDeck">
		<include>Animation_CommonFade</include>
		<include>Animation_FadedByMenu</include>
		<visible>Container(9000).HasFocus(16) + Library.HasContent(MusicVideos)</visible>
		<itemlayout width="510" height="27">
			<control type="label">
				<posx>10</posx>
				<posy>-2</posy>
				<width>500</width>
				<height>27</height>
				<align>left</align>
				<aligny>center</aligny>
				<scrollout>false</scrollout>
				<pauseatend>600</pauseatend>
				<scrollspeed>20</scrollspeed>
				<font>METF_RecentlyAddedListText</font>
				<textcolor>RecentlyAddedNF</textcolor>
				<label>$INFO[ListItem.Label]</label>
			</control>
		</itemlayout>
		<focusedlayout width="510" height="27">
			<!-- Focus Bar -->
			<control type="image">
				<posx>0</posx>
				<posy>0</posy>
				<width>510</width>
				<height>27</height>
				<aligny>center</aligny>
				<texture>FocusLine.png</texture>
				<colordiffuse>FocusBar</colordiffuse>
				<visible>Control.HasFocus(8003)</visible>
			</control>
			<control type="label">
				<posx>10</posx>
				<posy>-2</posy>
				<width>500</width>
				<height>27</height>
				<align>left</align>
				<aligny>center</aligny>
				<scrollout>false</scrollout>
				<pauseatend>600</pauseatend>
				<scrollspeed>20</scrollspeed>
				<font>METF_RecentlyAddedListText</font>
				<textcolor>FocusBarText</textcolor>
				<label>$INFO[ListItem.Label]</label>
			</control>
		</focusedlayout>
	</include>

	<include name="RecentlyAddedMovieContents">
		<include>Global_MovieDeck</include>
		<content>
			<item id="1">
				<description>Recently Added Movie 1</description>
				<label>$INFO[Window.Property(LatestMovie.1.Title)]</label>
				<icon>$INFO[Window.Property(LatestMovie.1.Thumb)]</icon>
				<thumb>$INFO[Window.Property(LatestMovie.1.Fanart)]</thumb>
				<onclick>PlayMedia($INFO[Window.Property(LatestMovie.1.Path)])</onclick>
				<visible>!IsEmpty(Window.Property(LatestMovie.1.Path))</visible>
			</item>
			<item id="2">
				<description>Recently Added Movie 2</description>
				<label>$INFO[Window.Property(LatestMovie.2.Title)]</label>
				<icon>$INFO[Window.Property(LatestMovie.2.Thumb)]</icon>
				<thumb>$INFO[Window.Property(LatestMovie.2.Fanart)]</thumb>
				<onclick>PlayMedia($INFO[Window.Property(LatestMovie.2.Path)])</onclick>
				<visible>!IsEmpty(Window.Property(LatestMovie.2.Path))</visible>
			</item>
			<item id="3">
				<description>Recently Added Movie 3</description>
				<label>$INFO[Window.Property(LatestMovie.3.Title)]</label>
				<icon>$INFO[Window.Property(LatestMovie.3.Thumb)]</icon>
				<thumb>$INFO[Window.Property(LatestMovie.3.Fanart)]</thumb>
				<onclick>PlayMedia($INFO[Window.Property(LatestMovie.3.Path)])</onclick>
				<visible>!IsEmpty(Window.Property(LatestMovie.3.Path))</visible>
			</item>
			<item id="4">
				<description>Recently Added Movie 4</description>
				<label>$INFO[Window.Property(LatestMovie.4.Title)]</label>
				<icon>$INFO[Window.Property(LatestMovie.4.Thumb)]</icon>
				<thumb>$INFO[Window.Property(LatestMovie.4.Fanart)]</thumb>
				<onclick>PlayMedia($INFO[Window.Property(LatestMovie.4.Path)])</onclick>
				<visible>!IsEmpty(Window.Property(LatestMovie.4.Path))</visible>
			</item>
			<item id="5">
				<description>Recently Added Movie 5</description>
				<label>$INFO[Window.Property(LatestMovie.5.Title)]</label>
				<icon>$INFO[Window.Property(LatestMovie.5.Thumb)]</icon>
				<thumb>$INFO[Window.Property(LatestMovie.5.Fanart)]</thumb>
				<onclick>PlayMedia($INFO[Window.Property(LatestMovie.5.Path)])</onclick>
				<visible>!IsEmpty(Window.Property(LatestMovie.5.Path))</visible>
			</item>
			<item id="6">
				<description>Recently Added Movie 6</description>
				<label>$INFO[Window.Property(LatestMovie.6.Title)]</label>
				<icon>$INFO[Window.Property(LatestMovie.6.Thumb)]</icon>
				<thumb>$INFO[Window.Property(LatestMovie.6.Fanart)]</thumb>
				<onclick>PlayMedia($INFO[Window.Property(LatestMovie.6.Path)])</onclick>
				<visible>!IsEmpty(Window.Property(LatestMovie.6.Path))</visible>
			</item>
			<item id="7">
				<description>Recently Added Movie 7</description>
				<label>$INFO[Window.Property(LatestMovie.7.Title)]</label>
				<icon>$INFO[Window.Property(LatestMovie.7.Thumb)]</icon>
				<thumb>$INFO[Window.Property(LatestMovie.7.Fanart)]</thumb>
				<onclick>PlayMedia($INFO[Window.Property(LatestMovie.7.Path)])</onclick>
				<visible>!IsEmpty(Window.Property(LatestMovie.7.Path))</visible>
			</item>
			<item id="8">
				<description>Recently Added Movie 8</description>
				<label>$INFO[Window.Property(LatestMovie.8.Title)]</label>
				<icon>$INFO[Window.Property(LatestMovie.8.Thumb)]</icon>
				<thumb>$INFO[Window.Property(LatestMovie.8.Fanart)]</thumb>
				<onclick>PlayMedia($INFO[Window.Property(LatestMovie.8.Path)])</onclick>
				<visible>!IsEmpty(Window.Property(LatestMovie.8.Path))</visible>
			</item>
			<item id="9">
				<description>Recently Added Movie 9</description>
				<label>$INFO[Window.Property(LatestMovie.9.Title)]</label>
				<icon>$INFO[Window.Property(LatestMovie.9.Thumb)]</icon>
				<thumb>$INFO[Window.Property(LatestMovie.9.Fanart)]</thumb>
				<onclick>PlayMedia($INFO[Window.Property(LatestMovie.9.Path)])</onclick>
				<visible>!IsEmpty(Window.Property(LatestMovie.9.Path))</visible>
			</item>
			<item id="10">
				<description>Recently Added Movie 10</description>
				<label>$INFO[Window.Property(LatestMovie.10.Title)]</label>
				<icon>$INFO[Window.Property(LatestMovie.10.Thumb)]</icon>
				<thumb>$INFO[Window.Property(LatestMovie.10.Fanart)]</thumb>
				<onclick>PlayMedia($INFO[Window.Property(LatestMovie.10.Path)])</onclick>
				<visible>!IsEmpty(Window.Property(LatestMovie.10.Path))</visible>
			</item>
		</content>
	</include>
	<include name="RecentlyAddedTVShowContents">
		<include>Global_TVShowDeck</include>
		<content>
			<item id="1">
				<description>Recently Added Episode 1</description>
				<label>$INFO[Window.Property(LatestEpisode.1.ShowTitle)] $INFO[Window.Property(LatestEpisode.1.EpisodeNo)] - $INFO[Window.Property(LatestEpisode.1.EpisodeTitle)]</label>
				<icon>-</icon>
				<thumb>$INFO[Window.Property(LatestEpisode.1.Thumb)]</thumb>
				<onclick>PlayMedia($INFO[Window.Property(LatestEpisode.1.Path)])</onclick>
				<visible>!IsEmpty(Window.Property(LatestEpisode.1.Path))</visible>
			</item>
			<item id="2">
				<description>Recently Added Episode 2</description>
				<label>$INFO[Window.Property(LatestEpisode.2.ShowTitle)] $INFO[Window.Property(LatestEpisode.2.EpisodeNo)] - $INFO[Window.Property(LatestEpisode.2.EpisodeTitle)]</label>
				<icon>-</icon>
				<thumb>$INFO[Window.Property(LatestEpisode.2.Thumb)]</thumb>
				<onclick>PlayMedia($INFO[Window.Property(LatestEpisode.2.Path)])</onclick>
				<visible>!IsEmpty(Window.Property(LatestEpisode.2.Path))</visible>
			</item>
			<item id="3">
				<description>Recently Added Episode 3</description>
				<label>$INFO[Window.Property(LatestEpisode.3.ShowTitle)] $INFO[Window.Property(LatestEpisode.3.EpisodeNo)] - $INFO[Window.Property(LatestEpisode.3.EpisodeTitle)]</label>
				<icon>-</icon>
				<thumb>$INFO[Window.Property(LatestEpisode.3.Thumb)]</thumb>
				<onclick>PlayMedia($INFO[Window.Property(LatestEpisode.3.Path)])</onclick>
				<visible>!IsEmpty(Window.Property(LatestEpisode.3.Path))</visible>
			</item>
			<item id="4">
				<description>Recently Added Episode 4</description>
				<label>$INFO[Window.Property(LatestEpisode.4.ShowTitle)] $INFO[Window.Property(LatestEpisode.4.EpisodeNo)] - $INFO[Window.Property(LatestEpisode.4.EpisodeTitle)]</label>
				<icon>-</icon>
				<thumb>$INFO[Window.Property(LatestEpisode.4.Thumb)]</thumb>
				<onclick>PlayMedia($INFO[Window.Property(LatestEpisode.4.Path)])</onclick>
				<visible>!IsEmpty(Window.Property(LatestEpisode.4.Path))</visible>
			</item>
			<item id="5">
				<description>Recently Added Episode 5</description>
				<label>$INFO[Window.Property(LatestEpisode.5.ShowTitle)] $INFO[Window.Property(LatestEpisode.5.EpisodeNo)] - $INFO[Window.Property(LatestEpisode.5.EpisodeTitle)]</label>
				<icon>-</icon>
				<thumb>$INFO[Window.Property(LatestEpisode.5.Thumb)]</thumb>
				<onclick>PlayMedia($INFO[Window.Property(LatestEpisode.5.Path)])</onclick>
				<visible>!IsEmpty(Window.Property(LatestEpisode.5.Path))</visible>
			</item>
			<item id="6">
				<description>Recently Added Episode 6</description>
				<label>$INFO[Window.Property(LatestEpisode.6.ShowTitle)] $INFO[Window.Property(LatestEpisode.6.EpisodeNo)] - $INFO[Window.Property(LatestEpisode.6.EpisodeTitle)]</label>
				<icon>-</icon>
				<thumb>$INFO[Window.Property(LatestEpisode.6.Thumb)]</thumb>
				<onclick>PlayMedia($INFO[Window.Property(LatestEpisode.6.Path)])</onclick>
				<visible>!IsEmpty(Window.Property(LatestEpisode.6.Path))</visible>
			</item>
			<item id="7">
				<description>Recently Added Episode 7</description>
				<label>$INFO[Window.Property(LatestEpisode.7.ShowTitle)] $INFO[Window.Property(LatestEpisode.7.EpisodeNo)] - $INFO[Window.Property(LatestEpisode.7.EpisodeTitle)]</label>
				<icon>-</icon>
				<thumb>$INFO[Window.Property(LatestEpisode.7.Thumb)]</thumb>
				<onclick>PlayMedia($INFO[Window.Property(LatestEpisode.7.Path)])</onclick>
				<visible>!IsEmpty(Window.Property(LatestEpisode.7.Path))</visible>
			</item>
			<item id="8">
				<description>Recently Added Episode 8</description>
				<label>$INFO[Window.Property(LatestEpisode.8.ShowTitle)] $INFO[Window.Property(LatestEpisode.8.EpisodeNo)] - $INFO[Window.Property(LatestEpisode.8.EpisodeTitle)]</label>
				<icon>-</icon>
				<thumb>$INFO[Window.Property(LatestEpisode.8.Thumb)]</thumb>
				<onclick>PlayMedia($INFO[Window.Property(LatestEpisode.8.Path)])</onclick>
				<visible>!IsEmpty(Window.Property(LatestEpisode.8.Path))</visible>
			</item>
			<item id="9">
				<description>Recently Added Episode 9</description>
				<label>$INFO[Window.Property(LatestEpisode.9.ShowTitle)] $INFO[Window.Property(LatestEpisode.9.EpisodeNo)] - $INFO[Window.Property(LatestEpisode.9.EpisodeTitle)]</label>
				<icon>-</icon>
				<thumb>$INFO[Window.Property(LatestEpisode.9.Thumb)]</thumb>
				<onclick>PlayMedia($INFO[Window.Property(LatestEpisode.9.Path)])</onclick>
				<visible>!IsEmpty(Window.Property(LatestEpisode.9.Path))</visible>
			</item>
			<item id="10">
				<description>Recently Added Episode 10</description>
				<label>$INFO[Window.Property(LatestEpisode.10.ShowTitle)] $INFO[Window.Property(LatestEpisode.10.EpisodeNo)] - $INFO[Window.Property(LatestEpisode.10.EpisodeTitle)]</label>
				<icon>-</icon>
				<thumb>$INFO[Window.Property(LatestEpisode.10.Thumb)]</thumb>
				<onclick>PlayMedia($INFO[Window.Property(LatestEpisode.10.Path)])</onclick>
				<visible>!IsEmpty(Window.Property(LatestEpisode.10.Path))</visible>
			</item>
		</content>
	</include>
	<include name="RecentlyAddedAlbumContents">
		<include>Global_MusicDeck</include>
		<content>
			<item id="1">
				<description>Recently Added Album 1</description>
				<label>$INFO[Window.Property(LatestAlbum.1.Artist)] - $INFO[Window.Property(LatestAlbum.1.Title)]</label>
				<icon>-</icon>
				<thumb>$INFO[Window.Property(LatestAlbum.1.Thumb)]</thumb>
				<onclick>Playlist.Clear</onclick>
				<onclick>PlayMedia($INFO[Window.Property(LatestAlbum.1.Path)])</onclick>
				<visible>!IsEmpty(Window.Property(LatestAlbum.1.Path))</visible>
			</item>
			<item id="2">
				<description>Recently Added Album 2</description>
				<label>$INFO[Window.Property(LatestAlbum.2.Artist)] - $INFO[Window.Property(LatestAlbum.2.Title)]</label>
				<icon>-</icon>
				<thumb>$INFO[Window.Property(LatestAlbum.2.Thumb)]</thumb>
				<onclick>Playlist.Clear</onclick>
				<onclick>PlayMedia($INFO[Window.Property(LatestAlbum.2.Path)])</onclick>
				<visible>!IsEmpty(Window.Property(LatestAlbum.2.Path))</visible>
			</item>
			<item id="3">
				<description>Recently Added Album 3</description>
				<label>$INFO[Window.Property(LatestAlbum.3.Artist)] - $INFO[Window.Property(LatestAlbum.3.Title)]</label>
				<icon>-</icon>
				<thumb>$INFO[Window.Property(LatestAlbum.3.Thumb)]</thumb>
				<onclick>Playlist.Clear</onclick>
				<onclick>PlayMedia($INFO[Window.Property(LatestAlbum.3.Path)])</onclick>
				<visible>!IsEmpty(Window.Property(LatestAlbum.3.Path))</visible>
			</item>
			<item id="4">
				<description>Recently Added Album 4</description>
				<label>$INFO[Window.Property(LatestAlbum.4.Artist)] - $INFO[Window.Property(LatestAlbum.4.Title)]</label>
				<icon>-</icon>
				<thumb>$INFO[Window.Property(LatestAlbum.4.Thumb)]</thumb>
				<onclick>Playlist.Clear</onclick>
				<onclick>PlayMedia($INFO[Window.Property(LatestAlbum.4.Path)])</onclick>
				<visible>!IsEmpty(Window.Property(LatestAlbum.4.Path))</visible>
			</item>
			<item id="5">
				<description>Recently Added Album 5</description>
				<label>$INFO[Window.Property(LatestAlbum.5.Artist)] - $INFO[Window.Property(LatestAlbum.5.Title)]</label>
				<icon>-</icon>
				<thumb>$INFO[Window.Property(LatestAlbum.5.Thumb)]</thumb>
				<onclick>Playlist.Clear</onclick>
				<onclick>PlayMedia($INFO[Window.Property(LatestAlbum.5.Path)])</onclick>
				<visible>!IsEmpty(Window.Property(LatestAlbum.5.Path))</visible>
			</item>
			<item id="6">
				<description>Recently Added Album 6</description>
				<label>$INFO[Window.Property(LatestAlbum.6.Artist)] - $INFO[Window.Property(LatestAlbum.6.Title)]</label>
				<icon>-</icon>
				<thumb>$INFO[Window.Property(LatestAlbum.6.Thumb)]</thumb>
				<onclick>Playlist.Clear</onclick>
				<onclick>PlayMedia($INFO[Window.Property(LatestAlbum.6.Path)])</onclick>
				<visible>!IsEmpty(Window.Property(LatestAlbum.6.Path))</visible>
			</item>
			<item id="7">
				<description>Recently Added Album 7</description>
				<label>$INFO[Window.Property(LatestAlbum.7.Artist)] - $INFO[Window.Property(LatestAlbum.7.Title)]</label>
				<icon>-</icon>
				<thumb>$INFO[Window.Property(LatestAlbum.7.Thumb)]</thumb>
				<onclick>Playlist.Clear</onclick>
				<onclick>PlayMedia($INFO[Window.Property(LatestAlbum.7.Path)])</onclick>
				<visible>!IsEmpty(Window.Property(LatestAlbum.7.Path))</visible>
			</item>
			<item id="8">
				<description>Recently Added Album 8</description>
				<label>$INFO[Window.Property(LatestAlbum.8.Artist)] - $INFO[Window.Property(LatestAlbum.8.Title)]</label>
				<icon>-</icon>
				<thumb>$INFO[Window.Property(LatestAlbum.8.Thumb)]</thumb>
				<onclick>Playlist.Clear</onclick>
				<onclick>PlayMedia($INFO[Window.Property(LatestAlbum.8.Path)])</onclick>
				<visible>!IsEmpty(Window.Property(LatestAlbum.8.Path))</visible>
			</item>
			<item id="9">
				<description>Recently Added Album 9</description>
				<label>$INFO[Window.Property(LatestAlbum.9.Artist)] - $INFO[Window.Property(LatestAlbum.9.Title)]</label>
				<icon>-</icon>
				<thumb>$INFO[Window.Property(LatestAlbum.9.Thumb)]</thumb>
				<onclick>Playlist.Clear</onclick>
				<onclick>PlayMedia($INFO[Window.Property(LatestAlbum.9.Path)])</onclick>
				<visible>!IsEmpty(Window.Property(LatestAlbum.9.Path))</visible>
			</item>
			<item id="10">
				<description>Recently Added Album 10</description>
				<label>$INFO[Window.Property(LatestAlbum.10.Artist)] - $INFO[Window.Property(LatestAlbum.10.Title)]</label>
				<icon>-</icon>
				<thumb>$INFO[Window.Property(LatestAlbum.10.Thumb)]</thumb>
				<onclick>Playlist.Clear</onclick>
				<onclick>PlayMedia($INFO[Window.Property(LatestAlbum.10.Path)])</onclick>
				<visible>!IsEmpty(Window.Property(LatestAlbum.10.Path))</visible>
			</item>
		</content>
	</include>
	<include name="RecentlyAddedMusicVideoContents">
		<include>Global_MusicVideoDeck</include>
		<content>
			<item id="1">
				<description>Recently Added Music Video 1</description>
				<label>$INFO[Window.Property(LatestMusicVideo.1.Title)]</label>
				<icon>$INFO[Window.Property(LatestMusicVideo.1.Thumb)]</icon>
				<thumb>$INFO[Window.Property(LatestMusicVideo.1.Fanart)]</thumb>
				<onclick>PlayMedia($INFO[Window.Property(LatestMusicVideo.1.Path)])</onclick>
				<visible>!IsEmpty(Window.Property(LatestMusicVideo.1.Path))</visible>
			</item>
			<item id="2">
				<description>Recently Added Music Video 2</description>
				<label>$INFO[Window.Property(LatestMusicVideo.2.Title)]</label>
				<icon>$INFO[Window.Property(LatestMusicVideo.2.Thumb)]</icon>
				<thumb>$INFO[Window.Property(LatestMusicVideo.2.Fanart)]</thumb>
				<onclick>PlayMedia($INFO[Window.Property(LatestMusicVideo.2.Path)])</onclick>
				<visible>!IsEmpty(Window.Property(LatestMusicVideo.2.Path))</visible>
			</item>
			<item id="3">
				<description>Recently Added Music Video 3</description>
				<label>$INFO[Window.Property(LatestMusicVideo.3.Title)]</label>
				<icon>$INFO[Window.Property(LatestMusicVideo.3.Thumb)]</icon>
				<thumb>$INFO[Window.Property(LatestMusicVideo.3.Fanart)]</thumb>
				<onclick>PlayMedia($INFO[Window.Property(LatestMusicVideo.3.Path)])</onclick>
				<visible>!IsEmpty(Window.Property(LatestMusicVideo.3.Path))</visible>
			</item>
			<item id="4">
				<description>Recently Added Music Video 4</description>
				<label>$INFO[Window.Property(LatestMusicVideo.4.Title)]</label>
				<icon>$INFO[Window.Property(LatestMusicVideo.4.Thumb)]</icon>
				<thumb>$INFO[Window.Property(LatestMusicVideo.4.Fanart)]</thumb>
				<onclick>PlayMedia($INFO[Window.Property(LatestMusicVideo.4.Path)])</onclick>
				<visible>!IsEmpty(Window.Property(LatestMusicVideo.4.Path))</visible>
			</item>
			<item id="5">
				<description>Recently Added Music Video 5</description>
				<label>$INFO[Window.Property(LatestMusicVideo.5.Title)]</label>
				<icon>$INFO[Window.Property(LatestMusicVideo.5.Thumb)]</icon>
				<thumb>$INFO[Window.Property(LatestMusicVideo.5.Fanart)]</thumb>
				<onclick>PlayMedia($INFO[Window.Property(LatestMusicVideo.5.Path)])</onclick>
				<visible>!IsEmpty(Window.Property(LatestMusicVideo.5.Path))</visible>
			</item>
			<item id="6">
				<description>Recently Added Music Video 6</description>
				<label>$INFO[Window.Property(LatestMusicVideo.6.Title)]</label>
				<icon>$INFO[Window.Property(LatestMusicVideo.6.Thumb)]</icon>
				<thumb>$INFO[Window.Property(LatestMusicVideo.6.Fanart)]</thumb>
				<onclick>PlayMedia($INFO[Window.Property(LatestMusicVideo.6.Path)])</onclick>
				<visible>!IsEmpty(Window.Property(LatestMusicVideo.6.Path))</visible>
			</item>
			<item id="7">
				<description>Recently Added Music Video 7</description>
				<label>$INFO[Window.Property(LatestMusicVideo.7.Title)]</label>
				<icon>$INFO[Window.Property(LatestMusicVideo.7.Thumb)]</icon>
				<thumb>$INFO[Window.Property(LatestMusicVideo.7.Fanart)]</thumb>
				<onclick>PlayMedia($INFO[Window.Property(LatestMusicVideo.7.Path)])</onclick>
				<visible>!IsEmpty(Window.Property(LatestMusicVideo.7.Path))</visible>
			</item>
			<item id="8">
				<description>Recently Added Music Video 8</description>
				<label>$INFO[Window.Property(LatestMusicVideo.8.Title)]</label>
				<icon>$INFO[Window.Property(LatestMusicVideo.8.Thumb)]</icon>
				<thumb>$INFO[Window.Property(LatestMusicVideo.8.Fanart)]</thumb>
				<onclick>PlayMedia($INFO[Window.Property(LatestMusicVideo.8.Path)])</onclick>
				<visible>!IsEmpty(Window.Property(LatestMusicVideo.8.Path))</visible>
			</item>
			<item id="9">
				<description>Recently Added Music Video 9</description>
				<label>$INFO[Window.Property(LatestMusicVideo.9.Title)]</label>
				<icon>$INFO[Window.Property(LatestMusicVideo.9.Thumb)]</icon>
				<thumb>$INFO[Window.Property(LatestMusicVideo.9.Fanart)]</thumb>
				<onclick>PlayMedia($INFO[Window.Property(LatestMusicVideo.9.Path)])</onclick>
				<visible>!IsEmpty(Window.Property(LatestMusicVideo.9.Path))</visible>
			</item>
			<item id="10">
				<description>Recently Added Music Video 10</description>
				<label>$INFO[Window.Property(LatestMusicVideo.10.Title)]</label>
				<icon>$INFO[Window.Property(LatestMusicVideo.10.Thumb)]</icon>
				<thumb>$INFO[Window.Property(LatestMusicVideo.10.Fanart)]</thumb>
				<onclick>PlayMedia($INFO[Window.Property(LatestMusicVideo.10.Path)])</onclick>
				<visible>!IsEmpty(Window.Property(LatestMusicVideo.10.Path))</visible>
			</item>
		</content>
	</include>

	<include name="RandomMovieContents">
		<include>Global_MovieDeck</include>
		<content>
			<item id="1">
				<description>Random Movie 1</description>
				<label>$INFO[Window.Property(RandomMovie.1.Title)]</label>
				<icon>$INFO[Window.Property(RandomMovie.1.Thumb)]</icon>
				<thumb>$INFO[Window.Property(RandomMovie.1.Fanart)]</thumb>
				<onclick>PlayMedia($INFO[Window.Property(RandomMovie.1.Path)])</onclick>
				<visible>!IsEmpty(Window.Property(RandomMovie.1.Path))</visible>
			</item>
			<item id="2">
				<description>Random Movie 2</description>
				<label>$INFO[Window.Property(RandomMovie.2.Title)]</label>
				<icon>$INFO[Window.Property(RandomMovie.2.Thumb)]</icon>
				<thumb>$INFO[Window.Property(RandomMovie.2.Fanart)]</thumb>
				<onclick>PlayMedia($INFO[Window.Property(RandomMovie.2.Path)])</onclick>
				<visible>!IsEmpty(Window.Property(RandomMovie.2.Path))</visible>
			</item>
			<item id="3">
				<description>Random Movie 3</description>
				<label>$INFO[Window.Property(RandomMovie.3.Title)]</label>
				<icon>$INFO[Window.Property(RandomMovie.3.Thumb)]</icon>
				<thumb>$INFO[Window.Property(RandomMovie.3.Fanart)]</thumb>
				<onclick>PlayMedia($INFO[Window.Property(RandomMovie.3.Path)])</onclick>
				<visible>!IsEmpty(Window.Property(RandomMovie.3.Path))</visible>
			</item>
			<item id="4">
				<description>Random Movie 4</description>
				<label>$INFO[Window.Property(RandomMovie.4.Title)]</label>
				<icon>$INFO[Window.Property(RandomMovie.4.Thumb)]</icon>
				<thumb>$INFO[Window.Property(RandomMovie.4.Fanart)]</thumb>
				<onclick>PlayMedia($INFO[Window.Property(RandomMovie.4.Path)])</onclick>
				<visible>!IsEmpty(Window.Property(RandomMovie.4.Path))</visible>
			</item>
			<item id="5">
				<description>Random Movie 5</description>
				<label>$INFO[Window.Property(RandomMovie.5.Title)]</label>
				<icon>$INFO[Window.Property(RandomMovie.5.Thumb)]</icon>
				<thumb>$INFO[Window.Property(RandomMovie.5.Fanart)]</thumb>
				<onclick>PlayMedia($INFO[Window.Property(RandomMovie.5.Path)])</onclick>
				<visible>!IsEmpty(Window.Property(RandomMovie.5.Path))</visible>
			</item>
			<item id="6">
				<description>Random Movie 6</description>
				<label>$INFO[Window.Property(RandomMovie.6.Title)]</label>
				<icon>$INFO[Window.Property(RandomMovie.6.Thumb)]</icon>
				<thumb>$INFO[Window.Property(RandomMovie.6.Fanart)]</thumb>
				<onclick>PlayMedia($INFO[Window.Property(RandomMovie.6.Path)])</onclick>
				<visible>!IsEmpty(Window.Property(RandomMovie.6.Path))</visible>
			</item>
			<item id="7">
				<description>Random Movie 7</description>
				<label>$INFO[Window.Property(RandomMovie.7.Title)]</label>
				<icon>$INFO[Window.Property(RandomMovie.7.Thumb)]</icon>
				<thumb>$INFO[Window.Property(RandomMovie.7.Fanart)]</thumb>
				<onclick>PlayMedia($INFO[Window.Property(RandomMovie.7.Path)])</onclick>
				<visible>!IsEmpty(Window.Property(RandomMovie.7.Path))</visible>
			</item>
			<item id="8">
				<description>Random Movie 8</description>
				<label>$INFO[Window.Property(RandomMovie.8.Title)]</label>
				<icon>$INFO[Window.Property(RandomMovie.8.Thumb)]</icon>
				<thumb>$INFO[Window.Property(RandomMovie.8.Fanart)]</thumb>
				<onclick>PlayMedia($INFO[Window.Property(RandomMovie.8.Path)])</onclick>
				<visible>!IsEmpty(Window.Property(RandomMovie.8.Path))</visible>
			</item>
			<item id="9">
				<description>Random Movie 9</description>
				<label>$INFO[Window.Property(RandomMovie.9.Title)]</label>
				<icon>$INFO[Window.Property(RandomMovie.9.Thumb)]</icon>
				<thumb>$INFO[Window.Property(RandomMovie.9.Fanart)]</thumb>
				<onclick>PlayMedia($INFO[Window.Property(RandomMovie.9.Path)])</onclick>
				<visible>!IsEmpty(Window.Property(RandomMovie.9.Path))</visible>
			</item>
			<item id="10">
				<description>Random Movie 10</description>
				<label>$INFO[Window.Property(RandomMovie.10.Title)]</label>
				<icon>$INFO[Window.Property(RandomMovie.10.Thumb)]</icon>
				<thumb>$INFO[Window.Property(RandomMovie.10.Fanart)]</thumb>
				<onclick>PlayMedia($INFO[Window.Property(RandomMovie.10.Path)])</onclick>
				<visible>!IsEmpty(Window.Property(RandomMovie.10.Path))</visible>
			</item>
		</content>
	</include>
	<include name="RandomTVShowContents">
		<include>Global_TVShowDeck</include>
		<content>
			<item id="1">
				<description>Random Episode 1</description>
				<label>$INFO[Window.Property(RandomEpisode.1.ShowTitle)] $INFO[Window.Property(RandomEpisode.1.EpisodeNo)] - $INFO[Window.Property(RandomEpisode.1.EpisodeTitle)]</label>
				<icon>-</icon>
				<thumb>$INFO[Window.Property(RandomEpisode.1.Thumb)]</thumb>
				<onclick>PlayMedia($INFO[Window.Property(RandomEpisode.1.Path)])</onclick>
				<visible>!IsEmpty(Window.Property(RandomEpisode.1.Path))</visible>
			</item>
			<item id="2">
				<description>Random Episode 2</description>
				<label>$INFO[Window.Property(RandomEpisode.2.ShowTitle)] $INFO[Window.Property(RandomEpisode.2.EpisodeNo)] - $INFO[Window.Property(RandomEpisode.2.EpisodeTitle)]</label>
				<icon>-</icon>
				<thumb>$INFO[Window.Property(RandomEpisode.2.Thumb)]</thumb>
				<onclick>PlayMedia($INFO[Window.Property(RandomEpisode.2.Path)])</onclick>
				<visible>!IsEmpty(Window.Property(RandomEpisode.2.Path))</visible>
			</item>
			<item id="3">
				<description>Random Episode 3</description>
				<label>$INFO[Window.Property(RandomEpisode.3.ShowTitle)] $INFO[Window.Property(RandomEpisode.3.EpisodeNo)] - $INFO[Window.Property(RandomEpisode.3.EpisodeTitle)]</label>
				<icon>-</icon>
				<thumb>$INFO[Window.Property(RandomEpisode.3.Thumb)]</thumb>
				<onclick>PlayMedia($INFO[Window.Property(RandomEpisode.3.Path)])</onclick>
				<visible>!IsEmpty(Window.Property(RandomEpisode.3.Path))</visible>
			</item>
			<item id="4">
				<description>Random Episode 4</description>
				<label>$INFO[Window.Property(RandomEpisode.4.ShowTitle)] $INFO[Window.Property(RandomEpisode.4.EpisodeNo)] - $INFO[Window.Property(RandomEpisode.4.EpisodeTitle)]</label>
				<icon>-</icon>
				<thumb>$INFO[Window.Property(RandomEpisode.4.Thumb)]</thumb>
				<onclick>PlayMedia($INFO[Window.Property(RandomEpisode.4.Path)])</onclick>
				<visible>!IsEmpty(Window.Property(RandomEpisode.4.Path))</visible>
			</item>
			<item id="5">
				<description>Random Episode 5</description>
				<label>$INFO[Window.Property(RandomEpisode.5.ShowTitle)] $INFO[Window.Property(RandomEpisode.5.EpisodeNo)] - $INFO[Window.Property(RandomEpisode.5.EpisodeTitle)]</label>
				<icon>-</icon>
				<thumb>$INFO[Window.Property(RandomEpisode.5.Thumb)]</thumb>
				<onclick>PlayMedia($INFO[Window.Property(RandomEpisode.5.Path)])</onclick>
				<visible>!IsEmpty(Window.Property(RandomEpisode.5.Path))</visible>
			</item>
			<item id="6">
				<description>Random Episode 6</description>
				<label>$INFO[Window.Property(RandomEpisode.6.ShowTitle)] $INFO[Window.Property(RandomEpisode.6.EpisodeNo)] - $INFO[Window.Property(RandomEpisode.6.EpisodeTitle)]</label>
				<icon>-</icon>
				<thumb>$INFO[Window.Property(RandomEpisode.6.Thumb)]</thumb>
				<onclick>PlayMedia($INFO[Window.Property(RandomEpisode.6.Path)])</onclick>
				<visible>!IsEmpty(Window.Property(RandomEpisode.6.Path))</visible>
			</item>
			<item id="7">
				<description>Random Episode 7</description>
				<label>$INFO[Window.Property(RandomEpisode.7.ShowTitle)] $INFO[Window.Property(RandomEpisode.7.EpisodeNo)] - $INFO[Window.Property(RandomEpisode.7.EpisodeTitle)]</label>
				<icon>-</icon>
				<thumb>$INFO[Window.Property(RandomEpisode.7.Thumb)]</thumb>
				<onclick>PlayMedia($INFO[Window.Property(RandomEpisode.7.Path)])</onclick>
				<visible>!IsEmpty(Window.Property(RandomEpisode.7.Path))</visible>
			</item>
			<item id="8">
				<description>Random Episode 8</description>
				<label>$INFO[Window.Property(RandomEpisode.8.ShowTitle)] $INFO[Window.Property(RandomEpisode.8.EpisodeNo)] - $INFO[Window.Property(RandomEpisode.8.EpisodeTitle)]</label>
				<icon>-</icon>
				<thumb>$INFO[Window.Property(RandomEpisode.8.Thumb)]</thumb>
				<onclick>PlayMedia($INFO[Window.Property(RandomEpisode.8.Path)])</onclick>
				<visible>!IsEmpty(Window.Property(RandomEpisode.8.Path))</visible>
			</item>
			<item id="9">
				<description>Random Episode 9</description>
				<label>$INFO[Window.Property(RandomEpisode.9.ShowTitle)] $INFO[Window.Property(RandomEpisode.9.EpisodeNo)] - $INFO[Window.Property(RandomEpisode.9.EpisodeTitle)]</label>
				<icon>-</icon>
				<thumb>$INFO[Window.Property(RandomEpisode.9.Thumb)]</thumb>
				<onclick>PlayMedia($INFO[Window.Property(RandomEpisode.9.Path)])</onclick>
				<visible>!IsEmpty(Window.Property(RandomEpisode.9.Path))</visible>
			</item>
			<item id="10">
				<description>Random Episode 10</description>
				<label>$INFO[Window.Property(RandomEpisode.10.ShowTitle)] $INFO[Window.Property(RandomEpisode.10.EpisodeNo)] - $INFO[Window.Property(RandomEpisode.10.EpisodeTitle)]</label>
				<icon>-</icon>
				<thumb>$INFO[Window.Property(RandomEpisode.10.Thumb)]</thumb>
				<onclick>PlayMedia($INFO[Window.Property(RandomEpisode.10.Path)])</onclick>
				<visible>!IsEmpty(Window.Property(RandomEpisode.10.Path))</visible>
			</item>
		</content>
	</include>
	<include name="RandomAlbumContents">
		<include>Global_MusicDeck</include>
		<content>
			<item id="1">
				<description>Random Album 1</description>
				<label>$INFO[Window.Property(RandomAlbum.1.Artist)] - $INFO[Window.Property(RandomAlbum.1.Title)]</label>
				<icon>-</icon>
				<thumb>$INFO[Window.Property(RandomAlbum.1.Thumb)]</thumb>
				<onclick>Playlist.Clear</onclick>
				<onclick>$INFO[Window.Property(RandomAlbum.1.Path)]</onclick>
				<visible>!IsEmpty(Window.Property(RandomAlbum.1.Path))</visible>
			</item>
			<item id="2">
				<description>Random Album 2</description>
				<label>$INFO[Window.Property(RandomAlbum.2.Artist)] - $INFO[Window.Property(RandomAlbum.2.Title)]</label>
				<icon>-</icon>
				<thumb>$INFO[Window.Property(RandomAlbum.2.Thumb)]</thumb>
				<onclick>Playlist.Clear</onclick>
				<onclick>$INFO[Window.Property(RandomAlbum.2.Path)]</onclick>
				<visible>!IsEmpty(Window.Property(RandomAlbum.2.Path))</visible>
			</item>
			<item id="3">
				<description>Random Album 3</description>
				<label>$INFO[Window.Property(RandomAlbum.3.Artist)] - $INFO[Window.Property(RandomAlbum.3.Title)]</label>
				<icon>-</icon>
				<thumb>$INFO[Window.Property(RandomAlbum.3.Thumb)]</thumb>
				<onclick>Playlist.Clear</onclick>
				<onclick>$INFO[Window.Property(RandomAlbum.3.Path)]</onclick>
				<visible>!IsEmpty(Window.Property(RandomAlbum.3.Path))</visible>
			</item>
			<item id="4">
				<description>Random Album 4</description>
				<label>$INFO[Window.Property(RandomAlbum.4.Artist)] - $INFO[Window.Property(RandomAlbum.4.Title)]</label>
				<icon>-</icon>
				<thumb>$INFO[Window.Property(RandomAlbum.4.Thumb)]</thumb>
				<onclick>Playlist.Clear</onclick>
				<onclick>$INFO[Window.Property(RandomAlbum.4.Path)]</onclick>
				<visible>!IsEmpty(Window.Property(RandomAlbum.4.Path))</visible>
			</item>
			<item id="5">
				<description>Random Album 5</description>
				<label>$INFO[Window.Property(RandomAlbum.5.Artist)] - $INFO[Window.Property(RandomAlbum.5.Title)]</label>
				<icon>-</icon>
				<thumb>$INFO[Window.Property(RandomAlbum.5.Thumb)]</thumb>
				<onclick>Playlist.Clear</onclick>
				<onclick>$INFO[Window.Property(RandomAlbum.5.Path)]</onclick>
				<visible>!IsEmpty(Window.Property(RandomAlbum.5.Path))</visible>
			</item>
			<item id="6">
				<description>Random Album 6</description>
				<label>$INFO[Window.Property(RandomAlbum.6.Artist)] - $INFO[Window.Property(RandomAlbum.6.Title)]</label>
				<icon>-</icon>
				<thumb>$INFO[Window.Property(RandomAlbum.6.Thumb)]</thumb>
				<onclick>Playlist.Clear</onclick>
				<onclick>$INFO[Window.Property(RandomAlbum.6.Path)]</onclick>
				<visible>!IsEmpty(Window.Property(RandomAlbum.6.Path))</visible>
			</item>
			<item id="7">
				<description>Random Album 7</description>
				<label>$INFO[Window.Property(RandomAlbum.7.Artist)] - $INFO[Window.Property(RandomAlbum.7.Title)]</label>
				<icon>-</icon>
				<thumb>$INFO[Window.Property(RandomAlbum.7.Thumb)]</thumb>
				<onclick>Playlist.Clear</onclick>
				<onclick>$INFO[Window.Property(RandomAlbum.7.Path)]</onclick>
				<visible>!IsEmpty(Window.Property(RandomAlbum.7.Path))</visible>
			</item>
			<item id="8">
				<description>Random Album 8</description>
				<label>$INFO[Window.Property(RandomAlbum.8.Artist)] - $INFO[Window.Property(RandomAlbum.8.Title)]</label>
				<icon>-</icon>
				<thumb>$INFO[Window.Property(RandomAlbum.8.Thumb)]</thumb>
				<onclick>Playlist.Clear</onclick>
				<onclick>$INFO[Window.Property(RandomAlbum.8.Path)]</onclick>
				<visible>!IsEmpty(Window.Property(RandomAlbum.8.Path))</visible>
			</item>
			<item id="9">
				<description>Random Album 9</description>
				<label>$INFO[Window.Property(RandomAlbum.9.Artist)] - $INFO[Window.Property(RandomAlbum.9.Title)]</label>
				<icon>-</icon>
				<thumb>$INFO[Window.Property(RandomAlbum.9.Thumb)]</thumb>
				<onclick>Playlist.Clear</onclick>
				<onclick>$INFO[Window.Property(RandomAlbum.9.Path)]</onclick>
				<visible>!IsEmpty(Window.Property(RandomAlbum.9.Path))</visible>
			</item>
			<item id="10">
				<description>Random Album 10</description>
				<label>$INFO[Window.Property(RandomAlbum.10.Artist)] - $INFO[Window.Property(RandomAlbum.10.Title)]</label>
				<icon>-</icon>
				<thumb>$INFO[Window.Property(RandomAlbum.10.Thumb)]</thumb>
				<onclick>Playlist.Clear</onclick>
				<onclick>$INFO[Window.Property(RandomAlbum.10.Path)]</onclick>
				<visible>!IsEmpty(Window.Property(RandomAlbum.10.Path))</visible>
			</item>
		</content>
	</include>
	<include name="RandomMusicVideoContents">
		<include>Global_MusicVideoDeck</include>
		<content>
			<item id="1">
				<description>Random Music Video 1</description>
				<label>$INFO[Window.Property(RandomMusicVideo.1.Title)]</label>
				<icon>$INFO[Window.Property(RandomMusicVideo.1.Thumb)]</icon>
				<thumb>$INFO[Window.Property(RandomMusicVideo.1.Fanart)]</thumb>
				<onclick>PlayMedia($INFO[Window.Property(RandomMusicVideo.1.Path)])</onclick>
				<visible>!IsEmpty(Window.Property(RandomMusicVideo.1.Path))</visible>
			</item>
			<item id="2">
				<description>Random Music Video 2</description>
				<label>$INFO[Window.Property(RandomMusicVideo.2.Title)]</label>
				<icon>$INFO[Window.Property(RandomMusicVideo.2.Thumb)]</icon>
				<thumb>$INFO[Window.Property(RandomMusicVideo.2.Fanart)]</thumb>
				<onclick>PlayMedia($INFO[Window.Property(RandomMusicVideo.2.Path)])</onclick>
				<visible>!IsEmpty(Window.Property(RandomMusicVideo.2.Path))</visible>
			</item>
			<item id="3">
				<description>Random Music Video 3</description>
				<label>$INFO[Window.Property(RandomMusicVideo.3.Title)]</label>
				<icon>$INFO[Window.Property(RandomMusicVideo.3.Thumb)]</icon>
				<thumb>$INFO[Window.Property(RandomMusicVideo.3.Fanart)]</thumb>
				<onclick>PlayMedia($INFO[Window.Property(RandomMusicVideo.3.Path)])</onclick>
				<visible>!IsEmpty(Window.Property(RandomMusicVideo.3.Path))</visible>
			</item>
			<item id="4">
				<description>Random Music Video 4</description>
				<label>$INFO[Window.Property(RandomMusicVideo.4.Title)]</label>
				<icon>$INFO[Window.Property(RandomMusicVideo.4.Thumb)]</icon>
				<thumb>$INFO[Window.Property(RandomMusicVideo.4.Fanart)]</thumb>
				<onclick>PlayMedia($INFO[Window.Property(RandomMusicVideo.4.Path)])</onclick>
				<visible>!IsEmpty(Window.Property(RandomMusicVideo.4.Path))</visible>
			</item>
			<item id="5">
				<description>Random Music Video 5</description>
				<label>$INFO[Window.Property(RandomMusicVideo.5.Title)]</label>
				<icon>$INFO[Window.Property(RandomMusicVideo.5.Thumb)]</icon>
				<thumb>$INFO[Window.Property(RandomMusicVideo.5.Fanart)]</thumb>
				<onclick>PlayMedia($INFO[Window.Property(RandomMusicVideo.5.Path)])</onclick>
				<visible>!IsEmpty(Window.Property(RandomMusicVideo.5.Path))</visible>
			</item>
			<item id="6">
				<description>Random Music Video 6</description>
				<label>$INFO[Window.Property(RandomMusicVideo.6.Title)]</label>
				<icon>$INFO[Window.Property(RandomMusicVideo.6.Thumb)]</icon>
				<thumb>$INFO[Window.Property(RandomMusicVideo.6.Fanart)]</thumb>
				<onclick>PlayMedia($INFO[Window.Property(RandomMusicVideo.6.Path)])</onclick>
				<visible>!IsEmpty(Window.Property(RandomMusicVideo.6.Path))</visible>
			</item>
			<item id="7">
				<description>Random Music Video 7</description>
				<label>$INFO[Window.Property(RandomMusicVideo.7.Title)]</label>
				<icon>$INFO[Window.Property(RandomMusicVideo.7.Thumb)]</icon>
				<thumb>$INFO[Window.Property(RandomMusicVideo.7.Fanart)]</thumb>
				<onclick>PlayMedia($INFO[Window.Property(RandomMusicVideo.7.Path)])</onclick>
				<visible>!IsEmpty(Window.Property(RandomMusicVideo.7.Path))</visible>
			</item>
			<item id="8">
				<description>Random Music Video 8</description>
				<label>$INFO[Window.Property(RandomMusicVideo.8.Title)]</label>
				<icon>$INFO[Window.Property(RandomMusicVideo.8.Thumb)]</icon>
				<thumb>$INFO[Window.Property(RandomMusicVideo.8.Fanart)]</thumb>
				<onclick>PlayMedia($INFO[Window.Property(RandomMusicVideo.8.Path)])</onclick>
				<visible>!IsEmpty(Window.Property(RandomMusicVideo.8.Path))</visible>
			</item>
			<item id="9">
				<description>Random Music Video 9</description>
				<label>$INFO[Window.Property(RandomMusicVideo.9.Title)]</label>
				<icon>$INFO[Window.Property(RandomMusicVideo.9.Thumb)]</icon>
				<thumb>$INFO[Window.Property(RandomMusicVideo.9.Fanart)]</thumb>
				<onclick>PlayMedia($INFO[Window.Property(RandomMusicVideo.9.Path)])</onclick>
				<visible>!IsEmpty(Window.Property(RandomMusicVideo.9.Path))</visible>
			</item>
			<item id="10">
				<description>Random Music Video 10</description>
				<label>$INFO[Window.Property(RandomMusicVideo.10.Title)]</label>
				<icon>$INFO[Window.Property(RandomMusicVideo.10.Thumb)]</icon>
				<thumb>$INFO[Window.Property(RandomMusicVideo.10.Fanart)]</thumb>
				<onclick>PlayMedia($INFO[Window.Property(RandomMusicVideo.10.Path)])</onclick>
				<visible>!IsEmpty(Window.Property(RandomMusicVideo.10.Path))</visible>
			</item>
		</content>
	</include>

	<include name="WatchlistMovieContents">
		<include>Global_MovieDeck</include>
		<content>
			<item id="1">
				<description>Watchlist Movie 1</description>
				<label>$INFO[Window.Property(WatchList_Movie.1.Label)]</label>
				<icon>$INFO[Window.Property(WatchList_Movie.1.Thumb)]</icon>
				<thumb>$INFO[Window.Property(WatchList_Movie.1.Fanart)]</thumb>
				<onclick>PlayMedia($INFO[Window.Property(WatchList_Movie.1.Path)])</onclick>
				<visible>!IsEmpty(Window.Property(WatchList_Movie.1.Path))</visible>
			</item>
			<item id="2">
				<description>Watchlist Movie 2</description>
				<label>$INFO[Window.Property(WatchList_Movie.2.Label)]</label>
				<icon>$INFO[Window.Property(WatchList_Movie.2.Thumb)]</icon>
				<thumb>$INFO[Window.Property(WatchList_Movie.2.Fanart)]</thumb>
				<onclick>PlayMedia($INFO[Window.Property(WatchList_Movie.2.Path)])</onclick>
				<visible>!IsEmpty(Window.Property(WatchList_Movie.2.Path))</visible>
			</item>
			<item id="3">
				<description>Watchlist Movie 3</description>
				<label>$INFO[Window.Property(WatchList_Movie.3.Label)]</label>
				<icon>$INFO[Window.Property(WatchList_Movie.3.Thumb)]</icon>
				<thumb>$INFO[Window.Property(WatchList_Movie.3.Fanart)]</thumb>
				<onclick>PlayMedia($INFO[Window.Property(WatchList_Movie.3.Path)])</onclick>
				<visible>!IsEmpty(Window.Property(WatchList_Movie.3.Path))</visible>
			</item>
			<item id="4">
				<description>Watchlist Movie 4</description>
				<label>$INFO[Window.Property(WatchList_Movie.4.Label)]</label>
				<icon>$INFO[Window.Property(WatchList_Movie.4.Thumb)]</icon>
				<thumb>$INFO[Window.Property(WatchList_Movie.4.Fanart)]</thumb>
				<onclick>PlayMedia($INFO[Window.Property(WatchList_Movie.4.Path)])</onclick>
				<visible>!IsEmpty(Window.Property(WatchList_Movie.4.Path))</visible>
			</item>
			<item id="5">
				<description>Watchlist Movie 5</description>
				<label>$INFO[Window.Property(WatchList_Movie.5.Label)]</label>
				<icon>$INFO[Window.Property(WatchList_Movie.5.Thumb)]</icon>
				<thumb>$INFO[Window.Property(WatchList_Movie.5.Fanart)]</thumb>
				<onclick>PlayMedia($INFO[Window.Property(WatchList_Movie.5.Path)])</onclick>
				<visible>!IsEmpty(Window.Property(WatchList_Movie.5.Path))</visible>
			</item>
			<item id="6">
				<description>Watchlist Movie 6</description>
				<label>$INFO[Window.Property(WatchList_Movie.6.Label)]</label>
				<icon>$INFO[Window.Property(WatchList_Movie.6.Thumb)]</icon>
				<thumb>$INFO[Window.Property(WatchList_Movie.6.Fanart)]</thumb>
				<onclick>PlayMedia($INFO[Window.Property(WatchList_Movie.6.Path)])</onclick>
				<visible>!IsEmpty(Window.Property(WatchList_Movie.6.Path))</visible>
			</item>
			<item id="7">
				<description>Watchlist Movie 7</description>
				<label>$INFO[Window.Property(WatchList_Movie.7.Label)]</label>
				<icon>$INFO[Window.Property(WatchList_Movie.7.Thumb)]</icon>
				<thumb>$INFO[Window.Property(WatchList_Movie.7.Fanart)]</thumb>
				<onclick>PlayMedia($INFO[Window.Property(WatchList_Movie.7.Path)])</onclick>
				<visible>!IsEmpty(Window.Property(WatchList_Movie.7.Path))</visible>
			</item>
			<item id="8">
				<description>Watchlist Movie 8</description>
				<label>$INFO[Window.Property(WatchList_Movie.8.Label)]</label>
				<icon>$INFO[Window.Property(WatchList_Movie.8.Thumb)]</icon>
				<thumb>$INFO[Window.Property(WatchList_Movie.8.Fanart)]</thumb>
				<onclick>PlayMedia($INFO[Window.Property(WatchList_Movie.8.Path)])</onclick>
				<visible>!IsEmpty(Window.Property(WatchList_Movie.8.Path))</visible>
			</item>
			<item id="9">
				<description>Watchlist Movie 9</description>
				<label>$INFO[Window.Property(WatchList_Movie.9.Label)]</label>
				<icon>$INFO[Window.Property(WatchList_Movie.9.Thumb)]</icon>
				<thumb>$INFO[Window.Property(WatchList_Movie.9.Fanart)]</thumb>
				<onclick>PlayMedia($INFO[Window.Property(WatchList_Movie.9.Path)])</onclick>
				<visible>!IsEmpty(Window.Property(WatchList_Movie.9.Path))</visible>
			</item>
			<item id="10">
				<description>Watchlist Movie 10</description>
				<label>$INFO[Window.Property(WatchList_Movie.10.Label)]</label>
				<icon>$INFO[Window.Property(WatchList_Movie.10.Thumb)]</icon>
				<thumb>$INFO[Window.Property(WatchList_Movie.10.Fanart)]</thumb>
				<onclick>PlayMedia($INFO[Window.Property(WatchList_Movie.10.Path)])</onclick>
				<visible>!IsEmpty(Window.Property(WatchList_Movie.10.Path))</visible>
			</item>
		</content>
	</include>
	<include name="WatchlistTVShowContents">
		<include>Global_TVShowDeck</include>
		<content>
			<item id="1">
				<description>Watchlist Episode 1</description>
				<label>$INFO[Window.Property(WatchList_Episode.1.TVShowTitle)] $INFO[Window.Property(WatchList_Episode.1.EpisodeNo)] - $INFO[Window.Property(WatchList_Episode.1.Label)]</label>
				<icon>-</icon>
				<thumb>$INFO[Window.Property(WatchList_Episode.1.Thumb)]</thumb>
				<onclick>PlayMedia($INFO[Window.Property(WatchList_Episode.1.Path)])</onclick>
				<visible>!IsEmpty(Window.Property(WatchList_Episode.1.Path))</visible>
			</item>
			<item id="2">
				<description>Watchlist Episode 2</description>
				<label>$INFO[Window.Property(WatchList_Episode.2.TVShowTitle)] $INFO[Window.Property(WatchList_Episode.2.EpisodeNo)] - $INFO[Window.Property(WatchList_Episode.2.Label)]</label>
				<icon>-</icon>
				<thumb>$INFO[Window.Property(WatchList_Episode.2.Thumb)]</thumb>
				<onclick>PlayMedia($INFO[Window.Property(WatchList_Episode.2.Path)])</onclick>
				<visible>!IsEmpty(Window.Property(WatchList_Episode.2.Path))</visible>
			</item>
			<item id="3">
				<description>Watchlist Episode 3</description>
				<label>$INFO[Window.Property(WatchList_Episode.3.TVShowTitle)] $INFO[Window.Property(WatchList_Episode.3.EpisodeNo)] - $INFO[Window.Property(WatchList_Episode.3.Label)]</label>
				<icon>-</icon>
				<thumb>$INFO[Window.Property(WatchList_Episode.3.Thumb)]</thumb>
				<onclick>PlayMedia($INFO[Window.Property(WatchList_Episode.3.Path)])</onclick>
				<visible>!IsEmpty(Window.Property(WatchList_Episode.3.Path))</visible>
			</item>
			<item id="4">
				<description>Watchlist Episode 4</description>
				<label>$INFO[Window.Property(WatchList_Episode.4.TVShowTitle)] $INFO[Window.Property(WatchList_Episode.4.EpisodeNo)] - $INFO[Window.Property(WatchList_Episode.4.Label)]</label>
				<icon>-</icon>
				<thumb>$INFO[Window.Property(WatchList_Episode.4.Thumb)]</thumb>
				<onclick>PlayMedia($INFO[Window.Property(WatchList_Episode.4.Path)])</onclick>
				<visible>!IsEmpty(Window.Property(WatchList_Episode.4.Path))</visible>
			</item>
			<item id="5">
				<description>Watchlist Episode 5</description>
				<label>$INFO[Window.Property(WatchList_Episode.5.TVShowTitle)] $INFO[Window.Property(WatchList_Episode.5.EpisodeNo)] - $INFO[Window.Property(WatchList_Episode.5.Label)]</label>
				<icon>-</icon>
				<thumb>$INFO[Window.Property(WatchList_Episode.5.Thumb)]</thumb>
				<onclick>PlayMedia($INFO[Window.Property(WatchList_Episode.5.Path)])</onclick>
				<visible>!IsEmpty(Window.Property(WatchList_Episode.5.Path))</visible>
			</item>
			<item id="6">
				<description>Watchlist Episode 6</description>
				<label>$INFO[Window.Property(WatchList_Episode.6.TVShowTitle)] $INFO[Window.Property(WatchList_Episode.6.EpisodeNo)] - $INFO[Window.Property(WatchList_Episode.6.Label)]</label>
				<icon>-</icon>
				<thumb>$INFO[Window.Property(WatchList_Episode.6.Thumb)]</thumb>
				<onclick>PlayMedia($INFO[Window.Property(WatchList_Episode.6.Path)])</onclick>
				<visible>!IsEmpty(Window.Property(WatchList_Episode.6.Path))</visible>
			</item>
			<item id="7">
				<description>Watchlist Episode 7</description>
				<label>$INFO[Window.Property(WatchList_Episode.7.TVShowTitle)] $INFO[Window.Property(WatchList_Episode.7.EpisodeNo)] - $INFO[Window.Property(WatchList_Episode.7.Label)]</label>
				<icon>-</icon>
				<thumb>$INFO[Window.Property(WatchList_Episode.7.Thumb)]</thumb>
				<onclick>PlayMedia($INFO[Window.Property(WatchList_Episode.7.Path)])</onclick>
				<visible>!IsEmpty(Window.Property(WatchList_Episode.7.Path))</visible>
			</item>
			<item id="8">
				<description>Watchlist Episode 8</description>
				<label>$INFO[Window.Property(WatchList_Episode.8.TVShowTitle)] $INFO[Window.Property(WatchList_Episode.8.EpisodeNo)] - $INFO[Window.Property(WatchList_Episode.8.Label)]</label>
				<icon>-</icon>
				<thumb>$INFO[Window.Property(WatchList_Episode.8.Thumb)]</thumb>
				<onclick>PlayMedia($INFO[Window.Property(WatchList_Episode.8.Path)])</onclick>
				<visible>!IsEmpty(Window.Property(WatchList_Episode.8.Path))</visible>
			</item>
			<item id="9">
				<description>Watchlist Episode 9</description>
				<label>$INFO[Window.Property(WatchList_Episode.9.TVShowTitle)] $INFO[Window.Property(WatchList_Episode.9.EpisodeNo)] - $INFO[Window.Property(WatchList_Episode.9.Label)]</label>
				<icon>-</icon>
				<thumb>$INFO[Window.Property(WatchList_Episode.9.Thumb)]</thumb>
				<onclick>PlayMedia($INFO[Window.Property(WatchList_Episode.9.Path)])</onclick>
				<visible>!IsEmpty(Window.Property(WatchList_Episode.9.Path))</visible>
			</item>
			<item id="10">
				<description>Watchlist Episode 10</description>
				<label>$INFO[Window.Property(WatchList_Episode.10.TVShowTitle)] $INFO[Window.Property(WatchList_Episode.10.EpisodeNo)] - $INFO[Window.Property(WatchList_Episode.10.Label)]</label>
				<icon>-</icon>
				<thumb>$INFO[Window.Property(WatchList_Episode.10.Thumb)]</thumb>
				<onclick>PlayMedia($INFO[Window.Property(WatchList_Episode.10.Path)])</onclick>
				<visible>!IsEmpty(Window.Property(WatchList_Episode.10.Path))</visible>
			</item>
		</content>
	</include>
	<include name="WatchlistAlbumContents">
		<include>Global_MusicDeck</include>
		<content>
			<item id="1">
				<description>Watchlist Album 1</description>
				<label>$INFO[Window.Property(WatchList_Album.1.Artist)] - $INFO[Window.Property(WatchList_Album.1.Label)]</label>
				<icon>-</icon>
				<thumb>$INFO[Window.Property(WatchList_Album.1.Thumb)]</thumb>
				<onclick>$INFO[Window.Property(WatchList_Album.1.Path)]</onclick>
				<visible>!IsEmpty(Window.Property(WatchList_Album.1.Path))</visible>
			</item>
			<item id="2">
				<description>Watchlist Album 2</description>
				<label>$INFO[Window.Property(WatchList_Album.2.Artist)] - $INFO[Window.Property(WatchList_Album.2.Label)]</label>
				<icon>-</icon>
				<thumb>$INFO[Window.Property(WatchList_Album.2.Thumb)]</thumb>
				<onclick>$INFO[Window.Property(WatchList_Album.2.Path)]</onclick>
				<visible>!IsEmpty(Window.Property(WatchList_Album.2.Path))</visible>
			</item>
			<item id="3">
				<description>Watchlist Album 3</description>
				<label>$INFO[Window.Property(WatchList_Album.3.Artist)] - $INFO[Window.Property(WatchList_Album.3.Label)]</label>
				<icon>-</icon>
				<thumb>$INFO[Window.Property(WatchList_Album.3.Thumb)]</thumb>
				<onclick>$INFO[Window.Property(WatchList_Album.3.Path)]</onclick>
				<visible>!IsEmpty(Window.Property(WatchList_Album.3.Path))</visible>
			</item>
			<item id="4">
				<description>Watchlist Album 4</description>
				<label>$INFO[Window.Property(WatchList_Album.4.Artist)] - $INFO[Window.Property(WatchList_Album.4.Label)]</label>
				<icon>-</icon>
				<thumb>$INFO[Window.Property(WatchList_Album.4.Thumb)]</thumb>
				<onclick>$INFO[Window.Property(WatchList_Album.4.Path)]</onclick>
				<visible>!IsEmpty(Window.Property(WatchList_Album.4.Path))</visible>
			</item>
			<item id="5">
				<description>Watchlist Album 5</description>
				<label>$INFO[Window.Property(WatchList_Album.5.Artist)] - $INFO[Window.Property(WatchList_Album.5.Label)]</label>
				<icon>-</icon>
				<thumb>$INFO[Window.Property(WatchList_Album.5.Thumb)]</thumb>
				<onclick>$INFO[Window.Property(WatchList_Album.5.Path)]</onclick>
				<visible>!IsEmpty(Window.Property(WatchList_Album.5.Path))</visible>
			</item>
			<item id="6">
				<description>Watchlist Album 6</description>
				<label>$INFO[Window.Property(WatchList_Album.6.Artist)] - $INFO[Window.Property(WatchList_Album.6.Label)]</label>
				<icon>-</icon>
				<thumb>$INFO[Window.Property(WatchList_Album.6.Thumb)]</thumb>
				<onclick>$INFO[Window.Property(WatchList_Album.6.Path)]</onclick>
				<visible>!IsEmpty(Window.Property(WatchList_Album.6.Path))</visible>
			</item>
			<item id="7">
				<description>Watchlist Album 7</description>
				<label>$INFO[Window.Property(WatchList_Album.7.Artist)] - $INFO[Window.Property(WatchList_Album.7.Label)]</label>
				<icon>-</icon>
				<thumb>$INFO[Window.Property(WatchList_Album.7.Thumb)]</thumb>
				<onclick>$INFO[Window.Property(WatchList_Album.7.Path)]</onclick>
				<visible>!IsEmpty(Window.Property(WatchList_Album.7.Path))</visible>
			</item>
			<item id="8">
				<description>Watchlist Album 8</description>
				<label>$INFO[Window.Property(WatchList_Album.8.Artist)] - $INFO[Window.Property(WatchList_Album.8.Label)]</label>
				<icon>-</icon>
				<thumb>$INFO[Window.Property(WatchList_Album.8.Thumb)]</thumb>
				<onclick>$INFO[Window.Property(WatchList_Album.8.Path)]</onclick>
				<visible>!IsEmpty(Window.Property(WatchList_Album.8.Path))</visible>
			</item>
			<item id="9">
				<description>Watchlist Album 9</description>
				<label>$INFO[Window.Property(WatchList_Album.9.Artist)] - $INFO[Window.Property(WatchList_Album.9.Label)]</label>
				<icon>-</icon>
				<thumb>$INFO[Window.Property(WatchList_Album.9.Thumb)]</thumb>
				<onclick>$INFO[Window.Property(WatchList_Album.9.Path)]</onclick>
				<visible>!IsEmpty(Window.Property(WatchList_Album.9.Path))</visible>
			</item>
			<item id="10">
				<description>Watchlist Album 10</description>
				<label>$INFO[Window.Property(WatchList_Album.10.Artist)] - $INFO[Window.Property(WatchList_Album.10.Label)]</label>
				<icon>-</icon>
				<thumb>$INFO[Window.Property(WatchList_Album.10.Thumb)]</thumb>
				<onclick>$INFO[Window.Property(WatchList_Album.10.Path)]</onclick>
				<visible>!IsEmpty(Window.Property(WatchList_Album.10.Path))</visible>
			</item>
		</content>
	</include>
</includes>
