﻿<window id="1">
	<views>55,503,58,950,951,952</views>
	<defaultcontrol>55</defaultcontrol>
	<allowoverlay>yes</allowoverlay>
	<controls>
		<include>Global_Background</include>
		<control type="image">
			<include>Dimensions_Fullscreen</include>
			<fadetime>400</fadetime>
			<texture background="true" diffuse="diffuse_fanart.png">$INFO[ListItem.Property(Fanart_Image)]</texture>
			<colordiffuse>FanartDiffuse</colordiffuse>
			<include>Animation_CommonFade</include>
			<visible>!SubString(Container.FolderPath,advanced.launcher)</visible>
		</control>
		<include>Viewtype_Files</include>		<!-- 55 -->
		<include>Viewtype_Gallery_Square</include>	<!-- 58 -->
		<include>Viewtype_List</include>		<!-- 503 -->
		<include>Viewtype_Games_Tall</include>		<!-- 950 -->
		<include>Viewtype_Games_Square</include>	<!-- 951 -->
		<include>Viewtype_Games_Wide</include>		<!-- 952 -->
		<include>Global_ContextFilter</include>
		<include>Global_AddonInfo</include>
		<include>Global_ScrollOffsetLabel</include>
		<!-- Navigation Menu -->
		<control type="group">
			<include>Animation_NavMenu</include>
			<include>NavMenuBackground</include>
			<control type="grouplist" id="7000">
				<posx>470</posx>
				<posy>120</posy>
				<width>340</width>
				<height>548</height>
				<itemgap>2</itemgap>
				<onleft>55</onleft>
				<onright>55</onright>
				<onup>7000</onup>
				<ondown>7000</ondown>
				<orientation>vertical</orientation>
				<visible allowhiddenfocus="true">ControlGroup(7000).HasFocus</visible>
				<control type="button" id="2">
					<description>View</description>
					<width>340</width>
					<height>40</height>
					<align>left</align>
					<aligny>center</aligny>
					<font>METF_DialogLarge</font>
					<label>-</label>
					<textoffsetx>20</textoffsetx>
					<textcolor>TextNF</textcolor>
					<focusedcolor>DialogTextFO</focusedcolor>
					<disabledcolor>TextDisabled</disabledcolor>
					<texturefocus>ButtonFO2Wide.png</texturefocus>
					<texturenofocus>-</texturenofocus>
					<pulseonselect>false</pulseonselect>
				</control>
				<control type="button" id="3">
					<description>Sort</description>
					<width>340</width>
					<height>40</height>
					<align>left</align>
					<aligny>center</aligny>
					<font>METF_DialogLarge</font>
					<label>-</label>
					<textoffsetx>20</textoffsetx>
					<textcolor>TextNF</textcolor>
					<focusedcolor>DialogTextFO</focusedcolor>
					<disabledcolor>TextDisabled</disabledcolor>
					<texturefocus>ButtonFO2Wide.png</texturefocus>
					<texturenofocus>-</texturenofocus>
					<pulseonselect>false</pulseonselect>
				</control>
				<control type="togglebutton" id="4">
					<description>Ascending</description>
					<width>340</width>
					<height>40</height>
					<align>left</align>
					<label>584</label>
					<altlabel>585</altlabel>
					<textoffsetx>20</textoffsetx>
					<font>METF_DialogLarge</font>
					<textcolor>TextNF</textcolor>
					<focusedcolor>DialogTextFO</focusedcolor>
					<disabledcolor>TextDisabled</disabledcolor>
					<texturefocus>ButtonFO2Wide.png</texturefocus>
					<texturenofocus>-</texturenofocus>
					<alttexturenofocus border="2">-</alttexturenofocus>
					<alttexturefocus border="5">ButtonFO2.png</alttexturefocus>
					<aligny>center</aligny>
					<pulseonselect>false</pulseonselect>
				</control>
				<include>Nav_NowPlaying</include>
			</control>
		</control>
		<include>Global_Weather</include>
		<include>Global_Time</include>
		<include>Global_Heading</include>
		<include>Global_Music</include>
		<include condition="Skin.HasSetting(DebugGrid)">Object_DebugGrid</include>
		<include condition="Skin.HasSetting(DebugMode)">Debug</include>
	</controls>
</window>
