﻿<includes>
	<include name="Viewtype_Landscape">
		<control type="group">
			<visible>Control.IsVisible(52)</visible>
			<!-- Browser -->
			<control type="fixedlist" id="52">
				<posx>-105</posx>
				<posy>240</posy>
				<height>500</height>
				<width>1400</width>
				<include condition="!Skin.HasSetting(ViewLockdown)">OnUp7000</include>
				<ondown>60</ondown>
				<onleft>52</onleft>
				<onright>52</onright>
				<viewtype label="31291">icon</viewtype>
				<orientation>horizontal</orientation>
				<focusposition>2</focusposition>
				<scrolltime>200</scrolltime>
				<preloaditems>2</preloaditems>
				<pagecontrol>60</pagecontrol>
				<include>Animation_FadedByMenu</include>
				<include>Animation_OpenCloseFade</include>
				<include>Animation_HiddenByInfo</include>
				<visible>!Skin.HasSetting(NoViewLandscape)</visible>
				<visible>Window.IsActive(videolibrary) + [Container.Content(movies) | Container.Content(tvshows) | Container.Content(seasons) | Container.Content(episodes)]</visible>
				<itemlayout width="284" height="234">
					<control type="image">
						<posx>4</posx>
						<posy>40</posy>
						<width>272</width>
						<height>152</height>
						<texture>landscapematteNF.png</texture>
						<colordiffuse>FrameBackgroundDiffuse</colordiffuse>
						<visible>!IsEmpty(ListItem.Title)</visible>
					</control>
					<control type="image">
						<posx>4</posx>
						<posy>40</posy>
						<width>272</width>
						<height>152</height>
						<texture background="true" diffuse="landscapematteNF.png">$INFO[ListItem.Icon]</texture>
						<fadetime>200</fadetime>
						<colordiffuse>LandscapeDiffuse</colordiffuse>
						<aspectratio scalediffuse="false">keep</aspectratio>
						<visible>IsEmpty(ListItem.Title)</visible>
					</control>
					<control type="image">
						<posx>4</posx>
						<posy>40</posy>
						<width>272</width>
						<height>152</height>
						<texture background="true" diffuse="landscapematteNF.png">$INFO[ListItem.Property(Fanart_Image)]</texture>
						<fadetime>200</fadetime>
						<colordiffuse>LandscapeDiffuse</colordiffuse>
						<aspectratio scalediffuse="false">stretch</aspectratio>
						<visible>!IsEmpty(ListItem.Title) + Container.Content(tvshows) + !Skin.HasSetting(landscape_jpg)</visible>
					</control>
					<control type="image">
						<posx>4</posx>
						<posy>40</posy>
						<width>272</width>
						<height>152</height>
						<texture background="true" diffuse="landscapematteNF.png">$INFO[ListItem.Path]landscape.jpg</texture>
						<fadetime>200</fadetime>
						<colordiffuse>LandscapeDiffuse</colordiffuse>
						<aspectratio scalediffuse="false">stretch</aspectratio>
						<visible>!IsEmpty(ListItem.Title) + Container.Content(tvshows) + Skin.HasSetting(landscape_jpg)</visible>
					</control>
					<control type="image">
						<posx>4</posx>
						<posy>40</posy>
						<width>272</width>
						<height>152</height>
						<texture background="true" diffuse="landscapematteNF.png">$INFO[ListItem.Icon]</texture>
						<fadetime>200</fadetime>
						<colordiffuse>LandscapeDiffuse</colordiffuse>
						<aspectratio scalediffuse="false">scale</aspectratio>
						<visible>!IsEmpty(ListItem.Title) + [Container.Content(seasons) | Container.Content(episodes)]</visible>
					</control>
					<control type="image">
						<posx>4</posx>
						<posy>40</posy>
						<width>272</width>
						<height>152</height>
						<texture background="true" fallback="home_art/movies.jpg" diffuse="landscapematteNF.png">$INFO[ListItem.Property(Fanart_Image)]</texture>
						<fadetime>200</fadetime>
						<colordiffuse>LandscapeDiffuse</colordiffuse>
						<aspectratio scalediffuse="false">stretch</aspectratio>
						<visible>!IsEmpty(ListItem.Title) + Container.Content(movies)</visible>
					</control>
					<control type="image">
						<posx>2</posx>
						<posy>38</posy>
						<width>276</width>
						<height>156</height>
						<texture>landscapeframeNF.png</texture>
					</control>
					<control type="image">
						<posx>245</posx>
						<posy>162</posy>
						<width>24</width>
						<height>24</height>
						<texture>$INFO[ListItem.Overlay]</texture>
						<colordiffuse>WatchedOverlay</colordiffuse>
						<visible>[Container.Content(movies) + !Skin.HasSetting(HideMovieWatchedOverlays)] | [!Container.Content(movies) + !Skin.HasSetting(HideTVWatchedOverlays)]</visible>
					</control>
				</itemlayout>
				<focusedlayout width="360" height="260">
					<control type="image">
						<posx>18</posx>
						<posy>20</posy>
						<width>320</width>
						<height>180</height>
						<texture>frames/ClassicFrame_Background.png</texture>
						<colordiffuse>FrameBackgroundDiffuse</colordiffuse>
					</control>
					<control type="image">
						<posx>18</posx>
						<posy>20</posy>
						<width>320</width>
						<height>180</height>
						<texture background="true">$INFO[ListItem.Icon]</texture>
						<fadetime>200</fadetime>
						<aspectratio scalediffuse="false">keep</aspectratio>
						<animation type="Focus" reversible="false">
							<effect type="zoom" center="auto" start="70" end="100" time="300" tween="back" easing="out" />
						</animation>
						<visible>IsEmpty(ListItem.Title)</visible>
					</control>
					<control type="image">
						<posx>18</posx>
						<posy>20</posy>
						<width>320</width>
						<height>180</height>
						<texture background="true">$INFO[ListItem.Property(Fanart_Image)]</texture>
						<fadetime>200</fadetime>
						<aspectratio scalediffuse="false">stretch</aspectratio>
						<animation type="Focus" reversible="false">
							<effect type="zoom" center="auto" start="70" end="100" time="300" tween="back" easing="out" />
						</animation>
						<visible>!IsEmpty(ListItem.Title) + Container.Content(tvshows) + !Skin.HasSetting(landscape_jpg)</visible>
					</control>
					<control type="image">
						<posx>18</posx>
						<posy>20</posy>
						<width>320</width>
						<height>180</height>
						<texture background="true">$INFO[ListItem.Path]landscape.jpg</texture>
						<fadetime>200</fadetime>
						<aspectratio scalediffuse="false">stretch</aspectratio>
						<animation type="Focus" reversible="false">
							<effect type="zoom" center="auto" start="70" end="100" time="300" tween="back" easing="out" />
						</animation>
						<visible>!IsEmpty(ListItem.Title) + Container.Content(tvshows) + Skin.HasSetting(landscape_jpg)</visible>
					</control>
					<control type="image">
						<posx>18</posx>
						<posy>20</posy>
						<width>320</width>
						<height>180</height>
						<texture background="true">$INFO[ListItem.Icon]</texture>
						<fadetime>200</fadetime>
						<aspectratio scalediffuse="false">scale</aspectratio>
						<animation type="Focus" reversible="false">
							<effect type="zoom" center="auto" start="70" end="100" time="300" tween="back" easing="out" />
						</animation>
						<visible>!IsEmpty(ListItem.Title) + [Container.Content(seasons) | Container.Content(episodes)]</visible>
					</control>
					<control type="image">
						<posx>18</posx>
						<posy>20</posy>
						<width>320</width>
						<height>180</height>
						<texture background="true" fallback="home_art/movies.jpg">$INFO[ListItem.Property(Fanart_Image)]</texture>
						<fadetime>200</fadetime>
						<aspectratio scalediffuse="false">stretch</aspectratio>
						<animation type="Focus" reversible="false">
							<effect type="zoom" center="auto" start="70" end="100" time="300" tween="back" easing="out" />
						</animation>
						<visible>!IsEmpty(ListItem.Title) + Container.Content(movies)</visible>
					</control>
					
					<control type="image">
						<posx>-2</posx>
						<posy>0</posy>
						<width>360</width>
						<height>224</height>
						<texture background="true">frames/ClassicFrame_FanartSmall.png</texture>
						<animation type="Focus" reversible="false">
							<effect type="zoom" center="auto" start="70" end="100" time="300" tween="back" easing="out" />
							<effect type="fade" start="50" end="100" time="300" />
						</animation>
					</control>
					<control type="image">
						<posx>305</posx>
						<posy>169</posy>
						<width>24</width>
						<height>24</height>
						<texture>$INFO[ListItem.Overlay]</texture>
						<colordiffuse>WatchedOverlay</colordiffuse>
						<animation type="Focus" reversible="false">
							<effect type="zoom" center="152,92" start="70" end="100" time="300" tween="back" easing="out" />
							<effect type="fade" start="50" end="100" time="300" />
						</animation>
						<visible>[Container.Content(movies) + !Skin.HasSetting(HideMovieWatchedOverlays)] | [!Container.Content(movies) + !Skin.HasSetting(HideTVWatchedOverlays)]</visible>
					</control>
				</focusedlayout>
			</control>
			<!-- Browser label and flags -->
			<!-- Title -->
			<control type="label">
				<posx>40</posx>
				<posy>472</posy>
				<width>1200</width>
				<height>40</height>
				<align>center</align>
				<font>METF_TitleTextLarge</font>
				<textcolor>TitleText</textcolor>
				<label>$INFO[ListItem.Label]</label>
				<include>Animation_OpenCloseFade</include>
				<include>Animation_FadedByMenu</include>
				<include>Animation_HiddenByInfo</include>
				<visible>Window.IsActive(VideoLibrary) + [Container.Content(movies) | Container.Content(tvshows) | Container.Content(seasons) | Container.Content(episodes)]</visible>
			</control>
			<control type="grouplist">
				<posx>40</posx>
				<posy>505</posy>
				<width>1200</width>
				<height>30</height>
				<align>center</align>
				<itemgap>10</itemgap>
				<orientation>horizontal</orientation>
				<include>Animation_OpenCloseFade</include>
				<include>Animation_FadedByMenu</include>
				<include>Animation_HiddenByInfo</include>
				<visible>Window.IsActive(VideoLibrary) + [Container.Content(movies) | Container.Content(tvshows) | Container.Content(seasons) | Container.Content(episodes)]</visible>
				<!-- Genre -->
				<control type="label">
					<width min="25" max="1200">auto</width>
					<height>30</height>
					<aligny>center</aligny>
					<font>METF_MediaDetailsSmall</font>
					<textcolor>MediaDetailsGenre</textcolor>
					<label>$INFO[ListItem.Genre]</label>
					<visible>!IsEmpty(ListItem.Genre)</visible>
				</control>
				<!-- Bullet -->
				<control type="image">
					<width>8</width>
					<height>36</height>
					<texture>Dot.png</texture>
					<aspectratio align="center" aligny="center">keep</aspectratio>
					<colordiffuse>BulletDiffuse</colordiffuse>
					<visible>![IsEmpty(ListItem.Genre) | IsEmpty(ListItem.Year)]</visible>
				</control>
				<!-- Year -->
				<control type="label">
					<width min="25" max="1200">auto</width>
					<height>30</height>
					<aligny>center</aligny>
					<font>METF_MediaDetailsSmall</font>
					<textcolor>MediaDetailsYear</textcolor>
					<label>$INFO[ListItem.Year]</label>
					<visible>!IsEmpty(ListItem.Year) + !Container.Content(episodes)</visible>
				</control>
				<!-- Episode First Aired Date -->
				<control type="label">
					<width min="25" max="1200">auto</width>
					<height>30</height>
					<aligny>center</aligny>
					<font>METF_MediaDetailsSmall</font>
					<textcolor>MediaDetailsInfo</textcolor>
					<label>$LOCALIZE[20416] $INFO[ListItem.Date]</label>
					<visible>!IsEmpty(ListItem.Date) + Container.Content(episodes)</visible>
				</control>
				<!-- Bullet -->
				<control type="image">
					<width>8</width>
					<height>36</height>
					<texture>Dot.png</texture>
					<aspectratio align="center" aligny="center">keep</aspectratio>
					<colordiffuse>BulletDiffuse</colordiffuse>
					<visible>![IsEmpty(ListItem.Year) | IsEmpty(ListItem.Duration)] + [Container.Content(movies) | Container.Content(tvshows)] | ![IsEmpty(ListItem.Date) | IsEmpty(ListItem.Duration)] + Container.Content(episodes)</visible>
				</control>
				<!-- Duration -->
				<control type="label">
					<width min="25" max="1200">auto</width>
					<height>30</height>
					<aligny>center</aligny>
					<font>METF_MediaDetailsSmall</font>
					<textcolor>MediaDetailsDuration</textcolor>
					<label>$INFO[ListItem.Duration,, [LOWERCASE]$LOCALIZE[31299][/LOWERCASE]]</label>
					<visible>!IsEmpty(ListItem.Duration) + !SubString(ListItem.Duration,min) + !Container.Content(tvshows)</visible>
				</control>
				<control type="label">
					<width min="25" max="1200">auto</width>
					<height>30</height>
					<aligny>center</aligny>
					<font>METF_MediaDetailsSmall</font>
					<textcolor>MediaDetailsDuration</textcolor>
					<label>$INFO[ListItem.Duration]</label>
					<visible>!IsEmpty(ListItem.Duration) + SubString(ListItem.Duration,min) + !Container.Content(tvshows)</visible>
				</control>
				<!-- Bullet -->
				<control type="image">
					<width>8</width>
					<height>36</height>
					<texture>Dot.png</texture>
					<aspectratio align="center" aligny="center">keep</aspectratio>
					<colordiffuse>BulletDiffuse</colordiffuse>
					<visible>![IsEmpty(ListItem.Duration) | IsEmpty(ListItem.Property(TotalEpisodes))] + !Container.Content(episodes) | Container.Content(tvshows)</visible>
				</control>
				<!-- Episode Count -->
				<control type="label">
					<width min="25" max="1200">auto</width>
					<height>30</height>
					<aligny>center</aligny>
					<font>METF_MediaDetailsSmall</font>
					<textcolor>MediaDetailsEpisodes</textcolor>
					<label>$INFO[ListItem.Property(TotalEpisodes)] $LOCALIZE[20360]</label>
					<visible>!IsEmpty(ListItem.Property(TotalEpisodes)) + [Container.Content(tvshows) | Container.Content(seasons)]</visible>
				</control>
				<!-- Bullet -->
				<control type="image">
					<width>8</width>
					<height>36</height>
					<texture>Dot.png</texture>
					<aspectratio align="center" aligny="center">keep</aspectratio>
					<colordiffuse>BulletDiffuse</colordiffuse>
					<visible>!IsEmpty(ListItem.Property(TotalEpisodes)) + [Container.Content(seasons) | Container.Content(tvshows)]</visible>
				</control>
				<!-- Unwatched Episode Count -->
				<control type="label">
					<width min="25" max="1200">auto</width>
					<height>30</height>
					<aligny>center</aligny>
					<font>METF_MediaDetailsSmall</font>
					<textcolor>MediaDetailsEpisodes</textcolor>
					<label>$INFO[ListItem.Property(UnWatchedEpisodes)] $LOCALIZE[16101]</label>
					<visible>!IsEmpty(ListItem.Property(TotalEpisodes)) + [Container.Content(seasons) | Container.Content(tvshows)]</visible>
				</control>
			</control>
			<!-- Movie Sets -->
			<control type="label">
				<posx>240</posx>
				<posy>503</posy>
				<width>800</width>
				<height>30</height>
				<align>center</align>
				<aligny>center</aligny>
				<font>METF_MediaDetailsSmall</font>
				<textcolor>MediaDetailsGenre</textcolor>
				<label>$LOCALIZE[31313]</label>
				<include>Animation_FadedByMenu</include>
				<include>Animation_HiddenByInfo</include>
				<include>Animation_OpenCloseFade</include>
				<visible>Container.Content(movies) + IsEmpty(ListItem.path) + !StringCompare(ListItem.Label,..)</visible>
			</control>
			<include>ScrollBar_Horizontal</include>
		</control>
	</include>
</includes>
