﻿<includes>
	<include name="Viewtype_Gallery_Square">
		<control type="group">
			<control type="image">
				<include>Dimensions_Fullscreen</include>
				<fadetime>400</fadetime>
				<texture background="true" diffuse="diffuse_fanart.png">$INFO[ListItem.Property(Fanart_Image)]</texture>
				<colordiffuse>FanartDiffuse</colordiffuse>
				<include>Animation_CommonFade</include>
				<visible>[!Skin.HasSetting(HideMusicFanart) + [Container.Content(artists) | Container.Content(albums)]] | SubString(Container.FolderPath,advanced.launcher)</visible>
			</control>
			<visible>Control.IsVisible(58)</visible>
			<!-- Browser -->
			<control type="panel" id="58">
				<viewtype label="$LOCALIZE[31414] $LOCALIZE[31415]">icon</viewtype>
				<posx>25</posx>
				<posy>65</posy>
				<width>1230</width>
				<height>410</height>
				<scrolltime>200</scrolltime>
				<orientation>vertical</orientation>
				<onup>58</onup>
				<ondown>58</ondown>
				<include condition="!Skin.HasSetting(ViewLockdown)">OnLeft7000</include>
				<onright>61</onright>
				<pagecontrol>61</pagecontrol>
				<preloaditems>2</preloaditems>
				<include>Animation_OpenCloseFade</include>
				<include>Animation_FadedByMenu</include>
				<include>Animation_HiddenByInfo</include>
				<visible>!Skin.HasSetting(NoViewGallerySquare)</visible>
				<visible>Window.IsActive(programs) | Window.IsActive(videofiles) | Container.Content(Addons) | Container.Content(Albums)</visible>
				<itemlayout width="205" height="205">
					<control type="image">
						<posx>25</posx>
						<posy>25</posy>
						<width>155</width>
						<height>155</height>
						<texture>frames/ClassicFrame_Background.png</texture>
						<colordiffuse>FrameBackgroundDiffuse</colordiffuse>
						<visible>!substring(ListItem.Icon,default)</visible>
					</control>
					<control type="image">
						<posx>25</posx>
						<posy>25</posy>
						<width>155</width>
						<height>155</height>
						<texture background="true" fallback="DefaultThumb.png">$INFO[ListItem.Icon]</texture>
						<aspectratio scalediffuse="false">stretch</aspectratio>
					</control>
					<control type="image">
						<posx>5</posx>
						<posy>2</posy>
						<width>195</width>
						<height>197</height>
						<texture>frames/ClassicFrame_SquareSmall.png</texture>
						<visible>!substring(ListItem.Icon,default)</visible>
					</control>
				</itemlayout>
				<focusedlayout width="205" height="205">
					<control type="image">
						<posx>25</posx>
						<posy>25</posy>
						<width>155</width>
						<height>155</height>
						<texture>frames/ClassicFrame_Background.png</texture>
						<colordiffuse>FrameBackgroundDiffuse</colordiffuse>
						<animation reversible="false" effect="zoom" center="auto" start="100" end="120" time="200" tween="sine" easing="inout">focus</animation>
						<animation reversible="false" effect="zoom" center="auto" start="120" end="100" time="200" tween="sine" easing="inout">unfocus</animation>
						<visible>!substring(ListItem.Icon,default)</visible>
					</control>
					<control type="image">
						<posx>25</posx>
						<posy>25</posy>
						<width>155</width>
						<height>155</height>
						<texture background="true" fallback="DefaultThumb.png">$INFO[ListItem.Icon]</texture>
						<aspectratio scalediffuse="false">stretch</aspectratio>
						<animation reversible="false" effect="zoom" center="auto" start="100" end="120" time="200" tween="sine" easing="inout">focus</animation>
						<animation reversible="false" effect="zoom" center="auto" start="120" end="100" time="200" tween="sine" easing="inout">unfocus</animation>
					</control>
					<control type="image">
						<posx>5</posx>
						<posy>2</posy>
						<width>195</width>
						<height>197</height>
						<texture>frames/ClassicFrame_SquareSmall.png</texture>
						<animation reversible="false" effect="zoom" center="auto" start="100" end="120" time="200" tween="sine" easing="inout">focus</animation>
						<animation reversible="false" effect="zoom" center="auto" start="120" end="100" time="200" tween="sine" easing="inout">unfocus</animation>
						<visible>!substring(ListItem.Icon,default)</visible>
					</control>
				</focusedlayout>
			</control>
			<!-- Browser label and flags -->
			<control type="group">
				<include>Animation_OpenCloseFade</include>
				<include>Animation_FadedByMenu</include>
				<include>Animation_HiddenByInfo</include>
				<visible>Window.IsActive(programs) | Window.IsActive(videofiles) | Container.Content(Addons) | Container.Content(Albums)</visible>
				<!-- Title -->
				<control type="grouplist">
					<posx>40</posx>
					<posy>495</posy>
					<width>1208</width>
					<height>30</height>
					<align>center</align>
					<itemgap>10</itemgap>
					<orientation>horizontal</orientation>
					<!-- Artist -->
					<control type="label">
						<width min="25" max="600">auto</width>
						<height>30</height>
						<aligny>center</aligny>
						<font>METF_TitleTextLarge</font>
						<textcolor>TitleText</textcolor>
						<label>$INFO[ListItem.Label2]</label>
						<visible>!IsEmpty(ListItem.Label2)</visible>
					</control>
					<!-- Bullet -->
					<control type="image">
						<width>8</width>
						<height>36</height>
						<texture>Dot.png</texture>
						<aspectratio align="center" aligny="center">keep</aspectratio>
						<colordiffuse>BulletDiffuse</colordiffuse>
						<visible>![IsEmpty(ListItem.Label2) | IsEmpty(ListItem.Label)]</visible>
					</control>
					<!-- Album -->
					<control type="label">
						<width min="25" max="600">auto</width>
						<height>30</height>
						<aligny>center</aligny>
						<font>METF_TitleTextLarge</font>
						<textcolor>TitleText</textcolor>
						<label>$INFO[ListItem.Label]</label>
						<visible>!IsEmpty(ListItem.Label)</visible>
					</control>
				</control>
				<!-- Arrows -->
				<control type="image">
					<posx>10</posx>
					<posy>508</posy>
					<width>24</width>
					<height>24</height>
					<texture>Arrow2Up.png</texture>
					<colordiffuse>ArrowDiffuse</colordiffuse>
					<visible>Container.HasPrevious</visible>
				</control>
				<control type="image">
					<posx>1246</posx>
					<posy>508</posy>
					<width>24</width>
					<height>24</height>
					<texture>Arrow2Down.png</texture>
					<colordiffuse>ArrowDiffuse</colordiffuse>
					<visible>Container.HasNext</visible>
				</control>
			</control>
			<include>ScrollBar_Vertical</include>
		</control>
	</include>
</includes>
