﻿<window id="122">
	<defaultcontrol always="true">2</defaultcontrol>
	<include>Animation_CommonFade</include>
	<include>Animation_FadedByMenu</include>
	<coordinates>
		<system>1</system>
		<posx>0</posx>
		<posy>0</posy>
		<origin x="0" y="0" />
	</coordinates>
	<controls>
		<control type="group">
			<control type="image">
				<posx>0</posx>
				<posy>158</posy>
				<height>38</height>
				<width>380</width>
				<texture>ButtonFo.png</texture>
			</control>
			<control type="label" id="3">
				<description>Heading</description>
				<posx>360</posx>
				<posy>158</posy>
				<width>380</width>
				<height>38</height>
				<font>METF_ContextValue</font>
				<textcolor>ButtonText</textcolor>
				<align>right</align>
				<aligny>center</aligny>
				<label>31048</label>
			</control>
			<control type="label" id="4">
				<description>No Settings Label</description>
				<posx>360</posx>
				<posy>204</posy>
				<width>380</width>
				<height>38</height>
				<font>METF_ContextValue</font>
				<textcolor>SettingsDetail</textcolor>
				<align>right</align>
				<aligny>center</aligny>
				<label>13389</label>
			</control>
			<control type="list" id="2">
				<posx>460</posx>
				<posy>158</posy>
				<width>820</width>
				<height>380</height>
				<scrolltime>0</scrolltime>
				<visible>!Window.IsActive(addonsettings)</visible>
				<itemlayout height="38">
					<control type="label">
						<posx>10</posx>
						<width>790</width>
						<height>38</height>
						<aligny>center</aligny>
						<font>METF_ContextValue</font>
						<textcolor>SettingsDetail</textcolor>
						<selectedcolor>TextFO</selectedcolor>
						<info>ListItem.Label</info>
					</control>
				</itemlayout>
				<focusedlayout height="38">
					<control type="image">
						<posx>0</posx>
						<width>820</width>
						<height>38</height>
						<texture>ButtonFo.png</texture>
						<animation effect="fade" start="100" end="50" condition="!Control.HasFocus(2)">Conditional</animation>
					</control>
					<control type="label">
						<posx>10</posx>
						<width>790</width>
						<height>38</height>
						<aligny>center</aligny>
						<font>METF_ContextValue</font>
						<textcolor>ButtonText</textcolor>
						<selectedcolor>ButtonText</selectedcolor>
						<info>ListItem.Label</info>
					</control>
				</focusedlayout>
			</control>
			<include condition="Skin.HasSetting(DebugMode)">Debug</include>
		</control>
	</controls>
</window>
