<?xml version="1.0" encoding="UTF-8" standalone="yes"?>
<addon id="plugin.video.diy"
       name="DIY Network"
       version="0.0.3"
       provider-name="divingmule">
  <requires>
    <import addon="xbmc.python" version="1.0"/>
    <import addon="script.module.beautifulsoup" version="3.0.8"/>
  </requires>
  <extension point="xbmc.python.pluginsource"
            library="default.py">
        <provides>video</provides>
  </extension>
  <extension point="xbmc.addon.metadata">
    <summary>Videos from diynetwork.com.</summary>
    <description>Play full episodes from the Do It Yourself Network, diynetwork.com. These videos seem to be restricted to the U.S. only.</description>
    <disclaimer>Some parts of this addon may not be legal in your country of residence - please check with your local laws before installing.</disclaimer>
    <platform>all</platform>
  </extension>
</addon>
