<?xml version="1.0" encoding="UTF-8" standalone="yes"?>
<addon id="plugin.video.myzen_tv" name="Myzen.tv" version="0.0.2" provider-name="Tristan Fischer (sphere@dersphere.de)">
  <requires>
    <import addon="xbmc.python" version="2.0"/>
    <import addon="script.module.beautifulsoup" version="3.0.8"/>
    <import addon="script.module.xbmcswift2" version="1.1.1" />
  </requires>
  <extension point="xbmc.python.pluginsource" library="addon.py">
        <provides>video</provides>
  </extension>
  <extension point="xbmc.addon.metadata">
    <language></language>
    <platform>all</platform>
    <summary lang="en">The well-being channel</summary>
    <description lang="en">Watch the Free Exercises from the well-being website www.myzen.tv</description>
  </extension>
</addon>
