<?xml version="1.0" encoding="UTF-8" standalone="yes"?>
<addon id="plugin.video.atk"
       name="Americas Test Kitchen"
       version="0.0.3"
       provider-name="divingmule">
  <requires>
    <import addon="xbmc.python" version="1.0"/>
	<import addon="script.module.beautifulsoup" version="3.0.8"/>
  </requires>
  <extension point="xbmc.python.pluginsource"
            library="default.py">
        <provides>video</provides>
  </extension>
  <extension point="xbmc.addon.metadata">
    <summary>Americas Test Kitchen.com</summary>
    <description>Cooking shows from the Americas Test Kitchen.com</description>
    <platform>all</platform>
  </extension>
</addon>