<?xml version="1.0" encoding="UTF-8" standalone="yes"?>
<addon id="plugin.video.foodnetwork"
       name="Food Network"
       version="1.0.1"
       provider-name="divingmule">
  <requires>
    <import addon="xbmc.python" version="2.0"/>
    <import addon="script.module.beautifulsoup" version="3.0.8"/>
  </requires>
  <extension point="xbmc.python.pluginsource"
            library="default.py">
        <provides>video</provides>
  </extension>
  <extension point="xbmc.addon.metadata">
    <summary>FoodNetwork.com</summary>
    <description>Videos from foodnetwork.com.</description>
    <disclaimer>Some parts of this addon may not be legal in your country of residence - please check with your local laws before installing.</disclaimer>
    <platform>all</platform>
  </extension>
</addon>
