<?xml version="1.0" encoding="UTF-8" standalone="yes"?>
<addon id="metadata.amazon.co.uk"
       name="Amazon.co.uk"
       version="1.0.3" 
       provider-name="C-Quel + John Lockwood">
  <requires>
    <import addon="xbmc.metadata" version="1.0"/>
  </requires>
  <extension point="xbmc.metadata.scraper.movies"
             language="en"
             library="amazonuk.xml"/>
  <extension point="xbmc.addon.metadata">
    <summary lang="en">Amazon.co.uk Movie Scraper</summary>
    <summary lang="hu">Amazon.co.uk filmadat leolvasó</summary>
    <summary lang="kr">Amazon.co.uk 영화 스크래퍼</summary>
    <summary lang="pl">Scraper filmów Amazon.co.uk</summary>
    <summary lang="pt">Scraper de filmes Amazon.co.uk</summary>
    <description lang="en">Download Movie information from www.amazon.co.uk</description>
    <description lang="hu">Film információk letöltése a www.amazon.co.uk webhelyről</description>
    <description lang="kr">www.amazon.co.uk 에서 영화 정보 다운로드</description>
    <description lang="pl">Pobieraj informacje o filmach z www.amazon.co.uk</description>
    <description lang="pt">Descarregar informação de filmes de www.amazon.co.uk</description>
    <platform>all</platform>
    <broken>Doesn't find any movie</broken>
  </extension>
</addon>
