<?xml version="1.0" encoding="UTF-8" standalone="yes"?>
<addon id="plugin.video.thenewboston" version="1.0.3" name="TheNewBoston" provider-name="lextoumbourou">
    <requires>
        <import addon="xbmc.python" version="2.0" />
        <import addon="script.module.beautifulsoup" version="3.2" />
        <import addon="plugin.video.youtube" version="3.1.0" />
    </requires>
    <extension point="xbmc.python.pluginsource" library="default.py">
        <provides>video</provides>
    </extension>
    <extension point="xbmc.addon.metadata">
        <language>en</language>
        <platform>all</platform>
        <summary lang="en">Browse and watch videos from The New Boston</summary>
        <description lang="en">Free Educational Video Tutorials on Computer Programming, Adobe Software, Computer Science and More!</description>
    </extension>
</addon>
