<?xml version="1.0" encoding="UTF-8" standalone="yes"?>
<addon id="plugin.video.nfl"
       name="NFL.com"
       version="0.0.5"
       provider-name="divingmule">
  <requires>
    <import addon="xbmc.python" version="1.0"/>
    <import addon="script.module.simplejson"/>
	<import addon="script.module.beautifulsoup" version="3.0.8"/>
  </requires>
  <extension point="xbmc.python.pluginsource"
            library="default.py">
        <provides>video</provides>
  </extension>
  <extension point="xbmc.addon.metadata">
    <summary>Videos from nfl.com.</summary>
    <description>Video highlights from National Football League.com.</description>
    <platform>all</platform>
  </extension>
</addon>
