<?xml version="1.0" encoding="UTF-8"?>
<addon
    id="plugin.video.pyvideo"
    version="1.0.1"
    name="PyVideo"
    provider-name="nevermore">
  <requires>
    <import addon="xbmc.python" version="2.0"/>
    <import addon="plugin.video.youtube" version="2.0.0"/>
    <import addon="script.module.beautifulsoup" version="3.2.0"/>
  </requires>

  <extension point="xbmc.python.pluginsource" library="pyvideo.py">
    <provides>video</provides>
  </extension>
  <extension point="xbmc.addon.metadata">
    <language></language>
    <platform>all</platform>
    <summary lang="de">
      Aufzeichnungen internationaler Python Konferenzen (gelistet bei pyvideo.org).
    </summary>
    <summary lang="en">
      Recordings of international conferences related to the Python
      programming language (as listed at pyvideo.org)
    </summary>
  </extension>
</addon>
