<?xml version="1.0" encoding="UTF-8" standalone="yes"?>
<addon id="metadata.movie.animenewsnetwork.com"
       name="Anime News Nework"
       version="1.0.3"
       provider-name="volforto">
  <requires>
    <import addon="xbmc.metadata" version="1.0"/>
    <import addon="metadata.common.themoviedb.org" version="1.0"/>
  </requires>
  <extension point="xbmc.metadata.scraper.movies"
             language="en"
             library="ann-movies.xml"/>
  <extension point="xbmc.addon.metadata">
    <summary lang="en">Anime News Network Movie Scraper</summary>
    <summary lang="hu">Anime News Network filmadat leolvasó</summary>
    <summary lang="pl">Scraper filmów Anime News Network</summary>
    <description lang="en">Download Movie information from www.animenewsnetwork.com</description>
    <description lang="hu">Film információk letöltése a www.animenewsnetwork.com webhelyrõl</description>
    <description lang="pl">Pobieraj informacje o filmach z www.animenewsnetwork.com</description>
    <platform>all</platform>
  </extension>
</addon>
