<?xml version="1.0" encoding="UTF-8" standalone="yes"?>
<addon id="plugin.image.picasa"
       name="Picasa"
       version="0.8.5"
       provider-name="Rick Phillips (ruuk)">
  <requires>
    <import addon="xbmc.python" version="1.0"/>
    <import addon="script.module.elementtree" version="1.2.7"/>
  </requires>

  <extension point="xbmc.python.pluginsource"
            library="default.py">
        <provides>image</provides>
  </extension>
  <extension point="xbmc.addon.metadata">
    <summary lang="en">Plugin to browse picasa albums and photos</summary>
    <summary lang="nl">Blader door uw Picasa albums en afbeeldingen van u zelf of uw vrienden.</summary>

    <description lang="en">Browse your picasa albums and tags. Browse your favorite user's albums, tags, and their favorite users. Search your photos, your contact's photos, and search Picasa. View maps of photos with geo location data.</description>
    <description lang="nl">Blader door uw Picasa albums en afbeeldingen van u zelf of uw vrienden.</description>
    <platform>all</platform>
  </extension>
</addon>