<?xml version="1.0.1" encoding="UTF-8" standalone="yes"?>
<addon id="plugin.video.ccctv"
       name="Chaos Computer Club (CCC)-TV"
       version="1.0.1"
       provider-name="peterpanzki">
  <requires>
    <import addon="xbmc.python" version="1.0"/>
  </requires>
  <extension point="xbmc.python.pluginsource" library="default.py">
        <provides>video</provides>
  </extension>
  <extension point="xbmc.addon.metadata">
    <platform>all</platform>
    <summary lang="de">Chaos Computer Club (CCC)-TV</summary>
    <summary lang="en">Chaos Computer Club (CCC)-TV</summary>
    <description lang="de">CCC-TV - Berichte, Präsentationen und Diskussionen mit Schwerpunkt IT,IT-Sicherheit,Privatsphäre uvm.</description>
    <description lang="en">CCC-TV - Reports, presentations and discussions on IT,IT security, privacy and more</description>
  </extension>
</addon>
