<?xml version="1.0" encoding="UTF-8" standalone="yes"?>
<addon id="metadata.movie.naver.com"
       name="Naver Movie"
        version="1.0.4"
       provider-name="XBMC-Korea">
  <requires>
    <import addon="xbmc.metadata" version="1.0"/>
    <import addon="metadata.common.movie.daum.net" version="1.0"/>
  </requires>
  <extension point="xbmc.metadata.scraper.movies"
             language="ko"
             library="naver-movie.xml"/>
  <extension point="xbmc.addon.metadata">
    <summary lang="en">NAVER Movie Scraper</summary>
    <summary lang="hu">NAVER Film scraper</summary> 
    <summary lang="ko">네이버 영화 스크래퍼</summary>
    <summary lang="pt">Scraper de filmes NAVER</summary>
    <description lang="en">Download movie information from movie.naver.com</description>
    <description lang="hu">Film információk letöltése a movie.naver.com webhelyről</description>
    <description lang="kr">movie.naver.com 에서 영화 정보 다운로드</description>
    <description lang="pt">Descarregar informação de filmes de movie.naver.com</description>
    <platform>all</platform>
    <broken>won't fetch movie title and plot</broken>
  </extension>
</addon>
