<?xml version="1.0" encoding="UTF-8" standalone="yes"?>
<addon id="plugin.video.myvideo_de" name="MyVideo.de" version="0.1.9" provider-name="Tristan Fischer (sphere@dersphere.de)">
  <requires>
    <import addon="xbmc.python" version="2.0"/>
    <import addon="script.module.xbmcswift" version="0.2.0"/>
    <import addon="script.module.beautifulsoup" version="3.0.8"/>
  </requires>
  <extension point="xbmc.python.pluginsource" library="addon.py">
    <provides>video</provides>
  </extension>
  <extension point="xbmc.addon.metadata">
    <platform>all</platform>
    <language>de</language>
    <summary lang="en">video plugin for MyVideo.de</summary>
    <summary lang="de">Video plugin für MyVideo.de</summary>
    <description lang="en">This plugin provides access to all videos from the german video portal MyVideo.de</description>
    <description lang="de">Dieses plugin bietet Zugriff auf alle Videos des deutschen Video-Portals MyVideo.de</description>
    <disclaimer lang="en">Some parts of this addon may not be legal in your country of residence - please check with your local laws before installing.</disclaimer>
  </extension>
</addon>