<?xml version="1.0" encoding="UTF-8" standalone="yes"?>
<addon id="plugin.video.twit"
       name="TWiT"
       version="1.1.1"
       provider-name="divingmule,thanks to Adam B.">
  <requires>
    <import addon="xbmc.python" version="2.0"/>
    <import addon="script.module.beautifulsoup" version="3.0.8"/>
    <import addon="script.common.plugin.cache" version="1.0.0"/>
    <import addon="script.module.simplejson" version="2.0.10"/>
  </requires>
  <extension point="xbmc.python.pluginsource"
            library="default.py">
        <provides>audio video</provides>
  </extension>
  <extension point="xbmc.addon.metadata">
    <summary>TWiT</summary>
    <description>Videos from the TWiT Network</description>
    <platform>all</platform>
    <language>en</language>
  </extension>
</addon>
