<?xml version="1.0" encoding="UTF-8" standalone="yes"?>
<addon id="script.speedfaninfo"
    name="SpeedFan Information Display" version="0.4.1" provider-name="kylejohnson (pkscuot)">
  <requires>
    <import addon="xbmc.python" version="2.0"/>
  </requires>
  <extension point="xbmc.python.script" library="default.py">
    <provides>executable</provides>
  </extension>
  <extension point="xbmc.addon.metadata">
    <summary lang="be">Display information from your SpeedFan log.</summary>
    <summary lang="da">Vis information fra din SpeedFan log.</summary>
    <summary lang="de">Zeige Informationen aus deinem SpeedFan Log.</summary>
    <summary lang="el">Προβολή πληροφοριών από το αρχείο καταγραφής του SpeedFan.</summary>
    <summary lang="en">Display information from your SpeedFan log.</summary>
    <summary lang="es">Muestra información del log de SpeedFan</summary>
    <summary lang="es_MX">Muestra información desde tu log de SpeedFan</summary>
    <summary lang="he">הצג מיד עמ יומן רישום מהירות מאוורר</summary>
    <summary lang="hu">Ventilátor-sebesség napló megjelenítése</summary>
    <summary lang="pl">Wyświetla infromacje z dziennika SpeedFan</summary>
    <summary lang="pt">Exibe informação do seu log do Speedfan.</summary>
    <summary lang="pt_BR">Mostrar informações de seu log SpeedFan</summary>
    <summary lang="sv">Visar information från din SpeedFan logg.</summary>
    <description lang="be">Parses and displays information from the SpeedFan log. While this plugin works on any platform, SpeedFan only works on Windows, so it is optimally built for people using XBMC on Windows. Please see readme.txt for information on how to configure your SpeedFan log so that the plugin can parse it properly.</description>
    <description lang="da">Henter og viser information fra SpeedFan log'en. Selvom dette plugin virker på alle platforme, fungerer SpeedFan kun i Windows, så det er skabt for folk, som kører XBMC på Windows. Se venligst readme.txt for information om hvordan du opsætter din SpeedFan log, så plugin'et kan læse den korrekt.</description>
    <description lang="de">Analysiert und zeigt Informationen vom SpeedFan log. Während dieses Plugin auf allen Plattformen funktioniert, läuft SpeedFan nur unter Windows, also ist es optimal für, die, die XBMC unter Windows nutzen. Bitte ließ die readme.txt für Informationen, wie SpeedFan konfiguriert werden muss, dass das Plugin den Log korrekt analysieren kann.</description>
    <description lang="el">Αναλύει και προβάλλει πληροφορίες από το αρχείο καταγραφής του SpeedFan. Ενώ αυτό το plugin δουλεύει σε οποιαδήποτε πλατφόρμα, το SpeedFan δουλεύει μόνο σε Windows, συνεπώς είναι φτιαγμένο για ανθρώπους που χρησιμοποιούν το XBMC σε Windows. Δείτε το readme.txt για πληροφορίες σχετικά με τη ρύθμιση του αρχείου καταγραφής του SpeedFan ούτως ώστε το plugin να μπορέσει να το αναλύσει σωστά.</description>
    <description lang="en">Parses and displays information from the SpeedFan log. While this plugin works on any platform, SpeedFan only works on Windows, so it is optimally built for people using XBMC on Windows. Please see readme.txt for information on how to configure your SpeedFan log so that the plugin can parse it properly.</description>
    <description lang="es">Analiza y muestra información del log de SpeedFan. Aunque este complemento funciona en cualquier plataforma, Speedfan sólo funciona en Windows, por lo que está optimizado para el público que utiliza XBMC en Windows. Por favor, lea el fichero readme.txt para obtener información de cómo configurar el log de SpeedFan, de forma que el complemento la interprete correctamente.</description>
    <description lang="es_MX">Parsea y muestra información desde el log de SpeedFan. Mientras este plugin funciona en cualquier plataforma, SpeedFan funciona solamente en Windows, así que está construido de manera óptima para personas que usan XBMC en Windows. Para información en como configurar el log de SpeedFan para que el plugin pueda parsearlo de manera adecuada, revisar readme.txt.</description>
    <description lang="he">מעבד ומציג מידע מיומן רישום מאוורר. בזמן שתוסף זה עובד על כל פלטפורמה רישום מהירות מאוורר עובד רק על מערכות מבוססות וינדוס,כך שתוסף זה נבנה עבור מערכות XBMC מבוססות וינדוס, בבקשה קרא קובץ readme.txt למידע נוסף על כיצד להגדיר רישום מיהירות מאוורר כך שהתוסף יוכל לעבד את המידע נכונה.</description>
    <description lang="hu">Feldolgozza és megjeleníti a ventilátor-sebesség napló adatait. Habár ez a plugin működik az összes platformon, a SpeedFan csak Windowson fut. Ezért ez a plugin elsősorban az XBMC-t Windowson futtató felhasználóknak készült. Annak érdekében, hogy az információkat megfelelően dolgozzuk fel, olvassa el a readme.txt fájlt, hogy SpeedFan naplót megfelelően beállíthassa.</description>
    <description lang="pl">Analizuje i wyświetla informacje z dziennika SpeedFan. Podczas gdy ten plugin działa na każdej platformie, SpeedFan działa tylko na Windowsie, więc optymalne jest to by korzystać z niego tylko na tej platformie. Proszę zobaczyć readme.txt są tam informacje jak skonfigurować dziennik SpeedFan tak żeby wtyczka mogłą analizować go prawidłowo.</description>
    <description lang="pt">Recolhe e exibe informação do log do Speedfan. Apesar deste plugin funcionar em qualquer plataforma, o Speedfan apenas funciona no Windows. Por favor verifique o readme.txt para obter informação sobre como configurar o seu log do Speedfan, para o plugin poder analisá-lo correctamente.</description>
    <description lang="pt_BR">Analisa e apresenta a informação de log SpeedFan. Embora este plugin funciona em qualquer plataforma, SpeedFan só funciona no Windows, por isso é construído para as pessoas que utilizam o XBMC no Windows. Por favor, veja readme.txt para obter informações sobre como configurar o log SpeedFan para que o plugin possa analisá-lo corretamente.</description>
    <description lang="sv">Analyserar och visar information från SpeedFan loggen. Trots att detta tillägg fungerar på alla plattformar, fungerar SpeedFan endast på Windows, så det är optimerat för folk som använder XBMC på Windows. Läs readme.txt för mer information hur du konfigurerar din SpeedFan logg så att tillägget kan analysera det riktigt.</description>
    <platform>all</platform>
  </extension>
</addon>
