<?xml version="1.0" encoding="UTF-8" standalone="yes"?>
<addon id="script.module.pyamf"
       name="PyAMF"
       version="0.6.1"
       provider-name="Mark Honeychurch (markhoney)">
  <requires>
    <import addon="xbmc.python" 
    		version="2.0"/>
  </requires>
  <extension point="xbmc.python.module"
             library="lib" />
  <extension point="xbmc.addon.metadata">
    <summary>PyAMF provides Action Message Format (AMF) support for Python that is compatible with the Adobe Flash Player.</summary>
    <description>The Adobe Integrated Runtime and Adobe Flash Player use AMF to communicate between an application and a remote server. AMF encodes remote procedure calls (RPC) into a compact binary representation that can be transferred over HTTP/HTTPS or the RTMP/RTMPS protocol. Objects and data values are serialized into this binary format, which increases performance, allowing applications to load data up to 10 times faster than with text-based formats such as XML or SOAP.
AMF3, the default serialization for ActionScript 3.0, provides various advantages over AMF0, which is used for ActionScript 1.0 and 2.0. AMF3 sends data over the network more efficiently than AMF0. AMF3 supports sending int and uint objects as integers and supports data types that are available only in ActionScript 3.0, such as ByteArray, ArrayCollection, ObjectProxy and IExternalizable.</description>
    <license>MIT</license>
    <platform>all</platform>
  </extension>
</addon>
