<?xml version="1.0" encoding="UTF-8"?>
<addon
        id="plugin.video.videovideo.dk"
        version="1.1.1"
        name="videovideo.dk HD"
        provider-name="twinther [tommy@winther.nu]">
    <requires>
        <import addon="xbmc.python" version="1.0"/>
        <import addon="script.module.danishaddons" version="1.1.0"/>
        <import addon="script.module.simplejson" version="2.0.10"/>
    </requires>
    <extension point="xbmc.python.pluginsource" library="addon.py">
        <provides>video</provides>
    </extension>
    <extension point="xbmc.addon.metadata">
        <summary lang="en">720p HD video from newz Media ApS</summary>
        <summary lang="da">720p HD video fra newz Media ApS</summary>
        <description lang="en">videovideo.dk is overall video platform for all sites belonging to newz Media ApS, including filmz.dk and railgun.newz.dk</description>
        <description lang="da">videovideo.dk er overordnet videoplatform for alle sites tilhørende newz Media ApS, heriblandt filmz.dk og railgun.newz.dk</description>
        <license>GPL 2.0</license>
        <platform>all</platform>
    </extension>
</addon>
