﻿<?xml version="1.0" encoding="UTF-8" standalone="yes"?>
<addon id="metadata.tvshows.animenewsnetwork.com"
       name="Anime News Network"
       version="1.0.6"
       provider-name="volforto">
  <requires>
    <import addon="xbmc.metadata" version="1.0"/>
  </requires>
  <extension point="xbmc.metadata.scraper.tvshows"
             language="en"
             library="ann.xml"/>
  <extension point="xbmc.addon.metadata">
    <summary lang="en">Anime News Network Tv Shows Scraper</summary>
    <summary lang="hu">Anime News Network TV műsor leolvasó</summary>
    <summary lang="pl">Scraper Anime News Network TV</summary>
    <description lang="en">Download TV show information from www.animenewsnetwork.com</description>
    <description lang="hu">TV műsor információk letöltése a www.animenewsnetwork.com-ról</description>
    <description lang="pl">Pobieraj informacje o serialach anime z z www.animenewsnetwork.com</description>
    <platform>all</platform>
  </extension>
</addon>
