<?xml version="1.0" encoding="UTF-8" standalone="yes"?>
<addon id="plugin.video.hdtrailers_net" name="HD-Trailers.net" version="0.1.0" provider-name="Tristan Fischer (sphere@dersphere.de)">
  <requires>
    <import addon="xbmc.python" version="2.0"/>
    <import addon="script.module.xbmcswift2" version="1.3.0"/>
    <import addon="script.module.beautifulsoup" version="3.0.8"/>
  </requires>
  <extension point="xbmc.python.pluginsource" library="addon.py">
    <provides>video</provides>
  </extension>
  <extension point="xbmc.addon.metadata">
    <language></language>
    <platform>all</platform>
    <summary lang="de">Trailer und Clips aus verschiedenen Quellen in HD</summary>
    <summary lang="en">Trailer and Clips from several sources in HD</summary>
    <description lang="de">Dieses Plugin bietet Zugriff auf verschiedene Film Trailer und Clips der folgenden Quellen:[CR]- apple.com[CR]- yahoo.com[CR]- youtube.com[CR]- moviefone.com[CR]- ign.com[CR]- hd-trailers.net[CR]- aol.com[CR]Die meisten sind verfügbar in 480p, 720p und 1080p</description>
    <description lang="en">This Plugin provides access to Movie Trailers and Clips from the following sources:[CR]- apple.com[CR]- yahoo.com[CR]- youtube.com[CR]- moviefone.com[CR]- ign.com[CR]- hd-trailers.net[CR]- aol.com[CR]Most of them are available in 480p, 720p and 1080p</description>
  </extension>
</addon>
