<?xml version="1.0" encoding="UTF-8" standalone="yes"?>
<addon id="plugin.video.wimp" name="Wimp.com" version="0.7.0" provider-name="Insayne, sphere">
  <requires>
    <import addon="xbmc.python" version="2.0"/>
    <import addon="script.module.simplejson" version="2.0.10"/>
    <import addon="script.module.xbmcswift" version="0.1.3"/>
  </requires>
  <extension point="xbmc.python.pluginsource" library="addon.py">
        <provides>video</provides>
  </extension>
  <extension point="xbmc.addon.metadata">
    <platform>all</platform>
    <summary lang="en">Stream Wimp.com</summary>
    <description lang="de">Videos von Wimp.com</description>
    <description lang="en">The Content of Wimp.com on your Media Center</description>
  </extension>
</addon>
