<?xml version="1.0" encoding="UTF-8" standalone="yes"?>
<addon id="script.cdartmanager"
       name="cdART Manager"
       version="1.5.3"
       provider-name="Giftie">
  <requires>
    <import addon="xbmc.python" version="1.0"/>
    <import addon="script.module.pysqlite" version="2.5.6"/>
    <import addon="script.module.pil" version="1.1.7"/>
  </requires>
  <extension point="xbmc.python.script"
             library="default.py">
	  <provides>executable</provides>
  </extension> 
  <extension point="xbmc.addon.metadata">
    <platform>all</platform>
    <summary>cdART Manager</summary>
    <summary lang="hu">CD-kép kezelő</summary>
    <description>With this script you are able to manage your cdARTs.  You can download cdARTs from fanart.tv, Backup your cdARTs, View and even delete your local cdARTs </description>
    <description lang="hu">A programmal könnyen kezelheted a CD lemez képeidet (CDArts). Letöltheted vele őket az fanart.tv, biztonsági másolatot készíthetsz róluk, megnézheted és még törölheted is a gépeden lévő lemezképeket.</description>
    <description lang="de">Mit diesem Programm verwaltet man seine cdARTs. Man kann cdARTs von fanart.tv herunterladen, ein Backup von seinen cdARTs erstellen, cdARTS anzeigen und lokale cdARTs löschen.</description>
    <description lang="nl">Met dit script kun je je cdARTs beheren. Je kunt cdARTs downloaden van fanart.tv, een backup maken, cdARTs bekijken en je eigen cdARTS verwijderen.</description>
    <description lang="it">Con questo script puoi gestire le tue cdART. Potrai scaricare le cdART dal sito fanart.tv, fare un backup delle tue cdART, visualizzare ed anche cancellare le cdART memorizzate in locale</description>
    <description lang="pt">Este script permite que você gerencie seus cdARTs. Você poderá baixar cdARTs do site fanart.tv, efetuar backup, Visualizar e até apagar seus cdARTs armazenados localmente.</description>
    <description lang="es">Con este script serás capaz de administrar tus cdARTs. Puedes descargar cdARTs desde fanart.tv, Respaldar tus cdARTs, Ver e incluso Borrar tus cdARTs locales.</description>
  </extension>
</addon>
