<window>
  <defaultcontrol>120</defaultcontrol>
  <coordinates>
    <system>1</system>
    <posx>0</posx>
    <posy>0</posy>
  </coordinates>
  <animation effect="fade" time="250">WindowOpen</animation>
  <animation effect="fade" time="250">WindowClose</animation>
  <controls>
    <control type="group">
      <posx>100</posx>
      <posy>10</posy>
      <control type="image" id="101">
        <posx>0</posx>
        <posy>0</posy>
        <width>1090</width>
        <height>700</height>
        <texture border="40">default-panel.png</texture>
      </control>
             
      <control type="image" id="251">
            <description>page header tab icon</description>
            <posx>20</posx>
            <posy>4</posy>
            <width>1057</width>
            <height>113</height>
            <texture>title-background.png</texture>
      </control>
      <control type="label" id="103">
        <description>textarea</description>
        <posx>20</posx>
        <posy>30</posy>
        <width>218</width>
        <height>60</height>
        <font>font18</font>
        <textcolor>white</textcolor>
        <aligny>center</aligny>
        <align>center</align>
        <label>Post Reply</label>
        <wrapmultiline>true</wrapmultiline>
      </control>
      <control type="button" id="110">
        <description>Close Button</description>
        <posx>1036</posx>
        <posy>15</posy>
        <width>32</width>
        <height>28</height>
        <texturefocus>close-button-focus.png</texturefocus>
        <texturenofocus>close-button.png</texturenofocus>
        <visible>system.getbool(input.enablemouse)</visible>
        <onclick>PreviousMenu</onclick>
      </control>
      <control type="image">
            <description>page header tab icon</description>
            <posx>20</posx>
            <posy>4</posy>
            <width>1057</width>
            <height>113</height>
            <texture>overlay.png</texture>
      </control>
      <control type="button" id="104">
       <description>The Button</description>
       <onleft>123</onleft>
       <onright>120</onright>
       <onup>123</onup>
       <ondown>120</ondown>
       <posx>280</posx>
       <posy>40</posy>
       <width>750</width>
       <height>40</height>
       <visible>true</visible>
       <colordiffuse>FFFFFFFF</colordiffuse>
       <texturefocus border="10">FBbutton-focus.png</texturefocus>
       <texturenofocus  border="10">FBbutton-nofocus.png</texturenofocus>
       <font>font18</font>
       <align>center</align>
       <label>Set Title</label>
      </control>
      <control type="button" id="200">
       <description>The Button</description>
       <onleft>202</onleft>
       <onright>201</onright>
       <onup>120</onup>
       <ondown>123</ondown>
       <posx>30</posx>
       <posy>397</posy>
       <width>330</width>
       <height>40</height>
       <visible>true</visible>
       <colordiffuse>FFFFFFFF</colordiffuse>
       <font>font18</font>
       <align>center</align>
       <texturefocus border="10">FBbutton-focus.png</texturefocus>
       <texturenofocus border="10">FBbutton-nofocus.png</texturenofocus>
       <textcolor>FFFFFFFF</textcolor>
       <disabledcolor>80555555</disabledcolor>
       <label>$LOCALIZE[SCRIPT3006]</label>
      </control>
      
      <control type="button" id="201">
       <description>The Button</description>
       <onleft>200</onleft>
       <onright>202</onright>
       <onup>120</onup>
       <ondown>123</ondown>
       <posx>384</posx>
       <posy>397</posy>
       <width>330</width>
       <height>40</height>
       <visible>true</visible>
       <colordiffuse>FFFFFFFF</colordiffuse>
       <font>font18</font>
       <align>center</align>
       <label>$LOCALIZE[SCRIPT3007]</label>
       <texturefocus border="10">FBbutton-focus.png</texturefocus>
       <texturenofocus border="10">FBbutton-nofocus.png</texturenofocus>
       <textcolor>FFFFFFFF</textcolor>
       <disabledcolor>80FFFFFF</disabledcolor>
      </control>
      
      <control type="button" id="202">
       <description>The Button</description>
       <onleft>201</onleft>
       <onright>200</onright>
       <onup>120</onup>
       <ondown>123</ondown>
       <posx>738</posx>
       <posy>397</posy>
       <width>330</width>
       <height>40</height>
       <visible>true</visible>
       <colordiffuse>FFFFFFFF</colordiffuse>
       <font>font18</font>
       <align>center</align>
       <texturefocus border="10">FBbutton-focus.png</texturefocus>
       <texturenofocus border="10">FBbutton-nofocus.png</texturenofocus>
       <textcolor>FFFFFFFF</textcolor>
       <disabledcolor>80555555</disabledcolor>
       <label>$LOCALIZE[SCRIPT3008]</label>
      </control>
      
      
      
      <control type="image" id="351">
        <posx>17</posx>
        <posy>449</posy>
        <width>1063</width>
        <height>223</height>
        <texture>editBackground.png</texture>
      </control>
      
      <control type="textbox" id="122">
        <posx>25</posx>
        <posy>455</posy>
        <width>1025</width>
        <height>207</height>
        <pagecontrol>123</pagecontrol>
        <description>My first text box control</description>
        <visible>true</visible>
        <colordiffuse>FFFF0000</colordiffuse>
        <font>font12</font>
        <textcolor>FF000000</textcolor>
      </control>
      <control type="image">
        <description>page header tab icon</description>
        <posx>17</posx>
        <posy>449</posy>
        <width>1063</width>
        <height>223</height>
        <texture>text-overlay.png</texture>
      </control>
      <control type="scrollbar" id="123">
         <description>scroll bar indicator for lists</description>
         <posx>1055</posx>
         <posy>455</posy>
         <width>12</width>
         <height>207</height>
         <onleft>202</onleft>
         <onright>104</onright>
         <onup>202</onup>
         <ondown>104</ondown>
         <texturesliderbackground border="6">default-scroll_back.png</texturesliderbackground>
         <texturesliderbar border="6">default-scroll_dark.png</texturesliderbar>
         <texturesliderbarfocus border="6">default-scroll_mid.png</texturesliderbarfocus>
         <textureslidernib>-</textureslidernib>
         <textureslidernibfocus>-</textureslidernibfocus>
         <orientation>vertical</orientation>
         <showonepage>false</showonepage>
         <visible>Control.IsVisible(122)</visible>
      </control>
     
      <control type="image" id="300">
        <posx>20</posx>
        <posy>120</posy>
        <width>1060</width>
        <height>2</height>
        <texture>TRseparator.png</texture>
      </control>
      <control type="image" id="301">
        <posx>20</posx>
        <posy>387</posy>
        <width>1060</width>
        <height>2</height>
        <texture>TRseparator.png</texture>
      </control>      
      <control type="image" id="302">
        <posx>20</posx>
        <posy>445</posy>
        <width>1060</width>
        <height>2</height>
        <texture>TRseparator.png</texture>
      </control>
      
      <control type="image">
            <description>listbg</description>
            <posx>15</posx>
            <posy>122</posy>
            <width>1066</width>
            <height>270</height>
            <colordiffuse>FF000000</colordiffuse>
            <texture>text-background.png</texture>
      </control>

      <!-- ** Required ** Do not change <id> or <type> -->
      <control type="list" id="120">
        <posx>20</posx>
        <posy>132</posy>
        <width>1040</width>
        <height>250</height>
        <onleft>104</onleft>
        <onright>200</onright>
        <onup>104</onup>
        <ondown>200</ondown>
        <viewtype label="535">list</viewtype>
        <pagecontrol>121</pagecontrol>
        <scrolltime>200</scrolltime>
        <itemlayout height="38">
          <control type="label">
            <posx>10</posx>
            <posy>0</posy>
            <width>990</width>
            <height>38</height>
            <font>font18</font>
            <aligny>center</aligny>
            <textcolor>white</textcolor>
            <selectedcolor>green</selectedcolor>
            <align>left</align>
            <info>ListItem.Label</info>
          </control>
        </itemlayout>
        <focusedlayout height="38">
          <control type="image">
            <posx>0</posx>
            <posy>0</posy>
            <width>1040</width>
            <height>38</height>
            <texture border="10">default-list-focus.png</texture>
            <visible>Control.HasFocus(120)</visible>
          </control>
          <control type="label">
            <posx>10</posx>
            <posy>0</posy>
            <width>990</width>
            <height>38</height>
            <font>font18</font>
            <aligny>center</aligny>
            <textcolor>white</textcolor>
            <selectedcolor>green</selectedcolor>
            <align>left</align>
            <info>ListItem.Label</info>
          </control>
        </focusedlayout>
      </control>
      <control type="group">
        <posx>1055</posx>
        <posy>132</posy>
        <control type="scrollbar" id="121">
          <description>scroll bar indicator for lists</description>
          <posx>0</posx>
          <posy>0</posy>
          <width>12</width>
          <height>250</height>
          <texturesliderbackground border="6">default-scroll_back.png</texturesliderbackground>
          <texturesliderbar border="6">default-scroll_mid.png</texturesliderbar>
          <texturesliderbarfocus border="6">default-scroll_mid.png</texturesliderbarfocus>
          <textureslidernib>-</textureslidernib>
          <textureslidernibfocus>-</textureslidernibfocus>
          <orientation>vertical</orientation>
          <showonepage>false</showonepage>
          <visible>Control.IsVisible(120)</visible>
        </control>
      </control>

    </control>
  </controls>
</window>
