<window>
	<defaultcontrol>123</defaultcontrol>
	<coordinates>
		<system>1</system>
		<posx>0</posx>
		<posy>0</posy>
	</coordinates>
	<animation effect="fade" time="250">WindowOpen</animation>
	<animation effect="fade" time="250">WindowClose</animation>
	<controls>
		<control type="group">
			<posx>0</posx>
			<posy>0</posy>
			<control type="image" id="101">
				<posx>0</posx>
				<posy>0</posy>
				<width>1280</width>
				<height>720</height>
				<texture border="40">default-panel-full.png</texture>
				<colordiffuse>FF000000</colordiffuse>
			</control>

			<control type="image" id="251">
				<description>page header tab icon</description>
				<posx>10</posx>
				<posy>4</posy>
				<width>1260</width>
				<height>80</height>
				<texture border="10">title-background.png</texture>
			</control>
			<control type="image" id="102">
				<description>Avatar</description>
				<posx>19</posx>
				<posy>15</posy>
				<width>59</width>
				<height>59</height>
			</control>
			<control type="label" id="103">
				<description>textarea</description>
				<posx>82</posx>
				<posy>22</posy>
				<width>100</width>
				<height>40</height>
				<font>font18</font>
				<textcolor>black</textcolor>
				<aligny>center</aligny>
				<align>center</align>
				<label>[B]Post[/B]</label>
				<wrapmultiline>true</wrapmultiline>
			</control>


			<control type="label" id="104">
				<description>Topic</description>
				<posx>192</posx>
				<posy>14</posy>
				<width>735</width>
				<height>60</height>
				<font>font18</font>
				<textcolor>black</textcolor>
				<aligny>center</aligny>
				<align>center</align>
				<wrapmultiline>true</wrapmultiline>
			</control>

			<control type="label" id="105">
				<description>Date</description>
				<posx>937</posx>
				<posy>14</posy>
				<width>300</width>
				<height>60</height>
				<font>font18</font>
				<textcolor>black</textcolor>
				<aligny>center</aligny>
				<align>center</align>
			</control>
			<control type="button" id="110">
				<description>Close Button</description>
				<posx>1230</posx>
				<posy>15</posy>
				<width>32</width>
				<height>28</height>
				<texturefocus>close-button-focus.png</texturefocus>
				<texturenofocus>close-button.png</texturenofocus>
				<visible>system.getbool(input.enablemouse)</visible>
				<onclick>PreviousMenu</onclick>
			</control>
			<control type="image">
				<description>page header tab icon</description>
				<posx>10</posx>
				<posy>4</posy>
				<width>1260</width>
				<height>80</height>
				<texture>overlay.png</texture>
			</control>

			<control type="image" id="351">
				<description>page header tab icon</description>
				<posx>10</posx>
				<posy>90</posy>
				<width>1245</width>
				<height>626</height>
				<texture border="10">text-background.png</texture>
				<visible>true</visible>
			</control>

			<control type="textbox" id="122">
				<posx>30</posx>
				<posy>100</posy>
				<width>1205</width>
				<height>606</height>
				<pagecontrol>123</pagecontrol>
				<description>My first text box control</description>
				<colordiffuse>FFFFFFFF</colordiffuse>
				<font>font18</font>
				<scroll>true</scroll>
				<textcolor>FF000000</textcolor>
				<visible>true</visible>
			</control>
			<control type="image">
				<description>page header tab icon</description>
				<posx>20</posx>
				<posy>395</posy>
				<width>1025</width>
				<height>205</height>
				<texture>text-overlay.png</texture>
				<visible>false</visible>
			</control>

			<control type="scrollbar" id="123">
				<description>Message Scrollbar</description>
				<posx>1258</posx>
				<posy>90</posy>
				<width>12</width>
				<height>626</height>
				<onleft>147</onleft>
				<onright>149</onright>
				<onup>123</onup>
				<ondown>123</ondown>
				<texturesliderbackground border="6">default-scroll_back.png
				</texturesliderbackground>
				<texturesliderbar border="6">default-scroll_dark.png
				</texturesliderbar>
				<texturesliderbarfocus border="6">default-scroll_mid.png
				</texturesliderbarfocus>
				<textureslidernib>-</textureslidernib>
				<textureslidernibfocus>-</textureslidernibfocus>
				<orientation>vertical</orientation>
				<showonepage>true</showonepage>
				<visible>Control.IsVisible(122)</visible>
			</control>

			<control type="image" id="300">
				<posx>10</posx>
				<posy>86</posy>
				<width>1260</width>
				<height>2</height>
				<texture>TRseparator.png</texture>
			</control>
			<control type="image" id="310">
				<posx>10</posx>
				<posy>86</posy>
				<width>1</width>
				<height>2</height>
				<texture>progress.png</texture>
			</control>
		</control>

		<control type="group" id="149">
			<posx>1265</posx>
			<posy>0</posy>
			<defaultcontrol>150</defaultcontrol>
			<animation effect="slide" end="-300,0" time="400"
				condition="Control.HasFocus(149)|Control.HasFocus(150)">Conditional</animation>
			<control type="image">
				<posx>0</posx>
				<posy>0</posy>
				<width>315</width>
				<height>720</height>
				<texture border="10">Slide-panel.png</texture>
				<visible>true</visible>
				<colordiffuse>FFFFFFFF</colordiffuse>
			</control>
			<control type="list" id="150">
				<posx>0</posx>
				<posy>0</posy>
				<width>315</width>
				<height>720</height>
				<onleft>123</onleft>
				<onright>123</onright>
				<onup>150</onup>
				<ondown>150</ondown>
				<viewtype label="535">list</viewtype>
				<!-- <pagecontrol>121</pagecontrol> -->
				<scrolltime>200</scrolltime>
				<itemlayout height="168">
					<control type="image">
						<posx>16</posx>
						<posy>1</posy>
						<width>300</width>
						<height>166</height>
						<texture border="10">text-background.png</texture>
						<visible>true</visible>
						<colordiffuse>CC999999</colordiffuse>
					</control>
					<control type="image">
						<posx>16</posx>
						<posy>1</posy>
						<width>300</width>
						<height>166</height>
						<texture border="10">FBbutton-focus.png</texture>
						<visible>true</visible>
						<colordiffuse>FFFFFFFF</colordiffuse>
					</control>
					<control type="image">
						<posx>101</posx>
						<posy>4</posy>
						<width>128</width>
						<height>128</height>
						<texture fallback="broken-image.png">$INFO[ListItem.Icon]</texture>
						<visible>true</visible>
						<colordiffuse>A0FFFFFF</colordiffuse>
						<aspectratio>keep</aspectratio>
					</control>
					<control type="label">
						<posx>25</posx>
						<posy>134</posy>
						<width>130</width>
						<height>30</height>
						<font>font12</font>
						<aligny>center</aligny>
						<textcolor>black</textcolor>
						<selectedcolor>black</selectedcolor>
						<align>left</align>
						<info>ListItem.Label</info>
						<visible>true</visible>
					</control>
				</itemlayout>
				<focusedlayout height="300">
					<control type="image">
						<posx>16</posx>
						<posy>1</posy>
						<width>300</width>
						<height>298</height>
						<texture border="10">text-background.png</texture>
						<visible>true</visible>
						<colordiffuse>FFFFFFFF</colordiffuse>
					</control>
					<control type="image">
						<posx>16</posx>
						<posy>1</posy>
						<width>300</width>
						<height>298</height>
						<texture border="10">FBbutton-focus.png</texture>
						<visible>true</visible>
						<colordiffuse>FFFFFFFF</colordiffuse>
					</control>
					<control type="image">
						<posx>33</posx>
						<posy>4</posy>
						<width>256</width>
						<height>256</height>
						<texture fallback="broken-image.png">$INFO[ListItem.Icon]</texture>
						<visible>true</visible>
						<colordiffuse>FFFFFFFF</colordiffuse>
						<aspectratio>keep</aspectratio>
					</control>
					<control type="label">
						<posx>25</posx>
						<posy>264</posy>
						<width>130</width>
						<height>30</height>
						<font>font12</font>
						<aligny>center</aligny>
						<textcolor>black</textcolor>
						<selectedcolor>black</selectedcolor>
						<align>left</align>
						<info>ListItem.Label</info>
						<visible>true</visible>
					</control>
				</focusedlayout>
			</control>
		</control>

		<control type="group" id="147">
			<posx>-500</posx>
			<posy>0</posy>
			<defaultcontrol>150</defaultcontrol>
			<animation effect="slide" end="500,0" time="400"
				condition="Control.HasFocus(147)|Control.HasFocus(148)">Conditional</animation>
			<control type="image">
				<posx>0</posx>
				<posy>0</posy>
				<width>515</width>
				<height>720</height>
				<texture border="10">Slide-panel.png</texture>
				<visible>true</visible>
				<colordiffuse>FFFFFFFF</colordiffuse>
			</control>
			<control type="list" id="148">
				<posx>0</posx>
				<posy>0</posy>
				<width>515</width>
				<height>720</height>
				<onleft>123</onleft>
				<onright>123</onright>
				<onup>148</onup>
				<ondown>148</ondown>
				<viewtype label="535">list</viewtype>
				<!-- <pagecontrol>121</pagecontrol> -->
				<scrolltime>200</scrolltime>
				<itemlayout height="60">
					<control type="image">
						<posx>1</posx>
						<posy>1</posy>
						<width>500</width>
						<height>58</height>
						<texture border="10">text-background.png</texture>
						<visible>true</visible>
						<colordiffuse>CC999999</colordiffuse>
					</control>
					<control type="image">
						<posx>1</posx>
						<posy>1</posy>
						<width>500</width>
						<height>58</height>
						<texture border="10">FBbutton-focus.png</texture>
						<visible>true</visible>
						<colordiffuse>FFFFFFFF</colordiffuse>
					</control>
					<control type="image">
						<posx>10</posx>
						<posy>6</posy>
						<width>58</width>
						<height>48</height>
						<texture fallback="broken-image.png">$INFO[ListItem.Icon]</texture>
						<aspectratio>keep</aspectratio>
						<visible>true</visible>
						<colordiffuse>FFFFFFFF</colordiffuse>
					</control>
					<control type="label">
						<posx>69</posx>
						<posy>1</posy>
						<width>421</width>
						<height>58</height>
						<font>font12</font>
						<aligny>center</aligny>
						<textcolor>black</textcolor>
						<selectedcolor>black</selectedcolor>
						<align>left</align>
						<info>ListItem.Label</info>
						<visible>true</visible>
						<wrapmultiline>true</wrapmultiline>
					</control>
				</itemlayout>
				<focusedlayout height="120">
					<control type="image">
						<posx>1</posx>
						<posy>1</posy>
						<width>500</width>
						<height>118</height>
						<texture border="10">text-background.png</texture>
						<visible>true</visible>
						<colordiffuse>FFFFFFFF</colordiffuse>
					</control>
					<control type="image">
						<posx>1</posx>
						<posy>1</posy>
						<width>500</width>
						<height>118</height>
						<texture border="10">FBbutton-focus.png</texture>
						<visible>true</visible>
						<colordiffuse>FFFFFFFF</colordiffuse>
					</control>
					<control type="image">
						<posx>10</posx>
						<posy>10</posy>
						<width>100</width>
						<height>100</height>
						<texture fallback="broken-image.png">$INFO[ListItem.Icon]</texture>
						<aspectratio>keep</aspectratio>
						<visible>true</visible>
						<colordiffuse>FFFFFFFF</colordiffuse>
					</control>
					<control type="label">
						<posx>115</posx>
						<posy>1</posy>
						<width>375</width>
						<height>78</height>
						<font>font12</font>
						<aligny>center</aligny>
						<textcolor>black</textcolor>
						<selectedcolor>black</selectedcolor>
						<align>left</align>
						<info>ListItem.Label</info>
						<visible>true</visible>
						<wrapmultiline>true</wrapmultiline>
					</control>
					<control type="label">
						<posx>115</posx>
						<posy>80</posy>
						<width>375</width>
						<height>30</height>
						<font>font12</font>
						<aligny>center</aligny>
						<textcolor>FF444444</textcolor>
						<selectedcolor>black</selectedcolor>
						<align>left</align>
						<info>ListItem.Label2</info>
						<visible>true</visible>
					</control>
				</focusedlayout>
			</control>
		</control>
	</controls>
</window>
