<window>
  <defaultcontrol>120</defaultcontrol>
  <coordinates>
    <system>1</system>
    <posx>0</posx>
    <posy>0</posy>
  </coordinates>
  <animation effect="fade" time="250">WindowOpen</animation>
  <animation effect="fade" time="250">WindowClose</animation>
  <controls>
    <control type="group">
      <posx>0</posx>
      <posy>0</posy>
      <control type="image" id="101">
        <posx>0</posx>
        <posy>0</posy>
        <width>1280</width>
        <height>720</height>
        <texture border="40">default-panel-full.png</texture>
      </control>
      <!-- ** Required ** Do not change <id> or <type> -->

        <control type="image" id="251">
            <description>page header tab icon</description>
            <posx>10</posx>
            <posy>4</posy>
            <width>1260</width>
            <height>113</height>
            <texture>title-background.png</texture>
        </control>
        <control type="image" id="250">
            <description>page header tab icon</description>
            <posx>40</posx>
            <posy>15</posy>
            <width>340</width>
            <height>93</height>
            <aspectratio align="left">keep</aspectratio>
        </control>

      <control type="label" id="103">
        <description>textarea</description>
        <posx>375</posx>
        <posy>30</posy>
        <width>230</width>
        <height>60</height>
        <font>font18</font>
        <textcolor>black</textcolor>
        <aligny>center</aligny>
        <align>center</align>
        <label>Forums</label>
        <wrapmultiline>true</wrapmultiline>
      </control>
      
      <control type="label" id="104">
        <description>textarea</description>
        <posx>625</posx>
        <posy>30</posy>
        <width>380</width>
        <height>60</height>
        <font>font18</font>
        <textcolor>black</textcolor>
        <aligny>center</aligny>
        <align>center</align>
        <label>Loading...</label>
        <wrapmultiline>true</wrapmultiline>
      </control>
      <control type="button" id="105">
        <description>Stop Button</description>
        <posx>1045</posx>
        <posy>45</posy>
        <width>60</width>
        <height>30</height>
        <onleft>120</onleft>
        <onright>120</onright>
        <onup>200</onup>
        <ondown>120</ondown>
        <font>font12</font>
        <textcolor>FF000000</textcolor>
        <aligny>center</aligny>
        <align>center</align>
        <label>$LOCALIZE[SCRIPT3010]</label>
        <colordiffuse>FFFF0000</colordiffuse>
        <texturefocus border="10">FBbutton-focus.png</texturefocus>
        <texturenofocus border="10">FBbutton-nofocus.png</texturenofocus>
      </control>
      <control type="button" id="200">
       <description>The Button</description>
       <onleft>120</onleft>
       <onright>201</onright>
       <onup>120</onup>
       <ondown>120</ondown>
       <posx>20</posx>
       <posy>670</posy>
       <width>295</width>
       <height>40</height>
       <visible>true</visible>
       <colordiffuse>FFFFFFFF</colordiffuse>
       <font>font18</font>
       <align>center</align>
       <label>$LOCALIZE[SCRIPT3003]</label>
       <texturefocus border="10">FBbutton-focus.png</texturefocus>
       <texturenofocus border="10">FBbutton-nofocus.png</texturenofocus>
       <textcolor>FFFFFFFF</textcolor>
       <disabledcolor>80FFFFFF</disabledcolor>
      </control>
      
      <control type="button" id="201">
       <description>The Button</description>
       <onleft>200</onleft>
       <onright>203</onright>
       <onup>120</onup>
       <ondown>120</ondown>
       <posx>325</posx>
       <posy>670</posy>
       <width>295</width>
       <height>40</height>
       <visible>true</visible>
       <colordiffuse>FFFFFFFF</colordiffuse>
       <font>font18</font>
       <align>center</align>
       <label>$LOCALIZE[SCRIPT3004]</label>
       <texturefocus border="10">FBbutton-focus.png</texturefocus>
       <texturenofocus border="10">FBbutton-nofocus.png</texturenofocus>
       <textcolor>FFFFFFFF</textcolor>
       <disabledcolor>80FFFFFF</disabledcolor>
      </control>
      
      <control type="button" id="203">
       <description>The Button</description>
       <onleft>201</onleft>
       <onright>202</onright>
       <onup>120</onup>
       <ondown>120</ondown>
       <posx>640</posx>
       <posy>670</posy>
       <width>295</width>
       <height>40</height>
       <visible>true</visible>
       <colordiffuse>FFFFFFFF</colordiffuse>
       <font>font18</font>
       <align>center</align>
       <label>$LOCALIZE[SCRIPT3009]</label>
       <texturefocus border="10">FBbutton-focus.png</texturefocus>
       <texturenofocus border="10">FBbutton-nofocus.png</texturenofocus>
       <textcolor>FFFFFFFF</textcolor>
       <disabledcolor>80FFFFFF</disabledcolor>
      </control>
      
      <control type="button" id="202">
       <description>The Button</description>
       <onleft>203</onleft>
       <onright>120</onright>
       <onup>120</onup>
       <ondown>120</ondown>
       <posx>955</posx>
       <posy>670</posy>
       <width>295</width>
       <height>40</height>
       <visible>true</visible>
       <colordiffuse>FFFFFFFF</colordiffuse>
       <font>font18</font>
       <align>center</align>
       <label>$LOCALIZE[SCRIPT3005]</label>
       <texturefocus border="10">FBbutton-focus.png</texturefocus>
       <texturenofocus border="10">FBbutton-nofocus.png</texturenofocus>
       <textcolor>FFFFFFFF</textcolor>
       <disabledcolor>80FFFFFF</disabledcolor>
      </control>
      <control type="button" id="110">
        <description>Close Button</description>
        <posx>1220</posx>
        <posy>20</posy>
        <width>32</width>
        <height>28</height>
        <texturefocus>close-button-focus.png</texturefocus>
        <texturenofocus>close-button.png</texturenofocus>
        <visible>system.getbool(input.enablemouse)</visible>
        <onclick>PreviousMenu</onclick>
      </control>
      <control type="image">
            <description>page header tab icon</description>
            <posx>10</posx>
            <posy>4</posy>
            <width>1260</width>
            <height>113</height>
            <texture>overlay.png</texture>
      </control>
      <!--<control type="image" >
            <description>page header tab icon</description>
            <posx>844</posx>
            <posy>11</posy>
            <width>213</width>
            <height>100</height>
            <aspectratio>keep</aspectratio>
            <texture>$INFO[Container(120).ListItem.Property(image)]</texture>
      </control>-->
      
      <control type="image" id="351">
            <description>page header tab icon</description>
            <posx>10</posx>
            <posy>584</posy>
            <width>1260</width>
            <height>72</height>
            <texture>title-background.png</texture>
      </control>
      <control type="label">
        <description>textarea</description>
        <posx>29</posx>
        <posy>595</posy>
        <width>1222</width>
        <height>45</height>
        <font>font12</font>
        <textcolor>white</textcolor>
        <aligny>center</aligny>
        <align>center</align>
        <wrapmultiline>true</wrapmultiline>
        <label>$INFO[Container(120).ListItem.Property(description)]</label>
      </control>
      <control type="image">
            <description>page header tab icon</description>
            <posx>10</posx>
            <posy>584</posy>
            <width>1260</width>
            <height>72</height>
            <texture>overlay.png</texture>
      </control>
      <control type="image" id="300">
        <posx>14</posx>
        <posy>119</posy>
        <width>1252</width>
        <height>2</height>
        <texture>TRseparator.png</texture>
      </control>
      <control type="image" id="310">
        <posx>14</posx>
        <posy>119</posy>
        <width>1</width>
        <height>2</height>
        <texture>progress.png</texture>
      </control>
      <control type="image" id="301">
        <posx>10</posx>
        <posy>581</posy>
        <width>1260</width>
        <height>2</height>
        <texture>TRseparator.png</texture>
      </control>
      <control type="image" id="302">
        <posx>10</posx>
        <posy>659</posy>
        <width>1260</width>
        <height>2</height>
        <texture>TRseparator.png</texture>
      </control>      
      
      <control type="image" id="115">
            <description>listbg</description>
            <posx>10</posx>
            <posy>122</posy>
            <width>1260</width>
            <height>460</height>
            <colordiffuse>BBFFFFFF</colordiffuse>
            <texture>list-background.png</texture>
      </control>
      <!-- ** Required ** Do not change <id> or <type> -->
      <control type="list" id="120">
        <posx>20</posx>
        <posy>132</posy>
        <width>1223</width>
        <height>440</height>
        <onleft>202</onleft>
        <onright>200</onright>
        <onup>120</onup>
        <ondown>120</ondown>
        <viewtype label="535">list</viewtype>
        <pagecontrol>121</pagecontrol>
        <scrolltime>200</scrolltime>
        <itemlayout height="38">
          <control type="label">
            <posx>10</posx>
            <posy>0</posy>
            <width>990</width>
            <height>38</height>
            <font>font18</font>
            <aligny>center</aligny>
            <textcolor>white</textcolor>
            <selectedcolor>green</selectedcolor>
            <align>left</align>
            <info>ListItem.Label</info>
          </control>
        </itemlayout>
        <focusedlayout height="38">
          <control type="image">
            <posx>0</posx>
            <posy>0</posy>
            <width>1223</width>
            <height>38</height>
            <texture border="10">default-list-focus.png</texture>
            <visible>Control.HasFocus(120)</visible>
          </control>
          <control type="label">
            <posx>10</posx>
            <posy>0</posy>
            <width>990</width>
            <height>38</height>
            <font>font18</font>
            <aligny>center</aligny>
            <textcolor>white</textcolor>
            <selectedcolor>green</selectedcolor>
            <align>left</align>
            <info>ListItem.Label</info>
          </control>
        </focusedlayout>
      </control>
      <control type="group">
        <posx>1250</posx>
        <posy>132</posy>
        <control type="scrollbar" id="121">
          <description>scroll bar indicator for lists</description>
          <posx>0</posx>
          <posy>0</posy>
          <width>12</width>
          <height>440</height>
          <texturesliderbackground border="6">default-scroll_back.png</texturesliderbackground>
          <texturesliderbar border="6">default-scroll_mid.png</texturesliderbar>
          <texturesliderbarfocus border="6">default-scroll_mid.png</texturesliderbarfocus>
          <textureslidernib>-</textureslidernib>
          <textureslidernibfocus>-</textureslidernibfocus>
          <orientation>vertical</orientation>
          <showonepage>false</showonepage>
          <visible>Control.IsVisible(120)</visible>
        </control>
      </control>

    </control>
  </controls>
</window>
