<?xml version="1.0" encoding="UTF-8" standalone="yes"?>
<addon id="metadata.musicvideos.theaudiodb.com"
       name="TheAudioDb.com for Music Videos"
       version="1.0.1"
       provider-name="Team XBMC">
  <requires>
    <import addon="xbmc.metadata" version="1.0"/>
    <import addon="metadata.common.fanart.tv" version="1.0.1"/>
  </requires>
  <extension point="xbmc.metadata.scraper.musicvideos"
             language="en"
             library="tadb.xml"/>
  <extension point="xbmc.addon.metadata">
    <summary lang="bg">Сваля инф. за музикални клипове от theaudiodb.com</summary>
    <summary lang="en">theaudiodb.com Music Video Scraper</summary>
    <summary lang="fi">theaudiodb.com musiikkivideotietojen lataaja</summary>
    <summary lang="hu">theaudiodb.com videóklip leolvasó</summary>
    <summary lang="kr">야후! 뮤직 비디오 스크래퍼</summary>
    <summary lang="pl">Scraper teledysków theaudiodb.com</summary>
    <summary lang="pt">Scraper de música theaudiodb.com</summary>
    <summary lang="se">Skrapa för theaudiodb.com musik</summary>
    <summary lang="zh">theaudiodb.com音乐电视刮削器</summary>
    <description lang="bg">Сваля информация за музикални клипове</description>
    <description lang="en">Download Music Video information</description>
    <description lang="fi">Lataa musiikkivideoiden tiedot</description>
    <description lang="hu">Videóklip információk letöltése a theaudiodb.com webhelyről</description>
    <description lang="kr">뮤직 비디오 정보 다운로드</description>
    <description lang="pl">Pobieraj informacje o teledyskach z theaudiodb.com</description>
    <description lang="pt">Descarregar informação de filmes de theaudiodb.com</description>
    <description lang="se">Ladda ner musikvideoinformation från theaudiodb.com</description>
    <description lang="zh">从theaudiodb.com下载音乐电视资料</description>
  </extension>
</addon>
