<?xml version="1.0" encoding="UTF-8" standalone="yes"?>
<addon id="script.xbmc.debug.log"
       name="XBMC Log Uploader"
       version="11.0.6"
       provider-name="Tristan Fischer (sphere@dersphere.de)">
    <requires>
        <import addon="xbmc.python" version="2.0"/>
    </requires>
    <extension point="xbmc.python.script" library="addon.py"/>
    <extension point="xbmc.addon.metadata">
        <language></language>
        <summary lang="de">Lädt logs zu xbmclogs.com hoch</summary>
        <summary lang="en">Uploads your logs to xbmclogs.com</summary>
        <summary lang="da">Indsender dine logfiler til xbmclogs.com</summary>
        <description lang="de">Dieses Add-on lädt deine Logfiles auf www.xbmclogs.com hoch[CR]Du wirst eine Email mit Links zu deinen Logfiles erhalten.</description>
        <description lang="en">This Addon uploads your logs to xbmclogs.com[CR]You will receive an email with seperate links to the uploaded logfiles</description>
        <description lang="da">Denne addon indsender dine logfiler til xbmclogs.com[CR]Du vil modtage en email med direkte links til de indsendte logfiler.</description>
        <platform>all</platform>
    </extension>
</addon>
