<?xml version="1.0" encoding="UTF-8" standalone="yes"?>
<addon id="script.skin.news"
       name="Skin news script"
       version="1.0.0"
       provider-name="Hitcher">
	<requires>
		<import addon="xbmc.python" version="1.0"/>
	</requires>
	<extension point="xbmc.python.script"
			   library="default.py" />
	<extension point="xbmc.addon.metadata">
		<summary lang="en">Skin news script</summary>
		<description lang="en">Fetches news for your Skin[CR]Originally created by EqUiNoX[CR]Updated by ppic/Hitcher</description>
		<disclaimer lang="en">Start your news item with [NEWS]</disclaimer>
		<platform>all</platform>
	</extension>
</addon>
