﻿<?xml version="1.0" encoding="UTF-8" standalone="yes"?>
<addon id="metadata.album.universal"
       name="Universal Album Scraper"
       version="1.6.4"
       provider-name="Olympia, Team XBMC">
  <requires>
    <import addon="xbmc.metadata" version="1.0"/>
    <import addon="metadata.common.last.fm" version="1.3.2"/>
    <import addon="metadata.common.allmusic.com" version="2.3.1"/>
    <import addon="metadata.common.musicbrainz.org" version="1.2.3"/>
    <import addon="metadata.common.fanart.tv" version="2.0.0"/>
    <import addon="metadata.common.amazon.de" version="1.0.0"/>
    <import addon="metadata.common.theaudiodb.com" version="1.3.0"/>
  </requires>
  <extension point="xbmc.metadata.scraper.albums"
             language="en"
             library="albumuniversal.xml"/>
  <extension point="xbmc.addon.metadata">
    <summary lang="af">Universele Skraper vir Albums</summary>
    <summary lang="be">Universal Scraper for Albums</summary>
    <summary lang="bg">Универсален източник за информация за албуми</summary>
    <summary lang="ca">Arreplegador universal per àlbums</summary>
    <summary lang="cs">Univerzální zdroj získávání dat pro alba</summary>
    <summary lang="da">Universel Scraper til Albummer</summary>
    <summary lang="de">Universeller Scraper für Alben</summary>
    <summary lang="el">Universal Scraper Άλμπουμ</summary>
    <summary lang="en">Universal Scraper for Albums</summary>
    <summary lang="es">Scraper universal para álbumes</summary>
    <summary lang="es_AR">Scraper Universal para Albumes</summary>
    <summary lang="es_MX">Scraper Universal para Álbumes</summary>
    <summary lang="fi">Universaali tiedonhakija albumitiedoille</summary>
    <summary lang="fr">Scraper universel pour les Albums</summary>
    <summary lang="gl">Scraper universal para os álbumes</summary>
    <summary lang="he">סקרייפר אוניברסלי עבור אלבומים</summary>
    <summary lang="hu">Univerzális album leolvasó</summary>
    <summary lang="it">Ricercatore Universale per Albums</summary>
    <summary lang="ja">汎用アルバムスクレーパー</summary>
    <summary lang="ko">Universal Scraper for Albums</summary>
    <summary lang="lt">Universalus Albumų Scrapers</summary>
    <summary lang="mk">Универзален превземач за Албуми</summary>
    <summary lang="nl">Universele Scraper voor Albums</summary>
    <summary lang="no">Universalskraper for Albummer</summary>
    <summary lang="pl">Universal Scraper dla albumów muzycznych</summary>
    <summary lang="pt">Scraper universal para álbuns</summary>
    <summary lang="pt_BR">Scraper Universal para Álbuns</summary>
    <summary lang="ro"> Scraper universal pentru albume</summary>
    <summary lang="ru">Универсальный скрапер для альбомов</summary>
    <summary lang="sk">Univerzálny zdroj získavania dát pre albumy</summary>
    <summary lang="sl">Univerzalni ponudnik informacij o albumih</summary>
    <summary lang="sv">Universiell albumskrapa</summary>
    <summary lang="zh">通用音乐专辑信息刮削器</summary>
    <description lang="af">Hierdie skraper kollekteer inligting vanaf die volgende ondersteunde werwe: MusicBrainz, last.fm, allmusic.com en amazon.de, terwyl kunswerke gegryp word vanaf: fanart.tv, last.fm en allmusic.com. Dit kan veld vir veld gestel word vanaf watter werf jy die spesifieke inligting wil hê.&#10;&#10;Die aanvaklike soektog word altyd op MusicBrainz gedoen. Ingeval skakels van allmusic en/of amazon.de nie bygevoeg is op die MusicBrainz werf, kan velde vanaf allmusic.com en/of amazon.de nie gaan haal word nie (egter baie maklik om daardie ontbrekende skakels by te voeg).</description>
    <description lang="be">This scraper collects information from the following supported sites: MusicBrainz, last.fm, allmusic.com and amazon.de, while grabs artwork from: fanart.tv, last.fm and allmusic.com. It can be set field by field that from which site you want that specific information.&#10;&#10;The initial search is always done on MusicBrainz. In case allmusic and/or amazon.de links are not added on the MusicBrainz site, fields from allmusic.com and/or amazon.de cannot be fetched (very easy to add those missing links though).</description>
    <description lang="bg">Сваля информация от следните сайтове: MusicBrainz, last.fm, allmusic.com и amazon.de. Изобрания извлича от: fanart.tv, last.fm и allmusic.com. Можете да определите от кой сайт каква информация да се сваля.&#10;&#10;Първоначалното търсене винаги се прави в MusicBrainz. Когато не са налични препратки към allmusic и/или amazon.de на сайта на MusicBrainz извличането на информация от allmusic.com и/или amazon.de става невъзможно (добавянето им е много лесно).</description>
    <description lang="ca">Aquest arreplegador recull informació dels següents llocs: MusicBrainz, last.fm, allmusic.com i amazon.de, alhora que agafa art de: fanart.tv, last.fm i allmusic.com. Es pot configurar camp a camp des de quin lloc voleu aquella informació específica. &#10;&#10;La cerca inicial es realitza sempre a MusicBrainz. En el cas que els enllaços d'allmusic i amazon.de no s'afegeixin al lloc MusicBrainz els camps d'allmusic i amazon.de i/o amazon.com no es poden obtenir (tot i que són fàcils d'afegir aquests enllaços restants).</description>
    <description lang="cs">Tento zdroj získává data z následujících podporovaných stránek: MusicBrainz, last.fm, allmusic.com and amazon.de, while grabs artwork from: fanart.tv, last.fm a allmusic.com. Je možno podrobně nastavit, které informace si přejete získat ze kterých stránek.&#10;&#10;Prvotní vyhledání je vžy provedeno na MusicBrainz. V případě, že odkaz pro allmusic a nebo amazon.de není přidaný na stránku MusicBrainz, není možné údaje z allmusic.com a amazon.de stáhnout (avšak je velmi snadné tyto chybějící odkazy přidat).</description>
    <description lang="da">Denne scraper samler information fra følgende sider: MusicBrainz, last.fm, allmusic.com og amazon.de og henter illustrationer fra: fanart.tv, last.fm og allmusic.com. Det kan vælges felt for felt, hvilke sider du ønsker, at få den pågældende information fra.&#10;&#10;Den første søgning er altid på MusicBrainz. Hvis ikke allmusic og/eller amazon.de linkene er tilføjet på MusicBrainz side, kan felter fra allmusic.com og/eller amazon.de ikke hentes (men det er helt enkelt at tilføje de manglende links).</description>
    <description lang="de">Dieser Scaper sammelt Informationen von den folgenden unterstützten Seiten: MusicBrainz, Last.fm, Allmusic.com und Amazon.de und lädt dabei Grafiken von: Fanart.tv, Last.fm und Allmusic.com. Es kann eingestellt werden, von welcher Seite die spezifischen Informationen stammen.⏎ ⏎ Die initialie Suche wird immer über MusicBrainz durchgeführt. Sollten keine Allmusic- und/oder Amazon.de-Links auf der MusicBrainz-Seite gesetzt worden sein, können Felder von Allmusic.com und/oder Amazon.de nicht geladen werden (fehlende Links können jedoch sehr einfach hinzugefügt werden).</description>
    <description lang="el">Αυτό το scraper συλλέγει πληροφορίες από τις ακόλουθες υποστηριζόμενες ιστοσελίδες: MusicBrainz, last.fm, allmusic.com και amazon.de, ενώ λαμβάνει εικόνες από τα: fanart.tv, last.fm και allmusic.com. Μπορεί να οριστεί πεδίο ανά πεδίο αναλόγως των πληροφοριών που επιθυμείτε από την εκάστοτε ιστοσελίδα.&#10;&#10;Η αρχική αναζήτηση γίνεται πάντα στο MusicBrainz. Σε περίπτωση που δεν έχουν προστεθεί σύνδεσμοι για το allmusic ή/και το amazon.de στο MusicBrainz, δε θα μπορούν να ληφθούν πεδία από το allmusic.com ή/και το amazon.de (ωστόσο είναι πολύ εύκολο να προστεθούν αυτοί οι ελλιπείς σύνδεσμοι).</description>
    <description lang="en">This scraper collects information from the following supported sites: MusicBrainz, last.fm, allmusic.com and amazon.de, while grabs artwork from: fanart.tv, last.fm and allmusic.com. It can be set field by field that from which site you want that specific information.&#10;&#10;The initial search is always done on MusicBrainz. In case allmusic and/or amazon.de links are not added on the MusicBrainz site, fields from allmusic.com and/or amazon.de cannot be fetched (very easy to add those missing links though).</description>
    <description lang="es">Este scraper recolecta información de las siguientes webs: MusicBrainz, last.fm, allmusic.com y amazon.de, mientras obtiene las imágenes de fanart.tv, last.fm y allmusic.com. Permite especificar de qué web se quiere obtener la información para cada campo. ⏎ ⏎ La búsqueda inicial se realiza siempre en MusicBrainz. En caso de que los enlaces a allmusic y/o amazon.de no estén añadidos en la web de MusicBrainz, no se podrán obtener los campos de información de estos dos sitios (aunque es muy fácil añadir esos enlaces que faltan).</description>
    <description lang="es_AR">Este scraper recolecta información de las siguientes webs: MusicBrainz, last.fm, allmusic.com y amazon.de, mientras obtiene las imágenes de fanart.tv, last.fm y allmusic.com. Permite especificar de qué web se quiere obtener la información para cada campo. ⏎ ⏎ La búsqueda inicial se realiza siempre en MusicBrainz. En caso de que los enlaces a allmusic y/o amazon.de no estén añadidos en la web de MusicBrainz, no se podrán obtener los campos de información de estos dos sitios (aunque es muy fácil añadir esos enlaces que faltan).</description>
    <description lang="es_MX">Este scraper obtiene información de los siguientes sitios soportados: MusicBrainz, last.fm, allmusic.com y amazon.de, mientras obtiene artwork de: fanart.tv, last.fm y allmusic.com. Puede ser configurado campo por campo de que sitio quieres esa información específica.⏎ ⏎ La búsqueda inicial siempre es hecha en MusicBrainz. En el caso en que los enlaces de allmusic y/o amazon.de no son agregados en el sitio de  MusicBrainz, campos de allmusic.com y/o amazon.de no pueden ser obtenidos. (De cualquier manera es muy fácil agregar esos enlaces no encontrados).</description>
    <description lang="fi">Tämä tiedonhakija käyttää tietolähteinään seuraavia sivustoja:MusicBrainz, last.fm, allmusic.com ja amazon.de. Kuvat ja grafiikat haetaan seuraavilta sivustoilta: fanart.tv, last.fm ja allmusic.com. Voit määrittää tarkasti, miltä sivustoilta mitäkin tietoa haetaan.&#10;&#10;Ensimmäinen haku tehdään aina lähteestä MusicBrainz. Mikäli allmusic- ja/tai amazon.de-linkkejä ei ole lisätty MusicBrainz-sivustolle, haku ei onnistu (mutta puuttuvien linkkien lisääminen on helppoa).</description>
    <description lang="fr">Ce collecteur utilise les informations des sites suivant : MusicBrainz, last.fm, allmusic.com et amazon.de et télécharge les artwork depuis : fanart.tv, last.fm et allmusic.com. Vous pouvez spécifier quel site utiliser pour chaque information à employer.&#10;&#10;Le premier résultat est toujours en provenance de MusicBrainz. Dans le cas où allmusic et/ou amazon.de ne sont pas ajoutés sur le site MusicBrainz, les champs de allmusic.com et/ou amazon.de ne peuvent pas être traités (il est toutefois très simple d'ajouter ces liens manquants).</description>
    <description lang="gl">Este scraper obtén a información dende os seguintes sitios soportados: MusicBrainz, last.fm, allmusic.com e amazon.de, mentres que as ilustracións as obtén dende: fanart.tv, last.fm e allmusic.com. Pódese definir dende que sitios se obterá a información específica de cada campo.&#10;&#10;A busca inicial faise sempre en MusicBrainz. No caso de non estar engadidas as ligazón de allmusic e/ou amazon.de no sitio de MusicBrainz, os campos de allmusic.com e/ou amazon.de non se poderán obter (aínda que é moi doado de engadir as ligazóns).</description>
    <description lang="he">סקרייפר זה אוסף מידע מהתארים הנתמכים הבאים: TheAudioDb.com, MusicBrainz, last.fm, and allmusic.com, בעוד שמשיכת גרפיקה נעשית דרך: fanart.tv, htbackdrops.com, last.fm and allmusic.com. יש אפשרות להגדיר את זאת שדה אחר שדה מאיזה אתר ברצונך למשוך את המידע הספציפי.⏎ ⏎ החיפוש הפנימי נעשה תמיד דרך MusicBrainz. במקרה שקישור allmusic לא התווסף באתר MusicBrainz, השדות מאת allmusic.com אינן יכולות להימשך (למרות שזה מאוד קל להוסיף את הקישורים הריקים).</description>
    <description lang="hu">A leolvasó szöveges infókat gyűjt a támogatott oldalakról: MusicBrainz, last.fm, allmusic.com and amazon.de, valamint képeket a : fanart.tv, last.fm and allmusic.com-ról. Beállítható hogy honnan, és milyen infót gyűjtsön. A keresés mindig a MusicBrainz-on folyik, de könnyen hozzáadhatjuk a hiányzó találatokat az allmusic.com, vagy az amazon.de-ről.</description>
    <description lang="it">Questo ricercatore prende informazioni dai seguenti siti: MusicBrainz, last.fm, allmusic.com e amazon.de, mentre prende grafica da: fanart.tv, last.fm e allmusic.com. Puoi impostare campo per campo cosa prendere e da dove.⏎ ⏎La ricerca iniziale viene sempre fatta su MusicBrainz. In caso i links a allmusic e/o amazon.de non sono stati messi su MusicBrainz, i campi da questi siti non possono essere recuperati (è molto facile aggiungere quei link, comunque).</description>
    <description lang="ja">このスクレーパーは、以下のサイトから情報を取得します：MusicBrainz, last.fm, allmusic.com, amazon.de。アートワークは以下のサイトから取得します：fanart.tv, last.fm, allmusic.com。各フィールドごとに、どの情報をどのサイトから取得するか、個別に指定することもできます。&#10;&#10;最初は MusicBrainz を使って検索が行われます。MusicBrainz サイトに allmusic や amazon.de のリンクが追加されていない場合は、allmusic.com / amazon.de からのフィールドは取得できません (リンクを追加するのは簡単ですが)。</description>
    <description lang="ko">This scraper collects information from the following supported sites: MusicBrainz, last.fm, allmusic.com and amazon.de, while grabs artwork from: fanart.tv, last.fm and allmusic.com. It can be set field by field that from which site you want that specific information.&#10;&#10;The initial search is always done on MusicBrainz. In case allmusic and/or amazon.de links are not added on the MusicBrainz site, fields from allmusic.com and/or amazon.de cannot be fetched (very easy to add those missing links though).</description>
    <description lang="lt">Šis Scrapers renka informaciją iš šių palaikomų svetainių: MusicBrainz, last.fm, allmusic.com ir/arba amazon.de, o scrap meno kūrinius iš: fanart.tv, last.fm ir/arba allmusic.com. Jis gali būti nustatytas srities lauke, iš kurio puslapio norite, kad konkrečią informaciją paimtu. Pradinė paieška visada atliekama remiantis MusicBrainz. Jei Allmusic ir/ar amazon.de nuorodos nėra įdėtos MusicBrainz svetainėje, laukuose allmusic.com ir/arba amazon.de negali būti realūs (nors įtraukti tas trūkstamas grandis labai lengva).</description>
    <description lang="mk">This scraper collects information from the following supported sites: MusicBrainz, last.fm, allmusic.com and amazon.de, while grabs artwork from: fanart.tv, last.fm and allmusic.com. It can be set field by field that from which site you want that specific information.⏎ ⏎ The initial search is always done on MusicBrainz. In case allmusic and/or amazon.de links are not added on the MusicBrainz site, fields from allmusic.com and/or amazon.de cannot be fetched (very easy to add those missing links though).</description>
    <description lang="nl">Deze scraper verzamelt informatie van de volgende ondersteunde sites: MusicBrainz, Last.fm, allmusic.com en amazon.de. Afbeeldingen worden verzameld van de volgende sites: fanart.tv, Last.fm en allmusic.com. Per veld kan aangegeven worden van welke site je de specifieke informatie wil halen. De initiële zoekopdracht wordt altijd gedaan van MusicBrainz. In het geval dat links naar allmusic en/of amazon.de niet zijn toegevoegd op de MusicBrainz site, kunnen velden niet worden opgehaald bij deze sites. (Het is niet moeilijk om de ontbrekende links toe te voegen.)</description>
    <description lang="no">Denne skraperen samler informasjon fra følgende støttede steder: MusicBrainz, last.fm, allmusic.com og amazon.de, mens den henter artwork fra: fanart.tv, last.fm og allmusic.com. Du kan stegvis velge hvilken kilde du ønsker å hente spesifikk informasjon fra.&#10;&#10;Det første søket er alltid gjort hos MusicBrainz. I tilfeller hvor allmusic og/eller amazon.de linker ikke er lagt til hos MusicBrainz siden, kan ikke felter fra allmusic.com og/eller amazon.de hentes (det er veldig lett å legge til de manglende linkene).</description>
    <description lang="pl">Ten scraper zbiera informacje z następujących stron: MusicBrainz, last.fm, allmusic.com oraz amazon.de, a grafiki pobiera z: fanart.tv, last.fm i allmusic.com. Dla każdego pola z informacjami można wybrać osobną stronę.&#10;&#10;Początkowe wyszukiwanie jest zawsze wykonywane na MusicBrainz. Gdy linki do allmusic i/lub amazon.de nie są dodane na stronie MusicBrainz, nie można pobrać tych pól z allmusic.com i/lub amazon.de (pomimo to brakujące linki można bardzo łatwo dodać).</description>
    <description lang="pt">Este scraper recolhe informações dos seguintes sítios:&#10;MusicBrainz, last.fm, allmusic.com e amazon.de, enquanto obtém artwork de: fanart.tv, last.fm e allmusic.com. Pode definir em cada campo o sítio do qual quer obter as informações. A pesquisa inicial é sempre feita no MusicBrainz. Caso os links allmusic e/ou amazon.de não tenham sido adicionados no sítio MusicBrainz, os campos do allmusic.com e/ou amazon.de não serão obtidos (no entanto, é muito fácil adicionar os links em falta). </description>
    <description lang="pt_BR">Este scraper coleta informações nos seguintes sites:&#10;MusicBrainz, last.fm, allmusic.com e amazon.de, enquanto pega os artwork de: fanart.tv, last.fm and allmusic.com. O Mesmo pode ser configurara campo a campo em que site você quer obter informações específicas. A procura inicial é sempre feita no MusicBrainz. No caso allmusic e/ou amazon.de não terem sido adicionados no site MusicBrainz, campos de allmusic.com e/ou amazona.de não serão buscados (embora seja muito fácil adicionar os links faltantes). </description>
    <description lang="ro">Acest scraper colectează informații de la următoarele site-uri suportate: MusicBrainz, last.fm, allmusic.com și amazon.de. Elementele de grafica sunt accesate din: fanart.tv, last.fm și allmusic.com. Acesta poate fi setat câmp cu câmp de pe care site doriți informațiile specifice sa fie colectate ⏎ ⏎ Căutarea inițială se face întotdeauna pe MusicBrainz. În cazul în care Allmusic și / sau link-ul amazon.de nu sunt adăugate pe MusicBrainz, câmpurile din allmusic.com și / sau amazon.de nu pot fi colectate (este foarte ușor însă de adăugat aceste legături lipsă).</description>
    <description lang="ru">Данный скрапер собирает информацию со следующих сайтов:&#10;MusicBrainz, last.fm, allmusic.com и amazon.de, при этом получая обложки из: fanart.tv, last.fm и allmusic.com. Каждое поле можно настроить так, чтобы оно получало желаемую информацию с определенного вами сайта.⏎ ⏎ Начальный поиск всегда проводится на  MusicBrainz. Для allmusic и/или amazon.de ссылки на сайт MusicBrainz отсутствуют, поля с allmusic.com и/или amazon.de не могут быть заполнены (добавить пропущенные ссылки очень просто).</description>
    <description lang="sk">Tento zdroj získavania dát zbiera informácie z nasledujúcich podporovaných stránok: MusicBrainz, last.fm, allmusic.com a amazon.de, zatiaľ čo umeleckú grafiku získava zo stránok: fanart.tv, last.fm a allmusic.com. Je možné podrobne nastaviť, z ktorej stránky chcete získať konkrétne informácie.&#10;&#10;Počiatočné hľadanie je vždy na stránke MusicBrainz. V prípade, že odkaz pre allmusic a/alebo amazon.de nie je pridaný na stránku MusicBrainz, nie je možné získať údaje zo stránky allmusic.com a/alebo amazon.de (je ale veľmi jednoduché tieto chýbajúce odkazy pridať).</description>
    <description lang="sl">Ta ponudnik združuje informacije s sledečih strani: MusicBrainz, last.fm, allmusic.com in amazon.de; grafike prenaša z: fanart.tv, last.fm in allmusic.com. Vsako informacijo lahko prenesete z različne strani.&#10;&#10;Začeno iskanje je vedn na MusicBrainz. V primeru, da na MusicBrainz ni povezave do allmusic.com in/ali amazon.de, informacij od tam ne morete prenesti (a to težavo hitro lahko odpravite).</description>
    <description lang="sv">Denna skrapa samlar information från följande sajter: MusicBrainz, last.fm, allmusic.com och amazon.de, och konstverk från: fanart.tv, last.fm och allmusic.com. Det kan anges fält för fält vilken sajt du vill få den specifika informationen.⏎ ⏎ Den initiala sökningen är alltid utförd på MusicBrainz sajt, fälten från allmusic.com och/eller amazon.de länkarna läggs inte till på MusicBrainz sajten, fälten från allmusic.com och/eller amazon.de kan inte hämtas (väldigt enkelt att lägga till dom saknade länkarna dock).</description>
    <description lang="zh">本刮削器支持从以下网站获取信息：MusicBrainz、last.fm、allmusic.com和amazon.de，并从以下网站获取艺术图片：fanart.tv、last.fm和allmusic.com。你可以指定每一项内容的来源网站。&#10;&#10;初始结果总是先从MusicBrainz获取。如果MusicBrainz网站没有到allmusic和/或amazon.de的外部链接，则无法获取allmusic.com的/或amazon.de的信息（当然你能很容易地加入缺失的链接）。</description>
    <platform>all</platform>
  </extension>
</addon>
