<?xml version="1.0" encoding="UTF-8"?>
<addon id="plugin.video.cbsnews_com" name="CBSnews.com" version="1.0.6" provider-name="AddonScriptorDE">
    <requires>
        <import addon="xbmc.python" version="2.0"/>
    </requires>
    <extension point="xbmc.python.pluginsource" library="default.py">
        <provides>video</provides>
    </extension>
    <extension point="xbmc.addon.metadata">
        <platform>all</platform>
        <summary lang="en">Various news and shows</summary>
        <language>en</language>
        <description lang="en">Various news and shows</description>
    <platform>all</platform>
    </extension>
</addon>
