<?xml version="1.0" encoding="iso-8859-1"?>
<scraper framework="1.1" date="2010-05-25">
	<NfoUrl dest="3">
		<RegExp input="$$1" output="&lt;url&gt;http://www.\1&lt;/url&gt;" dest="3">
			<expression>(metal-archives.com/.*)</expression>
		</RegExp>
	</NfoUrl>
	<CreateArtistSearchUrl dest="3">
		<RegExp input="$$1" output="&lt;url&gt;http://www.metal-archives.com/search.php?string=\1&amp;amp;type=band&lt;/url&gt;" dest="3">
			<expression/>
		</RegExp>
	</CreateArtistSearchUrl>
	<GetArtistSearchResults dest="8">
		<RegExp input="$$5" output="&lt;results&gt;\1&lt;/results&gt;" dest="8">
			<RegExp input="$$1" output="&lt;entity&gt;&lt;title&gt;$$2&lt;/title&gt;&lt;url&gt;http://www.metal-archives.com/\1&lt;/url&gt;&lt;/entity&gt;" dest="5+">
				<expression>location.href = '([^']*)'</expression>
			</RegExp>
			<RegExp input="$$1" output="&lt;entity&gt;&lt;title&gt;\2&lt;/title&gt;&lt;url&gt;http://www.metal-archives.com/\1&lt;/entity&gt;" dest="5+">
				<expression repeat="yes" noclean="1">&lt;a href='(band.php[^']*)'&gt;([^&lt;]*)&lt;/a&gt;</expression>
			</RegExp>
			<expression noclean="1"/>
		</RegExp>		
	</GetArtistSearchResults>
	<GetArtistDetails dest="3">
		<RegExp input="$$5" output="&lt;details&gt;\1&lt;/details&gt;" dest="3">
			<RegExp input="$$1" output="\1" dest="6">
				<expression>Genre\(s\).*?&lt;td colspan=&quot;4&quot;&gt;([^&lt;]*)&lt;/td&gt;</expression>
			</RegExp>
			<RegExp input="$$6" output="&lt;genre&gt;\1&lt;/genre&gt;" dest="5+">
				<expression repeat="yes">([^,]+)[,]?</expression>
			</RegExp>
			<RegExp input="$$1" output="\1" dest="7">
				<expression>Lyrical theme\(s\).*?&lt;td colspan=&quot;4&quot;&gt;([^&lt;]*)&lt;/td&gt;</expression>
			</RegExp>
			<RegExp input="$$7" output="&lt;theme&gt;\1&lt;/theme&gt;" dest="5+">
				<expression repeat="yes">([^,]+)[,]?</expression>
			</RegExp>
			<RegExp input="$$1" output="\1" dest="9">
				<expression>&lt;td class=&quot;tt&quot; colspan=&quot;4&quot;&gt;([^&lt;]*)&lt;/td&gt;</expression>
			</RegExp>
			<RegExp input="$$9" output="&lt;name&gt;\1&lt;/name&gt;" dest="5+">
				<expression/>
			</RegExp>
			<RegExp input="$$1" output="&lt;formed&gt;\1&lt;/formed&gt;" dest="5+">
				<expression>&lt;td&gt;.*?&lt;/td&gt;.*?&lt;td&gt;([0-9]+)&lt;/td&gt;</expression>
			</RegExp>
			<RegExp input="$$1" output="&lt;biography&gt;\1\n\2&lt;/biography&gt;" dest="5+">
				<expression trim="1,2">Current line-up&lt;/td&gt;(.*)&lt;td class=&quot;trt&quot; colspan=&quot;4&quot;&gt;Additional notes(.*?)&lt;td class=&quot;trt&quot; colspan=&quot;4&quot;>Buy</expression>
			</RegExp>
			<RegExp input="$$1" output="&lt;album&gt;&lt;title&gt;\1&lt;/title&gt;&lt;year&gt;\2&lt;/year&gt;&lt;/album&gt;" dest="5+">
				<expression repeat="yes">release.php[^']*'&gt;([^&lt;]*)&lt;.*?, ([0-9]+)</expression>
			</RegExp>
			<RegExp input="$$9" conditional="htbfanart" output="&lt;chain function=&quot;GetHTBFanart&quot;&gt;\1&lt;/chain&gt;" dest="5+">
				<expression encode="1"/>
			</RegExp>
			<RegExp input="$$9" conditional="lastfmartistthumbs" output="&lt;chain function=&quot;GetLastFMArtistThumbs&quot;&gt;\1&lt;/chain&gt;" dest="5+">
				<expression encode="1"/>
			</RegExp>
			<RegExp input="$$2" conditional="htbthumbs" output="&lt;chain function=&quot;GetHTBThumbs&quot;&gt;\1&lt;/chain&gt;" dest="5+">
				<expression/>
			</RegExp>
			<RegExp conditional="maartistthumbs"input="$$1" output="&lt;thumb&gt;\1&lt;/thumb&gt;" dest="5+">
				<expression noclean="1">&lt;a href='(http://www.metal-archives.com/images[^']*)'&gt;</expression>
			</RegExp>
			<expression noclean="1"/>
		</RegExp>
	</GetArtistDetails>
</scraper>
