<colors>

	<color name="Clear">00FFFFFF</color> <!-- dont change -->
	<color name="Black">FF000000</color>
	<color name="White">FFFFFFFF</color>
	<color name="Red">FFFF0000</color>
	<color name="Blue">FF0000FF</color>

	<!-- Metropolis Steampunk Colors -->
	<!-- Global Colors -->
	<color name="BackgroundColor">eea0a0a0</color>
	<color name="FanartDiffuse">20FFFFFF</color>
	<color name="FrameBackgroundDiffuse">dd000000</color>
	<color name="Time">ccf8cd22</color>
	<color name="TimeAMPM">ccb4e58d</color>
	<color name="Date">ccb4e58d</color>
	<color name="Temp">ddFFFFFF</color>
	<color name="GlobalHeading">eeb4e58d</color>
	<color name="GlobalHeadingDetails">FFFFFFFF</color>
	<color name="HelpText">ccb4e58d</color>
	<color name="HelpArrowDiffuse">ccb4e58d</color>
	<color name="TextNF">ddFFFFFF</color>
	<color name="TextFO">FFc89008</color>
	<color name="TextDisabled">FFff5858</color>
	<color name="LowerText">eeFFFFFF</color>
	<color name="ButtonText">eeFFFFFF</color>
	<color name="ButtonDiffuse">eeFFFFFF</color>
		
	<!-- Home Screen -->
	<color name="HomeMenuText">eef8cd22</color>
	<color name="HomeMenuTextFocused">eeFFFFFF</color>
	<color name="SubmenuText">eef8cd22</color>
	<color name="SubmenuTextFocused">eeFFFFFF</color>
	<color name="RSSText">FFd0a664</color>
	<color name="RSSHeadline">FFFFFFFF</color>
	<color name="RSSTitle">FFf8cd22</color>
	<color name="RecentlyAddedNF">ddb4e58d</color>
	<color name="RecentlyAddedFO">eeFFFFFF</color>
	<color name="HomeStatsCategory">eef8cd22</color>
	<color name="HomeStatsNumber">ddFFFFFF</color>
	<color name="XBMCLogoDiffuse">eeFFFFFF</color>
	<color name="Home2SkinName">FFc89008</color>
	
	<!-- Media Flags -->
	<color name="MediaFlagDiffuse">ccFFFFFF</color>
	<color name="MediaFlagBoxDiffuse">89b4e58d</color>
	<color name="RatingStarDiffuse">FFb81212</color>
	<color name="IMDbDiffuse">eed0b331</color>

	<!-- Viewtypes -->
	<color name="TitleText">FFFFFFFF</color>
	<color name="MediaDetailsGenre">eef8cd22</color>
	<color name="MediaDetailsInfo">eef8cd22</color>
	<color name="MediaDetailsYear">eeb4e58d</color>
	<color name="MediaDetailsDuration">eeb4e58d</color>
	<color name="MediaDetailsEpisodes">FFc89008</color>
	<color name="WatchedOverlay">FFf8cd22</color>
	<color name="BulletDiffuse">ccFFFFFF</color>
	<color name="ArrowDiffuse">FFc89008</color>
	<color name="BannerFrameNF">eec89008</color>
	<color name="GlassDiffuse">00FFFFFF</color>
	<color name="FocusBar">89a80808</color>
	<color name="FocusBarText">eeFFFFFF</color>

	<!-- Low List View -->
	<color name="LowListTitle">ddd4c2c2</color>
	<color name="LowListDivider">89f8cd22</color>
	
	<!-- Landscape View -->
	<color name="LandscapeDiffuse">89FFFFFF</color>

	<!-- Coverflow View -->
	<color name="PosterDiffuse">89FFFFFF</color>
	
	<!-- Files View -->
	<color name="FilesDividerDiffuse">20f8cd22</color>
	<color name="FilesStarDiffuse">FFf8cd22</color>
	
	<!-- Settings -->
	<color name="SettingsHeading">FFb4e58d</color>
	<color name="SettingsDetail">ddFFFFFF</color>
	<color name="SettingsLine">88f8cd22</color>
	<color name="SettingsTitle">eeb4e58d</color>
	
	<!-- Info -->
	<color name="InfoLines">88f8cd22</color>
	<color name="MPAADescription">eeb4e58d</color>
	
	<!-- OSD -->
	<color name="OSDBackgroundColor">ddc0c0c0</color>
	<color name="OSDProgressBar">ddf8cd22</color>
	<color name="OSDFinishTime">FFFFFFFF</color>
	<color name="OSDPlayerStatusText">eef8cd22</color>
	<color name="OSDBookmarkNF">32FFFFFF</color>
	<color name="OSDBookmarkFO">60f8cd22</color>
	
	<!-- Dialogs -->
	<color name="DialogBackgroundColor">FFd0d0d0</color>
	<color name="DialogDropdownColor">FFff8080</color>
	<color name="DialogProgressBar">ddf8cd22</color>
	<color name="DialogTextFO">FFFFFFFF</color>

	<!-- Weather -->
	<color name="WeatherBGDiffuse">29b4e58d</color>
	<color name="WeatherDay">FFd0a664</color>
	<color name="WeatherHighTemp">FFf8cd22</color>
	<color name="WeatherLowTemp">eeFFFFFF</color>
	<color name="WeatherHeading">FFb4e58d</color>
	<color name="WeatherDetails">FFFFFFFF</color>
	
	<!-- Now Playing -->
	<color name="NowPlayingTitle">ddc89008</color>				<!-- Now Playing in large frame on Default home screen -->
	<color name="NowPlayingDetails">FFFFFFFF</color>			<!-- Now Playing in large frame on Default home screen -->
	<color name="NowPlayingTitle2">eef8cd22</color>				<!-- Now Playing text on dropdown -->
	<color name="NowPlayingDetails2">eeFFFFFF</color>			<!-- Now Playing text on dropdown -->
	
	
	
	<!-- Alaska Revisited Colors -->

	<!-- Background/Dialog colours -->
	<color name="PicturesDiffuse">52FFFFFF</color>				<!-- Fullscreen Picture background colour and transparency-->
	<color name="DialogBackgroundColour">FFFFFFFF</color>		<!-- dialogback.png colour and transparency -->
	<color name="GlobalColour">FFFFFFFF</color>					<!-- background.png colour - dont change transparency -->
	<color name="GlobalContextColour">32FFFFFF</color>			<!-- Context Menu colour and transparency -->

	<!-- Global colours -->
	<color name="GlobalDialog">FF686868</color>
	<color name="GlobalDialogDetails">FF686868</color>
	<color name="NowPlayingWindowFocus">FF0000ff</color>
	

</colors>