<?xml version="1.0" encoding="UTF-8" standalone="yes"?>
<addon id="plugin.image.facebook"
       name="facebook"
       version="0.9.7"
       provider-name="Rick Phillips (ruuk)">
  <requires>
    <import addon="xbmc.python" version="1.0"/>
    <import addon="script.module.simplejson" version="2.0.9"/>
    <import addon="script.web.viewer" version="0.7.3"/>
   </requires>

  <extension point="xbmc.python.pluginsource"
            library="default.py">
        <provides>image</provides>
  </extension>
  <extension point="xbmc.addon.metadata">
    <summary>Plugin to browse facebook photos</summary>
    <description lang="en">Browse your facebook albums, photos of you, your friends albums, and photos of your friends.</description>
	<description lang="de">Browse deine Facebook Alben, deine Fotos, die Alben und Fotos deiner Freunde</description>
	<description lang="nl">Blader door uw Facebook albums en afbeeldingen van u zelf of uw vrienden.</description>
	<platform>all</platform>
  </extension>
</addon>
