<?xml version="1.0" encoding="UTF-8" standalone="yes"?>
<addon id="plugin.video.pennyarcadetv" 
       name="Penny Arcade TV" 
       version="1.0.2"
       provider-name="jorsoban">
  <requires>
    <import addon="xbmc.python" version="1.0"/>
    <import addon="script.module.beautifulsoup" version="3.0.8"/>
  </requires>
  <extension point="xbmc.python.pluginsource" library="default.py">
    <provides>video</provides>
  </extension>
  <extension point="xbmc.addon.metadata">
    <platform>all</platform>
    <summary lang="en">Penny Arcade TV</summary>
    <description lang="en">Penny Arcade TV is the home of Penny Arcade: The Series, an online show by and about the creators of the Penny Arcade webcomic, as well as a number of other original shows.</description>
  </extension>
</addon>
