<?xml version="1.0" encoding="UTF-8" standalone="yes"?>
<addon
	id="plugin.audio.dradio"
	name="dradio.de"
	version="0.2.3"
	provider-name="escoand">
	<requires>
		<import addon="xbmc.python" version="2.0" />
	</requires>
	<extension point="xbmc.python.pluginsource" library="default.py">
		<provides>audio</provides>
	</extension>
	<extension point="xbmc.addon.metadata">
		<platform>all</platform>
		<license>GPL 3.0</license>
		<language>de</language>
		<summary>dradio.de - Listening to the radio, whenever you want</summary>
		<summary lang="de">dradio.de - Radio hören, wenn Sie Zeit haben</summary>
		<description>German radio station</description>
		<description lang="de">Deutscher Radio Sender</description>
	</extension>
</addon>
