<?xml version="1.0" encoding="UTF-8" standalone="yes"?>
<addon id="plugin.video.secsports"
       name="SEC Sports"
       version="0.1.4"
       provider-name="divingmule">
  <requires>
    <import addon="xbmc.python" version="1.0"/>
  </requires>
  <extension point="xbmc.python.pluginsource"
            library="default.py">
        <provides>video</provides>
  </extension>
  <extension point="xbmc.addon.metadata">
    <summary>SEC Sports.com Videos</summary>
    <description>Videos from secsports.com</description>
    <platform>all</platform>
  </extension>
</addon>
