<?xml version="1.0" encoding="utf-8" standalone="yes"?>
<addon id="script.xbmc-pbx-addon"
    name="XBMC PBX Addon" 
    version="1.0.10" 
    provider-name="hmronline">
    <requires>
        <import addon="xbmc.python" version="2.0"/>
    </requires>
    <extension point="xbmc.python.script" library="default.py">
        <provides>executable</provides>
    </extension>
    <extension point="xbmc.service" library="bgservice.py" start="login">
        <provides>executable</provides>
    </extension>
    <extension point="xbmc.addon.metadata">
        <platform>all</platform>
        <license>GPL 2.0</license>
        <summary lang="en">XBMC PBX Addon aims to provide a completely new Home Telephony Experience by integrating Asterisk into XBMC.</summary>
        <description lang="en">By integratating Asterisk into XBMC you can use it as a front-end for certain functionality (like playing voicemail) and to automate some tasks (like pausing video on incoming calls), among other features.</description>
        <disclaimer lang="en">You have to have a properly set-up and running Asterisk server.</disclaimer>
    </extension>
</addon>
