<?xml version="1.0" encoding="UTF-8" standalone="yes"?>
<addon id="plugin.image.iphoto" name="iPhoto" version="2.0.4" provider-name="jingai">
    <requires>
	<import addon="xbmc.python" version="2.0"/>
	<import addon="script.module.simplejson" version="2.0.10"/>
    </requires>
    <extension point="xbmc.python.pluginsource" library="addon.py">
	<provides>image</provides>
    </extension>
    <extension point="xbmc.addon.metadata">
	<summary lang="be">Imports iPhoto library into XBMC.</summary>
	<summary lang="bg">Внася iPhoto библиотека в XBMC</summary>
	<summary lang="da">Importerer iPhoto-bibliotek til XBMC</summary>
	<summary lang="de">Import Ihre iPhoto-Bibliothek in XBMC</summary>
	<summary lang="el">Εισάγει συλλογές iPhoto στο XBMC.</summary>
	<summary lang="en">Imports iPhoto library into XBMC.</summary>
	<summary lang="es">Importar librería iPhoto</summary>
	<summary lang="hu">iPhoto könyvtár importálása az XBMC-be</summary>
	<summary lang="it">Importa la libreria iPhoto in XBMC.</summary>
	<summary lang="ja">iPhoto ライブラリを XBMC に読み込む</summary>
	<summary lang="lt">Importuoti iPhoto biblioteka i XBMC.</summary>
	<summary lang="nl">Imports iPhoto library into XBMC.</summary>
	<summary lang="no">Importer iPhoto bibloteket til XBMC</summary>
	<summary lang="pl">Importuj bibliotekę iPhoto prosto do XBMC</summary>
	<summary lang="pt">Importa bibliotecas iPhoto para o XBMC.</summary>
	<summary lang="pt_BR">Importar Coleção iPhoto para o XBMC</summary>
	<summary lang="ru">Импортировать iPhoto библиотеку в XBMC</summary>
	<summary lang="sk">Importuje iPhoto knižnicu do XBMC</summary>
	<summary lang="sv">Importerar iPhoto-bibliotek till XBMC.</summary>
	<summary lang="zh">导入iPhoto照片库到XBMC</summary>
	<description lang="be">Imports iPhoto library into Events, Albums, Faces, Places, Keywords, and Ratings categories.[CR][CR]For more information, see the README at http://github.com/jingai/plugin.image.iphoto</description>
	<description lang="bg">Внася iPhoto библиотека в следните категории: Събития, Албуми, Лица, Места, Ключови думи и Оценки.[CR][CR]За повече информация прочетете файла README на адрес http://github.com/jingai/plugin.image.iphoto</description>
	<description lang="da">Importerer iPhoto-bibliotek til kategorierne Begivenheder, Albummer, Ansigter, Steder, Nøgleord og Ratings.[CR][CR]For mere information, se README-filen på http://github.com/jingai/plugin.image.iphoto</description>
	<description lang="de">Importiert die iPhoto Datenbank in Veranstaltungen, Alben, Gesichter, Orte, Stichwörter und Bewertungskategorien. [CR][CR]Für mehr Informationen, siehe README unter http://github.com/jingai/plugin.image.iphoto</description>
	<description lang="el">Εισάγει συλλογές iPhoto στις κατηγορίες Γεγονότα, Άλμπουμ, Πρόσωπα, Τοποθεσίες, Λέξεις Κλειδιά και Αξιολογήσεις.[CR][CR]Για περισσότερες πληροφορίες, δείτε το README στην ιστοσελίδα http://github.com/jingai/plugin.image.iphoto</description>
	<description lang="en">Imports iPhoto library into Events, Albums, Faces, Places, Keywords, and Ratings categories.[CR][CR]For more information, see the README at http://github.com/jingai/plugin.image.iphoto</description>
	<description lang="es">Importe su biblioteca de iPhoto en Eventos, Albumes, Caras, Lugares, Palabras claves y valoraciones.[CR][CR]Para más información, lea el README en http://github.com/jingai/plugin.image.iphoto</description>
	<description lang="hu">iPhoto könyvtár importálása az Események, Albumok és Besorolás kategóriákba.</description>
	<description lang="it">Importa la libreria iPhoto nelle categorie Eventi, Album, Volti, Luoghi, Parole chiave e Classifica. [CR][CR]Per maggiori informazioni, vedi il file README su http://github.com/jingai/plugin.image.iphoto</description>
	<description lang="lt">Importuoja(-uoti) iPhoto Library į/iš renginiai, albumai, veidai, vietos raktinius žodžius, ir reitingus:. Norėdami gauti daugiau informacijos iš failo readme http://github.com/jingai/plugin.image.iphoto</description>
	<description lang="pl">Importuj zawartość iPhoto do takich bibliotek jak Wydarzenia, Albumy, Twarze, Miejsca, Słowa kluczowe czy Oceny kategorii[CR][CR]By dowiedzieć się wiecej, zajrzyj pod http://github.com/jingai/plugin.image.iphoto i przeczytaj README</description>
	<description lang="pt">Importa bibliotecas iPhoto para Eventos, Álbuns e Classificações.</description>
	<description lang="pt_BR">Importações biblioteca do iPhoto em Eventos, Álbuns, Rostos, Lugares, palavras-chave e categorias de ratings. [CR] [CR] Para mais informações, consulte o README no&#10;http://github.com/jingai/plugin.image.iphoto</description>
	<description lang="sk">Importuje iPhoto knižnicu do Udalostí, Albumov, Klúčových slov a Hodnotení v kategóriách.&#10;&#10;Pre via informácií si prečítajte README na http://github.com/jingai/plugin.image.iphoto</description>
	<description lang="sv">Importerar iPhoto biblioteket till händelser, album, ansikten, platser, nyckelord och betygs kategorier.[CR][CR]För mer information, läs README på http://github.com/jingai/plugin.image.iphoto</description>
	<language></language>
	<platform>all</platform>
    </extension>
</addon>
