<?xml version="1.0" encoding="UTF-8" standalone="yes"?>
<addon id="script.randomitems" name="Random Items script" version="1.0.11" provider-name="Hitcher">
	<requires>
		<import addon="xbmc.python" version="1.0"/>
	</requires>
	<extension point="xbmc.python.library" library="RandomItems.py" />
	<extension point="xbmc.addon.metadata">
		<summary lang="en">Random Items script</summary>
		<description lang="en">Script to get Random Videos and Music from the database.</description>
		<platform>all</platform>
	</extension>
</addon>
