<?xml version="1.0" encoding="UTF-8"?>
<scraper framework="1.1" date="2012-04-28">
	<NfoUrl dest="3">
		<RegExp input="$$1" output="&lt;url&gt;http://akas.imdb.com/title/tt\1/&lt;/url&gt;&lt;id&gt;tt\1&lt;/id&gt;" dest="3">
			<expression clear="yes" noclean="1">imdb....?/Title\?([0-9]*)</expression>
		</RegExp>
		<RegExp input="$$1" output="&lt;url&gt;http://akas.imdb.com/title/tt\1/&lt;/url&gt;&lt;id&gt;tt\1&lt;/id&gt;" dest="3+">
			<expression noclean="1">imdb....?/title/tt([0-9]*)</expression>
		</RegExp>
	</NfoUrl>
	<CreateSearchUrl dest="3" SearchStringEncoding="iso-8859-1">
		<RegExp input="$$1" output="&lt;url&gt;http://akas.imdb.com/find?q=\1&amp;s=tt&lt;/url&gt;" dest="3">
			<RegExp input="$$2" output="%20(\1)" dest="4">
				<expression clear="yes">(.+)</expression>
			</RegExp>
			<expression noclean="1"/>
		</RegExp>
	</CreateSearchUrl>
	<GetSearchResults dest="8">
		<RegExp input="$$5" output="&lt;?xml version=&quot;1.0&quot; encoding=&quot;iso-8859-1&quot; standalone=&quot;yes&quot;?&gt;&lt;results&gt;\1&lt;/results&gt;" dest="8">
			<RegExp input="$$1" output="\1" dest="4">
				<expression noclean="1">&lt;table class=&quot;findList&quot;(.*?)&lt;/div</expression>
			</RegExp>
			<RegExp input="$$4" output="&lt;entity&gt;&lt;title&gt;\2&lt;/title&gt;&lt;year&gt;\3&lt;/year&gt;&lt;url cache=&quot;\1-main.html&quot;&gt;http://akas.imdb.com/title/\1/&lt;/url&gt;&lt;id&gt;\1&lt;/id&gt;&lt;/entity&gt;" dest="5+">
				<expression repeat="yes" noclean="1,2">&lt;td\sclass=&quot;result_text&quot;&gt;\s&lt;a\shref=&quot;/title/([t0-9]*)/[^&gt;]*&gt;(?:&amp;#x22;)?([^&lt;]*?)(?:&amp;#x22;)?&lt;/a&gt;\s*\([^\(]*?([0-9]{4})[^\)]*\)(?!\s\(Video\sGame\))</expression>
			</RegExp>
			<RegExp input="$$4" output="&lt;entity&gt;&lt;title&gt;\4&lt;/title&gt;&lt;year&gt;\3&lt;/year&gt;&lt;url cache=&quot;\1-main.html&quot;&gt;http://akas.imdb.com/title/\1/&lt;/url&gt;&lt;id&gt;\1&lt;/id&gt;&lt;/entity&gt;" dest="5+">
				<expression repeat="yes" noclean="1,2">&lt;td\sclass=&quot;result_text&quot;&gt;\s&lt;a\shref=&quot;/title/([t0-9]*)/[^&gt;]*&gt;(?:&amp;#x22;)?([^&lt;]*?)(?:&amp;#x22;)?&lt;/a&gt;\s*\([^\(]*?([0-9]{4})[^\)]*\)\s&lt;br/&gt;aka\s&lt;i&gt;&quot;([^&quot;]*)</expression>
			</RegExp>
			<expression clear="yes" noclean="1"/>
		</RegExp>
	</GetSearchResults>
	<GetDetails dest="3">
		<RegExp input="$$5" output="&lt;details&gt;\1&lt;/details&gt;" dest="3">
			<RegExp input="$$2" output="&lt;id&gt;\1&lt;/id&gt;" dest="5">
				<expression/>
			</RegExp>
			<RegExp input="$$1" output="\2" dest="19">
				<expression fixchars="2">&lt;meta name=&quot;title&quot; content=&quot;(IMDb - )?(?:&amp;#x22;)?([^&quot;]*?)(?:&amp;#x22;)? \([^\(]*?([0-9]{4})\)</expression>
			</RegExp>
			<RegExp input="$$1" output="\2" dest="20">
				<expression>&lt;meta name=&quot;title&quot; content=&quot;([^&quot;]*?) \([^\(]*?([0-9]{4})\)</expression>
			</RegExp>
			<RegExp input="$$19" output="&lt;originaltitle&gt;\1&lt;/originaltitle&gt;" dest="5+">
				<expression/>
			</RegExp>
			<RegExp input="$$1" output="&lt;year&gt;\2&lt;/year&gt;" dest="5+">
				<expression>&lt;meta name=&quot;title&quot; content=&quot;([^&quot;]*?) \([^\(]*?([0-9]{4})\)</expression>
			</RegExp>
			<RegExp input="$$1" output="&lt;top250&gt;\1&lt;/top250&gt;" dest="5+">
				<expression>Top 250 #([0-9]*)&lt;/</expression>
			</RegExp>
			<RegExp input="$INFO[titlesource]" output="&lt;chain function=&quot;GetIMDBAKATitlesById&quot;&gt;$$2&lt;/chain&gt;" dest="5+">
				<expression>IMDb</expression>
			</RegExp>
			<RegExp input="$INFO[titlesource]" output="&lt;chain function=&quot;GetTMDBLangTitleByIdChain&quot;&gt;$$2&lt;/chain&gt;" dest="5+">
				<expression>themoviedb.org</expression>
			</RegExp>
			<RegExp input="$INFO[certificationssource]" output="&lt;chain function=&quot;GetTMDBCertificationsByIdChain&quot;&gt;$$2&lt;/chain&gt;" dest="5+">
				<expression>themoviedb.org</expression>
			</RegExp>
			<RegExp input="$INFO[certificationssource]" output="&lt;chain function=&quot;GetIMDBCountryCert&quot;&gt;$$2&lt;/chain&gt;" dest="5+">
				<expression>IMDb</expression>
			</RegExp>
			<RegExp input="$$1" output="&lt;tagline&gt;\1&lt;/tagline&gt;" dest="5+">
				<expression>&lt;h4[^&gt;]*?&gt;Taglines:&lt;/h4&gt;\n?([^&lt;]*)</expression>
			</RegExp>
			<RegExp input="$$1" output="&lt;runtime&gt;\1&lt;/runtime&gt;" dest="5+">
				<expression trim="1">&lt;h4[^&gt;]*?&gt;Runtime:&lt;/h4&gt;[^0-9]*([0-9]+)</expression>
			</RegExp>
			<RegExp input="$INFO[mratingsource]" output="&lt;chain function=&quot;GetIMDBRatingById&quot;&gt;$$2&lt;/chain&gt;" dest="5+">
				<expression>IMDb</expression>
			</RegExp>
			<RegExp input="$INFO[mratingsource]" output="&lt;chain function=&quot;GetMetaCriticRatingById&quot;&gt;$$2&lt;/chain&gt;" dest="5+">
				<expression>MetaCritic</expression>
			</RegExp>
			<RegExp input="$INFO[mratingsource]" output="&lt;chain function=&quot;GetRTRatingById&quot;&gt;$$2&lt;/chain&gt;" dest="5+">
				<expression>Rotten Tomatoes</expression>
			</RegExp>
			<RegExp input="$INFO[mratingsource]" output="&lt;chain function=&quot;GetTMDBRatingByIdChain&quot;&gt;$$2&lt;/chain&gt;" dest="5+">
				<expression>themoviedb.org</expression>
			</RegExp>
			<RegExp input="$INFO[mratingsource]" output="&lt;chain function=&quot;GetTRAKTTVRatingByIdChain&quot;&gt;$$2&lt;/chain&gt;" dest="5+">
				<expression>trakt.tv</expression>
			</RegExp>
			<RegExp input="$INFO[genressource]" output="&lt;chain function=&quot;GetIMDBGenresById&quot;&gt;$$2&lt;/chain&gt;" dest="5+">
				<expression>IMDb</expression>
			</RegExp>
			<RegExp input="$INFO[genressource]" output="&lt;chain function=&quot;GetTMDBLangGenresByIdChain&quot;&gt;$$2&lt;/chain&gt;" dest="5+">
				<expression>themoviedb.org</expression>
			</RegExp>
			<RegExp input="$INFO[genressource]" output="&lt;chain function=&quot;GetTRAKTTVGenresByIdChain&quot;&gt;$$2&lt;/chain&gt;" dest="5+">
				<expression>trakt.tv</expression>
			</RegExp>
			<RegExp input="$$1" output="&lt;country&gt;\1&lt;/country&gt;" dest="5+">
				<expression repeat="yes">"/country/[^&gt;]+&gt;([^&lt;]+)&lt;/a&gt;</expression>
			</RegExp>
			<RegExp input="$$1" output="&lt;studio&gt;\1&lt;/studio&gt;" dest="5+">
				<expression>"/company/[^&gt;]+&gt;([^&lt;]+)&lt;/a&gt;</expression>
			</RegExp>
			<RegExp input="$$1" output="&lt;outline&gt;\1&lt;/outline&gt;&lt;plot&gt;\1&lt;/plot&gt;" dest="5+">
				<expression fixchars="1" trim="1">&lt;p&gt;\n?&lt;p itemprop=&quot;description&quot;&gt;([^&lt;]+)&lt;/p&gt;</expression>
			</RegExp>
			<RegExp conditional="rtoutline" input="$$2" output="&lt;chain function=&quot;GetRTOutlineById&quot;&gt;$$2&lt;/chain&gt;" dest="5+">
				<expression/>
			</RegExp>
			<RegExp input="$INFO[plotsource]" output="&lt;chain function=&quot;GetIMDBPlotById&quot;&gt;$$2&lt;/chain&gt;" dest="5+">
				<expression>IMDb</expression>
			</RegExp>
			<RegExp input="$INFO[plotsource]" output="&lt;chain function=&quot;GetTMDBLangPlotByIdChain&quot;&gt;$$2&lt;/chain&gt;" dest="5+">
				<expression>themoviedb.org</expression>
			</RegExp>
			<RegExp input="$INFO[taglinesource]" output="&lt;chain function=&quot;GetIMDBTaglineById&quot;&gt;$$2&lt;/chain&gt;" dest="5+">
				<expression>IMDb</expression>
			</RegExp>
			<RegExp input="$INFO[taglinesource]" output="&lt;chain function=&quot;GetTMDBLangTaglineByIdChain&quot;&gt;$$2&lt;/chain&gt;" dest="5+">
				<expression>themoviedb.org</expression>
			</RegExp>
			<RegExp input="$INFO[plotsource]" output="&lt;chain function=&quot;GetRTPlotById&quot;&gt;$$2&lt;/chain&gt;" dest="5+">
				<expression>Rotten Tomatoes</expression>
			</RegExp>
			<RegExp input="$INFO[plotsource]" output="&lt;chain function=&quot;GetOFDbPlotByIMDBId&quot;&gt;$$2&lt;/chain&gt;" dest="5+">
				<expression>OFDb.de</expression>
			</RegExp>
			<RegExp input="$INFO[plotsource]" output="&lt;chain function=&quot;GetTRAKTTVPlotByIdChain&quot;&gt;$$2&lt;/chain&gt;" dest="5+">
				<expression>trakt.tv</expression>
			</RegExp>
			<RegExp input="$INFO[plotsource]" output="&lt;chain function=&quot;GetPortHUPlotByTitleAndYear&quot;&gt;$$19::$$20&lt;/chain&gt;" dest="5+">
				<expression>port.hu</expression>
			</RegExp>
			<RegExp input="$INFO[creditssource]" output="&lt;chain function=&quot;GetIMDBCastById&quot;&gt;$$2&lt;/chain&gt;" dest="5+">
				<expression>IMDb</expression>
			</RegExp>
			<RegExp input="$INFO[creditssource]" output="&lt;chain function=&quot;GetIMDBFullCastById&quot;&gt;$$2&lt;/chain&gt;" dest="5+">
				<expression>IMDbFull</expression>
			</RegExp>
			<RegExp input="$INFO[creditssource]" output="&lt;chain function=&quot;GetTMDBCastByIdChain&quot;&gt;$$2&lt;/chain&gt;" dest="5+">
				<expression>themoviedb.org</expression>
			</RegExp>
			<RegExp input="$INFO[creditssource]" output="&lt;chain function=&quot;GetIMDBDirectorsById&quot;&gt;$$2&lt;/chain&gt;" dest="5+">
				<expression>IMDb</expression>
			</RegExp>
			<RegExp input="$INFO[creditssource]" output="&lt;chain function=&quot;GetIMDBFullDirectorsById&quot;&gt;$$2&lt;/chain&gt;" dest="5+">
				<expression>IMDbFull</expression>
			</RegExp>
			<RegExp input="$INFO[creditssource]" output="&lt;chain function=&quot;GetTMDBDirectorsByIdChain&quot;&gt;$$2&lt;/chain&gt;" dest="5+">
				<expression>themoviedb.org</expression>
			</RegExp>
			<RegExp input="$INFO[creditssource]" output="&lt;chain function=&quot;GetIMDBWritersById&quot;&gt;$$2&lt;/chain&gt;" dest="5+">
				<expression>IMDb</expression>
			</RegExp>
			<RegExp input="$INFO[creditssource]" output="&lt;chain function=&quot;GetIMDBFullWritersById&quot;&gt;$$2&lt;/chain&gt;" dest="5+">
				<expression>IMDbFull</expression>
			</RegExp>
			<RegExp input="$INFO[creditssource]" output="&lt;chain function=&quot;GetTMDBWitersByIdChain&quot;&gt;$$2&lt;/chain&gt;" dest="5+">
				<expression>themoviedb.org</expression>
			</RegExp>
			<RegExp conditional="tmdbset" input="$$2" output="&lt;chain function=&quot;GetTMDBSetByIdChain&quot;&gt;$$2&lt;/chain&gt;" dest="5+">
				<expression />
			</RegExp>
			<RegExp conditional="trakttvposter" input="$$2" output="&lt;chain function=&quot;GetTRAKTTVThumbsByIdChain&quot;&gt;$$2&lt;/chain&gt;" dest="5+">
				<expression/>
			</RegExp>
			<RegExp conditional="tmdbthumbs" input="$$2" output="&lt;chain function=&quot;GetTMDBLangThumbsByIdChain&quot;&gt;$$2&lt;/chain&gt;" dest="5+">
				<expression/>
			</RegExp>
			<RegExp conditional="impawards" input="$$2" output="&lt;chain function=&quot;GetIMPAThumbsById&quot;&gt;$$2&lt;/chain&gt;" dest="5+">
				<expression/>
			</RegExp>
			<RegExp conditional="movieposterdb" input="$$2" output="&lt;chain function=&quot;GetMoviePosterDBThumbs&quot;&gt;$$2&lt;/chain&gt;" dest="5+">
				<expression/>
			</RegExp>
			<RegExp conditional="trakttvfanart" input="$$2" output="&lt;chain function=&quot;GetTRAKTTVFanartByIdChain&quot;&gt;$$2&lt;/chain&gt;" dest="5+">
				<expression/>
			</RegExp>
			<RegExp conditional="fanart" input="$$2" output="&lt;chain function=&quot;GetTMDBFanartByIdChain&quot;&gt;$$2&lt;/chain&gt;" dest="5+">
				<expression/>
			</RegExp>
			<RegExp conditional="ytrailer" input="$$1" output="&lt;chain function=&quot;GetYoutubeTrailer&quot;&gt;$$6=$$9&lt;/chain&gt;" dest="5+">
				<RegExp input="$$1" output="\2" dest="6">
					<expression>&lt;meta name=&quot;title&quot; content=&quot;(IMDb - )?(?:&amp;#x22;)?([^&quot;]*?)(?:&amp;#x22;)? \([^\(]*?([0-9]{4})\)</expression>
				</RegExp>
				<RegExp input="$$1" output="\2" dest="9">
					<expression>&lt;meta name=&quot;title&quot; content=&quot;([^&quot;]*?) \([^\(]*?([0-9]{4})\)</expression>
				</RegExp>
				<expression/>
			</RegExp>
			<RegExp conditional="tmdbtrailer" input="$$2" output="&lt;chain function=&quot;GetTMDBLangTrailerByIdChain&quot;&gt;$$2&lt;/chain&gt;" dest="5+">
				<expression/>
			</RegExp>
			<RegExp conditional="trakttvtrailer" input="$$2" output="&lt;chain function=&quot;GetTRAKTTVTrailerByIdChain&quot;&gt;$$2&lt;/chain&gt;" dest="5+">
				<expression/>
			</RegExp>
			<RegExp input="$INFO[TrailerQ]" output="&lt;chain function=&quot;GetHDTrailersnet480p&quot;&gt;$$6&lt;/chain&gt;" dest="5+">
				<RegExp input="$$1" output="\1" dest="6">
					<expression>&lt;meta name=&quot;title&quot; content=&quot;(?:&amp;#x22;)?([^&quot;]*?)(?:&amp;#x22;)? \([^\(]*?([0-9]{4})\)</expression>
				</RegExp>
				<expression>480p</expression>
			</RegExp>
			<RegExp input="$INFO[TrailerQ]" output="&lt;chain function=&quot;GetHDTrailersnet720p&quot;&gt;$$6&lt;/chain&gt;" dest="5+">
				<RegExp input="$$1" output="\1" dest="6">
					<expression>&lt;meta name=&quot;title&quot; content=&quot;(?:&amp;#x22;)?([^&quot;]*?)(?:&amp;#x22;)? \([^\(]*?([0-9]{4})\)</expression>
				</RegExp>
				<expression>720p</expression>
			</RegExp>
			<RegExp input="$INFO[TrailerQ]" output="&lt;chain function=&quot;GetHDTrailersnet1080p&quot;&gt;$$6&lt;/chain&gt;" dest="5+">
				<RegExp input="$$1" output="\1" dest="6">
					<expression>&lt;meta name=&quot;title&quot; content=&quot;(?:&amp;#x22;)?([^&quot;]*?)(?:&amp;#x22;)? \([^\(]*?([0-9]{4})\)</expression>
				</RegExp>
				<expression>1080p</expression>
			</RegExp>
			<RegExp conditional="imdbthumbs" input="$$2" output="&lt;chain function=&quot;GetIMDBThumbsById&quot;&gt;$$2&lt;/chain&gt;" dest="5+">
				<expression/>
			</RegExp>
			<expression noclean="1"/>
		</RegExp>
	</GetDetails>
</scraper>
