<?xml version="1.0" encoding="UTF-8" standalone="yes"?>
<addon id="metadata.fdb.pl"
       name="FDB.pl"
        version="1.1.0"
       provider-name="smuto">
  <requires>
    <import addon="xbmc.metadata" version="1.0"/>
    <import addon="metadata.common.themoviedb.org" version="1.0"/>
  </requires>
  <extension point="xbmc.metadata.scraper.movies"
             language="pl"
             library="fdbpl.xml"/>
  <extension point="xbmc.addon.metadata">
    <summary lang="en">FDB Movie Scraper</summary>
    <summary lang="hu">FDB filmadat leolvasó</summary>
    <summary lang="kr">FDB 영화 스크래퍼</summary>
    <summary lang="pt">Scraper de filmes FDB</summary>
    <description lang="en">Download Movie information from www.fdb.pl</description>
    <description lang="hu">Film információk letöltése a www.fdb.pl webhelyről</description>
    <description lang="kr">www.fdb.pl 에서 영화 정보 다운로드</description>
    <description lang="pt">Descarregar informação de filmes de www.fdb.pl</description>
    <platform>all</platform>
    <broken>will not fetch most of the details, nor artwork</broken>
  </extension>
</addon>
