<?xml version="1.0" encoding="UTF-8" standalone="yes"?>
<addon id="script.watchlist" name="Watchlist" version="12.0.1" provider-name="ronie, `Black, Martijn">
	<requires>
        <import addon="xbmc.addon" version="11.9.5"/>
		<import addon="xbmc.python" version="2.1"/>
		<import addon="script.module.simplejson" version="2.0.10"/>
	</requires>
	<extension point="xbmc.python.library" library="default.py"/>
	<extension point="xbmc.addon.metadata">
		<summary lang="en">Addon to display recommended items from your library.</summary>
		<description lang="en">This addon will create a list of partially watched movies, a list containing the first unwatched episode of tv shows you're watching and a list of most played albums.</description>
		<platform>all</platform>
	</extension>
</addon>
