<scraperfunctions>
	<GetAmazonDEAlbumReviewByASIN dest="5">
		<RegExp input="$$1" output="&lt;details&gt;&lt;url function=&quot;ParseAmazonDEAlbumReview&quot;&gt;http://www.amazon.de/exec/obidos/ASIN/\1&lt;/url&gt;&lt;/details&gt;" dest="5">
			<expression noclean="1">(.+)</expression>
		</RegExp>
	</GetAmazonDEAlbumReviewByASIN>
	<ParseAmazonDEAlbumReview dest="5">
		<RegExp input="$$2" output="&lt;details&gt;\1&lt;/details&gt;" dest="5">
			<RegExp input="$$1" output="&lt;review&gt;\1&lt;/review&gt;" dest="2">
				<expression fixchars="1">Kurzbeschreibung&lt;/h3&gt;\s*&lt;div class=&quot;productDescriptionWrapper&quot;&gt;(.*?)&lt;div class</expression>
			</RegExp>
			<expression noclean="1">(.+)</expression>
		</RegExp>
	</ParseAmazonDEAlbumReview>
</scraperfunctions>
