<?xml version="1.0" encoding="UTF-8" standalone="yes"?>
<addon
    id="script.artwork.downloader"
    name="Artwork Downloader"
    version="12.0.12"
    provider-name="Martijn"
    >
  <requires>
    <import addon="xbmc.python"                 version="2.1.0"/>
    <import addon="xbmc.json"                   version="6.0.0"/>
    <import addon="xbmc.addon"                  version="12.0.0"/>
    <import addon="script.module.elementtree"   version="1.2.7"/>
    <import addon="script.module.simplejson"    version="2.0.10" optional="true"/>
    <import addon="script.common.plugin.cache"  version="1.3.0"/>
  </requires>
  <extension point="xbmc.python.script"         library="default.py">
    <provides>executable</provides>
  </extension>
  <extension point="xbmc.service" library="service.py" start="login"/>
  <extension point="xbmc.addon.metadata">
    <summary lang="be">Downloads Artwork for TV shows, Movies and Musicvideos in your library</summary>
    <summary lang="da">Henter fankunst til TV-serier, film og musikvideoer i dit bibliotek</summary>
    <summary lang="de">Lade Artworks fÃ¼r Filme, Serien und Musikvideos deiner Bibliothek herunter</summary>
    <summary lang="el">Κατεβάζει Εικόνες για τις Τηλεοπτικές Σειρές, τις Ταινίες και τα Μουσικά Βίντεο της συλλογής σας</summary>
    <summary lang="en">Downloads Artwork for TV shows, Movies and Musicvideos in your library</summary>
    <summary lang="es">Descargue Artwork de Series, PelÃ­culas y Videoclips a su biblioteca</summary>
    <summary lang="fr">Téléchargez les Artworks pour les séries TV, les films et les clip vidéo de votre médiathèque</summary>
    <summary lang="ko">라이브러리의 TV 쇼, 영화, 뮤직비디오의 아트워크 다운로드</summary>
    <summary lang="nl">Download Artwork voor TV series, Films en Muziekvideos in jouw bibliotheek</summary>
    <summary lang="pl">Pobiera grafiki dla Seriali TV, FilmÃ³w i TeledyskÃ³w z twojej biblioteki</summary>
    <summary lang="pt">Transfira Artwork de Seriados, Filmes e Concertos para sua biblioteca</summary>
    <summary lang="pt_BR">Transferências Artes de Seriados, Filmes e Concertos para suas Coleções.</summary>
    <summary lang="sv">Laddar ner bilder och extramaterial för TV-serierna, filmerna och musikvideorna i ditt bibliotek</summary>
    <summary lang="zh">下载剧集、电影和音乐电视艺术图片到资料库</summary>
    <description lang="en">Downloads all available artwork for TV shows, Movies and Musicvideos in your library. Check the options for supported artwork[CR]Artwork sources:[CR]www.fanart.tv[CR]www.thetvdb.com[CR]www.themoviedb.org[CR]Remark:[CR]Check your skin to see what type of artwork is supported![CR]Each TV Show/Movie must have its own folder![CR]Skin integration:[CR]See readme file</description>
    <description lang="nl">Download alle beschikbare artwork voor TV series, Films en Muziekvideos in jouw bibliotheek. Bekijk de opties voor ondersteunde artwork[CR]Artwork bronnen:[CR]www.fanart.tv[CR]www.thetvdb.com[CR]www.themoviedb.org[CR]Opmerking:[CR]Controleer jouw skin om te bepalen welke artwork deze ondersteund![CR]Elke TV serie/Film moet zich in zijn eigen folder bevinden![CR]Skin integratie:[CR]Kijk in de readme bestand</description>
    <disclaimer lang="be">For bugs, requests or general questions visit the Artwork Downloader thread on the XBMC forum.</disclaimer>
    <disclaimer lang="da">For bugs, requests or general questions visit the Artwork Downloader thread on the XBMC forum.</disclaimer>
    <disclaimer lang="de">FÃ¼r Fehler, VorschlÃ¤ge oder alggemeine Fragen, besuche das Artwork Downloader-Thema im XBMC-Forum (englisch).</disclaimer>
    <disclaimer lang="el">Για προβλήματα, αιτήματα ή γενικές ερωτήσεις επισκεφθείτε το θέμα του Artwork Downloader στο forum του XBMC.</disclaimer>
    <disclaimer lang="en">For bugs, requests or general questions visit the Artwork Downloader thread on the XBMC forum.</disclaimer>
    <disclaimer lang="es">Para informar de errores, hacer peticiones o preguntas visiten el hilo Artwork Downloader en el foro de XBMC.</disclaimer>
    <disclaimer lang="fr">Pour bugs, demandes ou questions générales visiter le thread Artwork Downloader sur le forum XBMC.</disclaimer>
    <disclaimer lang="ko">버그, 요청사항 및 일반적인 질문은  XBMC 포럼의 Artwork Downloader 글타래를 찾아 주세요.</disclaimer>
    <disclaimer lang="nl">Voor fouten, verzoeken of algemene vragen kan je terecht op Artwork Downloader thread op het XBMC forum.</disclaimer>
    <disclaimer lang="pl">By zgÅ‚osiÄ‡ bÅ‚Ä…d, proÅ›bÄ™ lub zadaÄ‡ pytanie odwiedÅº wÄ…tek poÅ›wiÄ™cony Artwork Downladerowi na forum XBMC.</disclaimer>
    <disclaimer lang="pt">Para informar erros, requisitar algo ou perguntar sobre o add-on, visitem o tÃ³pico do Artwork Downloader no fÃ³rum do XBMC.</disclaimer>
    <disclaimer lang="pt_BR">Para erros, requisições ou questões gerais visite o tópico do Artwork Downloader no Fórum XBMC.org</disclaimer>
    <disclaimer lang="sv">För buggar, önskemål och frågor, besök Artwork Downloader tråden på XBMCs forum.</disclaimer>
    <disclaimer lang="zh">错误报告、功能需求及常见问题，请访问XBMC论坛的Artwork Downloader专贴。</disclaimer>
    <language></language>
    <platform>all</platform>
  </extension>
</addon>
