<?xml version="1.0" encoding="UTF-8" standalone="yes"?>
<addon id="metadata.amazon.com"
       name="Amazon.com"
        version="1.0.4" 
       provider-name="C-Quel + John Lockwood">
  <requires>
    <import addon="xbmc.metadata" version="1.0"/>
  </requires>
  <extension point="xbmc.metadata.scraper.movies"
             language="en"
             library="amazonus.xml"/>
  <extension point="xbmc.addon.metadata">
    <summary lang="en">Amazon Movie Scraper</summary>
    <summary lang="hu">Amazon filmadat leolvasó</summary>
    <summary lang="kr">Amazon 영화 스크래퍼</summary>
    <summary lang="pl">Scraper filmów Amazon</summary>
    <summary lang="pt">Scraper de filmes Amazon</summary>
    <description lang="en">Download Movie information from www.amazon.com</description>
    <description lang="hu">Film információk letöltése a www.amazon.com webhelyről</description>
    <description lang="kr">www.amazon.com 에서 영화 정보 다운로드</description>
    <description lang="pl">Pobieraj informacje o filmach z www.amazon.com</description>
    <description lang="pt">Descarregar informação de filmes de www.amazon.com</description>
    <platform>all</platform>
    <broken>will not find any movies</broken>
  </extension>
</addon>
