﻿<?xml version="1.0" encoding="utf-8"?>
<scraper framework="1.1" date="2010-10-27">
	<CreateSearchUrl dest="3">
		<RegExp input="$$1" output="&lt;url&gt;http://www.amazon.com/s/ref=nb_ss_d_h_?url=search-alias=dvd&amp;amp;field-keywords=\1|User-Agent=Mozilla%2F4.0%20(compatible%3B%20MSIE%207.0%3B%20Windows%20NT%206.0)&lt;/url&gt;" dest="3">
			<expression noclean="1" />
		</RegExp>
	</CreateSearchUrl>
	<GetSearchResults dest="8">
		<RegExp input="$$5" output="&lt;?xml version=&quot;1.0&quot; encoding=&quot;iso-8859-1&quot; standalone=&quot;yes&quot;?&gt;&lt;results&gt;\1&lt;/results&gt;" dest="8">
			<RegExp input="$$1" output="&lt;entity&gt;&lt;title&gt;\2&lt;/title&gt;&lt;url&gt;\1&lt;/url&gt;&lt;year&gt;\3&lt;/year&gt;&lt;/entity&gt;" dest="5">
				<expression repeat="yes" clear="yes" noclean="1">&lt;a class="title" href="([^"]*)"&gt;([^&lt;]*)&lt;/a&gt;.*?-&amp;nbsp;(\d{4})</expression>
			</RegExp>
			<expression clear="yes" noclean="1" />
		</RegExp>
	</GetSearchResults>
	<GetDetails clearbuffers="no" dest="3">
		<RegExp input="$$5" output="&lt;details&gt;\1&lt;/details&gt;" dest="3">
			<RegExp input="$$1" output="&lt;title&gt;\1&lt;/title&gt;" dest="5">
				<expression noclean="1">&lt;title&gt;Amazon.com: ([^:]*)</expression>
			</RegExp>
			<RegExp input="$$1" output="&lt;year&gt;\1&lt;/year&gt;" dest="5+">
				<expression trim="1">[ \[\(]([0-9]{4})[ \]\)][^&lt;]*&lt;/span&gt;</expression>
			</RegExp>
			<RegExp input="$$1" output="&lt;mpaa&gt;\1&lt;/mpaa&gt;" dest="5+">
				<expression>&lt;b&gt;Rated: &lt;/b&gt;[^&gt;]*&gt;[^&gt;]*&gt;([^\s]*)</expression>
			</RegExp>
			<RegExp input="$$1" output="&lt;runtime&gt;\1&lt;/runtime&gt;" dest="5+">
				<expression trim="1">Run Time:&lt;/b&gt;[^0-9]*([^\s]*)</expression>
			</RegExp>
			<RegExp input="$$1" output="&lt;rating&gt;\1.\2&lt;/rating&gt;&lt;votes&gt;\3&lt;/votes&gt;" dest="5+">
				<expression noclean="1">Average Customer Review&lt;/b&gt;.*?title="([^\s]*)</expression>
			</RegExp>
			<RegExp input="$$1" output="&lt;studio&gt;\1&lt;/studio&gt;" dest="5+">
				<expression trim="1">Studio:&lt;/b&gt;([^&lt;]*)&lt;/li&gt;</expression>
			</RegExp>
			<RegExp input="$$1" output="&lt;plot&gt;\1&lt;/plot&gt;" dest="5+">
				<expression trim="1">Product Description&lt;/h3&gt;([^&gt;]*&gt;)?([^&lt;]+)</expression>
			</RegExp>
			<RegExp input="$$1" output="&lt;thumb&gt;\1_SS500.jpg&lt;/thumb&gt;" dest="5+">
				<expression noclean="1">src="([^_]*)_S</expression>
			</RegExp>
			<RegExp input="$$9" output="&lt;director&gt;\1&lt;/director&gt;" dest="5+">
				<RegExp input="$$1" output="\1" dest="9">
					<expression noclean="1">&lt;b&gt;Directors:&lt;/b&gt; ([^\n]*&lt;/a&gt;)</expression>
				</RegExp>
				<expression repeat="yes" noclean="1">[^&gt;]*&gt;([^&lt;]+)&lt;/a&gt;</expression>
			</RegExp>
			<RegExp input="$$9" output="&lt;actor&gt;&lt;name&gt;\1&lt;/name&gt;&lt;/actor&gt;" dest="5+">
				<RegExp input="$$1" output="\1" dest="9">
					<expression noclean="1">&lt;b&gt;Actors:&lt;/b&gt; ([^\n]*&lt;/a&gt;)</expression>
				</RegExp>
				<expression repeat="yes" noclean="1">[^&gt;]*&gt;([^&lt;]+)&lt;/a&gt;</expression>
			</RegExp>
			<expression noclean="1" />
		</RegExp>
	</GetDetails>
</scraper>