<scraperfunctions>
	<GetHTBThumbsByMBID dest="5" clearbuffers="no">
		<RegExp input="$$1" output="&lt;details&gt;&lt;url function=&quot;ParseHTBThumbs&quot; post=&quot;yes&quot; cache=&quot;htb-images-\1.xml&quot;&gt;http://htbackdrops.com/api/7681a907c805e0670330c694e788e8e8/searchXML?mbid=\1&amp;aid=1,5&lt;/url&gt;&lt;/details&gt;" dest="5">
			<expression noclean="1" />
		</RegExp>
	</GetHTBThumbsByMBID>
	<GetHTBThumbs dest="5">
		<RegExp input="$$1" output="&lt;details&gt;&lt;url function=&quot;ParseHTBThumbs&quot; post=&quot;yes&quot; cache=&quot;htb-images-\1.xml&quot;&gt;http://htbackdrops.com/api/7681a907c805e0670330c694e788e8e8/searchXML?keywords=\1&amp;default_operator=and&amp;aid=1,5&lt;/url&gt;&lt;/details&gt;" dest="5">
			<expression noclean="1" />
		</RegExp>
	</GetHTBThumbs>
	<ParseHTBThumbs dest="5" clearbuffers="no">
		<RegExp input="$$13" output="&lt;details&gt;\1&lt;/details&gt;" dest="5">
			<RegExp input="" output="" dest="13">
				<expression />
			</RegExp>
			<RegExp input="$$1" output="&lt;thumb preview=&quot;http://www.htbackdrops.com/api/7681a907c805e0670330c694e788e8e8/download/\1/thumbnail&quot;&gt;http://www.htbackdrops.com/api/7681a907c805e0670330c694e788e8e8/download/\1/fullsize&lt;/thumb&gt;" dest="13">
				<expression repeat="yes" noclean="1">&lt;id&gt;([^&lt;]+)&lt;/id&gt;\n[^&lt;]+&lt;aid&gt;5&lt;/aid&gt;</expression>
			</RegExp>
			<expression noclean="1" />
		</RegExp>
	</ParseHTBThumbs>

	<GetHTBFanartByMBID dest="5" clearbuffers="no">
		<RegExp input="$$1" output="&lt;details&gt;&lt;url function=&quot;ParseHTBFanart&quot; post=&quot;yes&quot; cache=&quot;htb-images-\1.xml&quot;&gt;http://htbackdrops.com/api/7681a907c805e0670330c694e788e8e8/searchXML?mbid=\1&amp;aid=1,5&lt;/url&gt;&lt;/details&gt;" dest="5">
			<expression noclean="1" />
		</RegExp>
	</GetHTBFanartByMBID>
	<GetHTBFanart dest="5">
		<RegExp input="$$1" output="&lt;details&gt;&lt;url function=&quot;ParseHTBFanart&quot; post=&quot;yes&quot; cache=&quot;htb-images-\1.xml&quot;&gt;http://htbackdrops.com/api/7681a907c805e0670330c694e788e8e8/searchXML?keywords=\1&amp;default_operator=and&amp;aid=1,5&lt;/url&gt;&lt;/details&gt;" dest="5">
			<expression noclean="1" />
		</RegExp>
	</GetHTBFanart>
	<ParseHTBFanart dest="5" clearbuffers="no">
		<RegExp input="$$13" output="&lt;details&gt;&lt;fanart&gt;\1&lt;/fanart&gt;&lt;/details&gt;" dest="5">
			<RegExp input="" output="" dest="13">
				<expression />
			</RegExp>
			<RegExp input="" output="" dest="14">
				<expression />
			</RegExp>
			<RegExp input="$$1" output="&lt;thumb preview=&quot;http://www.htbackdrops.com/api/7681a907c805e0670330c694e788e8e8/download/\1/thumbnail&quot;&gt;http://www.htbackdrops.com/api/7681a907c805e0670330c694e788e8e8/download/\1/fullsize&lt;/thumb&gt;" dest="14">
				<expression repeat="yes" noclean="1">&lt;id&gt;([^&lt;]+)&lt;/id&gt;\n[^&lt;]+&lt;aid&gt;1&lt;/aid&gt;</expression>
			</RegExp>
			<RegExp input="$$14" output="\1" dest="13">
				<expression noclean="1">(.+)</expression>
			</RegExp>
			<expression noclean="1" />
		</RegExp>
	</ParseHTBFanart>
</scraperfunctions>
