<?xml version="1.0" encoding="UTF-8" standalone="yes"?>
<addon id="plugin.video.nba"
       name="NBA League Pass"
       version="0.1.3"
       provider-name="robla">
  <requires>
    <import addon="xbmc.python" version="1.0"/>
    <import addon="script.module.httplib2" version="0.7.1"/>
  </requires>
  <extension point="xbmc.python.pluginsource"
            library="leaguepass.py">
        <provides>video</provides>
  </extension>
  <extension point="xbmc.addon.metadata">
    <platform>all</platform>
    <summary>NBA League Pass is an online service offering streaming video of NBA games.</summary>
    <description>NBA League Pass is an online service offering streaming video of NBA games.</description>
  </extension>
</addon>
