<?xml version="1.0" encoding="UTF-8" standalone="yes"?>
<addon id="script.xbmc.subtitles"
       name="XBMC Subtitles"
       version="3.4.0"
       provider-name="amet, mr_blobby">
  <requires>
    <import addon="xbmc.python" version="2.0"/>
    <import addon="script.module.beautifulsoup" version="3.0.8"/>
  </requires>
  <extension point="xbmc.python.subtitles"
             library="default.py" />
  <extension point="xbmc.addon.metadata">
    <summary lang="bg">XBMC субтитри</summary>
    <summary lang="en">XBMC Subtitles</summary>
    <summary lang="es">Subtítulos XBMC</summary> 
    <summary lang="fr">Sous-titres XBMC</summary>
    <summary lang="hu">XBMC feliratok</summary> 
    <summary lang="sr">XBMC Преводи</summary>
    <summary lang="se">XBMC Undertexter</summary>
    <summary lang="nl">XBMC Ondertitels</summary>
    <summary lang="pt">Legendas XBMC</summary>
    <summary lang="pl">Napisy XBMC</summary>
    <summary lang="zh">XBMC字幕</summary>
    <description lang="bg">Търси и сваля субтитри от многобройни източници. Трябват ли ви субтитри на български език пробвайте OpenSubtitles.org. Ползващите Eden могат да вкл/изкл субтитрите от Настройки > Облик > Добавка > Видео OSD</description>
    <description lang="en">Search and download subtitles from multipe providers.Subtitle button on OSD needs to be activated and path set to XBMC Subtitles under System-> Skin-> Addon Scripts</description>
    <description lang="es">Busca y descarga subtítulos de:Bierdopje.com, Italiansubs.net, Legendas-Zone.org, LegendasDivx.com, Legendas.tv, Napiprojekt.pl, OmniSubs.net, Ondertitel.com, OpenSubtitles.org, Podnapisi.net, PT-SUBS.NET, theSubDB.com, Subdivx.com, Sublight.si, Subscene.com, Swesub.nu, Subscenter.org, Titlovi.com, Titulky.com y Undertexter.se.El botón de subtitulos en el OSD debe ser añadido, y la ruta al addon debe ponerse en Sistema-> Skin-> Addons de Scripts</description>
    <description lang="fr">Recherche et télécharge des sous-titres depuis plusieurs sources. Le bouton de sous-titres doit être activé dans l'OSD (interface affichée lors de la lecture), et un chemin doit être ajouté vers "XBMC Subtitles" dans Système-> Thème-> Add-on(Raccourcis)</description>
    <description lang="hu">Film feliratok keresése letöltése az:Bierdopje.com, Italiansubs.net, Legendas.tv, Napiprojekt.pl, OmniSubs.net, Ondertitel.com, OpenSubtitles.org, Podnapisi.net, theSubDB.com, Subdivx.com, Sublight.si, Subscene.com, Swesub.nu, Subscenter.org, Titlovi.com, Titulky.com és Undertexter.se webhelyekról.A dalszöveg OSD gombot aktiválni kell az elérési út megadásával a Beállítások -> Skin -> Szkriptek alatt.</description>
    <description lang="sr">Претражи и скини преводе од многобројних провајдера. Дугме за преводе на OSD треба да се активира и изабере XBMC Subtitles у Систем-> Маска-> Скрипт додаци</description>
    <description lang="nl">Zoek en download ondertitels van 19 websites:Bierdopje.com, Italiansubs.net, Legendas.tv, Napiprojekt.pl, OmniSubs.net, Ondertitel.com, OpenSubtitles.org, Podnapisi.net, theSubDB.com, Subdivx.com, Sublight.si, Subscene.com, Swesub.nu, Subscenter.org, Titlovi.com, Titulky.com en Undertexter.se.De ondertitel knop in het OSD scherm moet zijn geactiveerd met het pad naar XBMC Subtitles via Systeem-> Skin-> Addon Scripts.</description>
    <description lang="bg"> Търси и сваляй субтитри от 19 уебсайта: Bierdopje.com, Italiansubs.net, Legendas.tv, Napiprojekt.pl, OmniSubs.net, Ondertitel.com, OpenSubtitles.org, Podnapisi.net, theSubDB.com, Subdivx.com, Sublight.si, Subscene.com, Swesub.nu, Subscenter.org, Titlovi.com, Titulky.com и Undertexter.se. Бутонът за субтитри в OSD менюто над филма трябва да бъде активиран и пътя към приложението трябва да бъде указан, като и за двете отивате в менюто на Система(System)-> Кожа(Skin)-> Добавка(Addon Scripts)</description>
    <description lang="pt">Procura e download de legendas em 20 websites: Bierdopje.com, Italiansubs.net, Legendas-Zone.org, LegendasDivx.com, Legendas.tv, Napiprojekt.pl, OmniSubs.net, Ondertitel.com, OpenSubtitles.org, Podnapisi.net, PT-SUBS.NET, theSubDB.com, Subdivx.com, Sublight.si, Subscene.com, Swesub.nu, Subscenter.org, Titlovi.com, Titulky.com e Undertexter.se. O botão das legendas deve ser adicionado no OSD e o caminho põe-se em Sistema-> Skin-> Addons de Scripts</description>
    <description lang="pl">Szukaj i pobieraj napisy z ponad 20 serwisów: Argenteam.net, Asia-team.net, Bierdopje.com, Italiansubs.net, Legendas-Zone.org, LegendasDivx.com, Legendas.tv, Napiprojekt.pl, Napisy24.pl, OmniSubs.net, Ondertitel.com, OpenSubtitles.org, Podnapisi.net, PT-SUBS.NET, Sratim.co.il, theSubDB.com, Subdivx.com, Sublight.si, Subscene.com, Subscenter.org, Supersubtitlies, Swesub.nu, Titlovi.com, Titulky.com and Undertexter.se. Aby przycisk napisów w OSD był aktywny trzeba ustawić scieżkę do skryptu w System-> Skóra-> Wytyczka: skróty</description>
    <description lang="zh">从多个服务提供者搜索并下载字幕。需要激活视频OSD菜单中的字幕按钮，并将字幕扩展功能设置为XBMC字幕。设置方法：系统设置->皮肤->扩展功能</description>
    <description lang="se">Sök och ladda ner undertexter från flera källor. Undertextknappen i OSD'n behöver aktiveras och sökvägen anges till XBMC Undertexter i Inställningar -> Skal -> Tillägg genvägar</description>
    <platform>all</platform>
  </extension>
</addon>
