<?xml version="1.0" encoding="UTF-8" standalone="yes"?>
<addon id="script.image.bigpictures" name="The Big Picture" version="1.5.3" provider-name="sphere">
  <requires>
    <import addon="xbmc.python" version="1.0"/>
    <import addon="script.module.beautifulsoup" version="3.0.8"/>
  </requires>
  <extension point="xbmc.python.script" library="runscript.py">
    <provides>image</provides>
  </extension>
  <extension point="xbmc.addon.metadata">
    <platform>all</platform>
    <summary lang="de">Zeigt Alben/Bilder von Photojournalismus-Seiten wie Boston.com's "The Big Pictures"</summary>
    <summary lang="en">Shows Albums/Photos from photojournalism site's like Boston.com's 'The Big Picture'</summary>
    <summary lang="fr">Affichage d'albums/photos de sites photojournalistiques comme Boston.com "The big picture"</summary>
    <summary lang="nl">Bladen door fotojournalistiek albums en afbeeldingen zoals Boston.com's 'The Big Picture'</summary>
    <description lang="de">Die Quelle kann mit hoch und runter gewechselt werden - das album mit links und rechts[CR]Mit select wird das Album geöffnet.[CR]Herunterladen der Bilder ist mit der Kontext-Menu Taste möglich.[CR]Aktuell sind die folgenden Quellen verfügbar:[CR] - Boston.com: The Big Picture[CR] - The Atlantic: In Focus[CR] - Sacramento Bee: The Frame[CR] - Wallstreetjournal: The Photo Journal</description>
    <description lang="en">You can switch the source with up and down, switch the album with left and right[CR]With select-key you can enter an album to view its content.[CR]Picture Downloading is possible with the context menu key.[CR]Currently the following Sources are included:[CR] - Boston.com: The Big Picture[CR] - The Atlantic: In Focus[CR] - Sacramento Bee: The Frame[CR] - Wallstreetjournal: The Photo Journal</description>
    <description lang="fr">Vous pouvez changer la source avec haut et bas, changer l'album avec gauche et droite.[CR]Avec la touche entrée vous pouvez ouvrir et visualiser un album.[CR]Le téléchargement de photos est possible grâce au menu contextuel[CR]Actuellement les sources suivantes sont incluses:[CR] - Boston.com: The Big Picture[CR] - The Atlantic: In Focus[CR] - Sacramento Bee: The Frame[CR] - Wallstreetjournal: The Photo Journal</description>
    <description lang="nl">U kunt de bron veranderen door de Boven en Beneden toets te gebruiken; wisselen van album door de Links en Rechts toets te gebruiken [CR]Met de Enter toets bekijkt u de inhoud van het album.[CR]Afbeeldingen downloaden is mogelijk door gebruik te maken van het Context menu.[CR]De volgende bronnen zijn aanwezig:[CR] - Boston.com: The Big Picture[CR] - The Atlantic: In Focus[CR] - Sacramento Bee: The Frame[CR] - Wallstreetjournal: The Photo Journal</description>
  </extension>
</addon>
