<?xml version="1.0" encoding="UTF-8" standalone="yes"?>
<addon id="plugin.video.twit"
       name="TWiT"
       version="0.1.7"
       provider-name="divingmule,thanks to Adam B.">
  <requires>
    <import addon="xbmc.python" version="1.0"/>
	<import addon="script.module.beautifulsoup" version="3.0.8"/>
  </requires>
  <extension point="xbmc.python.pluginsource"
            library="default.py">
        <provides>video audio</provides>
  </extension>
  <extension point="xbmc.addon.metadata">
    <summary>TWiT</summary>
    <description>Videos from the TWiT Network</description>
    <platform>all</platform>
  </extension>
</addon>