<addon id="plugin.video.newyorktimes" name="New York Times" provider-name="Jonathan Beluch (jbel)" version="0.2.0">
  <requires>
    <import addon="xbmc.python" version="2.0" />
    <import addon="script.module.beautifulsoup" version="3.2.0" />
    <import addon="script.module.xbmcswift2" version="1.3.0" />
    <import addon="script.module.requests" version="0.13.2" />
    <import addon="script.module.brightcove" version="1.1.1" />
  </requires>
  <extension library="addon.py" point="xbmc.python.pluginsource">
    <provides>video</provides>
  </extension>
  <extension point="xbmc.addon.metadata">
    <language />
    <platform>all</platform>
    <summary>Watch video from the New York Times.</summary>
    <description>News and opinion video from The NYTimes including breaking news, investigative reporting, national and international coverage. Style and celebrity video.</description>
  </extension>
</addon>