<?xml version="1.0" encoding="UTF-8"?>
<addon
  id="plugin.audio.modland"
  version="0.11"
  name="Modland"
  provider-name="BuZz [buzz@exotica.org.uk]">
  <requires>
    <import addon="xbmc.python" version="1.0"/>
  </requires>
  <extension point="xbmc.python.pluginsource" library="default.py">
     <provides>audio</provides>
  </extension>
  <extension point="xbmc.addon.metadata">
    <platform>all</platform>
      <summary lang="en">Modland</summary>
      <description lang="en">
        Search, stream and download computer game and demoscene music from a variety of platforms. There are more than 200,000 tunes to listen to, all rendered and streamed in realtime. See http://www.modland.com for more information.
      </description>
  </extension>
</addon>
