<?xml version="1.0" encoding="UTF-8" standalone="yes"?>
<addon id="script.xbmc.audio.mixer"
       name="Audio Mixer"
       version="1.0.6"
       provider-name="Team XBMC">
  <requires>
    <import addon="xbmc.python" version="1.0"/>
  </requires>
  <extension point="xbmc.python.script"
             library="default.py" />
  <extension point="xbmc.addon.metadata">
    <platform>osx linux</platform>
    <summary lang="en">Used to configure sound settings and adjust the volume</summary>
    <description lang="en">Used to configure sound settings and adjust the volume</description>
  </extension>
</addon>
