<?xml version="1.0" encoding="UTF-8" standalone="yes"?>
<addon id="metadata.yahoomusic.com"
       name="Yahoo Music Videos"
       version="1.0.4"
       provider-name="Team XBMC">
  <requires>
    <import addon="xbmc.metadata" version="1.0"/>
  </requires>
  <extension point="xbmc.metadata.scraper.musicvideos"
             language="en"
             library="yahoomusic.xml"/>
  <extension point="xbmc.addon.metadata">
    <summary lang="en">Yahoo! Music Video Scraper</summary>
    <summary lang="hu">Yahoo! videóklip leolvasó</summary>
    <summary lang="kr">야후! 뮤직 비디오 스크래퍼</summary>
    <summary lang="pl">Scraper teledysków Yahoo!</summary>
    <summary lang="pt">Scraper de música Yahoo!</summary>
    <description lang="en">Download Music Video information</description>
    <description lang="hu">Videóklip információk letöltése a Yahoo! webhelyről</description>
    <description lang="kr">뮤직 비디오 정보 다운로드</description>
    <description lang="pl">Pobieraj informacje o teledyskach z music.yahoo.com</description>
    <description lang="pt">Descarregar informação de filmes de music.yahoo.com</description>
  </extension>
</addon>
