<?xml version="1.0" encoding="UTF-8"?>
<scraper framework="1.0" date="2009-05-22">
	<CreateSearchUrl dest="3">
		<RegExp input="$$1" output="&lt;url&gt;http://us.music.yahooapis.com/video/v1/list/search/all/\1?appid=r6QWQGXV34H0Sl3Wq4vWJI2v9IO1XnZw5JkeifPbTq2p0S9H9kg0JUc3SVN0Yw--&amp;amp;response=artists,images&lt;/url&gt;" dest="3">
			<expression noclean="1"/>
		</RegExp>
	</CreateSearchUrl>
	<GetSearchResults dest="8">
		<RegExp input="$$5" output="&lt;?xml version=&quot;1.0&quot; encoding=&quot;iso-8859-1&quot; standalone=&quot;yes&quot;?&gt;&lt;results&gt;\1&lt;/results&gt;" dest="8">
			<RegExp input="$$1" output="&lt;entity&gt;&lt;title&gt;\4 - \1 (\2)&lt;/title&gt;&lt;url&gt;http://us.music.yahooapis.com/video/v1/item/\3?format=xml&amp;amp;appid=r6QWQGXV34H0Sl3Wq4vWJI2v9IO1XnZw5JkeifPbTq2p0S9H9kg0JUc3SVN0Yw--&lt;/url&gt;&lt;/entity&gt;" dest="5">
				<expression repeat="yes">&lt;Video.*?title=&quot;([^&quot;]*)&quot;.*?copyrightYear=&quot;([^&quot;]*)&quot;.*?\/([0-9]*)\?size.*?name=&quot;([^&quot;]*)&quot;.*?&lt;/Video&gt;</expression>
			</RegExp>
			<expression noclean="1"/>
		</RegExp>		
	</GetSearchResults>
	<GetDetails dest="3">
		<RegExp input="$$5" output="&lt;details&gt;\1&lt;/details&gt;" dest="3">
			<RegExp input="$$1" output="&lt;title&gt;\1&lt;/title&gt;" dest="5">
				<expression>&lt;Video.*?title=&quot;([^&quot;]*)&quot;</expression>
			</RegExp>
			<RegExp input="$$1" output="&lt;artist&gt;\1&lt;/artist&gt;" dest="5+">
				<expression repeat="yes">&lt;Artist.*?name=&quot;([^&quot;]*)&quot;</expression>
			</RegExp>
			<RegExp input="$$1" output="&lt;album&gt;\1&lt;/album&gt;" dest="5+">
				<expression>&lt;Release.*?title=&quot;([^&quot;]*)&quot;</expression>
			</RegExp>
			<RegExp input="$$1" output="&lt;studio&gt;\1&lt;/studio&gt;" dest="5+">
				<expression repeat="yes">label=&quot;([^&quot;]*)&quot;</expression>
			</RegExp>
			<RegExp input="$$1" output="&lt;year&gt;\1&lt;/year&gt;" dest="5+">
				<expression>copyrightYear=&quot;([0-9]*)&quot;</expression>
			</RegExp>
			<RegExp input="$$1" output="&lt;genre&gt;\1&lt;/genre&gt;" dest="5+">
				<expression repeat="yes">&lt;Category.*?name=&quot;([^&quot;]*)&quot; rating=&quot;([^&quot;]*)&quot; type=&quot;Genre&quot;&gt;</expression>
			</RegExp>
			<RegExp input="$$1" output="&lt;thumb&gt;http://d.yimg.com/img.music.yahoo.com/image/v1/video/\1?size=$INFO[yahooscale]&lt;/thumb&gt;" dest="5+">
				<expression>\/([0-9]*)\?size</expression>
			</RegExp>
			<expression noclean="1"/>
		</RegExp>
	</GetDetails>
</scraper>
