﻿<?xml version="1.0" encoding="UTF-8" standalone="yes"?>
<addon id="plugin.video.xbmcflicks"
       name="XBMC Flicks - Netflix for XBMC"
       version="1.0.18"
       provider-name="TeamUMX">
    <requires>
        <import addon="xbmc.python" version="1.0"/>
        <import addon="script.module.simplejson"/>
    </requires>
    <extension point="xbmc.python.pluginsource"
               library="default.py">
        <provides>video</provides>
    </extension>
    <extension point="xbmc.addon.metadata">
        <platform>windx wingl osx</platform>
        <summary lang="en">XBMC Flicks</summary>
        <description lang="en">Netflix for XBMC.. NOTE: This plugin will create the playercorefactory.xml and advanced settings.xml, if you already have an external player configured, you will need to modify it to add in IE as a player. Examples of those files are in the resources folder.</description>
    </extension>
</addon>
