﻿<?xml version="1.0" encoding="UTF-8" standalone="yes"?>
<addon id="plugin.video.neterratv" name="Neterra.TV" version="0.0.7" provider-name="mr.olix@gmail.com">
  <requires>
    <import addon="xbmc.python" version="2.0"/>
    <import addon="script.module.xbmcswift" version="0.2.0"/>
    <import addon="script.module.beautifulsoup" version="3.0.8"/>
  </requires>
  <extension point="xbmc.python.pluginsource" library="addon.py">
    <provides>video</provides>
  </extension>
  <extension point="xbmc.addon.metadata">
    <platform>all</platform>
    <language>de</language>
    <summary lang="en">Video plugin for Neterra.TV http://www.neterra.tv/</summary>
    <summary lang="de">Video plugin für Neterra.TV http://www.neterra.tv/</summary>
    <description lang="en">
    This plugin provides access to tv videos streams from Neterra.TV.
    Note: Neterra.TV account is required.
    </description>   
    <description lang="de">
    Dieses plugin bietet Zugriff auf alle Videos Streams from Neterra.TV.
    Note: Neterra.TV Benutzer ist erforderlich.
    </description>   
    <disclaimer lang="en">You have to sign up and pay to access Neterra.TV TV streams</disclaimer>
  </extension>
</addon>