<?xml version="1.0" encoding="UTF-8" standalone="yes"?>
<addon id="plugin.video.m6groupe" name="M6 groupe" version="1.0.2" provider-name="beenje">
  <requires>
    <import addon="xbmc.python" version="2.0"/>
    <import addon="script.module.xbmcswift2" version="1.3"/>
    <import addon="script.module.requests" version="0.13.2"/>
  </requires>
  <extension point="xbmc.python.pluginsource" library="addon.py">
    <provides>video</provides>
  </extension>
  <extension point="xbmc.addon.metadata">
    <platform>all</platform>
    <language>fr</language>
    <summary lang="en">M6 and W9 Replay</summary>
    <summary lang="fr">M6 et W9 Replay</summary>
    <description lang="en">Watch videos from french channels M6 and W9</description>
    <description lang="fr">Accéder aux vidéos des chaînes M6 et W9</description>
  </extension>
</addon>
