﻿<window type="dialog" id="54">
	<defaultcontrol always="true">540</defaultcontrol>
	<zorder>0</zorder>
	<onload>Skin.Reset(SetItemLabel)</onload>
	<onload>Skin.Reset(SetItemPath)</onload>
	<onload>Skin.Reset(SetItemIcon)</onload>
	<onload>Skin.Reset(SetItemType)</onload>
	<onload>Skin.Reset(PlaylistAction)</onload>
	<onload>Skin.SetString(SetItem,Video_Addon)</onload>
	<onload>Skin.Reset($INFO[Window(54).Property(SetCustomItem),CustomHomeItem_,.Label])</onload>
	<onload>Skin.Reset($INFO[Window(54).Property(SetCustomItem),CustomHomeItem_,.Path])</onload>
	<onload>Skin.Reset($INFO[Window(54).Property(SetCustomItem),CustomHomeItem_,.Icon])</onload>
	<onload>SetProperty(SetFavouriteItem,$INFO[Window(54).Property(SetCustomItem),CustomHomeItem_])</onload>
	<controls>
		<control type="group">
			<include>Dialog_Popup_Background</include>
			<control type="group">
				<include>Dialog_Popup_Animation</include>
				<posx>337</posx>
				<posy>195</posy>
				<control type="image">
					<description>dialog background</description>
					<posx>0</posx>
					<posy>0</posy>
					<width>604</width>
					<height>330</height>
					<texture>backgrounds/dialog_background.png</texture>
				</control>
				<control type="label">
					<description>heading label</description>
					<posx>25</posx>
					<posy>30</posy>
					<width>554</width>
					<height>30</height>
					<align>left</align>
					<aligny>center</aligny>
					<font>light28</font>
					<label>$LOCALIZE[31019] #$INFO[Window(54).Property(SetCustomItem)]</label>
					<textcolor>green</textcolor>
					<scroll>true</scroll>
				</control>
				<control type="grouplist" id="5400">
					<posx>25</posx>
					<posy>80</posy>
					<width>554</width>
					<height>176</height>
					<itemgap>0</itemgap>
					<orientation>vertical</orientation>
					<control type="group" id="5450">
						<width>554</width>
						<height>44</height>
						<control type="list" id="540">
							<width>554</width>
							<height>44</height>
							<scrolltime>0</scrolltime>
							<viewtype label="536">List</viewtype>
							<onright>545</onright>
							<ondown>550</ondown>
							<orientation>vertical</orientation>
							<itemlayout width="514" height="44"/>
							<focusedlayout width="514" height="44">
								<control type="image">
									<width>554</width>
									<height>44</height>
									<texture>views/line_frame_device_black.png</texture>
								</control>
								<control type="image">
									<width>554</width>
									<height>44</height>
									<texture>views/line_frame_device_white.png</texture>
									<visible>ControlGroup(5450).HasFocus()</visible>
								</control>
								<control type="group">
									<visible>ControlGroup(5450).HasFocus()</visible>
									<control type="label">
										<posx>20</posx>
										<width>514</width>
										<height>44</height>
										<textcolor>black</textcolor>
										<info>ListItem.Label</info>
										<aligny>center</aligny>
										<font>font21</font>
									</control>
									<control type="label">
										<posx>474</posx>
										<width>514</width>
										<height>44</height>
										<textcolor>black</textcolor>
										<info>ListItem.Label2</info>
										<align>right</align>
										<aligny>center</aligny>
										<font>font21</font>
									</control>
								</control>
								<control type="group">
									<visible>!ControlGroup(5450).HasFocus()</visible>
									<control type="label">
										<posx>20</posx>
										<width>514</width>
										<height>44</height>
										<info>ListItem.Label</info>
										<aligny>center</aligny>
										<font>font21</font>
									</control>
									<control type="label">
										<posx>474</posx>
										<width>514</width>
										<height>44</height>
										<info>ListItem.Label2</info>
										<align>right</align>
										<aligny>center</aligny>
										<font>font21</font>
									</control>
								</control>
								<control type="image">
									<posx>494</posx>
									<posy>12</posy>
									<width>20</width>
									<height>20</height>
									<texture>icons/scroll_down.png</texture>
									<visible>!Control.HasFocus(540)</visible>
								</control>
								<control type="image">
									<posx>494</posx>
									<posy>12</posy>
									<width>20</width>
									<height>20</height>
									<texture>icons/settings_arrow_button_down.png</texture>
									<visible>Control.HasFocus(540)</visible>
								</control>
							</focusedlayout>
							<content>
								<item id="1">
									<label>467</label>
									<label2>$LOCALIZE[31188]</label2>
									<onclick>Skin.SetString(SetItem,Music_Addon)</onclick>
									<visible>StringCompare(Skin.String(SetItem),Video_Addon)</visible>
								</item>
								<item id="2">
									<label>467</label>
									<label2>$LOCALIZE[31189]</label2>
									<onclick>Skin.SetString(SetItem,Picture_Addon)</onclick>
									<visible>StringCompare(Skin.String(SetItem),Music_Addon)</visible>
								</item>
								<item id="3">
									<label>467</label>
									<label2>$LOCALIZE[31190]</label2>
									<onclick>Skin.SetString(SetItem,Program_Addon)</onclick>
									<visible>StringCompare(Skin.String(SetItem),Picture_Addon)</visible>
								</item>
								<item id="4">
									<label>467</label>
									<label2>$LOCALIZE[31191]</label2>
									<onclick>Skin.SetString(SetItem,Video_Playlist)</onclick>
									<visible>StringCompare(Skin.String(SetItem),Program_Addon)</visible>
								</item>
								<item id="5">
									<label>467</label>
									<label2>$LOCALIZE[31192]</label2>
									<onclick>Skin.SetString(SetItem,Music_Playlist)</onclick>
									<visible>StringCompare(Skin.String(SetItem),Video_Playlist)</visible>
								</item>
								<item id="6">
									<label>467</label>
									<label2>$LOCALIZE[31193]</label2>
									<onclick>Skin.SetString(SetItem,Favourite)</onclick>
									<visible>StringCompare(Skin.String(SetItem),Music_Playlist)</visible>
								</item>
								<item id="7">
									<label>467</label>
									<label2>$LOCALIZE[31194]</label2>
									<onclick>Skin.SetString(SetItem,Custom)</onclick>
									<visible>StringCompare(Skin.String(SetItem),Favourite)</visible>
								</item>
								<item id="8">
									<label>467</label>
									<label2>$LOCALIZE[636]</label2>
									<onclick>Skin.SetString(SetItem,Video_Addon)</onclick>
									<visible>StringCompare(Skin.String(SetItem),Custom)</visible>
								</item>
							</content>
						</control>
						<control type="list" id="545">
							<posx>514</posx>
							<width>20</width>
							<height>44</height>
							<scrolltime>0</scrolltime>
							<viewtype label="536">List</viewtype>
							<onleft>540</onleft>
							<ondown>550</ondown>
							<orientation>vertical</orientation>
							<itemlayout width="20" height="44"/>
							<focusedlayout width="20" height="44">
								<control type="image">
									<posy>12</posy>
									<width>20</width>
									<height>20</height>
									<texture>icons/scroll_up.png</texture>
									<visible>!Control.HasFocus(545)</visible>
								</control>
								<control type="image">
									<posy>12</posy>
									<width>20</width>
									<height>20</height>
									<texture>icons/settings_arrow_button_up.png</texture>
									<visible>Control.HasFocus(545)</visible>
								</control>
							</focusedlayout>
							<content>
								<item id="1">
									<label>467</label>
									<label2>$LOCALIZE[31188]</label2>
									<onclick>Skin.SetString(SetItem,Custom)</onclick>
									<visible>StringCompare(Skin.String(SetItem),Video_Addon)</visible>
								</item>
								<item id="2">
									<label>467</label>
									<label2>$LOCALIZE[31189]</label2>
									<onclick>Skin.SetString(SetItem,Video_Addon)</onclick>
									<visible>StringCompare(Skin.String(SetItem),Music_Addon)</visible>
								</item>
								<item id="3">
									<label>467</label>
									<label2>$LOCALIZE[31190]</label2>
									<onclick>Skin.SetString(SetItem,Music_Addon)</onclick>
									<visible>StringCompare(Skin.String(SetItem),Picture_Addon)</visible>
								</item>
								<item id="4">
									<label>467</label>
									<label2>$LOCALIZE[31191]</label2>
									<onclick>Skin.SetString(SetItem,Picture_Addon)</onclick>
									<visible>StringCompare(Skin.String(SetItem),Program_Addon)</visible>
								</item>
								<item id="5">
									<label>467</label>
									<label2>$LOCALIZE[31192]</label2>
									<onclick>Skin.SetString(SetItem,Program_Addon)</onclick>
									<visible>StringCompare(Skin.String(SetItem),Video_Playlist)</visible>
								</item>
								<item id="6">
									<label>467</label>
									<label2>$LOCALIZE[31193]</label2>
									<onclick>Skin.SetString(SetItem,Video_Playlist)</onclick>
									<visible>StringCompare(Skin.String(SetItem),Music_Playlist)</visible>
								</item>
								<item id="7">
									<label>467</label>
									<label2>$LOCALIZE[31194]</label2>
									<onclick>Skin.SetString(SetItem,Music_Playlist)</onclick>
									<visible>StringCompare(Skin.String(SetItem),Favourite)</visible>
								</item>
								<item id="8">
									<label>467</label>
									<label2>$LOCALIZE[636]</label2>
									<onclick>Skin.SetString(SetItem,Favourite)</onclick>
									<visible>StringCompare(Skin.String(SetItem),Custom)</visible>
								</item>
							</content>
						</control>
					</control>
					<control type="group" id="5451">
						<width>554</width>
						<height>44</height>
						<control type="button" id="550">
							<width>554</width>
							<height>44</height>
							<textoffsetx>20</textoffsetx>
							<aligny>center</aligny>
							<font>font21</font>
							<label>Path</label>
							<focusedcolor>black</focusedcolor>
							<texturenofocus>views/line_frame_device_black.png</texturenofocus>
							<texturefocus>views/line_frame_device_white.png</texturefocus>
							<onup>540</onup>
							<ondown>560</ondown>
							<onclick condition="StringCompare(Skin.String(SetItem),Video_Addon)">Skin.SetAddon(SetItemType,xbmc.addon.video)</onclick>
							<onclick condition="StringCompare(Skin.String(SetItem),Video_Addon)">Skin.SetString(SetItemPath,RunAddon($INFO[Skin.String(SetItemType)]))</onclick>
							<onclick condition="StringCompare(Skin.String(SetItem),Music_Addon)">Skin.SetAddon(SetItemType,xbmc.addon.audio)</onclick>
							<onclick condition="StringCompare(Skin.String(SetItem),Music_Addon)">Skin.SetString(SetItemPath,RunAddon($INFO[Skin.String(SetItemType)]))</onclick>
							<onclick condition="StringCompare(Skin.String(SetItem),Picture_Addon)">Skin.SetAddon(SetItemType,xbmc.addon.image)</onclick>
							<onclick condition="StringCompare(Skin.String(SetItem),Picture_Addon)">Skin.SetString(SetItemPath,RunAddon($INFO[Skin.String(SetItemType)]))</onclick>
							<onclick condition="StringCompare(Skin.String(SetItem),Program_Addon)">Skin.SetAddon(SetItemType,xbmc.addon.executable)</onclick>
							<onclick condition="StringCompare(Skin.String(SetItem),Program_Addon)">Skin.SetString(SetItemPath,RunScript(&quot;$INFO[Skin.String(SetItemType)]&quot;))</onclick>
							<onclick condition="StringCompare(Skin.String(SetItem),Video_Playlist)">Skin.SetFile(SetItemType,.xsp|.m3u,special://userdata/playlists/video/)</onclick>
							<onclick condition="StringCompare(Skin.String(SetItem),Video_Playlist)">ActivateWindow(55)</onclick>
							<onclick condition="StringCompare(Skin.String(SetItem),Video_Playlist)">Skin.SetString(SetItemPath,$INFO[Skin.String(PlaylistAction)]$INFO[Skin.String(SetItemType)]&quot;))</onclick>
							<onclick condition="StringCompare(Skin.String(SetItem),Music_Playlist)">Skin.SetFile(SetItemType,.xsp|.m3u,special://userdata/playlists/music/)</onclick>
							<onclick condition="StringCompare(Skin.String(SetItem),Music_Playlist)">ActivateWindow(55)</onclick>
							<onclick condition="StringCompare(Skin.String(SetItem),Music_Playlist)">Skin.SetString(SetItemPath,$INFO[Skin.String(PlaylistAction)]$INFO[Skin.String(SetItemType)]&quot;))</onclick>
							<onclick condition="StringCompare(Skin.String(SetItem),Favourite)">RunScript(script.favourites,property=$INFO[Window(54).Property(SetFavouriteItem)])</onclick>
							<onclick condition="StringCompare(Skin.String(SetItem),Custom)">Skin.SetString(SetItemType)</onclick>
							<onclick condition="StringCompare(Skin.String(SetItem),Custom)">Skin.SetString(SetItemPath,$INFO[Skin.String(SetItemType)])</onclick>
						</control>
						<control type="label">
							<visible>!Control.HasFocus(550)</visible>
							<posx>534</posx>
							<width>414</width>
							<height>44</height>
							<label>$VAR[Custom_54_Path]</label>
							<align>right</align>
							<aligny>center</aligny>
							<font>font21</font>
							<scroll>true</scroll>
						</control>
						<control type="label">
							<visible>Control.HasFocus(550)</visible>
							<posx>534</posx>
							<width>414</width>
							<height>44</height>
							<textcolor>black</textcolor>
							<label>$VAR[Custom_54_Path]</label>
							<align>right</align>
							<aligny>center</aligny>
							<font>font21</font>
							<scroll>true</scroll>
						</control>
					</control>
					<control type="group" id="5452">
						<width>554</width>
						<height>44</height>
						<control type="button" id="560">
							<width>554</width>
							<height>44</height>
							<textoffsetx>20</textoffsetx>
							<aligny>center</aligny>
							<font>font21</font>
							<label>31195</label>
							<focusedcolor>black</focusedcolor>
							<texturenofocus>views/line_frame_device_black.png</texturenofocus>
							<texturefocus>views/line_frame_device_white.png</texturefocus>
							<onup>550</onup>
							<ondown>570</ondown>
							<onclick>Skin.SetString(SetItemLabel)</onclick>
						</control>
						<control type="label">
							<visible>!Control.HasFocus(560)</visible>
							<posx>534</posx>
							<width>414</width>
							<height>44</height>
							<label>$VAR[Custom_54_Label]</label>
							<align>right</align>
							<aligny>center</aligny>
							<font>font21</font>
						</control>
						<control type="label">
							<visible>Control.HasFocus(560)</visible>
							<posx>534</posx>
							<width>414</width>
							<height>44</height>
							<textcolor>black</textcolor>
							<label>$VAR[Custom_54_Label]</label>
							<align>right</align>
							<aligny>center</aligny>
							<font>font21</font>
						</control>
					</control>
					<control type="group" id="5453">
						<width>554</width>
						<height>44</height>
						<control type="button" id="570">
							<width>554</width>
							<height>44</height>
							<textoffsetx>20</textoffsetx>
							<aligny>center</aligny>
							<font>font21</font>
							<label>31196</label>
							<focusedcolor>black</focusedcolor>
							<texturenofocus>views/line_frame_device_black.png</texturenofocus>
							<texturefocus>views/line_frame_device_white.png</texturefocus>
							<onup>560</onup>
							<ondown>10</ondown>
							<onclick>Skin.SetImage(SetItemIcon)</onclick>
						</control>
						<control type="image">
							<posx>512</posx>
							<posy>2</posy>
							<width>40</width>
							<height>40</height>
							<texture>$VAR[Custom_54_Icon]</texture>
						</control>
					</control>
				</control>
				<control type="grouplist" id="9001">
					<posx>25</posx>
					<posy>278</posy>
					<width>500</width>
					<height>33</height>
					<onup>5400</onup>
					<itemgap>10</itemgap>
					<orientation>horizontal</orientation>
					<control type="button" id="11">
						<description>Cancel Button</description>
						<width>33</width>
						<height>33</height>
						<texturefocus>icons/icon_cancel_on.png</texturefocus>
						<texturenofocus>icons/icon_cancel.png</texturenofocus>
						<font>-</font>
						<onclick>Dialog.Close(54)</onclick>
						<hitrect x="0" y="0" w="100" h="33" />
					</control>
					<control type="label" id="21">
						<visible>!Control.HasFocus(11)</visible>
						<width min="0" max="200">auto</width>
						<height>33</height>
						<label>222</label>
						<font>font23</font>
						<textcolor>grey</textcolor>
					</control>
					<control type="label" id="22">
						<visible>Control.HasFocus(11)</visible>
						<width min="0" max="200">auto</width>
						<height>33</height>
						<label>222</label>
						<font>font23</font>
						<textcolor>green</textcolor>
					</control>
					<control type="label" id="26">
						<width>4</width>
						<height>33</height>
					</control>
					<control type="button" id="10">
						<description>OK Button</description>
						<width>33</width>
						<height>33</height>
						<texturefocus>icons/icon_ok_on.png</texturefocus>
						<texturenofocus>icons/icon_ok.png</texturenofocus>
						<font>-</font>
						<onclick condition="!StringCompare(Skin.String(SetItem),Favourite)">Skin.SetString($INFO[Window(54).Property(SetCustomItem),CustomHomeItem_,.Label],$INFO[Skin.String(SetItemLabel)])</onclick>
						<onclick condition="!StringCompare(Skin.String(SetItem),Favourite)">Skin.SetString($INFO[Window(54).Property(SetCustomItem),CustomHomeItem_,.Path],$INFO[Skin.String(SetItemPath)])</onclick>
						<onclick condition="!StringCompare(Skin.String(SetItem),Favourite)">Skin.SetString($INFO[Window(54).Property(SetCustomItem),CustomHomeItem_,.Icon],$INFO[Skin.String(SetItemIcon)])</onclick>
						<onclick>Dialog.Close(54)</onclick>
						<hitrect x="0" y="0" w="100" h="33" />
					</control>
					<control type="label" id="24">
						<visible>!Control.HasFocus(10)</visible>
						<width min="0" max="200">auto</width>
						<height>33</height>
						<label>186</label>
						<font>font23</font>
						<textcolor>grey</textcolor>
					</control>
					<control type="label" id="25">
						<visible>Control.HasFocus(10)</visible>
						<width min="0" max="200">auto</width>
						<height>33</height>
						<label>186</label>
						<font>font23</font>
						<textcolor>green</textcolor>
					</control>
				</control>
			</control>
		</control>
	</controls>
</window>