<window id="132">
	<defaultcontrol always="true">3</defaultcontrol>
	<controls>
		<include>Dialog_Popup_Background</include>
		<control type="group">
			<include>Dialog_Popup_Animation</include>
			<posx>190</posx>
			<posy>156</posy>
			<control type="image">
				<description>dialog background</description>
				<posx>0</posx>
				<posy>0</posy>
				<width>900</width>
				<height>520</height>
				<texture>backgrounds/background.png</texture>
			</control>
			<control type="label" id="1">
				<description>heading label</description>
				<posx>25</posx>
				<posy>30</posy>
				<width>650</width>
				<height>30</height>
				<align>left</align>
				<aligny>center</aligny>
				<font>light28</font>
				<label>20333</label>
				<textcolor>green</textcolor>
			</control>

			<control type="spincontrolex" id="3">
				<description>Content Picker</description>
				<posx>25</posx>
				<posy>70</posy>
				<width>850</width>
				<height>44</height>
				<texturefocus>views/line_frame_device_white.png</texturefocus>
				<texturenofocus>views/line_frame_device_black.png</texturenofocus>
				<textureup>icons/scroll_up.png</textureup>
				<texturedown>icons/scroll_down.png</texturedown>
				<textureupfocus>icons/settings_arrow_button_up.png</textureupfocus>
				<texturedownfocus>icons/settings_arrow_button_down.png</texturedownfocus>
				<font>font21</font>
				<textcolor>white</textcolor>
				<focusedcolor>black</focusedcolor>
				<disabledcolor>disabled</disabledcolor>
				<textoffsetx>20</textoffsetx>
				<aligny>center</aligny>
				<reverse>yes</reverse>
				<pulseonselect>false</pulseonselect>
				<onup>-</onup>
				<ondown>4</ondown>
				<onleft>-</onleft>
				<onright>-</onright>
			</control>
			<control type="image">
				<description>scraper image</description>
				<posx>565</posx>
				<posy>125</posy>
				<width>310</width>
				<height>175</height>
				<bordersize>4</bordersize>
				<aspectratio>keep</aspectratio>
				<bordertexture>views/info_cover_border.png</bordertexture>
				<info>ListItem.Thumb</info>
				<visible>!IsEmpty(ListItem.Thumb)</visible>
			</control>
			<control type="image">
				<description>scraper image</description>
				<posx>565</posx>
				<posy>125</posy>
				<width>310</width>
				<height>175</height>
				<aspectratio>keep</aspectratio>
				<info>ListItem.Icon</info>
				<visible>IsEmpty(ListItem.Thumb)</visible>
			</control>
			<control type="list" id="4">
				<posx>25</posx>
				<posy>125</posy>
				<width>515</width>
				<height>176</height>
				<onup>3</onup>
				<onleft>-</onleft>
				<onright>90</onright>
				<ondown>5</ondown>
				<pagecontrol>90</pagecontrol>
				<scrolltime>200</scrolltime>
				<itemlayout width="515" height="44">
					<control type="image">
						<posx>0</posx>
						<posy>0</posy>
						<width>515</width>
						<height>44</height>
						<texture>views/line_frame_device_black.png</texture>
					</control>
					<control type="image">
						<posx>0</posx>
						<posy>0</posy>
						<width>44</width>
						<height>44</height>
						<info>ListItem.Icon</info>
					</control>
					<control type="label">
						<posx>50</posx>
						<posy>0</posy>
						<width>580</width>
						<height>44</height>
						<font>font21</font>
						<aligny>center</aligny>
						<selectedcolor>green</selectedcolor>
						<align>left</align>
						<info>ListItem.Label</info>
					</control>
				</itemlayout>
				<focusedlayout width="515" height="44">
					<control type="image">
						<posx>0</posx>
						<posy>0</posy>
						<width>515</width>
						<height>44</height>
						<texture>views/line_frame_device_black.png</texture>
					</control>
					<control type="image">
						<posx>0</posx>
						<posy>0</posy>
						<width>650</width>
						<height>44</height>
						<texture>views/line_frame_device_white.png</texture>
						<visible>Control.HasFocus(4)</visible>
					</control>
					<control type="image">
						<posx>0</posx>
						<posy>0</posy>
						<width>44</width>
						<height>44</height>
						<info>ListItem.Icon</info>
					</control>
					<control type="label">
						<posx>50</posx>
						<posy>0</posy>
						<width>580</width>
						<height>44</height>
						<font>font21</font>
						<aligny>center</aligny>
						<selectedcolor>green</selectedcolor>
						<align>left</align>
						<info>ListItem.Label</info>
						<visible>!Control.HasFocus(4)</visible>
					</control>
					<control type="label">
						<posx>50</posx>
						<posy>0</posy>
						<width>580</width>
						<height>44</height>
						<font>font21</font>
						<aligny>center</aligny>
						<textcolor>black</textcolor>
						<selectedcolor>green</selectedcolor>
						<align>left</align>
						<info>ListItem.Label</info>
						<visible>Control.HasFocus(4)</visible>
					</control>
				</focusedlayout>
			</control>
			<control type="scrollbar" id="90">
				<description>scroll bar indicator for lists</description>
				<posx>545</posx>
				<posy>125</posy>
				<width>12</width>
				<height>176</height>
				<onleft>4</onleft>
				<texturesliderbackground border="0,8,0,8">icons/scrollbar_vertical_bg.png</texturesliderbackground>
				<texturesliderbar border="4,8,4,8">icons/scrollbar_vertical_nib.png</texturesliderbar>
				<texturesliderbarfocus border="4,8,4,8">icons/scrollbar_vertical_nib_on.png</texturesliderbarfocus>
				<textureslidernib>-</textureslidernib>
				<textureslidernibfocus>-</textureslidernibfocus>
				<orientation>vertical</orientation>
				<showonepage>false</showonepage>
			</control>

			<control type="grouplist" id="5">
				<description>control area</description>
				<posx>25</posx>
				<posy>315</posy>
				<height>132</height>
				<width>850</width>
				<itemgap>0</itemgap>
				<onup>4</onup>
				<ondown>28</ondown>
				<onleft>-</onleft>
				<onright>91</onright>
				<pagecontrol>91</pagecontrol>
			</control>
			<control type="button" id="7">
				<description>Default Button</description>
				<posx>0</posx>
				<posy>0</posy>
				<height>44</height>
				<font>font21</font>
				<textcolor>white</textcolor>
				<focusedcolor>black</focusedcolor>
				<disabledcolor>disabled</disabledcolor>
				<textoffsetx>20</textoffsetx>
				<texturefocus>views/line_frame_device_white.png</texturefocus>
				<texturenofocus>views/line_frame_device_black.png</texturenofocus>
				<pulseonselect>false</pulseonselect>
			</control>
			<control type="radiobutton" id="8">
				<description>Default RadioButton</description>
				<height>44</height>
				<font>font21</font>
				<textcolor>white</textcolor>
				<focusedcolor>black</focusedcolor>
				<disabledcolor>disabled</disabledcolor>
				<texturefocus>views/line_frame_device_white.png</texturefocus>
				<texturenofocus>views/line_frame_device_black.png</texturenofocus>
				<textoffsetx>20</textoffsetx>
				<textureradiofocus>icons/settings_radio_button_selected.png</textureradiofocus>
				<textureradionofocus>icons/settings_radio_button.png</textureradionofocus>
				<pulseonselect>false</pulseonselect>
				<radioposy>9</radioposy>
				<radiowidth>26</radiowidth>
				<radioheight>26</radioheight>
			</control>
			<control type="scrollbar" id="91">
				<description>scroll bar indicator for lists</description>
				<posx>880</posx>
				<posy>315</posy>
				<width>12</width>
				<height>132</height>
				<onleft>5</onleft>
				<texturesliderbackground border="0,8,0,8">icons/scrollbar_vertical_bg.png</texturesliderbackground>
				<texturesliderbar border="4,8,4,8">icons/scrollbar_vertical_nib.png</texturesliderbar>
				<texturesliderbarfocus border="4,8,4,8">icons/scrollbar_vertical_nib_on.png</texturesliderbarfocus>
				<textureslidernib>-</textureslidernib>
				<textureslidernibfocus>-</textureslidernibfocus>
				<orientation>vertical</orientation>
				<showonepage>false</showonepage>
			</control>
			<control type="grouplist" id="9001">
				<posx>25</posx>
				<posy>466</posy>
				<width>500</width>
				<height>33</height>
				<onup>30</onup>
				<onright>-</onright>
				<itemgap>10</itemgap>
				<orientation>horizontal</orientation>
				<control type="button" id="29">
					<description>Cancel Button</description>
					<width>33</width>
					<height>33</height>
					<texturefocus>icons/icon_cancel_on.png</texturefocus>
					<texturenofocus>icons/icon_cancel.png</texturenofocus>
					<font>-</font>
					<onleft>-</onleft>
					<hitrect x="0" y="0" w="100" h="33" />
				</control>
				<control type="label" id="20">
					<visible>!Control.HasFocus(29)</visible>
					<width min="0" max="200">auto</width>
					<height>33</height>
					<label>222</label>
					<font>font23</font>
					<textcolor>grey</textcolor>
				</control>
				<control type="label" id="21">
					<visible>Control.HasFocus(29)</visible>
					<width min="0" max="200">auto</width>
					<height>33</height>
					<label>222</label>
					<font>font23</font>
					<textcolor>green</textcolor>
				</control>
				<control type="label" id="22">
					<width>4</width>
					<height>33</height>
				</control>
				<control type="button" id="28">
					<description>OK Button</description>
					<width>33</width>
					<height>33</height>
					<texturefocus>icons/icon_ok_on.png</texturefocus>
					<texturenofocus>icons/icon_ok.png</texturenofocus>
					<font>-</font>
					<hitrect x="0" y="0" w="100" h="33" />
				</control>
				<control type="label" id="23">
					<visible>!Control.HasFocus(28)</visible>
					<width min="0" max="200">auto</width>
					<height>33</height>
					<label>186</label>
					<font>font23</font>
					<textcolor>grey</textcolor>
				</control>
				<control type="label" id="24">
					<visible>Control.HasFocus(28)</visible>
					<width min="0" max="200">auto</width>
					<height>33</height>
					<label>186</label>
					<font>font23</font>
					<textcolor>green</textcolor>
				</control>
				<control type="label" id="25">
					<width>4</width>
					<height>33</height>
				</control>
				<control type="button" id="6">
					<description>Settings Button</description>
					<width>33</width>
					<height>33</height>
					<texturenofocus>buttons/info_settings.png</texturenofocus>
					<texturefocus>buttons/info_settings_on.png</texturefocus>
					<font>-</font>
					<onright>-</onright>
					<hitrect x="0" y="0" w="100" h="33" />
					<visible>Control.IsEnabled(6)</visible>
				</control>
				<control type="label" id="26">
					<visible>!Control.HasFocus(6) + Control.IsEnabled(6)</visible>
					<width min="0" max="200">auto</width>
					<height>33</height>
					<label>5</label>
					<font>font23</font>
					<textcolor>grey</textcolor>
				</control>
				<control type="label" id="27">
					<visible>Control.HasFocus(6)</visible>
					<width min="0" max="200">auto</width>
					<height>33</height>
					<label>5</label>
					<font>font23</font>
					<textcolor>green</textcolor>
				</control>
			</control>
		</control>
	</controls>
</window>