<window id="10140">
	<defaultcontrol>9</defaultcontrol>
	<allowoverlay>no</allowoverlay>
	<controls>
		<include>Common_Background</include>
		<control type="group">
			<include>Common_Browse_Background_Top</include>
			<include>Common_Browse_Background_Bottom</include>
			<include>Main_Menu_Slide_Animation</include>
			<control type="group">
				<include>Main_Menu_Fade_Animation</include>
				<posx>32</posx>
				<posy>54</posy>
				<width>1216</width>
				<height>32</height>
				<control type="image">
					<description>page header tab icon</description>
					<include>Common_Title_Image</include>
					<texture>icons/icon_settings.png</texture>
				</control>
				<control type="label" id="20">
					<description>header label</description>
					<include>Common_Title_Label</include>
					<label>-</label>
				</control>
				<control type="group">
					<description>time group</description>
					<posx>600</posx>
					<posy>-34</posy>
					<include>Common_Clock</include>
				</control>
			</control>
			<control type="group">
				<include>Main_Menu_Fade_Animation</include>
				<include>Window_Fade_Animation</include>
				<control type="grouplist" id="9">
					<description>button area</description>
					<posx>50</posx>
					<posy>206</posy>
					<width>220</width>
					<height>455</height>
					<itemgap>0</itemgap>
					<onleft>ActivateWindow(51)</onleft>
					<onright>2</onright>
					<orientation>vertical</orientation>
				</control>
				<control type="grouplist" id="2">
					<description>control area</description>
					<posx>300</posx>
					<posy>206</posy>
					<width>900</width>
					<height>396</height>
					<itemgap>0</itemgap>
					<pagecontrol>90</pagecontrol>
					<onleft>9</onleft>
					<onright>90</onright>
					<onup>9010</onup>
					<ondown>9001</ondown>
				</control>
				<control type="button" id="13">
					<description>Default Category Button</description>
					<posx>0</posx>
					<posy>0</posy>
					<width>220</width>
					<height>65</height>
					<font>font21</font>
					<onleft>ActivateWindow(51)</onleft>
					<onright>5</onright>
					<textcolor>white</textcolor>
					<focusedcolor>black</focusedcolor>
					<textoffsetx>20</textoffsetx>
					<texturefocus>icons/settings_button_on.png</texturefocus>
					<texturenofocus>icons/settings_button.png</texturenofocus>
					<pulseonselect>false</pulseonselect>
					<onclick>SetFocus(5)</onclick>
				</control>
				<control type="button" id="3">
					<description>Default Button</description>
					<posx>0</posx>
					<posy>0</posy>
					<height>44</height>
					<font>font21</font>
					<textcolor>white</textcolor>
					<focusedcolor>black</focusedcolor>
					<disabledcolor>disabled</disabledcolor>
					<textoffsetx>20</textoffsetx>
					<texturefocus>views/line_frame_device_white.png</texturefocus>
					<texturenofocus>views/line_frame_device_black.png</texturenofocus>
					<pulseonselect>false</pulseonselect>
				</control>
				<control type="radiobutton" id="4">
					<description>Default RadioButton</description>
					<posx>0</posx>
					<posy>0</posy>
					<height>44</height>
					<font>font21</font>
					<textcolor>white</textcolor>
					<focusedcolor>black</focusedcolor>
					<disabledcolor>disabled</disabledcolor>
					<texturefocus>views/line_frame_device_white.png</texturefocus>
					<texturenofocus>views/line_frame_device_black.png</texturenofocus>
					<textoffsetx>20</textoffsetx>
					<textureradiofocus>icons/settings_radio_button_selected.png</textureradiofocus>
					<textureradionofocus>icons/settings_radio_button.png</textureradionofocus>
					<pulseonselect>false</pulseonselect>
					<radioposy>9</radioposy>
					<radiowidth>26</radiowidth>
					<radioheight>26</radioheight>
				</control>
				<control type="spincontrolex" id="5">
					<description>Default SpinControlex</description>
					<posx>0</posx>
					<posy>0</posy>
					<height>44</height>
					<texturefocus>views/line_frame_device_white.png</texturefocus>
					<texturenofocus>views/line_frame_device_black.png</texturenofocus>
					<textureup>icons/scroll_up.png</textureup>
					<texturedown>icons/scroll_down.png</texturedown>
					<textureupfocus>icons/settings_arrow_button_up.png</textureupfocus>
					<texturedownfocus>icons/settings_arrow_button_down.png</texturedownfocus>
					<font>font21</font>
					<textcolor>white</textcolor>
					<focusedcolor>black</focusedcolor>
					<disabledcolor>disabled</disabledcolor>
					<textoffsetx>20</textoffsetx>
					<aligny>center</aligny>
					<reverse>yes</reverse>
					<pulseonselect>false</pulseonselect>
				</control>
				<control type="label" id="7">
					<description>Default Label</description>
					<posx>0</posx>
					<posy>0</posy>
					<height>44</height>
					<font>font21</font>
					<textcolor>green</textcolor>
					<textoffsetx>20</textoffsetx>
				</control>
				<control type="image" id="6">
					<description>Default Seperator</description>
					<height>0</height>
					<texture>-</texture>
				</control>
				<control type="sliderex" id="8">
					<description>Default Slider</description>
					<width>646</width>
				</control>
				<control type="scrollbar" id="90">
					<description>scroll bar indicator for lists</description>
					<posx>1212</posx>
					<posy>206</posy>
					<width>12</width>
					<height>396</height>
					<onleft>2</onleft>
					<texturesliderbackground border="0,8,0,8">icons/scrollbar_vertical_bg.png</texturesliderbackground>
					<texturesliderbar border="4,8,4,8">icons/scrollbar_vertical_nib.png</texturesliderbar>
					<texturesliderbarfocus border="4,8,4,8">icons/scrollbar_vertical_nib_on.png</texturesliderbarfocus>
					<orientation>vertical</orientation>
					<showonepage>false</showonepage>
				</control>
			</control>
			<control type="grouplist" id="9001">
				<posx>320</posx>
				<posy>640</posy>
				<width>500</width>
				<height>33</height>
				<onleft>-</onleft>
				<onright>-</onright>
				<onup>2</onup>
				<itemgap>10</itemgap>
				<orientation>horizontal</orientation>
				<control type="button" id="11">
					<description>Cancel Button</description>
					<width>33</width>
					<height>33</height>
					<texturefocus>icons/icon_cancel_on.png</texturefocus>
					<texturenofocus>icons/icon_cancel.png</texturenofocus>
					<font>-</font>
					<hitrect x="0" y="0" w="100" h="33" />
				</control>
				<control type="label" id="21">
					<visible>!Control.HasFocus(11)</visible>
					<width min="0" max="200">auto</width>
					<height>33</height>
					<label>222</label>
					<font>font23</font>
					<textcolor>grey</textcolor>
				</control>
				<control type="label" id="22">
					<visible>Control.HasFocus(11)</visible>
					<width min="0" max="200">auto</width>
					<height>33</height>
					<label>222</label>
					<font>font23</font>
					<textcolor>green</textcolor>
				</control>
				<control type="label" id="23">
					<width>4</width>
					<height>33</height>
				</control>
				<control type="button" id="10">
					<description>OK Button</description>
					<width>33</width>
					<height>33</height>
					<texturefocus>icons/icon_ok_on.png</texturefocus>
					<texturenofocus>icons/icon_ok.png</texturenofocus>
					<font>-</font>
					<hitrect x="0" y="0" w="100" h="33" />
				</control>
				<control type="label" id="24">
					<visible>!Control.HasFocus(10)</visible>
					<width min="0" max="200">auto</width>
					<height>33</height>
					<label>186</label>
					<font>font23</font>
					<textcolor>grey</textcolor>
				</control>
				<control type="label" id="25">
					<visible>Control.HasFocus(10)</visible>
					<width min="0" max="200">auto</width>
					<height>33</height>
					<label>186</label>
					<font>font23</font>
					<textcolor>green</textcolor>
				</control>
				<control type="label" id="26">
					<width>4</width>
					<height>33</height>
				</control>
				<control type="button" id="12">
					<description>Default Button</description>
					<width>33</width>
					<height>33</height>
					<texturenofocus>buttons/info_settings.png</texturenofocus>
					<texturefocus>buttons/info_settings_on.png</texturefocus>
					<font>-</font>
					<hitrect x="0" y="0" w="100" h="33" />
				</control>
				<control type="label" id="27">
					<visible>!Control.HasFocus(12)</visible>
					<width min="0" max="200">auto</width>
					<height>33</height>
					<label>409</label>
					<font>font23</font>
					<textcolor>grey</textcolor>
				</control>
				<control type="label" id="28">
					<visible>Control.HasFocus(12)</visible>
					<width min="0" max="200">auto</width>
					<height>33</height>
					<label>409</label>
					<font>font23</font>
					<textcolor>green</textcolor>
				</control>
			</control>
			<include>Common_Main_Menu_Button</include>
		</control>
	</controls>
</window>