<window id="609">
	<defaultcontrol always="true">11</defaultcontrol>
	<controls>
		<control type="group">
			<posx>970</posx>
			<posy>17</posy>
			<animation type="WindowOpen">
				<effect type="fade" start="0" end="100" time="180"/>
				<effect type="slide" start="300,0" end="0,0" time="120"/>
			</animation>
			<control type="image">
				<posx>0</posx>
				<posy>0</posy>
				<width>300</width>
				<height>10</height>
				<texture>menu/shutdown_top.png</texture>
			</control>
			<control type="image">
				<posx>0</posx>
				<posy>10</posy>
				<width>300</width>
				<height>74</height>
				<texture>menu/shutdown_center.png</texture>
			</control>
			<control type="label">
				<description>header label</description>
				<posx>20</posx>
				<posy>22</posy>
				<width>260</width>
				<height>40</height>
				<font>light28</font>
				<label>$LOCALIZE[19023] -[CR]$INFO[VideoPlayer.ChannelGroup]</label>
				<align>left</align>
				<aligny>center</aligny>
				<textcolor>green</textcolor>
				<visible>!pvr.IsPlayingRadio</visible>
			</control>
			<control type="label">
				<description>header label</description>
				<posx>20</posx>
				<posy>16</posy>
				<width>260</width>
				<height>40</height>
				<font>light28</font>
				<label>$LOCALIZE[19024] -[CR]$INFO[MusicPlayer.ChannelGroup]</label>
				<align>left</align>
				<aligny>center</aligny>
				<textcolor>green</textcolor>
				<visible>pvr.IsPlayingRadio</visible>
			</control>
			<control type="list" id="11">
				<posx>0</posx>
				<posy>84</posy>
				<width>300</width>
				<height>592</height>
				<onleft>Close</onleft>
				<onright>Close</onright>
				<onup>11</onup>
				<ondown>11</ondown>
				<scrolltime>200</scrolltime>
				<viewtype label="536">List</viewtype>
				<orientation>vertical</orientation>
				<itemlayout height="74">
					<control type="image">
						<posx>0</posx>
						<posy>0</posy>
						<width>300</width>
						<height>74</height>
						<texture>menu/shutdown_center.png</texture>
					</control>
					<control type="label">
						<posx>40</posx>
						<posy>0</posy>
						<width>66</width>
						<height>74</height>
						<font>font36b</font>
						<align>center</align>
						<aligny>center</aligny>
						<info>ListItem.ChannelNumber</info>
						<textcolor>green</textcolor>
						<selectedcolor>blue</selectedcolor>
					</control>
					<control type="label">
						<posx>85</posx>
						<posy>12</posy>
						<width>200</width>
						<height>23</height>
						<font>font23b</font>
						<aligny>center</aligny>
						<info>ListItem.Label</info>
						<textcolor>lightgrey</textcolor>
						<selectedcolor>blue</selectedcolor>
					</control>
					<control type="label">
						<posx>85</posx>
						<posy>38</posy>
						<width>200</width>
						<height>21</height>
						<font>font21sq</font>
						<aligny>center</aligny>
						<info>ListItem.Title</info>
						<textcolor>white</textcolor>
						<selectedcolor>blue</selectedcolor>
					</control>
				</itemlayout>
				<focusedlayout height="74">
					<control type="image">
						<posx>0</posx>
						<posy>0</posy>
						<width>300</width>
						<height>74</height>
						<texture>menu/shutdown_center_on.png</texture>
						<animation effect="fade" time="200" reversible="false" tween="quadratic" easing="out">VisibleChange</animation>
					</control>
					<control type="label">
						<posx>40</posx>
						<posy>0</posy>
						<width>66</width>
						<height>74</height>
						<font>font36b</font>
						<align>center</align>
						<aligny>center</aligny>
						<info>ListItem.ChannelNumber</info>
						<textcolor>green</textcolor>
						<selectedcolor>blue</selectedcolor>
					</control>
					<control type="label">
						<posx>85</posx>
						<posy>12</posy>
						<width>200</width>
						<height>23</height>
						<font>font23b</font>
						<aligny>center</aligny>
						<info>ListItem.Label</info>
						<textcolor>lightgrey</textcolor>
						<selectedcolor>blue</selectedcolor>
					</control>
					<control type="label">
						<posx>85</posx>
						<posy>38</posy>
						<width>200</width>
						<height>21</height>
						<font>font21sq</font>
						<aligny>center</aligny>
						<info>ListItem.Title</info>
						<textcolor>white</textcolor>
						<selectedcolor>blue</selectedcolor>
					</control>
				</focusedlayout>
			</control>
			<control type="image">
				<posx>0</posx>
				<posy>676</posy>
				<width>300</width>
				<height>10</height>
				<texture>menu/shutdown_bottom.png</texture>
			</control>
			<control type="group">
				<visible>Container.Scrolling</visible>
				<animation effect="fade" time="100" delay="400">Visible</animation>
				<animation effect="fade" time="300">Hidden</animation>
				<posx>100</posx>
				<posy>356</posy>
				<width>100</width>
				<height>100</height>
				<control type="image">
					<posx>0</posx>
					<posy>0</posy>
					<width>100</width>
					<height>100</height>
					<texture>backgrounds/scroll_background.png</texture>
				</control>
				<control type="label">
					<posx>0</posx>
					<posy>0</posy>
					<width>100</width>
					<height>100</height>
					<align>center</align>
					<aligny>center</aligny>
					<info>ListItem.ChannelNumber</info>
					<textcolor>white</textcolor>
					<font>font48b</font>
				</control>
			</control>
		</control>
	</controls>
</window>