<window id="136">
	<include>Window_OpenClose_Animation</include>
	<controls>
		<include>Dialog_Popup_Background</include>
		<control type="group">
			<animation effect="fade" time="200">VisibleChange</animation>
			<control type="multiimage">
				<description>loading control</description>
				<posx>538</posx>
				<posy>306</posy>
				<width>200</width>
				<height>200</height>
				<imagepath>loading</imagepath>
				<timeperimage>40</timeperimage>
				<fadetime>10</fadetime>
				<pauseatend>0</pauseatend>
				<randomize>false</randomize>
				<loop>yes</loop>
				<aspectratio>keep</aspectratio>
			</control>
		</control>
	</controls>
</window>