<window id="601">
	<defaultcontrol always="true">7</defaultcontrol>
	<controls>
		<include>Dialog_Popup_Background</include>
		<control type="group">
			<include>Dialog_Popup_Animation</include>
			<posx>275</posx>
			<posy>130</posy>
			<control type="group">
				<control type="image">
					<posx>0</posx>
					<posy>0</posy>
					<width>730</width>
					<height>520</height>
					<texture>backgrounds/vis_background.png</texture>
				</control>
				<control type="image">
					<description>Dialog Header image</description>
					<posx>40</posx>
					<posy>16</posy>
					<width>650</width>
					<height>40</height>
					<texture>dialogheader.png</texture>
				</control>
				<control type="label">
					<description>header label</description>
					<posx>40</posx>
					<posy>20</posy>
					<width>650</width>
					<height>30</height>
					<font>light28</font>
					<textcolor>green</textcolor>
					<label>$LOCALIZE[19047]</label>
					<align>left</align>
					<aligny>center</aligny>
				</control>
				<control type="label">
					<description>Title label</description>
					<posx>40</posx>
					<posy>70</posy>
					<width>650</width>
					<height>30</height>
					<font>font21b</font>
					<label>$INFO[ListItem.Title]</label>
					<align>left</align>
					<aligny>center</aligny>
				</control>
				<control type="group">
					<control type="group">
						<posx>40</posx>
						<posy>120</posy>
						<control type="label">
							<description>Time description</description>
							<posx>0</posx>
							<posy>0</posy>
							<width>520</width>
							<height>25</height>
							<aligny>center</aligny>
							<font>font21</font>
							<textcolor>lightgrey</textcolor>
							<label>$LOCALIZE[142] [COLOR=white]$INFO[ListItem.StartTime] - $INFO[ListItem.EndTime] ($INFO[ListItem.StartDate])[/COLOR]</label>
						</control>
						<control type="label">
							<description>Duration</description>
							<posx>0</posx>
							<posy>35</posy>
							<width>520</width>
							<height>25</height>
							<aligny>center</aligny>
							<font>font21</font>
							<textcolor>lightgrey</textcolor>
							<label>$LOCALIZE[180]: [COLOR=white]$INFO[ListItem.Duration][/COLOR]</label>
						</control>
						<control type="label">
							<description>Channel Name</description>
							<posx>0</posx>
							<posy>70</posy>
							<width>540</width>
							<height>25</height>
							<aligny>center</aligny>
							<font>font21</font>
							<textcolor>lightgrey</textcolor>
							<label>$LOCALIZE[19148]: [COLOR=white]$INFO[ListItem.ChannelName][/COLOR]</label>
						</control>
						<control type="label">
							<description>Genre</description>
							<posx>0</posx>
							<posy>105</posy>
							<width>520</width>
							<height>25</height>
							<aligny>center</aligny>
							<font>font21</font>
							<textcolor>lightgrey</textcolor>
							<label>$LOCALIZE[135]: [COLOR=white]$INFO[ListItem.Genre][/COLOR]</label>
						</control>
					</control>
					<control type="textbox" id="400">
						<description>Plot value</description>
						<posx>40</posx>
						<posy>270</posy>
						<width>650</width>
						<height>180</height>
						<font>font21</font>
						<align>justify</align>
						<textcolor>white</textcolor>
						<shadowcolor>black</shadowcolor>
						<pagecontrol>-</pagecontrol>
						<autoscroll time="2000" delay="3000" repeat="5000">true</autoscroll>
						<label fallback="161">$INFO[ListItem.Plot]</label>
					</control>
					<control type="grouplist" id="9000">
						<posx>30</posx>
						<posy>468</posy>
						<width>640</width>
						<height>40</height>
						<itemgap>10</itemgap>
						<orientation>horizontal</orientation>
						<onleft>9000</onleft>
						<onright>9000</onright>
						<onup>60</onup>
						<ondown>-</ondown>
						<control type="button" id="5">
							<description>Switch to Channel</description>
							<width>33</width>
							<height>33</height>
							<texturefocus>buttons/image_flip_on.png</texturefocus>
							<texturenofocus>buttons/image_flip.png</texturenofocus>
							<font>-</font>
							<hitrect x="0" y="0" w="100" h="33" />
						</control>
						<control type="label" id="40">
							<visible>!Control.HasFocus(5)</visible>
							<width min="0" max="200">auto</width>
							<height>33</height>
							<label>19165</label>
							<font>font23</font>
							<textcolor>grey</textcolor>
						</control>
						<control type="label" id="41">
							<visible>Control.HasFocus(5)</visible>
							<width min="0" max="200">auto</width>
							<height>33</height>
							<label>19165</label>
							<font>font23</font>
							<textcolor>green</textcolor>
						</control>
						<control type="label" id="42">
							<width>4</width>
							<height>33</height>
						</control>
						<control type="button" id="6">
							<description>Record</description>
							<width>33</width>
							<height>33</height>
							<texturenofocus>buttons/icon_pvr_recording.png</texturenofocus>
							<texturefocus>buttons/icon_pvr_recording_on.png</texturefocus>
							<font>-</font>
							<hitrect x="0" y="0" w="240" h="33" />
						</control>
						<control type="label" id="43">
							<visible>!Control.HasFocus(6)</visible>
							<width min="0" max="240">auto</width>
							<height>33</height>
							<label>$INFO[Control.GetLabel(6)]</label>
							<font>font23</font>
							<textcolor>grey</textcolor>
						</control>
						<control type="label" id="44">
							<visible>Control.HasFocus(6)</visible>
							<width min="0" max="240">auto</width>
							<height>33</height>
							<label>$INFO[Control.GetLabel(6)]</label>
							<font>font23</font>
							<textcolor>green</textcolor>
						</control>
						<control type="label" id="45">
							<width>4</width>
							<height>33</height>
						</control>
						<control type="button" id="7">
							<description>OK</description>
							<width>33</width>
							<height>33</height>
							<texturefocus>icons/icon_ok_on.png</texturefocus>
							<texturenofocus>icons/icon_ok.png</texturenofocus>
							<font>-</font>
							<hitrect x="0" y="0" w="100" h="33" />
						</control>
						<control type="label" id="46">
							<visible>!Control.HasFocus(7)</visible>
							<width min="0" max="200">auto</width>
							<height>33</height>
							<label>186</label>
							<font>font23</font>
							<textcolor>grey</textcolor>
						</control>
						<control type="label" id="47">
							<visible>Control.HasFocus(7)</visible>
							<width min="0" max="200">auto</width>
							<height>33</height>
							<label>186</label>
							<font>font23</font>
							<textcolor>green</textcolor>
						</control>
					</control>
				</control>
			</control>
		</control>
	</controls>
</window>