﻿<window id="113">
	<defaultcontrol>-</defaultcontrol>
	<controls>
		<control type="group">
			<posx>882</posx>
			<posy>8</posy>
			<visible>Player.HasMedia</visible>
			<control type="image">
				<posx>0</posx>
				<posy>0</posy>
				<width>368</width>
				<height>60</height>
				<texture>backgrounds/volume_background.png</texture>
			</control>
			<control type="group">
				<posx>20</posx>
				<posy>14</posy>
				<control type="label">
					<description>Mute Label</description>
					<posx>0</posx>
					<posy>0</posy>
					<width>252</width>
					<height>28</height>
					<aligny>center</aligny>
					<font>font21</font>
					<textcolor>white</textcolor>
					<label>31078</label>
				</control>
				<control type="image">
					<description>dotted line</description>
					<posx>271</posx>
					<posy>-2</posy>
					<width>3</width>
					<height>33</height>
					<texture>icons/dotted_line_divider.png</texture>
				</control>
				<control type="image">
					<description>speaker image</description>
					<posx>288</posx>
					<posy>0</posy>
					<width>42</width>
					<height>32</height>
					<aspectratio>keep</aspectratio>
					<texture>icons/icon_volume.png</texture>
					<colordiffuse>green</colordiffuse>
				</control>
			</control>
		</control>
	</controls>
</window>
