<window id="606">
	<defaultcontrol always="true">9</defaultcontrol>
	<controls>
		<include>Dialog_Popup_Background</include>
		<control type="group">
			<include>Dialog_Popup_Animation</include>
			<posx>210</posx>
			<posy>30</posy>
			<control type="image">
				<description>background image</description>
				<posx>0</posx>
				<posy>0</posy>
				<width>865</width>
				<height>650</height>
				<texture>backgrounds/vis_background.png</texture>
			</control>
			<control type="label">
				<description>header label</description>
				<posx>40</posx>
				<posy>20</posy>
				<width>785</width>
				<height>30</height>
				<font>light28</font>
				<label>19142</label>
				<align>left</align>
				<aligny>center</aligny>
			</control>
			<control type="label">
				<description>Search string</description>
				<posx>50</posx>
				<posy>60</posy>
				<width>320</width>
				<height>44</height>
				<font>font13</font>
				<label>19133</label>
				<align>left</align>
				<aligny>center</aligny>
				<textcolor>green</textcolor>
			</control>
			<control type="image">
				<posx>30</posx>
				<posy>104</posy>
				<width>800</width>
				<height>50</height>
				<texture border="12">keyboard/keyboard_input_field_on.png</texture>
			</control>
			<control type="edit" id="9">
				<description>Search string</description>
				<posx>50</posx>
				<posy>105</posy>
				<width>760</width>
				<height>44</height>
				<font>font30</font>
				<textcolor>darkgrey</textcolor>
				<pulseonselect>no</pulseonselect>
				<texturefocus>-</texturefocus>
				<texturenofocus>-</texturenofocus>
				<align>left</align>
				<onleft>9</onleft>
				<onright>9</onright>
				<onup>26</onup>
				<ondown>10</ondown>
			</control>
			<control type="textbox">
				<description>Search help</description>
				<posx>30</posx>
				<posy>155</posy>
				<width>800</width>
				<height>70</height>
				<align>left</align>
				<font>font13</font>
				<textcolor>lightgrey</textcolor>
				<label>$LOCALIZE[19001] $LOCALIZE[19002]</label>
			</control>
			<control type="group">
				<posx>30</posx>
				<posy>230</posy>
				<control type="radiobutton" id="10">
					<description>Include Description</description>
					<posx>0</posx>
					<posy>0</posy>
					<height>44</height>
					<width>400</width>
					<font>font21</font>
					<textcolor>white</textcolor>
					<focusedcolor>black</focusedcolor>
					<disabledcolor>disabled</disabledcolor>
					<texturefocus>views/line_frame_device_white.png</texturefocus>
					<texturenofocus>views/line_frame_device_black.png</texturenofocus>
					<textoffsetx>20</textoffsetx>
					<textureradiofocus>icons/settings_radio_button_selected.png</textureradiofocus>
					<textureradionofocus>icons/settings_radio_button.png</textureradionofocus>
					<pulseonselect>false</pulseonselect>
					<radioposy>9</radioposy>
					<radiowidth>26</radiowidth>
					<radioheight>26</radioheight>
					<label>19134</label>
					<onleft>12</onleft>
					<onright>12</onright>
					<onup>9</onup>
					<ondown>11</ondown>
				</control>
				<control type="radiobutton" id="11">
					<description>Case Sensitive</description>
					<posx>0</posx>
					<posy>44</posy>
					<height>44</height>
					<width>400</width>
					<font>font21</font>
					<textcolor>white</textcolor>
					<focusedcolor>black</focusedcolor>
					<disabledcolor>disabled</disabledcolor>
					<texturefocus>views/line_frame_device_white.png</texturefocus>
					<texturenofocus>views/line_frame_device_black.png</texturenofocus>
					<textoffsetx>20</textoffsetx>
					<textureradiofocus>icons/settings_radio_button_selected.png</textureradiofocus>
					<textureradionofocus>icons/settings_radio_button.png</textureradionofocus>
					<pulseonselect>false</pulseonselect>
					<radioposy>9</radioposy>
					<radiowidth>26</radiowidth>
					<radioheight>26</radioheight>
					<label>19135</label>
					<onleft>13</onleft>
					<onright>13</onright>
					<onup>10</onup>
					<ondown>14</ondown>
				</control>
				<control type="edit" id="14">
					<description>Start Date</description>
					<posx>0</posx>
					<posy>88</posy>
					<width>400</width>
					<height>44</height>
					<font>font21</font>
					<aligny>center</aligny>
					<textcolor>white</textcolor>
					<focusedcolor>black</focusedcolor>
					<textoffsetx>20</textoffsetx>
					<pulseonselect>no</pulseonselect>
					<texturefocus>views/line_frame_device_white.png</texturefocus>
					<texturenofocus>views/line_frame_device_black.png</texturenofocus>
					<label>19128</label>
					<onright>16</onright>
					<onleft>16</onleft>
					<onup>11</onup>
					<ondown>15</ondown>
				</control>
				<control type="edit" id="15">
					<description>Stop Date</description>
					<posx>0</posx>
					<posy>132</posy>
					<width>400</width>
					<height>44</height>
					<font>font21</font>
					<aligny>center</aligny>
					<textcolor>white</textcolor>
					<focusedcolor>black</focusedcolor>
					<textoffsetx>20</textoffsetx>
					<pulseonselect>no</pulseonselect>
					<texturefocus>views/line_frame_device_white.png</texturefocus>
					<texturenofocus>views/line_frame_device_black.png</texturenofocus>
					<label>19129</label>
					<onright>17</onright>
					<onleft>17</onleft>
					<onup>14</onup>
					<ondown>18</ondown>
				</control>
				<control type="spincontrolex" id="18">
					<description>Genre</description>
					<posx>0</posx>
					<posy>176</posy>
					<width>400</width>
					<height>44</height>
					<texturefocus>views/line_frame_device_white.png</texturefocus>
					<texturenofocus>views/line_frame_device_black.png</texturenofocus>
					<textureup>icons/scroll_up.png</textureup>
					<texturedown>icons/scroll_down.png</texturedown>
					<textureupfocus>icons/settings_arrow_button_up.png</textureupfocus>
					<texturedownfocus>icons/settings_arrow_button_down.png</texturedownfocus>
					<font>font21</font>
					<textcolor>white</textcolor>
					<focusedcolor>black</focusedcolor>
					<disabledcolor>disabled</disabledcolor>
					<textoffsetx>20</textoffsetx>
					<aligny>center</aligny>
					<reverse>yes</reverse>
					<pulseonselect>false</pulseonselect>
					<label>515</label>
					<onright>19</onright>
					<onleft>19</onleft>
					<onup>15</onup>
					<ondown>20</ondown>
				</control>
				<control type="radiobutton" id="20">
					<description>Include unknown Genres</description>
					<posx>0</posx>
					<posy>220</posy>
					<height>44</height>
					<width>400</width>
					<font>font21</font>
					<textcolor>white</textcolor>
					<focusedcolor>black</focusedcolor>
					<disabledcolor>disabled</disabledcolor>
					<texturefocus>views/line_frame_device_white.png</texturefocus>
					<texturenofocus>views/line_frame_device_black.png</texturenofocus>
					<textoffsetx>20</textoffsetx>
					<textureradiofocus>icons/settings_radio_button_selected.png</textureradiofocus>
					<textureradionofocus>icons/settings_radio_button.png</textureradionofocus>
					<pulseonselect>false</pulseonselect>
					<radioposy>9</radioposy>
					<radiowidth>26</radiowidth>
					<radioheight>26</radioheight>
					<label>19132</label>
					<onleft>21</onleft>
					<onright>21</onright>
					<onup>18</onup>
					<ondown>22</ondown>
				</control>
				<control type="radiobutton" id="22">
					<description>FTA only</description>
					<posx>0</posx>
					<posy>264</posy>
					<height>44</height>
					<width>400</width>
					<font>font21</font>
					<textcolor>white</textcolor>
					<focusedcolor>black</focusedcolor>
					<disabledcolor>disabled</disabledcolor>
					<texturefocus>views/line_frame_device_white.png</texturefocus>
					<texturenofocus>views/line_frame_device_black.png</texturenofocus>
					<textoffsetx>20</textoffsetx>
					<textureradiofocus>icons/settings_radio_button_selected.png</textureradiofocus>
					<textureradionofocus>icons/settings_radio_button.png</textureradionofocus>
					<pulseonselect>false</pulseonselect>
					<radioposy>9</radioposy>
					<radiowidth>26</radiowidth>
					<radioheight>26</radioheight>
					<label>19123</label>
					<onleft>23</onleft>
					<onright>23</onright>
					<onup>20</onup>
					<ondown>24</ondown>
				</control>
				<control type="radiobutton" id="24">
					<description>Ignore Timers</description>
					<posx>0</posx>
					<posy>308</posy>
					<height>44</height>
					<width>400</width>
					<font>font21</font>
					<textcolor>white</textcolor>
					<focusedcolor>black</focusedcolor>
					<disabledcolor>disabled</disabledcolor>
					<texturefocus>views/line_frame_device_white.png</texturefocus>
					<texturenofocus>views/line_frame_device_black.png</texturenofocus>
					<textoffsetx>20</textoffsetx>
					<textureradiofocus>icons/settings_radio_button_selected.png</textureradiofocus>
					<textureradionofocus>icons/settings_radio_button.png</textureradionofocus>
					<pulseonselect>false</pulseonselect>
					<radioposy>9</radioposy>
					<radiowidth>26</radiowidth>
					<radioheight>26</radioheight>
					<label>19124</label>
					<onleft>27</onleft>
					<onright>27</onright>
					<onup>22</onup>
					<ondown>26</ondown>
				</control>
			</control>
			<control type="group">
				<posx>440</posx>
				<posy>230</posy>
				<control type="spincontrolex" id="12">
					<description>Min Duration</description>
					<posx>0</posx>
					<posy>0</posy>
					<width>400</width>
					<height>44</height>
					<texturefocus>views/line_frame_device_white.png</texturefocus>
					<texturenofocus>views/line_frame_device_black.png</texturenofocus>
					<textureup>icons/scroll_up.png</textureup>
					<texturedown>icons/scroll_down.png</texturedown>
					<textureupfocus>icons/settings_arrow_button_up.png</textureupfocus>
					<texturedownfocus>icons/settings_arrow_button_down.png</texturedownfocus>
					<font>font21</font>
					<textcolor>white</textcolor>
					<focusedcolor>black</focusedcolor>
					<disabledcolor>disabled</disabledcolor>
					<textoffsetx>20</textoffsetx>
					<aligny>center</aligny>
					<reverse>yes</reverse>
					<pulseonselect>false</pulseonselect>
					<label>19130</label>
					<onright>10</onright>
					<onleft>10</onleft>
					<onup>9</onup>
					<ondown>13</ondown>
				</control>
				<control type="spincontrolex" id="13">
					<description>Max Duration</description>
					<posx>0</posx>
					<posy>44</posy>
					<width>400</width>
					<height>44</height>
					<texturefocus>views/line_frame_device_white.png</texturefocus>
					<texturenofocus>views/line_frame_device_black.png</texturenofocus>
					<textureup>icons/scroll_up.png</textureup>
					<texturedown>icons/scroll_down.png</texturedown>
					<textureupfocus>icons/settings_arrow_button_up.png</textureupfocus>
					<texturedownfocus>icons/settings_arrow_button_down.png</texturedownfocus>
					<font>font21</font>
					<textcolor>white</textcolor>
					<focusedcolor>black</focusedcolor>
					<disabledcolor>disabled</disabledcolor>
					<textoffsetx>20</textoffsetx>
					<aligny>center</aligny>
					<reverse>yes</reverse>
					<pulseonselect>false</pulseonselect>
					<label>19131</label>
					<onright>11</onright>
					<onleft>11</onleft>
					<onup>12</onup>
					<ondown>16</ondown>
				</control>
				<control type="edit" id="16">
					<description>Start time</description>
					<posx>0</posx>
					<posy>88</posy>
					<width>400</width>
					<height>44</height>
					<font>font21</font>
					<aligny>center</aligny>
					<textcolor>white</textcolor>
					<focusedcolor>black</focusedcolor>
					<textoffsetx>20</textoffsetx>
					<pulseonselect>no</pulseonselect>
					<texturefocus>views/line_frame_device_white.png</texturefocus>
					<texturenofocus>views/line_frame_device_black.png</texturenofocus>
					<label>19126</label>
					<onright>14</onright>
					<onleft>14</onleft>
					<onup>13</onup>
					<ondown>17</ondown>
				</control>
				<control type="edit" id="17">
					<description>Stop time</description>
					<posx>0</posx>
					<posy>132</posy>
					<width>400</width>
					<height>44</height>
					<font>font21</font>
					<aligny>center</aligny>
					<textcolor>white</textcolor>
					<focusedcolor>black</focusedcolor>
					<textoffsetx>20</textoffsetx>
					<pulseonselect>no</pulseonselect>
					<texturefocus>views/line_frame_device_white.png</texturefocus>
					<texturenofocus>views/line_frame_device_black.png</texturenofocus>
					<label>19127</label>
					<onright>15</onright>
					<onleft>15</onleft>
					<onup>16</onup>
					<ondown>19</ondown>
				</control>
				<control type="radiobutton" id="19">
					<description>avoid repeats</description>
					<posx>0</posx>
					<posy>176</posy>
					<width>400</width>
					<height>44</height>
					<font>font21</font>
					<textcolor>white</textcolor>
					<focusedcolor>black</focusedcolor>
					<disabledcolor>disabled</disabledcolor>
					<texturefocus>views/line_frame_device_white.png</texturefocus>
					<texturenofocus>views/line_frame_device_black.png</texturenofocus>
					<textoffsetx>20</textoffsetx>
					<textureradiofocus>icons/settings_radio_button_selected.png</textureradiofocus>
					<textureradionofocus>icons/settings_radio_button.png</textureradionofocus>
					<pulseonselect>false</pulseonselect>
					<radioposy>9</radioposy>
					<radiowidth>26</radiowidth>
					<radioheight>26</radioheight>
					<label>19121</label>
					<onright>18</onright>
					<onleft>18</onleft>
					<onup>17</onup>
					<ondown>21</ondown>
				</control>
				<control type="spincontrolex" id="21">
					<description>Groups</description>
					<posx>0</posx>
					<posy>220</posy>
					<width>400</width>
					<height>44</height>
					<texturefocus>views/line_frame_device_white.png</texturefocus>
					<texturenofocus>views/line_frame_device_black.png</texturenofocus>
					<textureup>icons/scroll_up.png</textureup>
					<texturedown>icons/scroll_down.png</texturedown>
					<textureupfocus>icons/settings_arrow_button_up.png</textureupfocus>
					<texturedownfocus>icons/settings_arrow_button_down.png</texturedownfocus>
					<font>font21</font>
					<textcolor>white</textcolor>
					<focusedcolor>black</focusedcolor>
					<disabledcolor>disabled</disabledcolor>
					<textoffsetx>20</textoffsetx>
					<aligny>center</aligny>
					<reverse>yes</reverse>
					<pulseonselect>false</pulseonselect>
					<label>19141</label>
					<onright>20</onright>
					<onleft>20</onleft>
					<onup>19</onup>
					<ondown>23</ondown>
				</control>
				<control type="spincontrolex" id="23">
					<description>Channels</description>
					<posx>0</posx>
					<posy>264</posy>
					<width>400</width>
					<height>44</height>
					<texturefocus>views/line_frame_device_white.png</texturefocus>
					<texturenofocus>views/line_frame_device_black.png</texturenofocus>
					<textureup>icons/scroll_up.png</textureup>
					<texturedown>icons/scroll_down.png</texturedown>
					<textureupfocus>icons/settings_arrow_button_up.png</textureupfocus>
					<texturedownfocus>icons/settings_arrow_button_down.png</texturedownfocus>
					<font>font21</font>
					<textcolor>white</textcolor>
					<focusedcolor>black</focusedcolor>
					<disabledcolor>disabled</disabledcolor>
					<textoffsetx>20</textoffsetx>
					<aligny>center</aligny>
					<reverse>yes</reverse>
					<pulseonselect>false</pulseonselect>
					<label>19148</label>
					<onleft>22</onleft>
					<onright>22</onright>
					<onup>21</onup>
					<ondown>27</ondown>
				</control>
				<control type="radiobutton" id="27">
					<description>Ignore Recordings</description>
					<posx>0</posx>
					<posy>308</posy>
					<height>44</height>
					<width>400</width>
					<font>font21</font>
					<textcolor>white</textcolor>
					<focusedcolor>black</focusedcolor>
					<disabledcolor>disabled</disabledcolor>
					<texturefocus>views/line_frame_device_white.png</texturefocus>
					<texturenofocus>views/line_frame_device_black.png</texturenofocus>
					<textoffsetx>20</textoffsetx>
					<textureradiofocus>icons/settings_radio_button_selected.png</textureradiofocus>
					<textureradionofocus>icons/settings_radio_button.png</textureradionofocus>
					<pulseonselect>false</pulseonselect>
					<radioposy>9</radioposy>
					<radiowidth>26</radiowidth>
					<radioheight>26</radioheight>
					<label>19125</label>
					<onleft>24</onleft>
					<onright>24</onright>
					<onup>23</onup>
					<ondown>26</ondown>
				</control>
			</control>
			<control type="grouplist" id="9000">
				<posx>30</posx>
				<posy>596</posy>
				<width>500</width>
				<height>33</height>
				<onup>24</onup>
				<itemgap>10</itemgap>
				<orientation>horizontal</orientation>
				<control type="button" id="25">
					<description>Cancel Button</description>
					<width>33</width>
					<height>33</height>
					<texturefocus>icons/icon_cancel_on.png</texturefocus>
					<texturenofocus>icons/icon_cancel.png</texturenofocus>
					<font>-</font>
					<hitrect x="0" y="0" w="100" h="33" />
				</control>
				<control type="label" id="30">
					<visible>!Control.HasFocus(25)</visible>
					<width min="0" max="200">auto</width>
					<height>33</height>
					<label>222</label>
					<font>font23</font>
					<textcolor>grey</textcolor>
				</control>
				<control type="label" id="31">
					<visible>Control.HasFocus(25)</visible>
					<width min="0" max="200">auto</width>
					<height>33</height>
					<label>222</label>
					<font>font23</font>
					<textcolor>green</textcolor>
				</control>
				<control type="label" id="32">
					<width>4</width>
					<height>33</height>
				</control>
				<control type="button" id="28">
					<description>Default Button</description>
					<width>33</width>
					<height>33</height>
					<texturenofocus>buttons/info_settings.png</texturenofocus>
					<texturefocus>buttons/info_settings_on.png</texturefocus>
					<font>-</font>
					<hitrect x="0" y="0" w="100" h="33" />
				</control>
				<control type="label" id="33">
					<visible>!Control.HasFocus(28)</visible>
					<width min="0" max="200">auto</width>
					<height>33</height>
					<label>409</label>
					<font>font23</font>
					<textcolor>grey</textcolor>
				</control>
				<control type="label" id="34">
					<visible>Control.HasFocus(28)</visible>
					<width min="0" max="200">auto</width>
					<height>33</height>
					<label>409</label>
					<font>font23</font>
					<textcolor>green</textcolor>
				</control>
				<control type="label" id="35">
					<width>4</width>
					<height>33</height>
				</control>
				<control type="button" id="26">
					<description>OK Button</description>
					<width>33</width>
					<height>33</height>
					<texturefocus>icons/icon_ok_on.png</texturefocus>
					<texturenofocus>icons/icon_ok.png</texturenofocus>
					<font>-</font>
					<hitrect x="0" y="0" w="100" h="33" />
				</control>
				<control type="label" id="36">
					<visible>!Control.HasFocus(26)</visible>
					<width min="0" max="200">auto</width>
					<height>33</height>
					<label>186</label>
					<font>font23</font>
					<textcolor>grey</textcolor>
				</control>
				<control type="label" id="37">
					<visible>Control.HasFocus(26)</visible>
					<width min="0" max="200">auto</width>
					<height>33</height>
					<label>186</label>
					<font>font23</font>
					<textcolor>green</textcolor>
				</control>
			</control>
		</control>
	</controls>
</window>