<window id="123">
	<defaultcontrol>5</defaultcontrol>
	<controls>
		<include>Dialog_Popup_Background</include>
		<control type="group">
			<include>Dialog_Popup_Animation</include>
			<posx>190</posx>
			<posy>156</posy>
			<control type="image">
				<description>dialog background</description>
				<posx>0</posx>
				<posy>0</posy>
				<width>900</width>
				<height>520</height>
				<texture>backgrounds/background.png</texture>
			</control>
			<control type="label">
				<description>heading label</description>
				<posx>25</posx>
				<posy>30</posy>
				<width>650</width>
				<height>30</height>
				<align>left</align>
				<aligny>center</aligny>
				<font>light28</font>
				<label>5</label>
				<textcolor>green</textcolor>
			</control>
			<control type="label" id="3">
				<description>No Settings Label</description>
				<posx>10</posx>
				<posy>180</posy>
				<width>850</width>
				<align>center</align>
				<label>35004</label>
				<font>Medium</font>
			</control>
			<control type="grouplist" id="5">
				<description>control area</description>
				<posx>25</posx>
				<posy>74</posy>
				<width>850</width>
				<height>352</height>
				<itemgap>0</itemgap>
				<onup>-</onup>
				<ondown>9000</ondown>
			</control>
			<control type="button" id="7">
				<description>Default Button</description>
				<posx>0</posx>
				<posy>0</posy>
				<height>44</height>
				<font>font21</font>
				<textcolor>white</textcolor>
				<focusedcolor>black</focusedcolor>
				<disabledcolor>disabled</disabledcolor>
				<textoffsetx>20</textoffsetx>
				<texturefocus>views/line_frame_device_white.png</texturefocus>
				<texturenofocus>views/line_frame_device_black.png</texturenofocus>
				<pulseonselect>false</pulseonselect>
			</control>
			<control type="radiobutton" id="8">
				<description>Default RadioButton</description>
				<posx>0</posx>
				<posy>0</posy>
				<height>44</height>
				<font>font21</font>
				<textcolor>white</textcolor>
				<focusedcolor>black</focusedcolor>
				<disabledcolor>disabled</disabledcolor>
				<texturefocus>views/line_frame_device_white.png</texturefocus>
				<texturenofocus>views/line_frame_device_black.png</texturenofocus>
				<textoffsetx>20</textoffsetx>
				<textureradiofocus>icons/settings_radio_button_selected.png</textureradiofocus>
				<textureradionofocus>icons/settings_radio_button.png</textureradionofocus>
				<pulseonselect>false</pulseonselect>
				<radioposy>9</radioposy>
				<radiowidth>26</radiowidth>
				<radioheight>26</radioheight>
			</control>
			<control type="spincontrolex" id="9">
				<description>Default SpinControlex</description>
				<description>Default SpinControlex</description>
				<posx>0</posx>
				<posy>0</posy>
				<height>44</height>
				<texturefocus>views/line_frame_device_white.png</texturefocus>
				<texturenofocus>views/line_frame_device_black.png</texturenofocus>
				<textureup>icons/scroll_up.png</textureup>
				<texturedown>icons/scroll_down.png</texturedown>
				<textureupfocus>icons/settings_arrow_button_up.png</textureupfocus>
				<texturedownfocus>icons/settings_arrow_button_down.png</texturedownfocus>
				<font>font21</font>
				<textcolor>white</textcolor>
				<focusedcolor>black</focusedcolor>
				<disabledcolor>disabled</disabledcolor>
				<textoffsetx>20</textoffsetx>
				<aligny>center</aligny>
				<reverse>yes</reverse>
				<pulseonselect>false</pulseonselect>
			</control>
			<control type="sliderex" id="10">
				<description>Default Slider</description>
				<width>850</width>
				<align>left</align>
			</control>
			<control type="image" id="11">
				<description>separator image</description>
				<height>0</height>
				<texture>-</texture>
			</control>
			<control type="grouplist" id="9000">
				<posx>25</posx>
				<posy>466</posy>
				<width>500</width>
				<height>33</height>
				<onup>5</onup>
				<itemgap>10</itemgap>
				<orientation>horizontal</orientation>
				<control type="button" id="29">
					<description>Cancel Button</description>
					<width>33</width>
					<height>33</height>
					<texturefocus>icons/icon_cancel_on.png</texturefocus>
					<texturenofocus>icons/icon_cancel.png</texturenofocus>
					<font>-</font>
					<onleft>-</onleft>
					<hitrect x="0" y="0" w="100" h="33" />
				</control>
				<control type="label" id="20">
					<visible>!Control.HasFocus(29)</visible>
					<width min="0" max="200">auto</width>
					<height>33</height>
					<label>222</label>
					<font>font23</font>
					<textcolor>grey</textcolor>
				</control>
				<control type="label" id="21">
					<visible>Control.HasFocus(29)</visible>
					<width min="0" max="200">auto</width>
					<height>33</height>
					<label>222</label>
					<font>font23</font>
					<textcolor>green</textcolor>
				</control>
				<control type="label" id="22">
					<width>4</width>
					<height>33</height>
				</control>
				<control type="button" id="28">
					<description>OK Button</description>
					<width>33</width>
					<height>33</height>
					<texturefocus>icons/icon_ok_on.png</texturefocus>
					<texturenofocus>icons/icon_ok.png</texturenofocus>
					<font>-</font>
					<onright>-</onright>
					<hitrect x="0" y="0" w="100" h="33" />
				</control>
				<control type="label" id="23">
					<visible>!Control.HasFocus(28)</visible>
					<width min="0" max="200">auto</width>
					<height>33</height>
					<label>186</label>
					<font>font23</font>
					<textcolor>grey</textcolor>
				</control>
				<control type="label" id="24">
					<visible>Control.HasFocus(28)</visible>
					<width min="0" max="200">auto</width>
					<height>33</height>
					<label>186</label>
					<font>font23</font>
					<textcolor>green</textcolor>
				</control>
				<control type="label" id="25">
					<width>4</width>
					<height>33</height>
				</control>
				<control type="button" id="50">
					<description>Default Button</description>
					<width>33</width>
					<height>33</height>
					<texturenofocus>buttons/info_settings.png</texturenofocus>
					<texturefocus>buttons/info_settings_on.png</texturefocus>
					<font>-</font>
					<onright>-</onright>
					<hitrect x="0" y="0" w="100" h="33" />
				</control>
				<control type="label" id="26">
					<visible>!Control.HasFocus(50)</visible>
					<width min="0" max="200">auto</width>
					<height>33</height>
					<label>409</label>
					<font>font23</font>
					<textcolor>grey</textcolor>
				</control>
				<control type="label" id="27">
					<visible>Control.HasFocus(50)</visible>
					<width min="0" max="200">auto</width>
					<height>33</height>
					<label>409</label>
					<font>font23</font>
					<textcolor>green</textcolor>
				</control>
			</control>
		</control>
	</controls>
</window>