<window id="103">
	<defaultcontrol always="true">300</defaultcontrol>
	<include>Window_OpenClose_Animation</include>
	<controls>
		<include>Dialog_Popup_Background</include>
		<control type="group">
			<include>Dialog_Popup_Animation</include>
			<control type="group" id="500">
				<posx>156</posx>
				<posy>154</posy>
				<control type="image">
					<posx>0</posx>
					<posy>0</posy>
					<width>968</width>
					<height>504</height>
					<texture>keyboard/keyboard_oneline_background.png</texture>
				</control>
				<control type="label" id="311">
					<description>heading label</description>
					<posx>27</posx>
					<posy>10</posy>
					<width>910</width>
					<height>32</height>
					<align>left</align>
					<aligny>top</aligny>
					<font>light34</font>
					<label>-</label>
					<textcolor>green</textcolor>
					<scroll>true</scroll>
					<visible>!Window.IsVisible(numericinput)</visible>
				</control>
				<control type="image">
					<description>input field image</description>
					<posx>27</posx>
					<posy>70</posy>
					<height>60</height>
					<width>910</width>
					<texture border="12">keyboard/keyboard_input_field_on.png</texture>
					<visible>!Window.IsVisible(numericinput)</visible>
				</control>
				<control type="label" id="310">
					<description>Edit Text</description>
					<posx>48</posx>
					<posy>76</posy>
					<width>870</width>
					<height>34</height>
					<font>font30</font>
					<align>left</align>
					<aligny>top</aligny>
					<textcolor>black</textcolor>
				</control>
				<control type="group" id="399">
					<posx>15</posx>
					<posy>150</posy>
					<control type="button" id="81">
						<description>'Q' button</description>
						<posx>12</posx>
						<posy>12</posy>
						<onleft>51</onleft>
						<onright>87</onright>
						<onup>313</onup>
						<ondown>303</ondown>
						<include>Common_Keyboard_Button</include>
					</control>
					<control type="button" id="87">
						<description>'W' button</description>
						<posx>80</posx>
						<posy>12</posy>
						<onleft>81</onleft>
						<onright>69</onright>
						<onup>313</onup>
						<ondown>65</ondown>
						<include>Common_Keyboard_Button</include>
					</control>
					<control type="button" id="69">
						<description>'E' button</description>
						<posx>148</posx>
						<posy>12</posy>
						<onleft>87</onleft>
						<onright>82</onright>
						<onup>312</onup>
						<ondown>83</ondown>
						<include>Common_Keyboard_Button</include>
					</control>
					<control type="button" id="82">
						<description>'R' button</description>
						<posx>216</posx>
						<posy>12</posy>
						<onleft>69</onleft>
						<onright>84</onright>
						<onup>312</onup>
						<ondown>68</ondown>
						<include>Common_Keyboard_Button</include>
					</control>
					<control type="button" id="84">
						<description>'T' button</description>
						<posx>284</posx>
						<posy>12</posy>
						<onleft>82</onleft>
						<onright>89</onright>
						<onup>64</onup>
						<ondown>70</ondown>
						<include>Common_Keyboard_Button</include>
					</control>
					<control type="button" id="89">
						<description>'Y' button</description>
						<posx>352</posx>
						<posy>12</posy>
						<onleft>84</onleft>
						<onright>85</onright>
						<onup>47</onup>
						<ondown>71</ondown>
						<include>Common_Keyboard_Button</include>
					</control>
					<control type="button" id="85">
						<description>'U' button</description>
						<posx>420</posx>
						<posy>12</posy>
						<onleft>89</onleft>
						<onright>73</onright>
						<onup>58</onup>
						<ondown>72</ondown>
						<include>Common_Keyboard_Button</include>
					</control>
					<control type="button" id="73">
						<description>'I' button</description>
						<posx>488</posx>
						<posy>12</posy>
						<onleft>85</onleft>
						<onright>79</onright>
						<onup>63</onup>
						<ondown>74</ondown>
						<include>Common_Keyboard_Button</include>
					</control>
					<control type="button" id="79">
						<description>'O' button</description>
						<posx>556</posx>
						<posy>12</posy>
						<onleft>73</onleft>
						<onright>80</onright>
						<onup>46</onup>
						<ondown>75</ondown>
						<include>Common_Keyboard_Button</include>
					</control>
					<control type="button" id="80">
						<description>'P' button</description>
						<posx>624</posx>
						<posy>12</posy>
						<onleft>79</onleft>
						<onright>49</onright>
						<onup>38</onup>
						<ondown>76</ondown>
						<include>Common_Keyboard_Button</include>
					</control>
					<control type="togglebutton" id="303">
						<description>CAPS LOCK button</description>
						<animation effect="zoom" end="110" center="auto" time="60">Focus</animation>
						<posx>12</posx>
						<posy>80</posy>
						<width>60</width>
						<height>60</height>
						<onleft>54</onleft>
						<onright>65</onright>
						<onup>81</onup>
						<ondown>302</ondown>
						<texturenofocus>keyboard/keyboard_caps_off_nf.png</texturenofocus>
						<texturefocus>keyboard/keyboard_caps_off_fo.png</texturefocus>
						<alttexturenofocus>keyboard/keyboard_caps_on_nf.png</alttexturenofocus>
						<alttexturefocus>keyboard/keyboard_caps_on_fo.png</alttexturefocus>
						<align>center</align>
						<aligny>center</aligny>
						<font>font23b</font>
						<textcolor>white</textcolor>
						<focusedcolor>black</focusedcolor>
					</control>
					<control type="button" id="65">
						<description>'A' button</description>
						<posx>80</posx>
						<posy>80</posy>
						<onleft>303</onleft>
						<onright>83</onright>
						<onup>87</onup>
						<ondown>90</ondown>
						<include>Common_Keyboard_Button</include>
					</control>
					<control type="button" id="83">
						<description>'S' button</description>
						<posx>148</posx>
						<posy>80</posy>
						<onleft>65</onleft>
						<onright>68</onright>
						<onup>69</onup>
						<ondown>88</ondown>
						<include>Common_Keyboard_Button</include>
					</control>
					<control type="button" id="68">
						<description>'D' button</description>
						<posx>216</posx>
						<posy>80</posy>
						<onleft>83</onleft>
						<onright>70</onright>
						<onup>82</onup>
						<ondown>67</ondown>
						<include>Common_Keyboard_Button</include>
					</control>
					<control type="button" id="70">
						<description>'F' button</description>
						<posx>284</posx>
						<posy>80</posy>
						<onleft>68</onleft>
						<onright>71</onright>
						<onup>84</onup>
						<ondown>86</ondown>
						<include>Common_Keyboard_Button</include>
					</control>
					<control type="button" id="71">
						<description>'G' button</description>
						<posx>352</posx>
						<posy>80</posy>
						<onleft>70</onleft>
						<onright>72</onright>
						<onup>89</onup>
						<ondown>66</ondown>
						<include>Common_Keyboard_Button</include>
					</control>
					<control type="button" id="72">
						<description>'H' button</description>
						<posx>420</posx>
						<posy>80</posy>
						<onleft>71</onleft>
						<onright>74</onright>
						<onup>85</onup>
						<ondown>78</ondown>
						<include>Common_Keyboard_Button</include>
					</control>
					<control type="button" id="74">
						<description>'J' button</description>
						<posx>488</posx>
						<posy>80</posy>
						<onleft>72</onleft>
						<onright>75</onright>
						<onup>73</onup>
						<ondown>77</ondown>
						<include>Common_Keyboard_Button</include>
					</control>
					<control type="button" id="75">
						<description>'K' button</description>
						<posx>556</posx>
						<posy>80</posy>
						<onleft>74</onleft>
						<onright>76</onright>
						<onup>79</onup>
						<ondown>8</ondown>
						<include>Common_Keyboard_Button</include>
					</control>
					<control type="button" id="76">
						<description>'L' button</description>
						<posx>624</posx>
						<posy>80</posy>
						<onleft>75</onleft>
						<onright>52</onright>
						<onup>80</onup>
						<ondown>8</ondown>
						<include>Common_Keyboard_Button</include>
					</control>
					<control type="togglebutton" id="302">
						<description>SHIFT button</description>
						<animation effect="zoom" end="110" center="auto" time="60">Focus</animation>
						<posx>12</posx>
						<posy>148</posy>
						<width>60</width>
						<height>60</height>
						<onleft>57</onleft>
						<onright>90</onright>
						<onup>303</onup>
						<ondown>304</ondown>
						<texturenofocus>keyboard/keyboard_shift_off_nf.png</texturenofocus>
						<texturefocus>keyboard/keyboard_shift_off_fo.png</texturefocus>
						<alttexturenofocus>keyboard/keyboard_shift_on_nf.png</alttexturenofocus>
						<alttexturefocus>keyboard/keyboard_shift_on_fo.png</alttexturefocus>
						<textcolor>white</textcolor>
						<focusedcolor>black</focusedcolor>
						<align>center</align>
						<aligny>center</aligny>
						<font>font18</font>
					</control>
					<control type="button" id="90">
						<description>'Z' button</description>
						<posx>80</posx>
						<posy>148</posy>
						<onleft>302</onleft>
						<onright>88</onright>
						<onup>65</onup>
						<ondown>304</ondown>
						<include>Common_Keyboard_Button</include>
					</control>
					<control type="button" id="88">
						<description>'X' button</description>
						<posx>148</posx>
						<posy>148</posy>
						<onleft>90</onleft>
						<onright>67</onright>
						<onup>83</onup>
						<ondown>304</ondown>
						<include>Common_Keyboard_Button</include>
					</control>
					<control type="button" id="67">
						<description>'C' button</description>
						<posx>216</posx>
						<posy>148</posy>
						<onleft>88</onleft>
						<onright>86</onright>
						<onup>68</onup>
						<ondown>32</ondown>
						<include>Common_Keyboard_Button</include>
					</control>
					<control type="button" id="86">
						<description>'V' button</description>
						<posx>284</posx>
						<posy>148</posy>
						<onleft>67</onleft>
						<onright>66</onright>
						<onup>70</onup>
						<ondown>32</ondown>
						<include>Common_Keyboard_Button</include>
					</control>
					<control type="button" id="66">
						<description>'B' button</description>
						<posx>352</posx>
						<posy>148</posy>
						<onleft>86</onleft>
						<onright>78</onright>
						<onup>71</onup>
						<ondown>32</ondown>
						<include>Common_Keyboard_Button</include>
					</control>
					<control type="button" id="78">
						<description>'N' button</description>
						<posx>420</posx>
						<posy>148</posy>
						<onleft>66</onleft>
						<onright>77</onright>
						<onup>72</onup>
						<ondown>32</ondown>
						<include>Common_Keyboard_Button</include>
					</control>
					<control type="button" id="77">
						<description>'M' button</description>
						<posx>488</posx>
						<posy>148</posy>
						<onleft>78</onleft>
						<onright>8</onright>
						<onup>74</onup>
						<ondown>307</ondown>
						<include>Common_Keyboard_Button</include>
					</control>
					<control type="button" id="8">
						<description>BACKSPACE button</description>
						<animation effect="zoom" end="0,0,135,66" center="auto" time="60">Focus</animation>
						<posx>556</posx>
						<posy>148</posy>
						<width>129</width>
						<height>60</height>
						<onleft>77</onleft>
						<onright>55</onright>
						<onup>75</onup>
						<ondown>307</ondown>
						<texturenofocus>keyboard/keyboard_backspace.png</texturenofocus>
						<texturefocus>keyboard/keyboard_backspace_on.png</texturefocus>
						<align>center</align>
						<aligny>center</aligny>
						<font>font23b</font>
						<label>$LOCALIZE[31072]</label>
						<textcolor>white</textcolor>
						<focusedcolor>black</focusedcolor>
					</control>
					<control type="togglebutton" id="304">
						<description>Symbols button</description>
						<animation effect="zoom" end="0,0,202,66" center="auto" time="60">Focus</animation>
						<posx>12</posx>
						<posy>216</posy>
						<width>196</width>
						<height>60</height>
						<label>20180</label>
						<onleft>306</onleft>
						<onright>32</onright>
						<onup>302</onup>
						<ondown>330</ondown>
						<textoffsetx>0</textoffsetx>
						<texturenofocus>keyboard/keyboard_shift_alt_off.png</texturenofocus>
						<texturefocus>keyboard/keyboard_shift_alt_on.png</texturefocus>
						<alttexturenofocus>keyboard/keyboard_shift.png</alttexturenofocus>
						<alttexturefocus>keyboard/keyboard_shift_on.png</alttexturefocus>
						<textcolor>white</textcolor>
						<focusedcolor>black</focusedcolor>
						<align>center</align>
						<aligny>center</aligny>
						<font>font23b</font>
					</control>
					<control type="button" id="32">
						<description>SPACE button</description>
						<animation effect="zoom" end="0,0,270,66" center="auto" time="60">Focus</animation>
						<posx>216</posx>
						<posy>216</posy>
						<width>264</width>
						<height>60</height>
						<onleft>304</onleft>
						<onright>307</onright>
						<onup>67</onup>
						<ondown>330</ondown>
						<texturenofocus>keyboard/keyboard_space.png</texturenofocus>
						<texturefocus>keyboard/keyboard_space_on.png</texturefocus>
						<textcolor>white</textcolor>
						<focusedcolor>black</focusedcolor>
						<align>center</align>
						<aligny>center</aligny>
						<font>font23b</font>
						<label>$LOCALIZE[20182]</label>
					</control>
					<control type="group">
						<control type="button">
							<description>IP numberbutton</description>
							<posx>488</posx>
							<posy>216</posy>
							<width>196</width>
							<height>60</height>
							<label>$LOCALIZE[1006]</label>
							<textoffsetx>0</textoffsetx>
							<texturenofocus>keyboard/keyboard_ip_off.png</texturenofocus>
							<textcolor>white</textcolor>
							<align>center</align>
							<aligny>center</aligny>
							<font>font23b</font>
						</control>
						<control type="button" id="307">
							<description>IP numberbutton</description>
							<visible>!Window.IsVisible(numericinput)</visible>
							<animation effect="zoom" end="0,0,202,66" center="auto" time="60">Focus</animation>
							<posx>488</posx>
							<posy>216</posy>
							<width>196</width>
							<height>60</height>
							<label>$LOCALIZE[1006]</label>
							<onleft>32</onleft>
							<onright>305</onright>
							<onup>77</onup>
							<ondown>330</ondown>
							<textoffsetx>0</textoffsetx>
							<texturenofocus>keyboard/keyboard_ip_off.png</texturenofocus>
							<texturefocus>keyboard/keyboard_ip_on.png</texturefocus>
							<textcolor>white</textcolor>
							<focusedcolor>black</focusedcolor>
							<align>center</align>
							<aligny>center</aligny>
							<font>font23b</font>
						</control>
						<control type="button" id="49">
							<description>'1' button</description>
							<posx>726</posx>
							<posy>12</posy>
							<onleft>80</onleft>
							<onright>50</onright>
							<onup>49</onup>
							<ondown>52</ondown>
							<include>Common_Keyboard_Button</include>
						</control>
						<control type="button" id="50">
							<description>'2' button</description>
							<posx>794</posx>
							<posy>12</posy>
							<onleft>49</onleft>
							<onright>51</onright>
							<onup>50</onup>
							<ondown>53</ondown>
							<include>Common_Keyboard_Button</include>
						</control>
						<control type="button" id="51">
							<description>'3' button</description>
							<posx>862</posx>
							<posy>12</posy>
							<onleft>50</onleft>
							<onright>81</onright>
							<onup>51</onup>
							<ondown>54</ondown>
							<include>Common_Keyboard_Button</include>
						</control>
						<control type="button" id="52">
							<description>'4' button</description>
							<posx>726</posx>
							<posy>80</posy>
							<onleft>76</onleft>
							<onright>53</onright>
							<onup>49</onup>
							<ondown>55</ondown>
							<include>Common_Keyboard_Button</include>
						</control>
						<control type="button" id="53">
							<description>'5' button</description>
							<posx>794</posx>
							<posy>80</posy>
							<onleft>52</onleft>
							<onright>54</onright>
							<onup>50</onup>
							<ondown>56</ondown>
							<include>Common_Keyboard_Button</include>
						</control>
						<control type="button" id="54">
							<description>'6' button</description>
							<posx>862</posx>
							<posy>80</posy>
							<onleft>53</onleft>
							<onright>303</onright>
							<onup>51</onup>
							<ondown>57</ondown>
							<include>Common_Keyboard_Button</include>
						</control>
						<control type="button" id="55">
							<description>'7' button</description>
							<posx>726</posx>
							<posy>148</posy>
							<onleft>8</onleft>
							<onright>56</onright>
							<onup>52</onup>
							<ondown>305</ondown>
							<include>Common_Keyboard_Button</include>
						</control>
						<control type="button" id="56">
							<description>'8' button</description>
							<posx>794</posx>
							<posy>148</posy>
							<onleft>55</onleft>
							<onright>57</onright>
							<onup>53</onup>
							<ondown>48</ondown>
							<include>Common_Keyboard_Button</include>
						</control>
						<control type="button" id="57">
							<description>'9' button</description>
							<posx>862</posx>
							<posy>148</posy>
							<onleft>56</onleft>
							<onright>302</onright>
							<onup>54</onup>
							<ondown>306</ondown>
							<include>Common_Keyboard_Button</include>
						</control>
						<control type="button" id="305">
							<description>prev button</description>
							<posx>726</posx>
							<posy>216</posy>
							<onleft>307</onleft>
							<onright>48</onright>
							<onup>55</onup>
							<ondown>330</ondown>
							<label>&lt;</label>
							<include>Common_Keyboard_Button</include>
						</control>
						<control type="button" id="48">
							<description>'0' button</description>
							<posx>794</posx>
							<posy>216</posy>
							<onleft>305</onleft>
							<onright>306</onright>
							<onup>56</onup>
							<ondown>330</ondown>
							<include>Common_Keyboard_Button</include>
						</control>
						<control type="button" id="306">
							<description>next button</description>
							<posx>862</posx>
							<posy>216</posy>
							<onleft>48</onleft>
							<onright>304</onright>
							<onup>57</onup>
							<ondown>330</ondown>
							<label>&gt;</label>
							<include>Common_Keyboard_Button</include>
						</control>
					</control>
				</control>
				<control type="grouplist" id="330">
					<posx>28</posx>
					<posy>448</posy>
					<width>500</width>
					<height>33</height>
					<onup>32</onup>
					<itemgap>10</itemgap>
					<orientation>horizontal</orientation>
					<control type="button" id="301">
						<description>Cancel Button</description>
						<width>33</width>
						<height>33</height>
						<texturefocus>icons/icon_cancel_on.png</texturefocus>
						<texturenofocus>icons/icon_cancel.png</texturenofocus>
						<font>-</font>
						<onleft>-</onleft>
						<hitrect x="0" y="0" w="100" h="33" />
					</control>
					<control type="label" id="20">
						<visible>!Control.HasFocus(301)</visible>
						<width min="0" max="200">auto</width>
						<height>33</height>
						<label>222</label>
						<font>font23</font>
						<textcolor>grey</textcolor>
					</control>
					<control type="label" id="21">
						<visible>Control.HasFocus(301)</visible>
						<width min="0" max="200">auto</width>
						<height>33</height>
						<label>222</label>
						<font>font23</font>
						<textcolor>green</textcolor>
					</control>
					<control type="label" id="22">
						<width>4</width>
						<height>33</height>
					</control>
					<control type="button" id="300">
						<description>OK Button</description>
						<width>33</width>
						<height>33</height>
						<texturefocus>icons/icon_ok_on.png</texturefocus>
						<texturenofocus>icons/icon_ok.png</texturenofocus>
						<font>-</font>
						<onright>-</onright>
						<hitrect x="0" y="0" w="100" h="33" />
					</control>
					<control type="label" id="23">
						<visible>!Control.HasFocus(300)</visible>
						<width min="0" max="200">auto</width>
						<height>33</height>
						<label>186</label>
						<font>font23</font>
						<textcolor>grey</textcolor>
					</control>
					<control type="label" id="24">
						<visible>Control.HasFocus(300)</visible>
						<width min="0" max="200">auto</width>
						<height>33</height>
						<label>186</label>
						<font>font23</font>
						<textcolor>green</textcolor>
					</control>
				</control>
			</control>
		</control>
	</controls>
</window>