﻿<window id="2003">
	<defaultcontrol always="true">8</defaultcontrol>
	<allowoverlay>no</allowoverlay>
	<controls>
		<control type="group">
			<include>Common_Info_Background</include>
			<include>Main_Menu_Slide_Animation</include>
			<control type="group">
				<include>Main_Menu_Fade_Animation</include>
				<description>First Page Video/Music/Photos/Applications</description>
				<posx>32</posx>
				<posy>54</posy>
				<width>1216</width>
				<height>32</height>
				<control type="image">
					<description>page header tab icon</description>
					<include>Common_Title_Image</include>
					<texture>icons/icon_video.png</texture>
				</control>
				<control type="label">
					<description>Movies/Shows Title</description>
					<include>Common_Title_Label</include>
					<label>13346</label>
					<visible>Container.Content(movies)</visible>
				</control>
				<control type="label">
					<description>TV Show/Season Title</description>
					<include>Common_Title_Label</include>
					<label>20351</label>
					<visible>Container.Content(tvshows) | Container.Content(seasons)</visible>
				</control>
				<control type="label">
					<description>Episode Title</description>
					<include>Common_Title_Label</include>
					<label>20352</label>
					<visible>Container.Content(episodes)</visible>
				</control>
				<control type="label">
					<description>Music Video Title</description>
					<include>Common_Title_Label</include>
					<label>20393</label>
					<visible>Container.Content(musicvideos)</visible>
				</control>
				<control type="group">
					<description>time group</description>
					<posx>600</posx>
					<posy>-34</posy>
					<include>Common_Clock</include>
				</control>
			</control>
			<control type="group">
				<include>Main_Menu_Fade_Animation</include>
				<include>Window_Fade_Animation</include>
				<animation type="Conditional" condition="Window.IsVisible(progressdialog)">
					<effect type="fade" start="100" end="20" time="200"/>
				</animation>
				<control type="grouplist" id="9000">
					<description>buttons</description>
					<posx>32</posx>
					<posy>113</posy>
					<width>1200</width>
					<height>33</height>
					<itemgap>12</itemgap>
					<orientation>horizontal</orientation>
					<onup>-</onup>
					<ondown>50</ondown>
					<onright>9000</onright>
					<control type="togglebutton" id="8">
						<description>Play/Browse button</description>
						<posx>0</posx>
						<posy>0</posy>
						<width>33</width>
						<height>33</height>
						<label>208</label>
						<altlabel>1024</altlabel>
						<onleft>-</onleft>
						<texturenofocus>buttons/info_play.png</texturenofocus>
						<texturefocus>buttons/info_play_on.png</texturefocus>
						<alttexturenofocus flipx="true">buttons/info_thumb.png</alttexturenofocus>
						<alttexturefocus flipx="true">buttons/info_thumb_on.png</alttexturefocus>
						<usealttexture>Container.Content(TVShows) | Container.Content(Season)</usealttexture>
						<font>-</font>
						<hitrect x="0" y="0" w="100" h="33" />
					</control>
					<control type="label" id="20">
						<description>Play/Browse label</description>
						<visible>!Control.HasFocus(8)</visible>
						<posx>0</posx>
						<posy>0</posy>
						<width min="0" max="200">auto</width>
						<height>33</height>
						<aligny>center</aligny>
						<info>Control.GetLabel(8)</info>
						<textcolor>grey</textcolor>
						<font>font21</font>
					</control>
					<control type="label" id="21">
						<description>Play/Browse label</description>
						<visible>Control.HasFocus(8)</visible>
						<posx>0</posx>
						<posy>0</posy>
						<width min="0" max="200">auto</width>
						<height>33</height>
						<aligny>center</aligny>
						<info>Control.GetLabel(8)</info>
						<textcolor>green</textcolor>
						<font>font21</font>
					</control>
					<control type="image" id="22">
						<description>left dotted line</description>
						<posx>0</posx>
						<posy>0</posy>
						<width>3</width>
						<height>33</height>
						<texture>icons/dotted_line_divider.png</texture>
					</control>
					<control type="button" id="11">
						<description>trailer button</description>
						<visible>!IsEmpty(ListItem.Trailer)</visible>
						<posx>0</posx>
						<posy>0</posy>
						<width>33</width>
						<height>33</height>
						<texturenofocus>buttons/info_trailer.png</texturenofocus>
						<texturefocus>buttons/info_trailer_on.png</texturefocus>
						<font>-</font>
						<hitrect x="0" y="0" w="100" h="33" />
					</control>
					<control type="label" id="23">
						<description>trailer label</description>
						<visible>!IsEmpty(ListItem.Trailer) + !Control.HasFocus(11)</visible>
						<posx>0</posx>
						<posy>0</posy>
						<width min="0" max="200">auto</width>
						<height>33</height>
						<aligny>center</aligny>
						<label>20410</label>
						<textcolor>grey</textcolor>
						<font>font21</font>
					</control>
					<control type="label" id="24">
						<description>trailer label</description>
						<visible>!IsEmpty(ListItem.Trailer) + Control.HasFocus(11)</visible>
						<posx>0</posx>
						<posy>0</posy>
						<width min="0" max="200">auto</width>
						<height>33</height>
						<aligny>center</aligny>
						<label>20410</label>
						<textcolor>green</textcolor>
						<font>font21</font>
					</control>
					<control type="image" id="25">
						<description>left dotted line</description>
						<visible>!IsEmpty(ListItem.Trailer)</visible>
						<posx>0</posx>
						<posy>0</posy>
						<width>3</width>
						<height>33</height>
						<texture>icons/dotted_line_divider.png</texture>
					</control>
					<control type="button" id="40">
						<description>cinema experience button</description>
						<visible>Container.Content(Movies) + system.hasaddon(script.cinema.experience)</visible>
						<posx>0</posx>
						<posy>0</posy>
						<width>33</width>
						<height>33</height>
						<texturenofocus>buttons/info_cinema.png</texturenofocus>
						<texturefocus>buttons/info_cinema_on.png</texturefocus>
						<font>-</font>
						<onclick>Dialog.Close(MovieInformation)</onclick>
						<onclick>Playlist.Clear</onclick>
						<onclick>RunScript(script.cinema.experience)</onclick>
						<hitrect x="0" y="0" w="100" h="33" />
					</control>
					<control type="label" id="41">
						<description>cinema experience label</description>
						<visible>Container.Content(Movies) + system.hasaddon(script.cinema.experience) + !Control.HasFocus(40)</visible>
						<posx>0</posx>
						<posy>0</posy>
						<width min="0" max="200">auto</width>
						<height>33</height>
						<aligny>center</aligny>
						<label>31104</label>
						<textcolor>grey</textcolor>
						<font>font21</font>
					</control>
					<control type="label" id="42">
						<description>cinema experience label</description>
						<visible>Container.Content(Movies) + system.hasaddon(script.cinema.experience) + Control.HasFocus(40)</visible>
						<posx>0</posx>
						<posy>0</posy>
						<width min="0" max="200">auto</width>
						<height>33</height>
						<aligny>center</aligny>
						<label>31104</label>
						<textcolor>green</textcolor>
						<font>font21</font>
					</control>
					<control type="image" id="43">
						<description>left dotted line</description>
						<visible>Container.Content(Movies) + system.hasaddon(script.cinema.experience)</visible>
						<posx>0</posx>
						<posy>0</posy>
						<width>3</width>
						<height>33</height>
						<texture>icons/dotted_line_divider.png</texture>
					</control>
					<control type="togglebutton" id="5">
						<description>Plot/Cast button</description>
						<visible>!Container.Content(musicvideos)</visible>
						<posx>0</posx>
						<posy>0</posy>
						<width>40</width>
						<height>33</height>
						<label>206</label>
						<altlabel>207</altlabel>
						<textcolor>grey</textcolor>
						<focusedcolor>green</focusedcolor>
						<texturenofocus>buttons/info_cast.png</texturenofocus>
						<texturefocus>buttons/info_cast_on.png</texturefocus>
						<alttexturenofocus>buttons/info_plot.png</alttexturenofocus>
						<alttexturefocus>buttons/info_plot_on.png</alttexturefocus>
						<usealttexture>!StringCompare(Control.GetLabel(5),$LOCALIZE[206])</usealttexture>
						<font>-</font>
						<hitrect x="0" y="0" w="100" h="33" />
					</control>
					<control type="label" id="26">
						<description>Plot/Cast label</description>
						<visible>!Container.Content(musicvideos) + !Control.HasFocus(5)</visible>
						<posx>0</posx>
						<posy>0</posy>
						<width min="0" max="200">auto</width>
						<height>33</height>
						<aligny>center</aligny>
						<info>Control.GetLabel(5)</info>
						<textcolor>grey</textcolor>
						<font>font21</font>
					</control>
					<control type="label" id="27">
						<description>Plot/Cast label</description>
						<visible>!Container.Content(musicvideos) + Control.HasFocus(5)</visible>
						<posx>0</posx>
						<posy>0</posy>
						<width min="0" max="200">auto</width>
						<height>33</height>
						<aligny>center</aligny>
						<info>Control.GetLabel(5)</info>
						<textcolor>green</textcolor>
						<font>font21</font>
					</control>
					<control type="image" id="28">
						<description>left dotted line</description>
						<visible>!Container.Content(musicvideos)</visible>
						<posx>0</posx>
						<posy>0</posy>
						<width>3</width>
						<height>33</height>
						<texture>icons/dotted_line_divider.png</texture>
					</control>
					<control type="button" id="6">
						<description>refresh button</description>
						<posx>0</posx>
						<posy>0</posy>
						<width>33</width>
						<height>33</height>
						<texturenofocus>buttons/info_refresh.png</texturenofocus>
						<texturefocus>buttons/info_refresh_on.png</texturefocus>
						<font>-</font>
						<visible>Control.IsEnabled(6)</visible>
						<hitrect x="0" y="0" w="100" h="33" />
					</control>
					<control type="label" id="29">
						<description>refresh label</description>
						<visible>Control.IsEnabled(6) + !Control.HasFocus(6)</visible>
						<posx>0</posx>
						<posy>0</posy>
						<width min="0" max="200">auto</width>
						<height>33</height>
						<aligny>center</aligny>
						<label>184</label>
						<textcolor>grey</textcolor>
						<font>font21</font>
					</control>
					<control type="label" id="30">
						<description>refresh label</description>
						<visible>Control.IsEnabled(6) + Control.HasFocus(6)</visible>
						<posx>0</posx>
						<posy>0</posy>
						<width min="0" max="200">auto</width>
						<height>33</height>
						<aligny>center</aligny>
						<label>184</label>
						<textcolor>green</textcolor>
						<font>font21</font>
					</control>
					<control type="image" id="31">
						<description>left dotted line</description>
						<posx>0</posx>
						<posy>0</posy>
						<width>3</width>
						<height>33</height>
						<texture>icons/dotted_line_divider.png</texture>
						<visible>Control.IsEnabled(6)</visible>
					</control>					
					<control type="button" id="32">
						<description>artwork button</description>
						<posx>0</posx>
						<posy>0</posy>
						<width>33</width>
						<height>33</height>
						<texturenofocus>buttons/info_thumb.png</texturenofocus>
						<texturefocus>buttons/info_thumb_on.png</texturefocus>
						<font>-</font>
						<onclick>ActivateWindow(53)</onclick>
						<hitrect x="0" y="0" w="100" h="33" />
					</control>
					<control type="label" id="33">
						<description>artwork label</description>
						<visible>!Control.HasFocus(32)</visible>
						<posx>0</posx>
						<posy>0</posy>
						<width min="0" max="200">auto</width>
						<height>33</height>
						<aligny>center</aligny>
						<label>31180</label>
						<textcolor>grey</textcolor>
						<font>font21</font>
					</control>
					<control type="label" id="34">
						<description>artwork label</description>
						<visible>Control.HasFocus(32)</visible>
						<posx>0</posx>
						<posy>0</posy>
						<width min="0" max="200">auto</width>
						<height>33</height>
						<aligny>center</aligny>
						<label>31180</label>
						<textcolor>green</textcolor>
						<font>font21</font>
					</control>					
					<control type="image" id="35">
						<description>left dotted line</description>
						<visible>Container.Content(movies) | Container.Content(tvshows)</visible>
						<posx>0</posx>
						<posy>0</posy>
						<width>3</width>
						<height>33</height>
						<texture>icons/dotted_line_divider.png</texture>
					</control>
					<control type="button" id="99">
						<description>Close button</description>
						<posx>0</posx>
						<posy>0</posy>
						<width>33</width>
						<height>33</height>
						<onright>-</onright>
						<onclick>Close</onclick>
						<texturenofocus>icons/icon_cancel.png</texturenofocus>
						<texturefocus>icons/icon_cancel_on.png</texturefocus>
						<font>-</font>
						<hitrect x="0" y="0" w="100" h="33" />
					</control>
					<control type="label" id="38">
						<description>Close label</description>
						<visible>!Control.HasFocus(99)</visible>
						<posx>0</posx>
						<posy>0</posy>
						<width min="0" max="200">auto</width>
						<height>33</height>
						<aligny>center</aligny>
						<label>31081</label>
						<textcolor>grey</textcolor>
						<font>font21</font>
					</control>
					<control type="label" id="39">
						<description>Close label</description>
						<visible>Control.HasFocus(99)</visible>
						<posx>0</posx>
						<posy>0</posy>
						<width min="0" max="200">auto</width>
						<height>33</height>
						<aligny>center</aligny>
						<label>31081</label>
						<textcolor>green</textcolor>
						<font>font21</font>
					</control>
				</control>

				<control type="group">
					<posx>10</posx>
					<posy>158</posy>
					<control type="group">
						<description>media icon</description>
						<posx>54</posx>
						<posy>28</posy>
						<control type="image">
							<description>Frame Device</description>
							<posx>0</posx>
							<posy>0</posy>
							<width>190</width>
							<height>190</height>
							<texture>views/frame_device_sq_white.png</texture>
						</control>
						<control type="image" id="3">
							<description>Cover image</description>
							<visible>!Control.HasFocus(50)</visible>
							<posx>12</posx>
							<posy>12</posy>
							<width>166</width>
							<height>166</height>
							<info>ListItem.Icon</info>
							<aspectratio>keep</aspectratio>
							<bordersize>4</bordersize>
							<bordertexture>views/info_cover_border.png</bordertexture>
						</control>
						<control type="image">
							<description>Actor image</description>
							<visible>Control.HasFocus(50)</visible>
							<posx>12</posx>
							<posy>12</posy>
							<width>166</width>
							<height>166</height>
							<info>Container(50).ListItem.Icon</info>
							<aspectratio>keep</aspectratio>
							<bordersize>4</bordersize>
							<bordertexture>views/info_cover_border.png</bordertexture>
						</control>
					</control>

					<control type="group">
						<control type="group">
							<description>info center</description>
							<posx>280</posx>
							<posy>34</posy>
							<control type="label">
								<description>TV Shows</description>
								<visible>!Container.Content(TVShows) + !Container.Content(Episodes) + !Container.Content(MusicVideos)</visible>
								<label>$INFO[ListItem.Title]</label>
								<include>Info_Title_Label</include>
							</control>
							<control type="label">
								<description>TV Shows</description>
								<visible>Container.Content(TVShows)</visible>
								<label>$INFO[ListItem.TVShowTitle]</label>
								<include>Info_Title_Label</include>
							</control>
							<control type="label">
								<description>Episodes</description>
								<visible>Container.Content(Episodes)</visible>
								<label>$INFO[ListItem.TVShowTitle], $INFO[ListItem.title]</label>
								<include>Info_Title_Label</include>
							</control>
							<control type="label">
								<description>Music Videos</description>
								<visible>Container.Content(MusicVideos)</visible>
								<label>$INFO[ListItem.artist], $INFO[ListItem.Title]</label>
								<include>Info_Title_Label</include>
							</control>
							<control type="textbox" id="100">
								<description>plot</description>
								<visible>!Control.IsVisible(50) + !IsEmpty(ListItem.Plot)</visible>
								<info>ListItem.Plot</info>
								<include>Info_Description_Label</include>
							</control>
							<control type="textbox" id="100">
								<description>plot</description>
								<info>ListItem.PlotOutline</info>
								<visible>!Control.IsVisible(50) + IsEmpty(ListItem.Plot)</visible>
								<include>Info_Description_Label</include>
							</control>
							<control type="list" id="50">
								<description>Cast</description>
								<onup>9000</onup>
								<ondown>-</ondown>
								<onright>110</onright>
								<orientation>vertical</orientation>
								<scrolltime>200</scrolltime>
								<pagecontrol>110</pagecontrol>
								<include>Info_Description_Label</include>
								<itemlayout width="930" height="47">
									<control type="image">
										<posx>0</posx>
										<posy>0</posy>
										<width>930</width>
										<height>47</height>
										<texture>views/line_frame_device_black.png</texture>
									</control>
									<control type="image">
										<posx>2</posx>
										<posy>2</posy>
										<width>44</width>
										<height>44</height>
										<info>ListItem.Icon</info>
									</control>
									<control type="label">
										<posx>50</posx>
										<posy>0</posy>
										<width>1000</width>
										<height>47</height>
										<font>font21</font>
										<aligny>center</aligny>
										<selectedcolor>blue</selectedcolor>
										<align>left</align>
										<info>ListItem.Label</info>
									</control>
								</itemlayout>
								<focusedlayout width="930" height="47">
									<control type="image">
										<posx>0</posx>
										<posy>0</posy>
										<width>930</width>
										<height>47</height>
										<texture>views/line_frame_device_black.png</texture>
									</control>
									<control type="image">
										<posx>0</posx>
										<posy>0</posy>
										<width>930</width>
										<height>47</height>
										<texture>views/line_frame_device_white.png</texture>
										<visible>Control.HasFocus(50)</visible>
									</control>
									<control type="image">
										<posx>2</posx>
										<posy>2</posy>
										<width>44</width>
										<height>44</height>
										<info>ListItem.Icon</info>
									</control>
									<control type="label">
										<posx>50</posx>
										<posy>0</posy>
										<width>1000</width>
										<height>47</height>
										<font>font21</font>
										<aligny>center</aligny>
										<selectedcolor>blue</selectedcolor>
										<align>left</align>
										<info>ListItem.Label</info>
										<visible>!Control.HasFocus(50)</visible>
									</control>
									<control type="label">
										<posx>50</posx>
										<posy>0</posy>
										<width>1000</width>
										<height>47</height>
										<font>font21</font>
										<aligny>center</aligny>
										<textcolor>black</textcolor>
										<selectedcolor>blue</selectedcolor>
										<align>left</align>
										<info>ListItem.Label</info>
										<visible>Control.HasFocus(50)</visible>
									</control>
								</focusedlayout>
							</control>
							<control type="scrollbar" id="110">
								<description>scroll bar indicator for lists</description>
								<posx>935</posx>
								<posy>40</posy>
								<width>12</width>
								<height>190</height>
								<onleft>50</onleft>
								<texturesliderbackground border="0,8,0,8">icons/scrollbar_vertical_bg.png</texturesliderbackground>
								<texturesliderbar border="4,8,4,8">icons/scrollbar_vertical_nib.png</texturesliderbar>
								<texturesliderbarfocus border="4,8,4,8">icons/scrollbar_vertical_nib_on.png</texturesliderbarfocus>
								<textureslidernib>-</textureslidernib>
								<textureslidernibfocus>-</textureslidernibfocus>
								<orientation>vertical</orientation>
								<showonepage>false</showonepage>
								<visible>Control.IsVisible(50)</visible>
							</control>
						</control>

						<control type="group">
							<posx>40</posx>
							<posy>230</posy>
							<width>1200</width>
							<height>240</height>
							<control type="grouplist">
								<description>left info</description>
								<posx>0</posx>
								<posy>0</posy>
								<width>230</width>
								<height>200</height>
								<itemgap>15</itemgap>
								<orientation>vertical</orientation>
								<control type="group">
									<width>230</width>
									<height>22</height>
									<visible>Container.Content(movies) | Container.Content(tvshows)</visible>
									<control type="image">
										<description>Star</description>
										<posx>35</posx>
										<posy>0</posy>
										<width>150</width>
										<height>22</height>
										<aspectratio>keep</aspectratio>
										<texture>$INFO[ListItem.Rating,flagging/stars/,.png]</texture>
									</control>
								</control>
								<control type="label">
									<description>Runtime value</description>
									<visible>!IsEmpty(ListItem.duration)</visible>
									<width>230</width>
									<height>20</height>
									<align>left</align>
									<aligny>top</aligny>
									<label>[COLOR grey]$LOCALIZE[2050]:[/COLOR] $INFO[ListItem.duration]$LOCALIZE[31073]</label>
									<font>font21</font>
								</control>
								<control type="label">
									<description>Year value</description>
									<visible>!IsEmpty(ListItem.year)</visible>
									<width>230</width>
									<height>20</height>
									<label>[COLOR grey]$LOCALIZE[31071]:[/COLOR] $INFO[ListItem.year]</label>
									<font>font21</font>
								</control>
								<control type="textbox">
									<description>MPAA Rating value</description>
									<visible>!IsEmpty(ListItem.MPAA)</visible>
									<width>230</width>
									<height>80</height>
									<label>[COLOR grey]$LOCALIZE[31086]:[/COLOR] $INFO[ListItem.MPAA]</label>
									<font>font21</font>
								</control>

							</control>
							<control type="image">
								<posx>240</posx>
								<posy>60</posy>
								<width>930</width>
								<height>2</height>
								<texture>views/line_divider.png</texture>
							</control>

							<control type="grouplist">
								<visible>Container.Content(Movies)</visible>
								<posx>240</posx>
								<posy>80</posy>
								<width>930</width>
								<height>210</height>
								<itemgap>15</itemgap>
								<orientation>vertical</orientation>
								<control type="label">
									<visible>!IsEmpty(ListItem.studio)</visible>
									<width>930</width>
									<height>20</height>
									<label>[COLOR grey]$LOCALIZE[572]:[/COLOR] $INFO[ListItem.studio]</label>
									<font>font21</font>
								</control>
								<control type="label">
									<description>director value</description>
									<visible>!IsEmpty(ListItem.Director)</visible>
									<width>930</width>
									<height>20</height>
									<label>[COLOR grey]$LOCALIZE[20339]:[/COLOR] $INFO[ListItem.Director]</label>
									<font>font21</font>
								</control>
								<control type="label">
									<description>writer value</description>
									<visible>!IsEmpty(ListItem.Writer)</visible>
									<width>930</width>
									<height>20</height>
									<label>[COLOR grey]$LOCALIZE[20417]:[/COLOR] $INFO[ListItem.Writer]</label>
									<font>font21</font>
								</control>
								<control type="label">
									<description>Genre value</description>
									<visible>!IsEmpty(ListItem.genre)</visible>
									<width>930</width>
									<height>80</height>
									<label>[COLOR grey]$LOCALIZE[515]:[/COLOR] $INFO[ListItem.genre]</label>
									<font>font21</font>
								</control>
							</control>
							<control type="grouplist">
								<visible>Container.Content(tvshows)</visible>
								<posx>240</posx>
								<posy>80</posy>
								<width>930</width>
								<height>210</height>
								<itemgap>15</itemgap>
								<orientation>vertical</orientation>
								<control type="label">
									<visible>!IsEmpty(ListItem.studio)</visible>
									<width>930</width>
									<height>20</height>
									<label>[COLOR grey]$LOCALIZE[572]:[/COLOR] $INFO[ListItem.studio]</label>
									<font>font21</font>
								</control>
								<control type="label">
									<visible>!IsEmpty(ListItem.episode)</visible>
									<width>930</width>
									<height>20</height>
									<label>[COLOR grey]$LOCALIZE[20360]:[/COLOR] $INFO[ListItem.episode]</label>
									<font>font21</font>
								</control>
								<control type="label">
									<visible>IntegerGreaterThan(ListItem.Property(UnWatchedEpisodes),0)</visible>
									<width>930</width>
									<height>20</height>
									<label>[COLOR grey]$LOCALIZE[16101]:[/COLOR] $INFO[ListItem.Property(UnWatchedEpisodes)]</label>
									<font>font21</font>
								</control>
								<control type="label">
									<description>Genre value</description>
									<visible>!IsEmpty(ListItem.genre)</visible>
									<width>930</width>
									<height>80</height>
									<label>[COLOR grey]$LOCALIZE[515]:[/COLOR] $INFO[ListItem.genre]</label>
									<font>font21</font>
								</control>
							</control>
							<control type="grouplist">
								<visible>Container.Content(episodes)</visible>
								<posx>240</posx>
								<posy>80</posy>
								<width>930</width>
								<height>210</height>
								<itemgap>15</itemgap>
								<orientation>vertical</orientation>
								<control type="label">
									<visible>!IsEmpty(ListItem.studio)</visible>
									<width>930</width>
									<height>20</height>
									<label>[COLOR grey]$LOCALIZE[572]:[/COLOR] $INFO[ListItem.studio]</label>
									<font>font21</font>
								</control>
								<control type="label">
									<description>director value</description>
									<visible>!IsEmpty(ListItem.Director)</visible>
									<width>930</width>
									<height>20</height>
									<label>[COLOR grey]$LOCALIZE[20339]:[/COLOR] $INFO[ListItem.Director]</label>
									<font>font21</font>
								</control>
								<control type="label">
									<description>writer value</description>
									<visible>!IsEmpty(ListItem.Writer)</visible>
									<width>930</width>
									<height>20</height>
									<label>[COLOR grey]$LOCALIZE[20417]:[/COLOR] $INFO[ListItem.Writer]</label>
									<font>font21</font>
								</control>
								<control type="label">
									<description>Premiered value</description>
									<visible>!IsEmpty(ListItem.Premiered)</visible>
									<width>930</width>
									<height>80</height>
									<label>[COLOR grey]$LOCALIZE[31079]:[/COLOR] $INFO[ListItem.Date]</label>
									<font>font21</font>
								</control>
							</control>
							<control type="grouplist">
								<visible>Container.Content(MusicVideos)</visible>
								<posx>240</posx>
								<posy>80</posy>
								<width>930</width>
								<height>210</height>
								<itemgap>15</itemgap>
								<orientation>vertical</orientation>
								<control type="label">
									<visible>!IsEmpty(ListItem.studio)</visible>
									<width>930</width>
									<height>20</height>
									<label>[COLOR grey]$LOCALIZE[572]:[/COLOR] $INFO[ListItem.studio]</label>
									<font>font21</font>
								</control>
								<control type="label">
									<visible>!IsEmpty(ListItem.Album)</visible>
									<width>930</width>
									<height>20</height>
									<label>[COLOR grey]$LOCALIZE[558]:[/COLOR] $INFO[ListItem.Album]</label>
									<font>font21</font>
								</control>
								<control type="label">
									<visible>!IsEmpty(ListItem.Artist)</visible>
									<width>930</width>
									<height>20</height>
									<label>[COLOR grey]$LOCALIZE[557]:[/COLOR] $INFO[ListItem.Artist]</label>
									<font>font21</font>
								</control>
							</control>

							<control type="image">
								<posx>240</posx>
								<posy>235</posy>
								<width>930</width>
								<height>2</height>
								<texture>views/line_divider.png</texture>
							</control>

							<control type="grouplist">
								<posx>240</posx>
								<posy>255</posy>
								<width>930</width>
								<height>210</height>
								<itemgap>15</itemgap>
								<orientation>horizontal</orientation>
								<control type="image">
									<description>Video rez Image</description>
									<width>55</width>
									<height>35</height>
									<aspectratio>keep</aspectratio>
									<texture>$INFO[ListItem.VideoResolution,flagging/video/,.png]</texture>
									<colordiffuse>white</colordiffuse>
									<visible>!IsEmpty(ListItem.VideoResolution)</visible>
								</control>
								<control type="image">
									<description>Common Codec Image</description>
									<width>80</width>
									<height>35</height>
									<aspectratio>keep</aspectratio>
									<texture>$INFO[ListItem.VideoCodec,flagging/video/,.png]</texture>
									<colordiffuse>white</colordiffuse>
									<!-- Don't show if its one of the 500 divx codecs -->
									<visible>![substring(ListItem.VideoCodec,div,left) | stringcompare(ListItem.VideoCodec,dx50)]</visible>
								</control>
								<control type="image">
									<description>Divx Codec Image</description>
									<width>80</width>
									<height>35</height>
									<aspectratio>keep</aspectratio>
									<texture>flagging/video/divx.png</texture>
									<colordiffuse>white</colordiffuse>
									<visible>[substring(ListItem.VideoCodec,div,left) | stringcompare(ListItem.VideoCodec,dx50)]</visible>
								</control>
								<control type="image">
									<description>Bluray Image</description>
									<width>80</width>
									<height>35</height>
									<aspectratio>keep</aspectratio>
									<texture>flagging/video/bluray.png</texture>
									<colordiffuse>white</colordiffuse>
									<visible>[substring(ListItem.FilenameAndPath,bluray) | substring(ListItem.FilenameAndPath,bdrip)]</visible>
								</control>
								<control type="image">
									<description>HDDVD Image</description>
									<width>80</width>
									<height>35</height>
									<aspectratio>keep</aspectratio>
									<texture>flagging/video/hddvd.png</texture>
									<colordiffuse>white</colordiffuse>
									<visible>substring(ListItem.FilenameAndPath,hddvd)</visible>
								</control>
								<control type="image">
									<description>DVD Image</description>
									<width>80</width>
									<height>35</height>
									<aspectratio>keep</aspectratio>
									<texture>flagging/video/dvd.png</texture>
									<colordiffuse>white</colordiffuse>
									<visible>[substring(ListItem.FilenameAndPath,dvd) + ![substring(ListItem.FilenameAndPath,hddvd) | substring(ListItem.FilenameAndPath,bluray) | substring(ListItem.FilenameAndPath,bdrip)]]</visible>
								</control>
								<control type="image">
									<description>TV Types Image</description>
									<width>80</width>
									<height>35</height>
									<aspectratio>keep</aspectratio>
									<texture>flagging/video/TV.png</texture>
									<colordiffuse>white</colordiffuse>
									<visible>[substring(ListItem.FilenameAndPath,pdtv) | substring(ListItem.FilenameAndPath,hdtv) | substring(ListItem.FilenameAndPath,dsr) | substring(ListItem.FilenameAndPath,web)]</visible>
								</control>
								<control type="image">
									<description>VHS Image</description>
									<width>80</width>
									<height>35</height>
									<aspectratio>keep</aspectratio>
									<texture>flagging/video/vhs.png</texture>
									<colordiffuse>white</colordiffuse>
									<visible>substring(ListItem.FilenameAndPath,vhs)</visible>
								</control>
								<control type="image">
									<description>Aspectratio Image</description>
									<width>55</width>
									<height>35</height>
									<aspectratio>keep</aspectratio>
									<texture>$INFO[ListItem.VideoAspect,flagging/aspectratio/,.png]</texture>
									<colordiffuse>white</colordiffuse>
									<visible>!IsEmpty(ListItem.VideoAspect)</visible>
								</control>
								<control type="image">
									<description>Audio Codec Image</description>
									<width>80</width>
									<height>35</height>
									<aspectratio>keep</aspectratio>
									<texture>$INFO[ListItem.AudioCodec,flagging/audio/,.png]</texture>
									<colordiffuse>white</colordiffuse>
								</control>
								<control type="image">
									<description>Audio Channel Image</description>
									<width>55</width>
									<height>35</height>
									<aspectratio>keep</aspectratio>
									<texture>$INFO[ListItem.AudioChannels,flagging/audio/,.png]</texture>
									<colordiffuse>white</colordiffuse>
									<visible>!IsEmpty(ListItem.AudioChannels)</visible>
								</control>
							</control>
						</control>
					</control>
				</control>
			</control>
		</control>
	</controls>
</window>
