﻿<window id="100">
	<defaultcontrol always="true">10</defaultcontrol>
	<controls>
		<include>Dialog_Popup_Background</include>
		<control type="group">
			<include>Dialog_Popup_Animation</include>
			<posx>377</posx>
			<posy>217</posy>
			<control type="image">
				<description>dialog background</description>
				<posx>0</posx>
				<posy>0</posy>
				<width>524</width>
				<height>286</height>
				<texture>backgrounds/dialog_background.png</texture>
			</control>
			<control type="label" id="1">
				<description>heading label</description>
				<posx>25</posx>
				<posy>30</posy>
				<width>475</width>
				<height>30</height>
				<align>left</align>
				<aligny>center</aligny>
				<font>light28</font>
				<label>-</label>
				<textcolor>green</textcolor>
				<scroll>true</scroll>
			</control>
			<control type="label" id="2">
				<description>dialog line 1</description>
				<posx>25</posx>
				<posy>90</posy>
				<width>475</width>
				<height>20</height>
				<label>-</label>
				<aligny>center</aligny>
				<font>font23</font>
				<textcolor>white</textcolor>
				<scroll>true</scroll>
			</control>
			<control type="label" id="3">
				<description>dialog line 2</description>
				<posx>25</posx>
				<posy>125</posy>
				<width>475</width>
				<height>20</height>
				<label>-</label>
				<aligny>center</aligny>
				<font>font23</font>
				<textcolor>white</textcolor>
				<haspath>yes</haspath>
				<scroll>true</scroll>
			</control>
			<control type="label" id="4">
				<description>dialog line 3</description>
				<posx>25</posx>
				<posy>160</posy>
				<width>475</width>
				<height>20</height>
				<label>-</label>
				<aligny>center</aligny>
				<font>font23</font>
				<textcolor>white</textcolor>
				<haspath>yes</haspath>
				<scroll>true</scroll>
			</control>
			<control type="grouplist" id="9001">
				<posx>25</posx>
				<posy>236</posy>
				<width>500</width>
				<height>33</height>
				<itemgap>10</itemgap>
				<orientation>horizontal</orientation>
				<control type="button" id="10">
					<description>Cancel Button</description>
					<width>33</width>
					<height>33</height>
					<label>106</label>
					<texturefocus>icons/icon_cancel_on.png</texturefocus>
					<texturenofocus>icons/icon_cancel.png</texturenofocus>
					<font>-</font>
					<onleft>-</onleft>
					<hitrect x="0" y="0" w="100" h="33" />
				</control>
				<control type="label" id="20">
					<visible>!Control.HasFocus(10)</visible>
					<width min="0" max="200">auto</width>
					<height>33</height>
					<info>Control.GetLabel(10)</info>
					<font>font23</font>
					<textcolor>grey</textcolor>
				</control>
				<control type="label" id="21">
					<visible>Control.HasFocus(10)</visible>
					<width min="0" max="200">auto</width>
					<height>33</height>
					<info>Control.GetLabel(10)</info>
					<font>font23</font>
					<textcolor>green</textcolor>
				</control>
				<control type="label" id="22">
					<width>4</width>
					<height>33</height>
				</control>
				<control type="button" id="11">
					<description>OK Button</description>
					<width>33</width>
					<height>33</height>
					<label>107</label>
					<texturefocus>icons/icon_ok_on.png</texturefocus>
					<texturenofocus>icons/icon_ok.png</texturenofocus>
					<font>-</font>
					<onright>-</onright>
					<hitrect x="0" y="0" w="100" h="33" />
					<visible>Control.IsEnabled(11)</visible>
				</control>
				<control type="label" id="23">
					<visible>!Control.HasFocus(11) + Control.IsVisible(11)</visible>
					<width min="0" max="200">auto</width>
					<height>33</height>
					<info>Control.GetLabel(11)</info>
					<font>font23</font>
					<textcolor>grey</textcolor>
				</control>
				<control type="label" id="24">
					<visible>Control.HasFocus(11)</visible>
					<width min="0" max="200">auto</width>
					<height>33</height>
					<info>Control.GetLabel(11)</info>
					<font>font23</font>
					<textcolor>green</textcolor>
				</control>
			</control>
		</control>
	</controls>
</window>
