<window id="129">
	<defaultcontrol always="true">10</defaultcontrol>
	<controls>
		<include>Dialog_Popup_Background</include>
		<control type="group">
			<include>Dialog_Popup_Animation</include>
			<posx>190</posx>
			<posy>156</posy>
			<control type="image">
				<description>dialog background</description>
				<posx>0</posx>
				<posy>0</posy>
				<width>900</width>
				<height>520</height>
				<texture>backgrounds/background.png</texture>
			</control>
			<control type="label" id="2">
				<description>heading label</description>
				<posx>25</posx>
				<posy>30</posy>
				<width>650</width>
				<height>30</height>
				<align>left</align>
				<aligny>center</aligny>
				<font>light28</font>
				<label>424</label>
				<textcolor>green</textcolor>
			</control>
			<control type="label" id="0">
				<description>path Label</description>
				<posx>25</posx>
				<posy>70</posy>
				<width>650</width>
				<height>20</height>
				<font>font23</font>
				<aligny>center</aligny>
				<align>left</align>
				<textcolor>green</textcolor>
				<haspath>true</haspath>
			</control>
			<control type="scrollbar" id="60">
				<description>scroll bar indicator for lists</description>
				<visible>Control.IsVisible(10)</visible>
				<posx>678</posx>
				<posy>110</posy>
				<width>12</width>
				<height>225</height>
				<onleft>10</onleft>
				<onright>9000</onright>
				<texturesliderbackground border="0,8,0,8">icons/scrollbar_vertical_bg.png</texturesliderbackground>
				<texturesliderbar border="4,8,4,8">icons/scrollbar_vertical_nib.png</texturesliderbar>
				<texturesliderbarfocus border="4,8,4,8">icons/scrollbar_vertical_nib_on.png</texturesliderbarfocus>
				<textureslidernib>-</textureslidernib>
				<textureslidernibfocus>-</textureslidernibfocus>
				<orientation>vertical</orientation>
				<showonepage>false</showonepage>
			</control>
			<control type="list" id="10">
				<posx>25</posx>
				<posy>110</posy>
				<height>225</height>
				<width>650</width>
				<onleft>-</onleft>
				<onright>60</onright>
				<onup>-</onup>
				<ondown>12</ondown>
				<pagecontrol>60</pagecontrol>
				<scrolltime>200</scrolltime>
				<itemlayout width="650" height="45">
					<control type="image">
						<posx>0</posx>
						<posy>0</posy>
						<width>650</width>
						<height>44</height>
						<texture>views/line_frame_device_black.png</texture>
					</control>
					<control type="label">
						<posx>10</posx>
						<posy>0</posy>
						<width>630</width>
						<height>44</height>
						<font>font21</font>
						<aligny>center</aligny>
						<selectedcolor>blue</selectedcolor>
						<align>left</align>
						<info>ListItem.Label</info>
					</control>
				</itemlayout>
				<focusedlayout width="650" height="45">
					<control type="image">
						<posx>0</posx>
						<posy>0</posy>
						<width>650</width>
						<height>44</height>
						<texture>views/line_frame_device_black.png</texture>
					</control>
					<control type="image">
						<posx>0</posx>
						<posy>0</posy>
						<width>650</width>
						<height>44</height>
						<texture>views/line_frame_device_white.png</texture>
						<visible>Control.HasFocus(10)</visible>
					</control>
					<control type="image">
						<posx>0</posx>
						<posy>0</posy>
						<width>650</width>
						<height>44</height>
						<texture>views/line_frame_device_white.png</texture>
						<visible>!Control.HasFocus(10)</visible>
						<colordiffuse>grey</colordiffuse>
					</control>
					<control type="label">
						<posx>10</posx>
						<posy>0</posy>
						<width>630</width>
						<height>44</height>
						<font>font21</font>
						<aligny>center</aligny>
						<textcolor>black</textcolor>
						<selectedcolor>blue</selectedcolor>
						<align>left</align>
						<info>ListItem.Label</info>
					</control>
				</focusedlayout>
			</control>

			<control type="group" id="9000">
				<defaultcontrol always="true">413</defaultcontrol>
				<posx>700</posx>
				<posy>110</posy>
				<height>310</height>
				<width>650</width>
				<control type="button" id="11">
					<description>Browse Button</description>
					<posx>0</posx>
					<posy>0</posy>
					<width>38</width>
					<height>38</height>
					<align>left</align>
					<aligny>top</aligny>
					<textoffsetx>40</textoffsetx>
					<textoffsety>0</textoffsety>
					<textcolor>grey</textcolor>
					<focusedcolor>green</focusedcolor>
					<texturefocus>icons/media_action_icon_browse_on.png</texturefocus>
					<texturenofocus>icons/media_action_icon_browse.png</texturenofocus>
					<font>font23</font>
					<label>1024</label>
					<onup>-</onup>
					<onleft>10</onleft>
					<onright>-</onright>
					<ondown>13</ondown>
				</control>
				<control type="label">
					<visible>Control.HasFocus(11)</visible>
					<posx>40</posx>
					<posy>0</posy>
					<width>144</width>
					<height>38</height>
					<label>1024</label>
					<font>font23</font>
					<textcolor>green</textcolor>
				</control>
				<control type="button" id="13">
					<description>Add Path Button</description>
					<posx>0</posx>
					<posy>50</posy>
					<width>33</width>
					<height>33</height>
					<align>left</align>
					<aligny>top</aligny>
					<textoffsetx>40</textoffsetx>
					<textoffsety>0</textoffsety>
					<textcolor>grey</textcolor>
					<focusedcolor>green</focusedcolor>
					<texturefocus>icons/icon_sources_add_on.png</texturefocus>
					<texturenofocus>icons/icon_sources_add.png</texturenofocus>
					<font>font23</font>
					<label>15019</label>
					<onup>11</onup>
					<onleft>10</onleft>
					<onright>-</onright>
					<ondown>14</ondown>
				</control>
				<control type="label">
					<visible>Control.HasFocus(13)</visible>
					<posx>40</posx>
					<posy>50</posy>
					<width>144</width>
					<height>38</height>
					<label>15019</label>
					<font>font23</font>
					<textcolor>green</textcolor>
				</control>
				<control type="button" id="14">
					<description>Remove Path Button</description>
					<posx>0</posx>
					<posy>100</posy>
					<width>33</width>
					<height>33</height>
					<align>left</align>
					<aligny>top</aligny>
					<textoffsetx>40</textoffsetx>
					<textoffsety>0</textoffsety>
					<textcolor>grey</textcolor>
					<focusedcolor>green</focusedcolor>
					<texturefocus>icons/icon_sources_remove_on.png</texturefocus>
					<texturenofocus>icons/icon_sources_remove.png</texturenofocus>
					<font>font23</font>
					<label>1210</label>
					<onup>13</onup>
					<onleft>10</onleft>
					<onright>-</onright>
					<ondown>-</ondown>
				</control>
				<control type="label">
					<visible>Control.HasFocus(14)</visible>
					<posx>40</posx>
					<posy>100</posy>
					<width>144</width>
					<height>38</height>
					<label>1210</label>
					<font>font23</font>
					<textcolor>green</textcolor>
				</control>
			</control>
			<control type="label" id="0">
				<description>Name Label</description>
				<posx>16</posx>
				<posy>380</posy>
				<width>770</width>
				<font>font23</font>
				<aligny>center</aligny>
				<align>left</align>
				<textcolor>green</textcolor>
				<label>1022</label>
			</control>
			<control type="button" id="12">
				<description>Name Button</description>
				<posx>15</posx>
				<posy>400</posy>
				<width>821</width>
				<height>44</height>
				<align>left</align>
				<aligny>center</aligny>
				<selectedcolor>black</selectedcolor>
				<textcolor>black</textcolor>
				<disabledcolor>grey</disabledcolor>
				<textoffsetx>10</textoffsetx>
				<aligny>center</aligny>
				<texturefocus border="10">keyboard/keyboard_input_field_on.png</texturefocus>
				<texturenofocus border="10">keyboard/keyboard_input_field_off.png</texturenofocus>
				<label>-</label>
				<onup>10</onup>
				<onleft>-</onleft>
				<onright>-</onright>
				<ondown>9001</ondown>
			</control>
			<control type="image">
				<posx>841</posx>
				<posy>400</posy>
				<width>44</width>
				<height>44</height>
				<texture>buttons/keyboard_off.png</texture>
				<visible>!Control.HasFocus(12)</visible>
			</control>
			<control type="image">
				<posx>841</posx>
				<posy>400</posy>
				<width>44</width>
				<height>44</height>
				<texture>buttons/keyboard_on.png</texture>
				<visible>Control.HasFocus(12)</visible>
			</control>
			<control type="grouplist" id="9001">
				<posx>25</posx>
				<posy>466</posy>
				<width>500</width>
				<height>33</height>
				<onup>12</onup>
				<itemgap>10</itemgap>
				<orientation>horizontal</orientation>
				<control type="button" id="19">
					<description>Cancel Button</description>
					<width>33</width>
					<height>33</height>
					<texturefocus>icons/icon_cancel_on.png</texturefocus>
					<texturenofocus>icons/icon_cancel.png</texturenofocus>
					<font>-</font>
					<onleft>-</onleft>
					<hitrect x="0" y="0" w="100" h="33" />
				</control>
				<control type="label" id="25">
					<visible>!Control.HasFocus(19)</visible>
					<width min="0" max="200">auto</width>
					<height>33</height>
					<label>222</label>
					<font>font23</font>
					<textcolor>grey</textcolor>
				</control>
				<control type="label" id="21">
					<visible>Control.HasFocus(19)</visible>
					<width min="0" max="200">auto</width>
					<height>33</height>
					<label>222</label>
					<font>font23</font>
					<textcolor>green</textcolor>
				</control>
				<control type="label" id="22">
					<width>4</width>
					<height>33</height>
				</control>
				<control type="button" id="18">
					<description>OK Button</description>
					<width>33</width>
					<height>33</height>
					<texturefocus>icons/icon_ok_on.png</texturefocus>
					<texturenofocus>icons/icon_ok.png</texturenofocus>
					<font>-</font>
					<onright>6</onright>
					<hitrect x="0" y="0" w="100" h="33" />
				</control>
				<control type="label" id="23">
					<visible>!Control.HasFocus(18)</visible>
					<width min="0" max="200">auto</width>
					<height>33</height>
					<label>186</label>
					<font>font23</font>
					<textcolor>grey</textcolor>
				</control>
				<control type="label" id="24">
					<visible>Control.HasFocus(18)</visible>
					<width min="0" max="200">auto</width>
					<height>33</height>
					<label>186</label>
					<font>font23</font>
					<textcolor>green</textcolor>
				</control>
			</control>
		</control>
	</controls>
</window>
