<window id="10140">
	<defaultcontrol always="true">20</defaultcontrol>
	<controls>
		<include>Dialog_Popup_Background</include>
		<control type="group">
			<include>Dialog_Popup_Animation</include>
			<posx>353</posx>
			<posy>156</posy>
			<visible>!Window.IsVisible(PeripheralSettings)</visible>
			<control type="image">
				<description>background image</description>
				<posx>0</posx>
				<posy>0</posy>
				<width>574</width>
				<height>414</height>
				<texture>backgrounds/vis_background.png</texture>
			</control>
			<control type="label" id="1">
				<description>header label</description>
				<posx>20</posx>
				<posy>20</posy>
				<width>534</width>
				<height>30</height>
				<align>left</align>
				<aligny>center</aligny>
				<font>light28</font>
				<label>35000</label>
				<textcolor>green</textcolor>
				<scroll>true</scroll>
			</control>
			<control type="list" id="20">
				<posx>20</posx>
				<posy>72</posy>
				<width>534</width>
				<height>264</height>
				<onup>-</onup>
				<ondown>10</ondown>
				<scrolltime>200</scrolltime>
				<itemlayout height="88" width="534">
					<control type="image">
						<posx>0</posx>
						<posy>0</posy>
						<width>534</width>
						<height>88</height>
						<texture>views/line_frame_device_black.png</texture>
					</control>
					<control type="label">
						<description>Name</description>
						<posx>20</posx>
						<posy>4</posy>
						<width>520</width>
						<height>23</height>
						<font>font23b</font>
						<label>$INFO[ListItem.Label]</label>
					</control>
					<control type="label">
						<description>Product ID Vendor ID</description>
						<posx>20</posx>
						<posy>30</posy>
						<width>520</width>
						<height>20</height>
						<label>$LOCALIZE[35504]:  [COLOR=white]$INFO[ListItem.Property(Product)][/COLOR]    $LOCALIZE[35503]:  [COLOR=white]$INFO[ListItem.Property(Vendor)][/COLOR]</label>
						<textcolor>blue</textcolor>
					</control>
					<control type="label">
						<description>class</description>
						<posx>20</posx>
						<posy>52</posy>
						<width>520</width>
						<height>20</height>
						<label>$LOCALIZE[35501]:  [COLOR=white]$INFO[ListItem.Property(Class)][/COLOR]</label>
						<font>font12</font>
						<textcolor>blue</textcolor>
					</control>
				</itemlayout>
				<focusedlayout height="88" width="534">
					<control type="image">
						<posx>0</posx>
						<posy>0</posy>
						<width>534</width>
						<height>88</height>
						<texture>views/line_frame_device_white.png</texture>
						<animation effect="fade" start="100" end="50" condition="!Control.HasFocus(20)">Conditional</animation>
					</control>
					<control type="label">
						<description>Name</description>
						<posx>20</posx>
						<posy>4</posy>
						<width>520</width>
						<height>23</height>
						<font>font23b</font>
						<textcolor>medgrey</textcolor>
						<label>$INFO[ListItem.Label]</label>
					</control>
					<control type="label">
						<description>Product ID Vendor ID</description>
						<posx>20</posx>
						<posy>30</posy>
						<width>520</width>
						<height>20</height>
						<label>$LOCALIZE[35504]:  [COLOR=medgrey]$INFO[ListItem.Property(Product)][/COLOR]    $LOCALIZE[35503]:  [COLOR=medgrey]$INFO[ListItem.Property(Vendor)][/COLOR]</label>
						<textcolor>blue</textcolor>
					</control>
					<control type="label">
						<description>class</description>
						<posx>20</posx>
						<posy>52</posy>
						<width>520</width>
						<height>20</height>
						<label>$LOCALIZE[35501]:  [COLOR=medgrey]$INFO[ListItem.Property(Class)][/COLOR]</label>
						<font>font12</font>
						<textcolor>blue</textcolor>
					</control>
				</focusedlayout>
			</control>
			<control type="button" id="10">
				<description>OK button</description>
				<posx>20</posx>
				<posy>362</posy>
				<width>33</width>
				<height>33</height>
				<align>left</align>
				<aligny>top</aligny>
				<textoffsetx>40</textoffsetx>
				<textoffsety>0</textoffsety>
				<textcolor>grey</textcolor>
				<focusedcolor>green</focusedcolor>
				<texturefocus>icons/icon_ok_on.png</texturefocus>
				<texturenofocus>icons/icon_ok.png</texturenofocus>
				<font>font23</font>
				<label>186</label>
				<onup>20</onup>
				<ondown>-</ondown>
				<onleft>-</onleft>
				<onright>-</onright>
			</control>
			<control type="label">
				<visible>Control.HasFocus(10)</visible>
				<posx>60</posx>
				<posy>362</posy>
				<width>144</width>
				<height>33</height>
				<label>186</label>
				<font>font23</font>
				<textcolor>green</textcolor>
			</control>
		</control>
	</controls>
</window>