<window id="147">
	<defaultcontrol always="true">60</defaultcontrol>
	<animation effect="fade" time="200">WindowOpen</animation>
	<animation effect="fade" time="200" delay="450">WindowClose</animation>
	<coordinates>
		<posx>13</posx>
		<posy>106</posy>
	</coordinates>
	<controls>
		<control type="group" id="9100">
			<animation effect="slide" start="0,666" end="0,0" time="300" delay="10">WindowOpen</animation>
			<animation effect="slide" start="0,0" end="0,666" time="300" delay="310">WindowClose</animation>
			<control type="image">
				<description>background bottom image</description>
				<posx>0</posx>
				<posy>54</posy>
				<width>1254</width>
				<height>548</height>
				<texture>osd/osd_settings_background.png</texture>
			</control>
			<control type="label" id="1">
				<description>header</description>
				<posx>25</posx>
				<posy>76</posy>
				<width>960</width>
				<height>20</height>
				<font>font23b</font>
				<align>left</align>
				<aligny>center</aligny>
				<textcolor>white</textcolor>
			</control>
			<control type="textbox" id="5">
				<description>textarea</description>
				<posx>25</posx>
				<posy>115</posy>
				<width>1191</width>
				<height>440</height>
				<font>font18b</font>
				<align>left</align>
				<aligny>top</aligny>
				<textcolor>white</textcolor>
				<pagecontrol>60</pagecontrol>
			</control>
			<control type="scrollbar" id="60">
				<description>scroll bar indicator for lists</description>
				<posx>1221</posx>
				<posy>115</posy>
				<width>12</width>
				<height>440</height>
				<onleft>Close</onleft>
				<texturesliderbackground border="0,8,0,8">icons/scrollbar_vertical_bg.png</texturesliderbackground>
				<texturesliderbar border="4,8,4,8">icons/scrollbar_vertical_nib.png</texturesliderbar>
				<texturesliderbarfocus border="4,8,4,8">icons/scrollbar_vertical_nib_on.png</texturesliderbarfocus>
				<textureslidernib>-</textureslidernib>
				<textureslidernibfocus>-</textureslidernibfocus>
				<orientation>vertical</orientation>
				<showonepage>false</showonepage>
			</control>
			<control type="label">
				<description>Exit label</description>
				<posx>25</posx>
				<posy>550</posy>
				<width>580</width>
				<height>44</height>
				<font>font21</font>
				<label>31062</label>
				<align>left</align>
				<aligny>center</aligny>
				<textcolor>yellow</textcolor>
				<visible>Skin.HasSetting(RemoteCloseMessage)</visible>
			</control>
			<control type="button">
				<posx>25</posx>
				<posy>550</posy>
				<width>580</width>
				<height>44</height>
				<font>font21</font>
				<label>31060</label>
				<textcolor>yellow</textcolor>
				<focusedcolor>red</focusedcolor>
				<texturefocus>-</texturefocus>
				<texturenofocus>-</texturenofocus>
				<onclick>Close</onclick>
				<visible>Skin.HasSetting(MouseCloseMessage)</visible>
			</control>
		</control>
	</controls>
</window>