<window id="614">
	<controls>
		<control type="group">
			<description>notification</description>
			<animation type="WindowOpen">
				<effect type="fade" start="0" end="100" time="200" delay="100"/>
			</animation>
			<animation type="WindowClose">
				<effect type="fade" start="100" end="0" time="200" delay="400"/>
			</animation>
			<animation effect="slide" end="0,-150" time="200" condition="Window.IsVisible(FullscreenVideo) | Window.IsVisible(Visualisation)">conditional</animation>
			<posx>745</posx>
			<posy>10</posy>
			<control type="image">
				<posx>0</posx>
				<posy>0</posy>
				<width>525</width>
				<height>90</height>
				<texture>backgrounds/notification_background.png</texture>
			</control>
			<control type="grouplist">
				<posx>20</posx>
				<posy>10</posy>
				<width>485</width>
				<height>70</height>
				<itemgap>10</itemgap>
				<orientation>horizontal</orientation>
				<control type="image" id="400">
					<description>avatar</description>
					<align>left</align>
					<aligny>center</aligny>
					<width>70</width>
					<height>70</height>
					<texture>DefaultIconInfo.png</texture>
				</control>
				<control type="group">
					<width>475</width>
					<height>70</height>
					<control type="label" id="30">
						<description>Description Button</description>
						<posy>4</posy>
						<height>23</height>
						<width>475</width>
						<label>-</label>
						<font>light23b</font>
						<align>left</align>
						<scroll>true</scroll>
					</control>
					<control type="label" id="31">
						<description>Description Button</description>
						<posy>30</posy>
						<height>23</height>
						<width>475</width>
						<label>-</label>
						<font>light23</font>
						<align>left</align>
						<scroll>true</scroll>
					</control>
				</control>
				<control type="progress" id="32">
					<description>progress control</description>
					<posx>15</posx>
					<posy>42</posy>
					<width>370</width>
					<height>8</height>
				</control>
			</control>
		</control>
	</controls>
</window>