<window id="133">
	<defaultcontrol>-</defaultcontrol>
	<animation effect="fade" time="400">WindowOpen</animation>
	<animation effect="fade" time="400">WindowClose</animation>
	<coordinates>
		<posx>8</posx>
		<posy>10</posy>
	</coordinates>
	<controls>

		<include>Main_Menu_Slide_Animation</include>

		<control type="group">
			<include>Main_Menu_Slide_Animation</include>
			<animation effect="slide" end="0,-150" time="200" condition="Window.IsVisible(FullscreenVideo) | Window.IsVisible(Visualisation)">conditional</animation>
			<animation effect="slide" end="496,0" time="200" condition="Window.IsVisible(MusicScan)">conditional</animation>
			<control type="image">
				<posx>0</posx>
				<posy>0</posy>
				<width>500</width>
				<height>90</height>
				<texture>backgrounds/notification_background.png</texture>
			</control>
			<control type="label" id="401">
				<description>Caption Label</description>
				<posx>15</posx>
				<posy>10</posy>
				<font>font16</font>
				<textcolor>white</textcolor>
				<width>470</width>
				<height>20</height>
				<aligny>center</aligny>
				<align>left</align>
			</control>
			<control type="label" id="402">
				<description>Current Directory Label</description>
				<posx>15</posx>
				<posy>32</posy>
				<font>font16</font>
				<textcolor>white</textcolor>
				<haspath>yes</haspath>
				<width>470</width>
				<height>20</height>
				<aligny>center</aligny>
				<align>left</align>
			</control>
			<control type="progress" id="403">
				<description>progress control</description>
				<posx>15</posx>
				<posy>65</posy>
				<width>470</width>
				<height>14</height>
			</control>
			<control type="progress" id="404">
				<description>progress control</description>
				<posx>15</posx>
				<posy>65</posy>
				<width>470</width>
				<height>14</height>
			</control>
		</control>
	</controls>
</window>