﻿<window id="0">
	<defaultcontrol always="true">9212</defaultcontrol>
	<allowoverlay>no</allowoverlay>
	<include condition="IsEmpty(Skin.String(HomeList_1)) + !Window.Previous(StartUp)">Home_Setup</include>
	<onload condition="StringCompare(Skin.String(HomeList_1),Home_Random_List) | StringCompare(Skin.String(HomeList_2),Home_Random_List) | StringCompare(Skin.String(HomeList_3),Home_Random_List) | StringCompare(Skin.String(HomeList_4),Home_Random_List)">RunScript(script.randomitems,limit=6&amp;unplayed=True&amp;albums=True)</onload>
	<onload condition="System.HasAddon(script.watchlist)">RunScript(script.watchlist,movies=true&amp;episodes=true&amp;albums=true&amp;limit=10)</onload>
	<controls>
		<control type="label">
			<posx>-10</posx>
			<posy>-10</posy>
			<width>1</width>
			<height>1</height>
			<label>$INFO[Weather.Conditions]</label>
		</control>
		<include>Common_Background</include>
		<include condition="!Skin.HasSetting(AltHomeStyle)">DefaultHomeStyle</include>
		<include condition="Skin.HasSetting(AltHomeStyle)">AltHomeStyle</include>
	</controls>
</window>
