﻿<includes>
	<include name="TVNext_Monday_Title">
		<include>Tuesday_Title</include>
		<include>Divider</include>
		<include>Wednesday_Title</include>
		<include>Divider</include>
		<include>Thursday_Title</include>
		<include>Divider</include>
		<include>Friday_Title</include>
		<include>Divider</include>
		<include>Saturday_Title</include>
		<include>Divider</include>
		<include>Sunday_Title</include>
	</include>
	<include name="TVNext_Tuesday_Title">
		<include>Wednesday_Title</include>
		<include>Divider</include>
		<include>Thursday_Title</include>
		<include>Divider</include>
		<include>Friday_Title</include>
		<include>Divider</include>
		<include>Saturday_Title</include>
		<include>Divider</include>
		<include>Sunday_Title</include>
		<include>Divider</include>
		<include>Monday_Title</include>
	</include>
	<include name="TVNext_Wednesday_Title">
		<include>Thursday_Title</include>
		<include>Divider</include>
		<include>Friday_Title</include>
		<include>Divider</include>
		<include>Saturday_Title</include>
		<include>Divider</include>
		<include>Sunday_Title</include>
		<include>Divider</include>
		<include>Monday_Title</include>
		<include>Divider</include>
		<include>Tuesday_Title</include>
	</include>
	<include name="TVNext_Thursday_Title">
		<include>Friday_Title</include>
		<include>Divider</include>
		<include>Saturday_Title</include>
		<include>Divider</include>
		<include>Sunday_Title</include>
		<include>Divider</include>
		<include>Monday_Title</include>
		<include>Divider</include>
		<include>Tuesday_Title</include>
		<include>Divider</include>
		<include>Wednesday_Title</include>
	</include>
	<include name="TVNext_Friday_Title">
		<include>Saturday_Title</include>
		<include>Divider</include>
		<include>Sunday_Title</include>
		<include>Divider</include>
		<include>Monday_Title</include>
		<include>Divider</include>
		<include>Tuesday_Title</include>
		<include>Divider</include>
		<include>Wednesday_Title</include>
		<include>Divider</include>
		<include>Thursday_Title</include>
	</include>
	<include name="TVNext_Saturday_Title">
		<include>Sunday_Title</include>
		<include>Divider</include>
		<include>Monday_Title</include>
		<include>Divider</include>
		<include>Tuesday_Title</include>
		<include>Divider</include>
		<include>Wednesday_Title</include>
		<include>Divider</include>
		<include>Thursday_Title</include>
		<include>Divider</include>
		<include>Friday_Title</include>
	</include>
	<include name="TVNext_Sunday_Title">
		<include>Monday_Title</include>
		<include>Divider</include>
		<include>Tuesday_Title</include>
		<include>Divider</include>
		<include>Wednesday_Title</include>
		<include>Divider</include>
		<include>Thursday_Title</include>
		<include>Divider</include>
		<include>Friday_Title</include>
		<include>Divider</include>
		<include>Saturday_Title</include>
	</include>
	<include name="Monday_Title">
		<control type="label">
			<posy>0</posy>
			<width>165</width>
			<height>33</height>
			<align>center</align>
			<aligny>center</aligny>
			<label>11</label>
			<textcolor>black</textcolor>
			<font>font21</font>
		</control>
	</include>
	<include name="Tuesday_Title">
		<control type="label">
			<posy>0</posy>
			<width>165</width>
			<height>33</height>
			<align>center</align>
			<aligny>center</aligny>
			<label>12</label>
			<textcolor>black</textcolor>
			<font>font21</font>
		</control>
	</include>
	<include name="Wednesday_Title">
		<control type="label">
			<posy>0</posy>
			<width>165</width>
			<height>33</height>
			<align>center</align>
			<aligny>center</aligny>
			<label>13</label>
			<textcolor>black</textcolor>
			<font>font21</font>
		</control>
	</include>
	<include name="Thursday_Title">
		<control type="label">
			<posy>0</posy>
			<width>165</width>
			<height>33</height>
			<align>center</align>
			<aligny>center</aligny>
			<label>14</label>
			<textcolor>black</textcolor>
			<font>font21</font>
		</control>
	</include>
	<include name="Friday_Title">
		<control type="label">
			<posy>0</posy>
			<width>165</width>
			<height>33</height>
			<align>center</align>
			<aligny>center</aligny>
			<label>15</label>
			<textcolor>black</textcolor>
			<font>font21</font>
		</control>
	</include>
	<include name="Saturday_Title">
		<control type="label">
			<posy>0</posy>
			<width>165</width>
			<height>33</height>
			<align>center</align>
			<aligny>center</aligny>
			<label>16</label>
			<textcolor>black</textcolor>
			<font>font21</font>
		</control>
	</include>
	<include name="Sunday_Title">
		<control type="label">
			<posy>0</posy>
			<width>165</width>
			<height>33</height>
			<align>center</align>
			<aligny>center</aligny>
			<label>17</label>
			<textcolor>black</textcolor>
			<font>font21</font>
		</control>
	</include>
	<include name="TVNext_Monday_Date">
		<include>Monday_Date</include>
		<include>Divider</include>
		<include>Tuesday_Date</include>
		<include>Divider</include>
		<include>Wednesday_Date</include>
		<include>Divider</include>
		<include>Thursday_Date</include>
		<include>Divider</include>
		<include>Friday_Date</include>
		<include>Divider</include>
		<include>Saturday_Date</include>
		<include>Divider</include>
		<include>Sunday_Date</include>
	</include>
	<include name="TVNext_Tuesday_Date">
		<include>Tuesday_Date</include>
		<include>Divider</include>
		<include>Wednesday_Date</include>
		<include>Divider</include>
		<include>Thursday_Date</include>
		<include>Divider</include>
		<include>Friday_Date</include>
		<include>Divider</include>
		<include>Saturday_Date</include>
		<include>Divider</include>
		<include>Sunday_Date</include>
		<include>Divider</include>
		<include>Monday_Date</include>
	</include>
	<include name="TVNext_Wednesday_Date">
		<include>Wednesday_Date</include>
		<include>Divider</include>
		<include>Thursday_Date</include>
		<include>Divider</include>
		<include>Friday_Date</include>
		<include>Divider</include>
		<include>Saturday_Date</include>
		<include>Divider</include>
		<include>Sunday_Date</include>
		<include>Divider</include>
		<include>Monday_Date</include>
		<include>Divider</include>
		<include>Tuesday_Date</include>
	</include>
	<include name="TVNext_Thursday_Date">
		<include>Thursday_Date</include>
		<include>Divider</include>
		<include>Friday_Date</include>
		<include>Divider</include>
		<include>Saturday_Date</include>
		<include>Divider</include>
		<include>Sunday_Date</include>
		<include>Divider</include>
		<include>Monday_Date</include>
		<include>Divider</include>
		<include>Tuesday_Date</include>
		<include>Divider</include>
		<include>Wednesday_Date</include>
	</include>
	<include name="TVNext_Friday_Date">
		<include>Friday_Date</include>
		<include>Divider</include>
		<include>Saturday_Date</include>
		<include>Divider</include>
		<include>Sunday_Date</include>
		<include>Divider</include>
		<include>Monday_Date</include>
		<include>Divider</include>
		<include>Tuesday_Date</include>
		<include>Divider</include>
		<include>Wednesday_Date</include>
		<include>Divider</include>
		<include>Thursday_Date</include>
	</include>
	<include name="TVNext_Saturday_Date">
		<include>Saturday_Date</include>
		<include>Divider</include>
		<include>Sunday_Date</include>
		<include>Divider</include>
		<include>Monday_Date</include>
		<include>Divider</include>
		<include>Tuesday_Date</include>
		<include>Divider</include>
		<include>Wednesday_Date</include>
		<include>Divider</include>
		<include>Thursday_Date</include>
		<include>Divider</include>
		<include>Friday_Date</include>
	</include>
	<include name="TVNext_Sunday_Date">
		<include>Sunday_Date</include>
		<include>Divider</include>
		<include>Monday_Date</include>
		<include>Divider</include>
		<include>Tuesday_Date</include>
		<include>Divider</include>
		<include>Wednesday_Date</include>
		<include>Divider</include>
		<include>Thursday_Date</include>
		<include>Divider</include>
		<include>Friday_Date</include>
		<include>Divider</include>
		<include>Saturday_Date</include>
	</include>
	<include name="Monday_Date">
		<control type="group">
			<posy>0</posy>
			<width>165</width>
			<height>720</height>
			<control type="label">
				<posy>0</posy>
				<width>165</width>
				<height>33</height>
				<align>center</align>
				<aligny>center</aligny>
				<label>$INFO[Window(Home).Property(NextAired.1.Date)]</label>
				<textcolor>medgrey</textcolor>
				<font>font21</font>
			</control>
			<control type="image">
				<posx>74</posx>
				<posy>548</posy>
				<width>20</width>
				<height>20</height>
				<texture>icons/scroll_down_white.png</texture>
				<colordiffuse>green</colordiffuse>
				<visible>Container(200).HasNext</visible>
			</control>
		</control>
	</include>
	<include name="Tuesday_Date">
		<control type="group">
			<posy>0</posy>
			<width>165</width>
			<height>720</height>
			<control type="label">
				<posy>0</posy>
				<width>165</width>
				<height>33</height>
				<align>center</align>
				<aligny>center</aligny>
				<label>$INFO[Window(Home).Property(NextAired.2.Date)]</label>
				<textcolor>medgrey</textcolor>
				<font>font21</font>
			</control>
			<control type="image">
				<posx>74</posx>
				<posy>548</posy>
				<width>20</width>
				<height>20</height>
				<texture>icons/scroll_down_white.png</texture>
				<colordiffuse>green</colordiffuse>
				<visible>Container(201).HasNext</visible>
			</control>
		</control>
	</include>
	<include name="Wednesday_Date">
		<control type="group">
			<posy>0</posy>
			<width>165</width>
			<height>720</height>
			<control type="label">
				<posy>0</posy>
				<width>165</width>
				<height>33</height>
				<align>center</align>
				<aligny>center</aligny>
				<label>$INFO[Window(Home).Property(NextAired.3.Date)]</label>
				<textcolor>medgrey</textcolor>
				<font>font21</font>
			</control>
			<control type="image">
				<posx>74</posx>
				<posy>548</posy>
				<width>20</width>
				<height>20</height>
				<texture>icons/scroll_down_white.png</texture>
				<colordiffuse>green</colordiffuse>
				<visible>Container(202).HasNext</visible>
			</control>
		</control>
	</include>
	<include name="Thursday_Date">
		<control type="group">
			<posy>0</posy>
			<width>165</width>
			<height>720</height>
			<control type="label">
				<posy>0</posy>
				<width>165</width>
				<height>33</height>
				<align>center</align>
				<aligny>center</aligny>
				<label>$INFO[Window(Home).Property(NextAired.4.Date)]</label>
				<textcolor>medgrey</textcolor>
				<font>font21</font>
			</control>
			<control type="image">
				<posx>74</posx>
				<posy>548</posy>
				<width>20</width>
				<height>20</height>
				<texture>icons/scroll_down_white.png</texture>
				<colordiffuse>green</colordiffuse>
				<visible>Container(203).HasNext</visible>
			</control>
		</control>
	</include>
	<include name="Friday_Date">
		<control type="group">
			<posy>0</posy>
			<width>165</width>
			<height>720</height>
			<control type="label">
				<posy>0</posy>
				<width>165</width>
				<height>33</height>
				<align>center</align>
				<aligny>center</aligny>
				<label>$INFO[Window(Home).Property(NextAired.5.Date)]</label>
				<textcolor>medgrey</textcolor>
				<font>font21</font>
			</control>
			<control type="image">
				<posx>74</posx>
				<posy>548</posy>
				<width>20</width>
				<height>20</height>
				<texture>icons/scroll_down_white.png</texture>
				<colordiffuse>green</colordiffuse>
				<visible>Container(204).HasNext</visible>
			</control>
		</control>
	</include>
	<include name="Saturday_Date">
		<control type="group">
			<posy>0</posy>
			<width>165</width>
			<height>720</height>
			<control type="label">
				<posy>0</posy>
				<width>165</width>
				<height>33</height>
				<align>center</align>
				<aligny>center</aligny>
				<label>$INFO[Window(Home).Property(NextAired.3.Date)]</label>
				<textcolor>medgrey</textcolor>
				<font>font21</font>
			</control>
			<control type="image">
				<posx>74</posx>
				<posy>548</posy>
				<width>20</width>
				<height>20</height>
				<texture>icons/scroll_down_white.png</texture>
				<colordiffuse>green</colordiffuse>
				<visible>Container(205).HasNext</visible>
			</control>
		</control>
	</include>
	<include name="Sunday_Date">
		<control type="group">
			<posy>0</posy>
			<width>165</width>
			<height>720</height>
			<control type="label">
				<posy>0</posy>
				<width>165</width>
				<height>33</height>
				<align>center</align>
				<aligny>center</aligny>
				<label>$INFO[Window(Home).Property(NextAired.7.Date)]</label>
				<textcolor>medgrey</textcolor>
				<font>font21</font>
			</control>
			<control type="image">
				<posx>74</posx>
				<posy>548</posy>
				<width>20</width>
				<height>20</height>
				<texture>icons/scroll_down_white.png</texture>
				<colordiffuse>green</colordiffuse>
				<visible>Container(206).HasNext</visible>
			</control>
		</control>
	</include>
	<include name="Divider">
		<control type="image">
			<description>left dotted line</description>
			<posx>0</posx>
			<posy>0</posy>
			<width>3</width>
			<height>33</height>
			<colordiffuse>darkgrey</colordiffuse>
			<texture>icons/dotted_line_divider.png</texture>
		</control>
	</include>
	<include name="TVNext_Monday_List">
		<include>Monday_List</include>
		<include>Tuesday_List</include>
		<include>Wednesday_List</include>
		<include>Thursday_List</include>
		<include>Friday_List</include>
		<include>Saturday_List</include>
		<include>Sunday_List</include>
	</include>
	<include name="TVNext_Tuesday_List">
		<include>Tuesday_List</include>
		<include>Wednesday_List</include>
		<include>Thursday_List</include>
		<include>Friday_List</include>
		<include>Saturday_List</include>
		<include>Sunday_List</include>
		<include>Monday_List</include>
	</include>
	<include name="TVNext_Wednesday_List">
		<include>Wednesday_List</include>
		<include>Thursday_List</include>
		<include>Friday_List</include>
		<include>Saturday_List</include>
		<include>Sunday_List</include>
		<include>Monday_List</include>
		<include>Tuesday_List</include>
	</include>
	<include name="TVNext_Thursday_List">
		<include>Thursday_List</include>
		<include>Friday_List</include>
		<include>Saturday_List</include>
		<include>Sunday_List</include>
		<include>Monday_List</include>
		<include>Tuesday_List</include>
		<include>Wednesday_List</include>
	</include>
	<include name="TVNext_Friday_List">
		<include>Friday_List</include>
		<include>Saturday_List</include>
		<include>Sunday_List</include>
		<include>Monday_List</include>
		<include>Tuesday_List</include>
		<include>Wednesday_List</include>
		<include>Thursday_List</include>
	</include>
	<include name="TVNext_Saturday_List">
		<include>Saturday_List</include>
		<include>Sunday_List</include>
		<include>Monday_List</include>
		<include>Tuesday_List</include>
		<include>Wednesday_List</include>
		<include>Thursday_List</include>
		<include>Friday_List</include>
	</include>
	<include name="TVNext_Sunday_List">
		<include>Sunday_List</include>
		<include>Monday_List</include>
		<include>Tuesday_List</include>
		<include>Wednesday_List</include>
		<include>Thursday_List</include>
		<include>Friday_List</include>
		<include>Saturday_List</include>
	</include>
	<include name="Monday_List">
		<control type="list" id="200">
			<width>168</width>
			<height>504</height>
			<onup>200</onup>
			<ondown>200</ondown>
			<scrolltime>200</scrolltime>
			<viewtype label="536">list</viewtype>
			<orientation>vertical</orientation>
			<preloaditems>2</preloaditems>
			<itemlayout height="168" width="168">
				<control type="image">
					<posx>2</posx>
					<posy>2</posy>
					<width>164</width>
					<height>164</height>
					<texture>views/frame_device_sq.png</texture>
				</control>
				<control type="image">
					<posx>12</posx>
					<posy>12</posy>
					<width>144</width>
					<height>144</height>
					<texture fallback="DefaultTVShows.png">$INFO[ListItem.Icon]</texture>
					<bordersize>4</bordersize>
					<bordertexture>views/info_cover_border.png</bordertexture>
				</control>
			</itemlayout>
			<focusedlayout height="168" width="168">
				<control type="image">
					<posx>2</posx>
					<posy>2</posy>
					<width>164</width>
					<height>164</height>
					<texture>views/frame_device_sq.png</texture>
				</control>
				<control type="group">
					<visible>!Skin.HasSetting(Hide_Focus_Panel)</visible>
					<control type="image">
						<posx>0</posx>
						<posy>168</posy>
						<width>168</width>
						<height>138</height>
						<animation type="Focus">
							<effect type="fade" time="10" delay="250"/>
							<effect type="slide" tween="circle" easing="out" start="0,-138" end="0,0" time="250" delay="250"/>
						</animation>
						<texture>views/hover_frame_device_capsule.png</texture>
						<visible>Control.HasFocus(200) + [Container(200).Row(0) | Container(200).Row(1)]</visible>
					</control>
					<control type="textbox">
						<posx>15</posx>
						<posy>168</posy>
						<width>138</width>
						<height>138</height>
						<font>font21sq</font>
						<align>left</align>
						<aligny>top</aligny>
						<animation type="Focus">
							<effect type="fade" end="100" time="200" delay="300"/>
							<effect type="slide" tween="circle" easing="out" start="0,-138" end="0,0" time="250" delay="250"/>
						</animation>
						<label>$INFO[ListItem.Property(NextEpisodeNumber),$LOCALIZE[20359] ][CR][COLOR lightgrey]$INFO[ListItem.Property(NextTitle)][/COLOR]</label>
						<visible>Control.HasFocus(200) + [Container(200).Row(0) | Container(200).Row(1)]</visible>
					</control>
					<control type="image">
						<posx>0</posx>
						<posy>-138</posy>
						<width>168</width>
						<height>138</height>
						<animation type="Focus">
							<effect type="fade" end="100" time="10" delay="250"/>
							<effect type="slide" tween="circle" easing="out" start="0,138" end="0,0" time="250" delay="250"/>
						</animation>
						<texture flipy="true">views/hover_frame_device_capsule.png</texture>
						<visible>Control.HasFocus(200) + Container(200).Row(2)</visible>
					</control>
					<control type="textbox">
						<posx>15</posx>
						<posy>-138</posy>
						<width>138</width>
						<height>138</height>
						<font>font21sq</font>
						<align>left</align>
						<aligny>top</aligny>
						<animation type="Focus">
							<effect type="fade" end="100" time="200" delay="300"/>
							<effect type="slide" tween="circle" easing="out" start="0,138" end="0,0" time="250" delay="250"/>
						</animation>
						<label>$INFO[ListItem.Property(NextEpisodeNumber),$LOCALIZE[20359] ][CR][COLOR lightgrey]$INFO[ListItem.Property(NextTitle)][/COLOR]</label>
						<visible>Control.HasFocus(200) + Container(200).Row(2)</visible>
					</control>
				</control>
				<control type="image">
					<posx>0</posx>
					<posy>0</posy>
					<width>168</width>
					<height>168</height>
					<texture>views/frame_device_sq_white.png</texture>
					<animation type="Focus">
						<effect type="fade" start="60" time="120"/>
						<effect type="zoom" start="97,97" center="auto" time="120" delay="60"/>
					</animation>
					<visible>Control.HasFocus(200)</visible>
				</control>
				<control type="image">
					<posx>12</posx>
					<posy>12</posy>
					<width>144</width>
					<height>144</height>
					<texture fallback="DefaultTVShows.png">$INFO[ListItem.Icon]</texture>
					<bordersize>4</bordersize>
					<bordertexture>views/info_cover_border.png</bordertexture>
				</control>
			</focusedlayout>
		</control>
	</include>
	<include name="Tuesday_List">
		<control type="list" id="201">
			<width>168</width>
			<height>504</height>
			<onup>201</onup>
			<ondown>201</ondown>
			<scrolltime>200</scrolltime>
			<viewtype label="536">list</viewtype>
			<orientation>vertical</orientation>
			<preloaditems>2</preloaditems>
			<itemlayout height="168" width="168">
				<control type="image">
					<posx>2</posx>
					<posy>2</posy>
					<width>164</width>
					<height>164</height>
					<texture>views/frame_device_sq.png</texture>
				</control>
				<control type="image">
					<posx>12</posx>
					<posy>12</posy>
					<width>144</width>
					<height>144</height>
					<texture fallback="DefaultTVShows.png">$INFO[ListItem.Icon]</texture>
					<bordersize>4</bordersize>
					<bordertexture>views/info_cover_border.png</bordertexture>
				</control>
			</itemlayout>
			<focusedlayout height="168" width="168">
				<control type="image">
					<posx>2</posx>
					<posy>2</posy>
					<width>164</width>
					<height>164</height>
					<texture>views/frame_device_sq.png</texture>
				</control>
				<control type="group">
					<visible>!Skin.HasSetting(Hide_Focus_Panel)</visible>
					<control type="image">
						<posx>0</posx>
						<posy>168</posy>
						<width>168</width>
						<height>138</height>
						<animation type="Focus">
							<effect type="fade" time="10" delay="250"/>
							<effect type="slide" tween="circle" easing="out" start="0,-138" end="0,0" time="250" delay="250"/>
						</animation>
						<texture>views/hover_frame_device_capsule.png</texture>
						<visible>Control.HasFocus(201) + [Container(201).Row(0) | Container(201).Row(1)]</visible>
					</control>
					<control type="textbox">
						<posx>15</posx>
						<posy>168</posy>
						<width>138</width>
						<height>138</height>
						<font>font21sq</font>
						<align>left</align>
						<aligny>top</aligny>
						<animation type="Focus">
							<effect type="fade" end="100" time="200" delay="300"/>
							<effect type="slide" tween="circle" easing="out" start="0,-138" end="0,0" time="250" delay="250"/>
						</animation>
						<label>$INFO[ListItem.Property(NextEpisodeNumber),$LOCALIZE[20359] ][CR][COLOR lightgrey]$INFO[ListItem.Property(NextTitle)][/COLOR]</label>
						<visible>Control.HasFocus(201) + [Container(201).Row(0) | Container(201).Row(1)]</visible>
					</control>
					<control type="image">
						<posx>0</posx>
						<posy>-138</posy>
						<width>168</width>
						<height>138</height>
						<animation type="Focus">
							<effect type="fade" end="100" time="10" delay="250"/>
							<effect type="slide" tween="circle" easing="out" start="0,138" end="0,0" time="250" delay="250"/>
						</animation>
						<texture flipy="true">views/hover_frame_device_capsule.png</texture>
						<visible>Control.HasFocus(201) + Container(201).Row(2)</visible>
					</control>
					<control type="textbox">
						<posx>15</posx>
						<posy>-138</posy>
						<width>138</width>
						<height>138</height>
						<font>font21sq</font>
						<align>left</align>
						<aligny>top</aligny>
						<animation type="Focus">
							<effect type="fade" end="100" time="200" delay="300"/>
							<effect type="slide" tween="circle" easing="out" start="0,138" end="0,0" time="250" delay="250"/>
						</animation>
						<label>$INFO[ListItem.Property(NextEpisodeNumber),$LOCALIZE[20359] ][CR][COLOR lightgrey]$INFO[ListItem.Property(NextTitle)][/COLOR]</label>
						<visible>Control.HasFocus(201) + Container(201).Row(2)</visible>
					</control>
				</control>
				<control type="image">
					<posx>0</posx>
					<posy>0</posy>
					<width>168</width>
					<height>168</height>
					<texture>views/frame_device_sq_white.png</texture>
					<animation type="Focus">
						<effect type="fade" start="60" time="120"/>
						<effect type="zoom" start="97,97" center="auto" time="120" delay="60"/>
					</animation>
					<visible>Control.HasFocus(201)</visible>
				</control>
				<control type="image">
					<posx>12</posx>
					<posy>12</posy>
					<width>144</width>
					<height>144</height>
					<texture fallback="DefaultTVShows.png">$INFO[ListItem.Icon]</texture>
					<bordersize>4</bordersize>
					<bordertexture>views/info_cover_border.png</bordertexture>
				</control>
			</focusedlayout>
		</control>
	</include>
	<include name="Wednesday_List">
		<control type="list" id="202">
			<width>168</width>
			<height>504</height>
			<onup>202</onup>
			<ondown>202</ondown>
			<scrolltime>200</scrolltime>
			<viewtype label="536">list</viewtype>
			<orientation>vertical</orientation>
			<preloaditems>2</preloaditems>
			<itemlayout height="168" width="168">
				<control type="image">
					<posx>2</posx>
					<posy>2</posy>
					<width>164</width>
					<height>164</height>
					<texture>views/frame_device_sq.png</texture>
				</control>
				<control type="image">
					<posx>12</posx>
					<posy>12</posy>
					<width>144</width>
					<height>144</height>
					<texture fallback="DefaultTVShows.png">$INFO[ListItem.Icon]</texture>
					<bordersize>4</bordersize>
					<bordertexture>views/info_cover_border.png</bordertexture>
				</control>
			</itemlayout>
			<focusedlayout height="168" width="168">
				<control type="image">
					<posx>2</posx>
					<posy>2</posy>
					<width>164</width>
					<height>164</height>
					<texture>views/frame_device_sq.png</texture>
				</control>
				<control type="group">
					<visible>!Skin.HasSetting(Hide_Focus_Panel)</visible>
					<control type="image">
						<posx>0</posx>
						<posy>168</posy>
						<width>168</width>
						<height>138</height>
						<animation type="Focus">
							<effect type="fade" time="10" delay="250"/>
							<effect type="slide" tween="circle" easing="out" start="0,-138" end="0,0" time="250" delay="250"/>
						</animation>
						<texture>views/hover_frame_device_capsule.png</texture>
						<visible>Control.HasFocus(202) + [Container(202).Row(0) | Container(202).Row(1)]</visible>
					</control>
					<control type="textbox">
						<posx>15</posx>
						<posy>168</posy>
						<width>138</width>
						<height>138</height>
						<font>font21sq</font>
						<align>left</align>
						<aligny>top</aligny>
						<animation type="Focus">
							<effect type="fade" end="100" time="200" delay="300"/>
							<effect type="slide" tween="circle" easing="out" start="0,-138" end="0,0" time="250" delay="250"/>
						</animation>
						<label>$INFO[ListItem.Property(NextEpisodeNumber),$LOCALIZE[20359] ][CR][COLOR lightgrey]$INFO[ListItem.Property(NextTitle)][/COLOR]</label>
						<visible>Control.HasFocus(202) + [Container(202).Row(0) | Container(202).Row(1)]</visible>
					</control>
					<control type="image">
						<posx>0</posx>
						<posy>-138</posy>
						<width>168</width>
						<height>138</height>
						<animation type="Focus">
							<effect type="fade" end="100" time="10" delay="250"/>
							<effect type="slide" tween="circle" easing="out" start="0,138" end="0,0" time="250" delay="250"/>
						</animation>
						<texture flipy="true">views/hover_frame_device_capsule.png</texture>
						<visible>Control.HasFocus(202) + Container(202).Row(2)</visible>
					</control>
					<control type="textbox">
						<posx>15</posx>
						<posy>-138</posy>
						<width>138</width>
						<height>138</height>
						<font>font21sq</font>
						<align>left</align>
						<aligny>top</aligny>
						<animation type="Focus">
							<effect type="fade" end="100" time="200" delay="300"/>
							<effect type="slide" tween="circle" easing="out" start="0,138" end="0,0" time="250" delay="250"/>
						</animation>
						<label>$INFO[ListItem.Property(NextEpisodeNumber),$LOCALIZE[20359] ][CR][COLOR lightgrey]$INFO[ListItem.Property(NextTitle)][/COLOR]</label>
						<visible>Control.HasFocus(202) + Container(202).Row(2)</visible>
					</control>
				</control>
				<control type="image">
					<posx>0</posx>
					<posy>0</posy>
					<width>168</width>
					<height>168</height>
					<texture>views/frame_device_sq_white.png</texture>
					<animation type="Focus">
						<effect type="fade" start="60" time="120"/>
						<effect type="zoom" start="97,97" center="auto" time="120" delay="60"/>
					</animation>
					<visible>Control.HasFocus(202)</visible>
				</control>
				<control type="image">
					<posx>12</posx>
					<posy>12</posy>
					<width>144</width>
					<height>144</height>
					<texture fallback="DefaultTVShows.png">$INFO[ListItem.Icon]</texture>
					<bordersize>4</bordersize>
					<bordertexture>views/info_cover_border.png</bordertexture>
				</control>
			</focusedlayout>
		</control>
	</include>
	<include name="Thursday_List">
		<control type="list" id="203">
			<width>168</width>
			<height>504</height>
			<onup>203</onup>
			<ondown>203</ondown>
			<scrolltime>200</scrolltime>
			<viewtype label="536">list</viewtype>
			<orientation>vertical</orientation>
			<preloaditems>2</preloaditems>
			<itemlayout height="168" width="168">
				<control type="image">
					<posx>2</posx>
					<posy>2</posy>
					<width>164</width>
					<height>164</height>
					<texture>views/frame_device_sq.png</texture>
				</control>
				<control type="image">
					<posx>12</posx>
					<posy>12</posy>
					<width>144</width>
					<height>144</height>
					<texture fallback="DefaultTVShows.png">$INFO[ListItem.Icon]</texture>
					<bordersize>4</bordersize>
					<bordertexture>views/info_cover_border.png</bordertexture>
				</control>
			</itemlayout>
			<focusedlayout height="168" width="168">
				<control type="image">
					<posx>2</posx>
					<posy>2</posy>
					<width>164</width>
					<height>164</height>
					<texture>views/frame_device_sq.png</texture>
				</control>
				<control type="group">
					<visible>!Skin.HasSetting(Hide_Focus_Panel)</visible>
					<control type="image">
						<posx>0</posx>
						<posy>168</posy>
						<width>168</width>
						<height>138</height>
						<animation type="Focus">
							<effect type="fade" time="10" delay="250"/>
							<effect type="slide" tween="circle" easing="out" start="0,-138" end="0,0" time="250" delay="250"/>
						</animation>
						<texture>views/hover_frame_device_capsule.png</texture>
						<visible>Control.HasFocus(203) + [Container(203).Row(0) | Container(203).Row(1)]</visible>
					</control>
					<control type="textbox">
						<posx>15</posx>
						<posy>168</posy>
						<width>138</width>
						<height>138</height>
						<font>font21sq</font>
						<align>left</align>
						<aligny>top</aligny>
						<animation type="Focus">
							<effect type="fade" end="100" time="200" delay="300"/>
							<effect type="slide" tween="circle" easing="out" start="0,-138" end="0,0" time="250" delay="250"/>
						</animation>
						<label>$INFO[ListItem.Property(NextEpisodeNumber),$LOCALIZE[20359] ][CR][COLOR lightgrey]$INFO[ListItem.Property(NextTitle)][/COLOR]</label>
						<visible>Control.HasFocus(203) + [Container(203).Row(0) | Container(203).Row(1)]</visible>
					</control>
					<control type="image">
						<posx>0</posx>
						<posy>-138</posy>
						<width>168</width>
						<height>138</height>
						<animation type="Focus">
							<effect type="fade" end="100" time="10" delay="250"/>
							<effect type="slide" tween="circle" easing="out" start="0,138" end="0,0" time="250" delay="250"/>
						</animation>
						<texture flipy="true">views/hover_frame_device_capsule.png</texture>
						<visible>Control.HasFocus(203) + Container(203).Row(2)</visible>
					</control>
					<control type="textbox">
						<posx>15</posx>
						<posy>-138</posy>
						<width>138</width>
						<height>138</height>
						<font>font21sq</font>
						<align>left</align>
						<aligny>top</aligny>
						<animation type="Focus">
							<effect type="fade" end="100" time="200" delay="300"/>
							<effect type="slide" tween="circle" easing="out" start="0,138" end="0,0" time="250" delay="250"/>
						</animation>
						<label>$INFO[ListItem.Property(NextEpisodeNumber),$LOCALIZE[20359] ][CR][COLOR lightgrey]$INFO[ListItem.Property(NextTitle)][/COLOR]</label>
						<visible>Control.HasFocus(203) + Container(203).Row(2)</visible>
					</control>
				</control>
				<control type="image">
					<posx>0</posx>
					<posy>0</posy>
					<width>168</width>
					<height>168</height>
					<texture>views/frame_device_sq_white.png</texture>
					<animation type="Focus">
						<effect type="fade" start="60" time="120"/>
						<effect type="zoom" start="97,97" center="auto" time="120" delay="60"/>
					</animation>
					<visible>Control.HasFocus(203)</visible>
				</control>
				<control type="image">
					<posx>12</posx>
					<posy>12</posy>
					<width>144</width>
					<height>144</height>
					<texture fallback="DefaultTVShows.png">$INFO[ListItem.Icon]</texture>
					<bordersize>4</bordersize>
					<bordertexture>views/info_cover_border.png</bordertexture>
				</control>
			</focusedlayout>
		</control>
	</include>
	<include name="Friday_List">
		<control type="list" id="204">
			<width>168</width>
			<height>504</height>
			<onup>204</onup>
			<ondown>204</ondown>
			<scrolltime>200</scrolltime>
			<viewtype label="536">list</viewtype>
			<orientation>vertical</orientation>
			<preloaditems>2</preloaditems>
			<itemlayout height="168" width="168">
				<control type="image">
					<posx>2</posx>
					<posy>2</posy>
					<width>164</width>
					<height>164</height>
					<texture>views/frame_device_sq.png</texture>
				</control>
				<control type="image">
					<posx>12</posx>
					<posy>12</posy>
					<width>144</width>
					<height>144</height>
					<texture fallback="DefaultTVShows.png">$INFO[ListItem.Icon]</texture>
					<bordersize>4</bordersize>
					<bordertexture>views/info_cover_border.png</bordertexture>
				</control>
			</itemlayout>
			<focusedlayout height="168" width="168">
				<control type="image">
					<posx>2</posx>
					<posy>2</posy>
					<width>164</width>
					<height>164</height>
					<texture>views/frame_device_sq.png</texture>
				</control>
				<control type="group">
					<visible>!Skin.HasSetting(Hide_Focus_Panel)</visible>
					<control type="image">
						<posx>0</posx>
						<posy>168</posy>
						<width>168</width>
						<height>138</height>
						<animation type="Focus">
							<effect type="fade" time="10" delay="250"/>
							<effect type="slide" tween="circle" easing="out" start="0,-138" end="0,0" time="250" delay="250"/>
						</animation>
						<texture>views/hover_frame_device_capsule.png</texture>
						<visible>Control.HasFocus(204) + [Container(204).Row(0) | Container(204).Row(1)]</visible>
					</control>
					<control type="textbox">
						<posx>15</posx>
						<posy>168</posy>
						<width>138</width>
						<height>138</height>
						<font>font21sq</font>
						<align>left</align>
						<aligny>top</aligny>
						<animation type="Focus">
							<effect type="fade" end="100" time="200" delay="300"/>
							<effect type="slide" tween="circle" easing="out" start="0,-138" end="0,0" time="250" delay="250"/>
						</animation>
						<label>$INFO[ListItem.Property(NextEpisodeNumber),$LOCALIZE[20359] ][CR][COLOR lightgrey]$INFO[ListItem.Property(NextTitle)][/COLOR]</label>
						<visible>Control.HasFocus(204) + [Container(204).Row(0) | Container(204).Row(1)]</visible>
					</control>
					<control type="image">
						<posx>0</posx>
						<posy>-138</posy>
						<width>168</width>
						<height>138</height>
						<animation type="Focus">
							<effect type="fade" end="100" time="10" delay="250"/>
							<effect type="slide" tween="circle" easing="out" start="0,138" end="0,0" time="250" delay="250"/>
						</animation>
						<texture flipy="true">views/hover_frame_device_capsule.png</texture>
						<visible>Control.HasFocus(204) + Container(204).Row(2)</visible>
					</control>
					<control type="textbox">
						<posx>15</posx>
						<posy>-138</posy>
						<width>138</width>
						<height>138</height>
						<font>font21sq</font>
						<align>left</align>
						<aligny>top</aligny>
						<animation type="Focus">
							<effect type="fade" end="100" time="200" delay="300"/>
							<effect type="slide" tween="circle" easing="out" start="0,138" end="0,0" time="250" delay="250"/>
						</animation>
						<label>$INFO[ListItem.Property(NextEpisodeNumber),$LOCALIZE[20359] ][CR][COLOR lightgrey]$INFO[ListItem.Property(NextTitle)][/COLOR]</label>
						<visible>Control.HasFocus(204) + Container(204).Row(2)</visible>
					</control>
				</control>
				<control type="image">
					<posx>0</posx>
					<posy>0</posy>
					<width>168</width>
					<height>168</height>
					<texture>views/frame_device_sq_white.png</texture>
					<animation type="Focus">
						<effect type="fade" start="60" time="120"/>
						<effect type="zoom" start="97,97" center="auto" time="120" delay="60"/>
					</animation>
					<visible>Control.HasFocus(204)</visible>
				</control>
				<control type="image">
					<posx>12</posx>
					<posy>12</posy>
					<width>144</width>
					<height>144</height>
					<texture fallback="DefaultTVShows.png">$INFO[ListItem.Icon]</texture>
					<bordersize>4</bordersize>
					<bordertexture>views/info_cover_border.png</bordertexture>
				</control>
			</focusedlayout>
		</control>
	</include>
	<include name="Saturday_List">
		<control type="list" id="205">
			<width>168</width>
			<height>504</height>
			<onup>205</onup>
			<ondown>205</ondown>
			<scrolltime>200</scrolltime>
			<viewtype label="536">list</viewtype>
			<orientation>vertical</orientation>
			<preloaditems>2</preloaditems>
			<itemlayout height="168" width="168">
				<control type="image">
					<posx>2</posx>
					<posy>2</posy>
					<width>164</width>
					<height>164</height>
					<texture>views/frame_device_sq.png</texture>
				</control>
				<control type="image">
					<posx>12</posx>
					<posy>12</posy>
					<width>144</width>
					<height>144</height>
					<texture fallback="DefaultTVShows.png">$INFO[ListItem.Icon]</texture>
					<bordersize>4</bordersize>
					<bordertexture>views/info_cover_border.png</bordertexture>
				</control>
			</itemlayout>
			<focusedlayout height="168" width="168">
				<control type="image">
					<posx>2</posx>
					<posy>2</posy>
					<width>164</width>
					<height>164</height>
					<texture>views/frame_device_sq.png</texture>
				</control>
				<control type="image">
					<posx>0</posx>
					<posy>168</posy>
					<width>168</width>
					<height>138</height>
					<animation type="Focus">
						<effect type="fade" time="10" delay="250"/>
						<effect type="slide" tween="circle" easing="out" start="0,-138" end="0,0" time="250" delay="250"/>
					</animation>
					<texture>views/hover_frame_device_capsule.png</texture>
					<visible>Control.HasFocus(205) + [Container(205).Row(0) | Container(205).Row(1)]</visible>
				</control>
				<control type="textbox">
					<posx>15</posx>
					<posy>168</posy>
					<width>138</width>
					<height>138</height>
					<font>font21sq</font>
					<align>left</align>
					<aligny>top</aligny>
					<animation type="Focus">
						<effect type="fade" end="100" time="200" delay="300"/>
						<effect type="slide" tween="circle" easing="out" start="0,-138" end="0,0" time="250" delay="250"/>
					</animation>
					<label>$INFO[ListItem.Property(NextEpisodeNumber),$LOCALIZE[20359] ][CR][COLOR lightgrey]$INFO[ListItem.Property(NextTitle)][/COLOR]</label>
					<visible>Control.HasFocus(205) + [Container(205).Row(0) | Container(205).Row(1)]</visible>
				</control>
				<control type="image">
					<posx>0</posx>
					<posy>-138</posy>
					<width>168</width>
					<height>138</height>
					<animation type="Focus">
						<effect type="fade" end="100" time="10" delay="250"/>
						<effect type="slide" tween="circle" easing="out" start="0,138" end="0,0" time="250" delay="250"/>
					</animation>
					<texture flipy="true">views/hover_frame_device_capsule.png</texture>
					<visible>Control.HasFocus(205) + Container(205).Row(2)</visible>
				</control>
				<control type="textbox">
					<posx>15</posx>
					<posy>-138</posy>
					<width>138</width>
					<height>138</height>
					<font>font21sq</font>
					<align>left</align>
					<aligny>top</aligny>
					<animation type="Focus">
						<effect type="fade" end="100" time="200" delay="300"/>
						<effect type="slide" tween="circle" easing="out" start="0,138" end="0,0" time="250" delay="250"/>
					</animation>
					<label>$INFO[ListItem.Property(NextEpisodeNumber),$LOCALIZE[20359] ][CR][COLOR lightgrey]$INFO[ListItem.Property(NextTitle)][/COLOR]</label>
					<visible>Control.HasFocus(205) + Container(205).Row(2)</visible>
				</control>
				<control type="image">
					<posx>0</posx>
					<posy>0</posy>
					<width>168</width>
					<height>168</height>
					<texture>views/frame_device_sq_white.png</texture>
					<animation type="Focus">
						<effect type="fade" start="60" time="120"/>
						<effect type="zoom" start="97,97" center="auto" time="120" delay="60"/>
					</animation>
					<visible>Control.HasFocus(205)</visible>
				</control>
				<control type="image">
					<posx>12</posx>
					<posy>12</posy>
					<width>144</width>
					<height>144</height>
					<texture fallback="DefaultTVShows.png">$INFO[ListItem.Icon]</texture>
					<bordersize>4</bordersize>
					<bordertexture>views/info_cover_border.png</bordertexture>
				</control>
			</focusedlayout>
		</control>
	</include>
	<include name="Sunday_List">
		<control type="list" id="206">
			<width>168</width>
			<height>504</height>
			<onup>206</onup>
			<ondown>206</ondown>
			<scrolltime>200</scrolltime>
			<viewtype label="536">list</viewtype>
			<orientation>vertical</orientation>
			<preloaditems>2</preloaditems>
			<itemlayout height="168" width="168">
				<control type="image">
					<posx>2</posx>
					<posy>2</posy>
					<width>164</width>
					<height>164</height>
					<texture>views/frame_device_sq.png</texture>
				</control>
				<control type="image">
					<posx>12</posx>
					<posy>12</posy>
					<width>144</width>
					<height>144</height>
					<texture fallback="DefaultTVShows.png">$INFO[ListItem.Icon]</texture>
					<bordersize>4</bordersize>
					<bordertexture>views/info_cover_border.png</bordertexture>
				</control>
			</itemlayout>
			<focusedlayout height="168" width="168">
				<control type="image">
					<posx>2</posx>
					<posy>2</posy>
					<width>164</width>
					<height>164</height>
					<texture>views/frame_device_sq.png</texture>
				</control>
				<control type="group">
					<visible>!Skin.HasSetting(Hide_Focus_Panel)</visible>
					<control type="image">
						<posx>0</posx>
						<posy>168</posy>
						<width>168</width>
						<height>138</height>
						<animation type="Focus">
							<effect type="fade" time="10" delay="250"/>
							<effect type="slide" tween="circle" easing="out" start="0,-138" end="0,0" time="250" delay="250"/>
						</animation>
						<texture>views/hover_frame_device_capsule.png</texture>
						<visible>Control.HasFocus(206) + [Container(206).Row(0) | Container(206).Row(1)]</visible>
					</control>
					<control type="textbox">
						<posx>15</posx>
						<posy>168</posy>
						<width>138</width>
						<height>138</height>
						<font>font21sq</font>
						<align>left</align>
						<aligny>top</aligny>
						<animation type="Focus">
							<effect type="fade" end="100" time="200" delay="300"/>
							<effect type="slide" tween="circle" easing="out" start="0,-138" end="0,0" time="250" delay="250"/>
						</animation>
						<label>$INFO[ListItem.Property(NextEpisodeNumber),$LOCALIZE[20359] ][CR][COLOR lightgrey]$INFO[ListItem.Property(NextTitle)][/COLOR]</label>
						<visible>Control.HasFocus(206) + [Container(206).Row(0) | Container(206).Row(1)]</visible>
					</control>
					<control type="image">
						<posx>0</posx>
						<posy>-138</posy>
						<width>168</width>
						<height>138</height>
						<animation type="Focus">
							<effect type="fade" end="100" time="10" delay="250"/>
							<effect type="slide" tween="circle" easing="out" start="0,138" end="0,0" time="250" delay="250"/>
						</animation>
						<texture flipy="true">views/hover_frame_device_capsule.png</texture>
						<visible>Control.HasFocus(206) + Container(206).Row(2)</visible>
					</control>
					<control type="textbox">
						<posx>15</posx>
						<posy>-138</posy>
						<width>138</width>
						<height>138</height>
						<font>font21sq</font>
						<align>left</align>
						<aligny>top</aligny>
						<animation type="Focus">
							<effect type="fade" end="100" time="200" delay="300"/>
							<effect type="slide" tween="circle" easing="out" start="0,138" end="0,0" time="250" delay="250"/>
						</animation>
						<label>$INFO[ListItem.Property(NextEpisodeNumber),$LOCALIZE[20359] ][CR][COLOR lightgrey]$INFO[ListItem.Property(NextTitle)][/COLOR]</label>
						<visible>Control.HasFocus(206) + Container(206).Row(2)</visible>
					</control>
				</control>
				<control type="image">
					<posx>0</posx>
					<posy>0</posy>
					<width>168</width>
					<height>168</height>
					<texture>views/frame_device_sq_white.png</texture>
					<animation type="Focus">
						<effect type="fade" start="60" time="120"/>
						<effect type="zoom" start="97,97" center="auto" time="120" delay="60"/>
					</animation>
					<visible>Control.HasFocus(206)</visible>
				</control>
				<control type="image">
					<posx>12</posx>
					<posy>12</posy>
					<width>144</width>
					<height>144</height>
					<texture fallback="DefaultTVShows.png">$INFO[ListItem.Icon]</texture>
					<bordersize>4</bordersize>
					<bordertexture>views/info_cover_border.png</bordertexture>
				</control>
			</focusedlayout>
		</control>
	</include>
</includes>