<includes>

	<include name="Common_View_Menu">
		<control type="group" id="9300">
			<visible>ControlGroup(9300).HasFocus</visible>
			<animation type="Conditional" condition="ControlGroup(9300).HasFocus">
				<effect type="fade" start="0" end="100" time="180" />
				<effect type="slide" start="0,0" end="-240,0" time="0"/>
			</animation>
			<posx>240</posx>
			<posy>0</posy>
			<width>190</width>
			<height>608</height>
			<control type="image">
				<posx>192</posx>
				<posy>0</posy>
				<width>28</width>
				<height>608</height>
				<texture>menu/option_menu_back.png</texture>
			</control>
			<control type="button">
				<posx>190</posx>
				<posy>0</posy>
				<width>28</width>
				<height>608</height>
				<texturenofocus>-</texturenofocus>
				<texturefocus>-</texturefocus>
				<label>-</label>
				<onfocus>SetFocus(9111)</onfocus>
			</control>
			<control type="grouplist" id="9310">
				<description>Views submenu</description>
				<posx>0</posx>
				<posy>0</posy>
				<width>190</width>
				<height>608</height>
				<itemgap>0</itemgap>
				<pagecontrol>-</pagecontrol>
				<orientation>vertical</orientation>
				<onup>-</onup>
				<ondown>-</ondown>
				<onleft>-</onleft>
				<onright>-</onright>

				<control type="group">
					<description>Media Line View</description>
					<width>190</width>
					<height>74</height>
					<control type="button" id="9311">
						<posx>0</posx>
						<posy>0</posy>
						<width>190</width>
						<height>74</height>
						<texturenofocus>menu/submenu_top.png</texturenofocus>
						<texturefocus>menu/submenu_top_on.png</texturefocus>
						<label>-</label>
						<font>font23</font>
						<textoffsetx>72</textoffsetx>
						<textcolor>yellow</textcolor>
						<focusedcolor>green</focusedcolor>
						<onclick>Container.SetViewMode(50)</onclick>
						<onup>-</onup>
						<ondown>9312</ondown>
						<onleft>SetFocus(50)</onleft>
						<onright>SetFocus(9111)</onright>
					</control>
					<control type="image">
						<visible>!Control.HasFocus(9311)</visible>
						<posx>0</posx>
						<posy>0</posy>
						<width>74</width>
						<height>74</height>
						<texture>menu/submenu_view_line.png</texture>
						<colordiffuse>grey</colordiffuse>
					</control>
					<control type="image">
						<visible>Control.HasFocus(9311)</visible>
						<posx>0</posx>
						<posy>0</posy>
						<width>74</width>
						<height>74</height>
						<texture>menu/submenu_view_line.png</texture>
						<colordiffuse>green</colordiffuse>
					</control>
				</control>
				<control type="group">
					<description>Media Thumb View Medium Preview</description>
					<width>190</width>
					<height>74</height>
					<control type="button" id="9312">
						<posx>0</posx>
						<posy>0</posy>
						<width>190</width>
						<height>74</height>
						<texturenofocus>menu/submenu_center.png</texturenofocus>
						<texturefocus>menu/submenu_center_on.png</texturefocus>
						<label>-</label>
						<font>font23</font>
						<textoffsetx>72</textoffsetx>
						<textcolor>yellow</textcolor>
						<focusedcolor>green</focusedcolor>
						<onclick>Container.SetViewMode(51)</onclick>
						<onup>9311</onup>
						<ondown>9313</ondown>
						<onleft>SetFocus(50)</onleft>
						<onright>SetFocus(9111)</onright>
					</control>
					<control type="image">
						<visible>!Control.HasFocus(9312)</visible>
						<posx>0</posx>
						<posy>0</posy>
						<width>74</width>
						<height>74</height>
						<texture>menu/submenu_view_thumbs_preview.png</texture>
						<colordiffuse>grey</colordiffuse>
					</control>
					<control type="image">
						<visible>Control.HasFocus(9312)</visible>
						<posx>0</posx>
						<posy>0</posy>
						<width>74</width>
						<height>74</height>
						<texture>menu/submenu_view_thumbs_preview.png</texture>
						<colordiffuse>green</colordiffuse>
					</control>
				</control>
				<control type="group">
					<description>Media Thumb View Medium</description>
					<width>190</width>
					<height>74</height>
					<control type="button" id="9313">
						<posx>0</posx>
						<posy>0</posy>
						<width>190</width>
						<height>74</height>
						<texturenofocus>menu/submenu_center.png</texturenofocus>
						<texturefocus>menu/submenu_center_on.png</texturefocus>
						<label>-</label>
						<font>font23</font>
						<textoffsetx>72</textoffsetx>
						<textcolor>yellow</textcolor>
						<focusedcolor>green</focusedcolor>
						<onclick>Container.SetViewMode(52)</onclick>
						<onup>9312</onup>
						<ondown>9314</ondown>
						<onleft>SetFocus(50)</onleft>
						<onright>SetFocus(9111)</onright>
					</control>
					<control type="image">
						<visible>!Control.HasFocus(9313)</visible>
						<posx>0</posx>
						<posy>0</posy>
						<width>74</width>
						<height>74</height>
						<texture>menu/submenu_view_thumbs.png</texture>
						<colordiffuse>grey</colordiffuse>
					</control>
					<control type="image">
						<visible>Control.HasFocus(9313)</visible>
						<posx>0</posx>
						<posy>0</posy>
						<width>74</width>
						<height>74</height>
						<texture>menu/submenu_view_thumbs.png</texture>
						<colordiffuse>green</colordiffuse>
					</control>
				</control>
				<control type="group">
					<description>Media Thumb View Medium</description>
					<width>190</width>
					<height>74</height>
					<control type="button" id="9314">
						<posx>0</posx>
						<posy>0</posy>
						<width>190</width>
						<height>74</height>
						<texturenofocus>menu/submenu_center.png</texturenofocus>
						<texturefocus>menu/submenu_center_on.png</texturefocus>
						<label>-</label>
						<font>font23</font>
						<textoffsetx>72</textoffsetx>
						<textcolor>yellow</textcolor>
						<focusedcolor>green</focusedcolor>
						<onclick>Container.SetViewMode(53)</onclick>
						<onup>9313</onup>
						<ondown>9315</ondown>
						<onleft>SetFocus(50)</onleft>
						<onright>SetFocus(9111)</onright>
					</control>
					<control type="image">
						<visible>!Control.HasFocus(9314)</visible>
						<posx>0</posx>
						<posy>0</posy>
						<width>74</width>
						<height>74</height>
						<texture>menu/submenu_view_detailed.png</texture>
						<colordiffuse>grey</colordiffuse>
					</control>
					<control type="image">
						<visible>Control.HasFocus(9314)</visible>
						<posx>0</posx>
						<posy>0</posy>
						<width>74</width>
						<height>74</height>
						<texture>menu/submenu_view_detailed.png</texture>
						<colordiffuse>green</colordiffuse>
					</control>
				</control>
				<control type="group">
					<description>Media Thumb View Large</description>
					<width>190</width>
					<height>74</height>
					<control type="button" id="9315">
						<posx>0</posx>
						<posy>0</posy>
						<width>190</width>
						<height>74</height>
						<texturenofocus>menu/submenu_center.png</texturenofocus>
						<texturefocus>menu/submenu_center_on.png</texturefocus>
						<label>-</label>
						<font>font23</font>
						<textoffsetx>72</textoffsetx>
						<textcolor>yellow</textcolor>
						<focusedcolor>green</focusedcolor>
						<onclick>Container.SetViewMode(55)</onclick>
						<onup>9314</onup>
						<ondown>9316</ondown>
						<onleft>SetFocus(50)</onleft>
						<onright>SetFocus(9111)</onright>
					</control>
					<control type="image">
						<visible>!Control.HasFocus(9315)</visible>
						<posx>0</posx>
						<posy>0</posy>
						<width>74</width>
						<height>74</height>
						<texture>menu/submenu_view_thumbs_large.png</texture>
						<colordiffuse>grey</colordiffuse>
					</control>
					<control type="image">
						<visible>Control.HasFocus(9315)</visible>
						<posx>0</posx>
						<posy>0</posy>
						<width>74</width>
						<height>74</height>
						<texture>menu/submenu_view_thumbs_large.png</texture>
						<colordiffuse>green</colordiffuse>
					</control>
				</control>
				<control type="group">
					<description>Media Banner View</description>
					<width>190</width>
					<height>74</height>
					<visible>Container.Content(TVShows) | Container.Content(Seasons)</visible>
					<control type="button" id="9316">
						<posx>0</posx>
						<posy>0</posy>
						<width>190</width>
						<height>74</height>
						<texturenofocus>menu/submenu_center.png</texturenofocus>
						<texturefocus>menu/submenu_center_on.png</texturefocus>
						<label>-</label>
						<font>font23</font>
						<textoffsetx>72</textoffsetx>
						<textcolor>yellow</textcolor>
						<focusedcolor>green</focusedcolor>
						<onclick>Container.SetViewMode(54)</onclick>
						<onup>9315</onup>
						<ondown>9317</ondown>
						<onleft>SetFocus(50)</onleft>
						<onright>SetFocus(9111)</onright>
					</control>
					<control type="image">
						<visible>!Control.HasFocus(9316)</visible>
						<posx>0</posx>
						<posy>0</posy>
						<width>74</width>
						<height>74</height>
						<texture>menu/submenu_view_banner.png</texture>
						<colordiffuse>grey</colordiffuse>
					</control>
					<control type="image">
						<visible>Control.HasFocus(9316)</visible>
						<posx>0</posx>
						<posy>0</posy>
						<width>74</width>
						<height>74</height>
						<texture>menu/submenu_view_banner.png</texture>
						<colordiffuse>green</colordiffuse>
					</control>
				</control>
				<control type="group">
					<description>Media Banner Info View</description>
					<width>190</width>
					<height>74</height>
					<visible>Container.Content(TVShows) | Container.Content(Seasons)</visible>
					<control type="button" id="9317">
						<posx>0</posx>
						<posy>0</posy>
						<width>190</width>
						<height>74</height>
						<texturenofocus>menu/submenu_center.png</texturenofocus>
						<texturefocus>menu/submenu_center_on.png</texturefocus>
						<label>-</label>
						<font>font23</font>
						<textoffsetx>72</textoffsetx>
						<textcolor>yellow</textcolor>
						<focusedcolor>green</focusedcolor>
						<onclick>Container.SetViewMode(56)</onclick>
						<onup>9316</onup>
						<ondown>-</ondown>
						<onleft>SetFocus(50)</onleft>
						<onright>SetFocus(9111)</onright>
					</control>
					<control type="image">
						<visible>!Control.HasFocus(9317)</visible>
						<posx>0</posx>
						<posy>0</posy>
						<width>74</width>
						<height>74</height>
						<texture>menu/submenu_view_info_banner.png</texture>
						<colordiffuse>grey</colordiffuse>
					</control>
					<control type="image">
						<visible>Control.HasFocus(9317)</visible>
						<posx>0</posx>
						<posy>0</posy>
						<width>74</width>
						<height>74</height>
						<texture>menu/submenu_view_info_banner.png</texture>
						<colordiffuse>green</colordiffuse>
					</control>
				</control>
				<control type="group">
					<width>190</width>
					<height>74</height>
					<visible>!Container.Content(TVShows) + !Container.Content(Seasons)</visible>
					<control type="button">
						<posx>0</posx>
						<posy>0</posy>
						<width>190</width>
						<height>74</height>
						<texturenofocus>menu/submenu_center.png</texturenofocus>
						<texturefocus>menu/submenu_center.png</texturefocus>
						<onclick>-</onclick>
					</control>
				</control>
				<control type="group">
					<width>190</width>
					<height>74</height>
					<visible>!Container.Content(TVShows) + !Container.Content(Seasons)</visible>
					<control type="button">
						<posx>0</posx>
						<posy>0</posy>
						<width>190</width>
						<height>74</height>
						<texturenofocus>menu/submenu_center.png</texturenofocus>
						<texturefocus>menu/submenu_center.png</texturefocus>
						<onclick>-</onclick>
					</control>
				</control>
				<control type="group">
					<width>190</width>
					<height>90</height>
					<control type="button">
						<posx>0</posx>
						<posy>0</posy>
						<width>190</width>
						<height>90</height>
						<texturenofocus>menu/submenu_bottom.png</texturenofocus>
						<texturefocus>menu/submenu_bottom.png</texturefocus>
						<onclick>-</onclick>
					</control>
				</control>
			</control>
		</control>
	</include>

</includes>