﻿<window id="2006">
	<defaultcontrol>-</defaultcontrol>
	<allowoverlay>no</allowoverlay>
	<controls>
		<control type="visualisation" id="2">
			<description>visualisation</description>
			<posx>0</posx>
			<posy>0</posy>
			<width>1280</width>
			<height>720</height>
		</control>
		<control type="group">
			<visible>Player.ShowInfo + !Window.IsVisible(seekbar) + !Window.IsVisible(musicosd)</visible>
			<animation type="Visible">
				<effect type="fade" time="200" delay="0"/>
			</animation>
			<animation type="Hidden">
				<effect type="fade" time="200" delay="200"/>
			</animation>
			<animation type="Hidden" condition="!Window.IsVisible(seekbar)">
				<effect type="fade" time="200" delay="2000"/>
			</animation>
			<posx>83</posx>
			<posy>434</posy>
			<control type="group">
				<posx>0</posx>
				<posy>56</posy>
				<control type="image">
					<posx>0</posx>
					<posy>0</posy>
					<width>1114</width>
					<height>166</height>
					<texture>osd/osd_background_center.png</texture>
				</control>
				<control type="group">
					<posx>5</posx>
					<posy>5</posy>
					<control type="image">
						<posx>0</posx>
						<posy>0</posy>
						<width>156</width>
						<height>156</height>
						<texture>views/frame_device_sq_white.png</texture>
					</control>
					<control type="image">
						<description>cover image</description>
						<posx>13</posx>
						<posy>13</posy>
						<width>130</width>
						<height>130</height>
						<info>MusicPlayer.Cover</info>
						<aspectratio>keep</aspectratio>
						<bordersize>4</bordersize>
						<bordertexture>views/info_cover_border.png</bordertexture>
					</control>
				</control>
				<control type="group">
					<posx>186</posx>
					<posy>8</posy>
					<control type="group">
						<control type="label">
							<posx>0</posx>
							<posy>0</posy>
							<width>700</width>
							<height>40</height>
							<align>left</align>
							<aligny>center</aligny>
							<font>light28</font>
							<info>MusicPlayer.Title</info>
						</control>
						<control type="label">
							<visible>!IsEmpty(MusicPlayer.Artist) + !IsEmpty(MusicPlayer.Album)</visible>
							<posx>0</posx>
							<posy>37</posy>
							<width>700</width>
							<height>70</height>
							<align>left</align>
							<aligny>top</aligny>
							<font>light28</font>
							<label>$INFO[MusicPlayer.Artist] - $INFO[MusicPlayer.Album]</label>
						</control>
						<control type="label">
							<visible>IsEmpty(MusicPlayer.Artist) + !IsEmpty(MusicPlayer.Album)</visible>
							<posx>0</posx>
							<posy>37</posy>
							<width>700</width>
							<height>70</height>
							<align>left</align>
							<aligny>top</aligny>
							<font>light28</font>
							<label>$INFO[MusicPlayer.Album]</label>
						</control>
						<control type="label">
							<visible>!IsEmpty(MusicPlayer.Artist) + IsEmpty(MusicPlayer.Album)</visible>
							<posx>0</posx>
							<posy>37</posy>
							<width>700</width>
							<height>70</height>
							<align>left</align>
							<aligny>top</aligny>
							<font>light28</font>
							<label>$INFO[MusicPlayer.Artist]</label>
						</control>
						<control type="group">
							<posx>794</posx>
							<posy>10</posy>
							<include>Common_Clock_Short</include>
						</control>
						<control type="label">
							<description>Elapsed Time Label</description>
							<posx>0</posx>
							<posy>79</posy>
							<width>117</width>
							<height>20</height>
							<aligny>center</aligny>
							<font>font23</font>
							<info>Player.Time</info>
						</control>
						<control type="progress">
							<description>Progressbar for cache</description>
							<posx>119</posx>
							<posy>84</posy>
							<width>662</width>
							<height>14</height>
							<info>Player.progresscache</info>
							<midtexture border="7">osd/osd_slider_NF.png</midtexture>
							<overlaytexture>-</overlaytexture>
						</control>
						<control type="progress">
							<description>Progressbar</description>
							<posx>119</posx>
							<posy>84</posy>
							<width>662</width>
							<height>14</height>
							<info>Player.Progress</info>
							<texturebg>osd/osd_video_indicator_background_2.png</texturebg>
							<overlaytexture>-</overlaytexture>
						</control>
						<control type="label">
							<description>Total Time Label</description>
							<posx>900</posx>
							<posy>79</posy>
							<width>117</width>
							<height>20</height>
							<align>right</align>
							<aligny>center</aligny>
							<font>font23</font>
							<info>Player.Duration</info>
						</control>
						<control type="label">
							<description>next track</description>
							<visible>MusicPlayer.HasNext</visible>
							<posx>0</posx>
							<posy>110</posy>
							<width>800</width>
							<height>20</height>
							<align>left</align>
							<aligny>center</aligny>
							<font>light28</font>
							<label>$INFO[MusicPlayer.Offset(1).Title,[COLOR grey]$LOCALIZE[209]:[/COLOR] ]</label>
						</control>
						<control type="image">
							<description>repeat all icon</description>
							<posx>858</posx>
							<posy>105</posy>
							<width>50</width>
							<height>50</height>
							<texture>osd/osd_control_repeat_on.png</texture>
							<visible>Playlist.IsRepeat</visible>
						</control>
						<control type="image">
							<description>repeat icon</description>
							<posx>858</posx>
							<posy>105</posy>
							<width>50</width>
							<height>50</height>
							<texture>osd/osd_control_repeat_one_on.png</texture>
							<visible>Playlist.IsRepeatOne</visible>
						</control>
						<control type="image">
							<description>random icon</description>
							<posx>808</posx>
							<posy>105</posy>
							<width>50</width>
							<height>50</height>
							<texture>osd/osd_control_random_on.png</texture>
							<visible>Playlist.IsRandom</visible>
						</control>
					</control>
				</control>
				<control type="group">
					<animation effect="fade" time="200">VisibleChange</animation>
					<posx>0</posx>
					<posy>167</posy>
					<control type="image">
						<description>background image overlay</description>
						<posx>0</posx>
						<posy>0</posy>
						<width>1114</width>
						<height>54</height>
						<texture>osd/osd_background_bottom.png</texture>
					</control>
					<control type="label">
						<description>Codecinfo</description>
						<posx>25</posx>
						<posy>10</posy>
						<width>1064</width>
						<label>$INFO[musicplayer.Codec,[COLOR grey]$LOCALIZE[31101]:[/COLOR] ,]$INFO[musicplayer.Bitrate,[COLOR grey]   $LOCALIZE[623]:[/COLOR] ,kbps]$INFO[musicplayer.bitspersample,[COLOR grey]   $LOCALIZE[31102]:[/COLOR] ,bit]$INFO[musicplayer.Samplerate,[COLOR grey]   $LOCALIZE[31099]:[/COLOR] ,kHz]$INFO[musicplayer.Channels,[COLOR grey]   $LOCALIZE[31100]:[/COLOR] ]</label>
						<align>left</align>
						<font>font21</font>
					</control>
					<control type="image">
						<description>Star Rating</description>
						<posx>968</posx>
						<posy>14</posy>
						<width>122</width>
						<height>25</height>
						<aspectratio>keep</aspectratio>
						<info>Player.StarRating</info>
					</control>
				</control>
			</control>
		</control>
	</controls>
</window>
