<window id="600">
	<defaultcontrol>9110</defaultcontrol>
	<allowoverlay>no</allowoverlay>
	<controls>
		<include>Common_Background</include>
		<control type="group">
			<include>Common_Browse_Background_Top</include>
			<include>Main_Menu_Slide_Animation</include>
			<control type="group">
				<control type="group">
					<include>Main_Menu_Fade_Animation</include>
					<animation type="Conditional" condition="Window.IsVisible(movieinformation)">
						<effect type="fade" start="100" end="0" time="200"/>
					</animation>
					<description>First Page Video/Music/Photos/Applications</description>
					<posx>32</posx>
					<posy>54</posy>
					<width>1216</width>
					<height>32</height>
					<control type="image" id="110">
						<description>page header tab icon</description>
						<include>Common_Title_Image</include>
						<texture>icons/icon_video.png</texture>
					</control>
					<control type="label">
						<description>header label</description>
						<include>Common_Title_Label</include>
						<label>31153</label>
						<visible>Control.IsVisible(10)</visible>
					</control>
					<control type="label" id="30">
						<description>header label</description>
						<include>Common_Title_Label</include>
						<visible>Control.IsVisible(11) | Control.IsVisible(12) + !IsEmpty(Control.GetLabel(30))</visible>
					</control>
					<control type="label">
						<description>header label</description>
						<include>Common_Title_Label</include>
						<label>31154</label>
						<visible>Control.IsVisible(11) + IsEmpty(Control.GetLabel(30))</visible>
					</control>
					<control type="label">
						<description>header label</description>
						<include>Common_Title_Label</include>
						<label>31155</label>
						<visible>Control.IsVisible(12) + IsEmpty(Control.GetLabel(30))</visible>
					</control>
					<control type="label">
						<description>header label</description>
						<include>Common_Title_Label</include>
						<label>31156</label>
						<visible>Control.IsVisible(13)</visible>
					</control>
					<control type="label">
						<description>header label</description>
						<include>Common_Title_Label</include>
						<label>31157</label>
						<visible>Control.IsVisible(14)</visible>
					</control>
					<control type="label">
						<description>header label</description>
						<include>Common_Title_Label</include>
						<label>31158</label>
						<visible>Control.IsVisible(15)</visible>
					</control>
					<control type="label">
						<description>header label</description>
						<include>Common_Title_Label</include>
						<label>$LOCALIZE[31159]</label>
						<visible>Control.IsVisible(16) + !SubString(Control.GetLabel(31),$LOCALIZE[19030])</visible>
					</control>
					<control type="label">
						<description>header label</description>
						<include>Common_Title_Label</include>
						<label>$LOCALIZE[31162]</label>
						<visible>Control.IsVisible(16) + SubString(Control.GetLabel(31),$LOCALIZE[19030])</visible>
					</control>
					<control type="label">
						<description>header label</description>
						<include>Common_Title_Label</include>
						<label>31160</label>
						<visible>Control.IsVisible(17)</visible>
					</control>
					<control type="group">
						<description>time group</description>
						<posx>600</posx>
						<posy>-34</posy>
						<include>Common_Clock</include>
					</control>
					<control type="label">
						<description>header label</description>
						<posx>1200</posx>
						<posy>11</posy>
						<width>200</width>
						<height>20</height>
						<font>font21</font>
						<align>right</align>
						<aligny>center</aligny>
						<textcolor>green</textcolor>
						<label>$INFO[Container(11).NumItems] $LOCALIZE[31161]</label>
						<visible>Control.IsVisible(11)</visible>
					</control>
					<control type="label">
						<description>header label</description>
						<posx>1200</posx>
						<posy>11</posy>
						<width>200</width>
						<height>20</height>
						<font>font21</font>
						<align>right</align>
						<aligny>center</aligny>
						<textcolor>green</textcolor>
						<label>$INFO[Container(12).NumItems] $LOCALIZE[31161]</label>
						<visible>Control.IsVisible(12)</visible>
					</control>
				</control>
				<control type="group">
					<animation type="Conditional" condition="ControlGroup(9110).HasFocus | ControlGroup(9200).HasFocus | ControlGroup(9300).HasFocus | ControlGroup(9400).HasFocus | ControlGroup(9500).HasFocus | ControlGroup(9600).HasFocus | ControlGroup(9700).HasFocus">
						<effect type="fade" start="100" end="90" time="180"/>
						<effect type="slide" start="0,0" end="-224,0" time="120"/>
					</animation>
					<include>Common_Browse_Background_Bottom</include>
					<control type="group" id="50">
						<include>Window_Fade_Animation</include>
						<animation type="Conditional" condition="Window.IsVisible(custom_51_main_menu.xml) | ControlGroup(9110).HasFocus | ControlGroup(9200).HasFocus | ControlGroup(9300).HasFocus | ControlGroup(9400).HasFocus | ControlGroup(9500).HasFocus | ControlGroup(9600).HasFocus | ControlGroup(9700).HasFocus" reversible="true">
							<effect type="fade" start="100" end="50" time="180"/>
						</animation>
						<animation type="Conditional" condition="Window.IsVisible(movieinformation) | Window.IsVisible(progressdialog)"/>
						<include>PVR_Episode_Guide_View</include>
						<include>PVR_TV_View</include>
						<include>PVR_Radio_View</include>
						<include>PVR_Recordings_View</include>
						<include>PVR_Timer_View</include>
						<include>PVR_Channel_Guide_View</include>
						<include>PVR_Now_Next_Guide_View</include>
						<include>PVR_Search_View</include>
						<control type="grouplist">
							<visible>Control.IsVisible(11) | Control.IsVisible(12) | Control.IsVisible(13) | Control.IsVisible(15) | Control.IsVisible(16)</visible>
							<visible>!Container.OnNext + !Container.OnPrevious</visible>
							<animation effect="fade" start="0" end="100" time="200" delay="100">Visible</animation>
							<posx>870</posx>
							<posy>124</posy>
							<width>358</width>
							<height>578</height>
							<itemgap>8</itemgap>
							<orientation>vertical</orientation>
							<control type="group">
								<width>358</width>
								<height>320</height>
								<control type="image">
									<posx>0</posx>
									<posy>0</posy>
									<width>358</width>
									<height>320</height>
									<info>ListItem.Thumb</info>
									<bordersize>4</bordersize>
									<aspectratio>keep</aspectratio>
									<bordertexture>views/info_cover_border.png</bordertexture>
									<visible>!IsEmpty(ListItem.Thumb) + !Player.HasVideo</visible>
								</control>
								<control type="image">
									<posx>79</posx>
									<posy>120</posy>
									<width>200</width>
									<height>200</height>
									<texture fallback="DefaultVideo.png">$INFO[ListItem.Icon]</texture>
									<aspectratio>keep</aspectratio>
									<visible>IsEmpty(ListItem.Thumb) + !Player.HasVideo</visible>
								</control>
							</control>
							<control type="label">
								<info>ListItem.Title</info>
								<width>348</width>
								<height>68</height>
								<font>font23</font>
								<aligny>center</aligny>
								<wrapmultiline>true</wrapmultiline>
							</control>
							<control type="image">
								<visible>!IsEmpty(ListItem.Title)</visible>
								<width>348</width>
								<height>2</height>
								<texture>views/line_divider.png</texture>
							</control>
							<control type="group">
								<description>plot</description>
								<visible>!IsEmpty(ListItem.Plot)</visible>
								<width>348</width>
								<height>72</height>
								<control type="textbox">
									<description>plot</description>
									<posx>0</posx>
									<posy>-6</posy>
									<width>348</width>
									<height>78</height>
									<font>font18</font>
									<align>left</align>
									<info>ListItem.Plot</info>
								</control>
							</control>
							<control type="image">
								<visible>!IsEmpty(ListItem.Plot)</visible>
								<width>348</width>
								<height>2</height>
								<texture>views/line_divider.png</texture>
							</control>
							<control type="label">
								<description>StartTime value</description>
								<visible>!IsEmpty(ListItem.Plot) + !IsEmpty(ListItem.StartTime) + !Control.IsVisible(13)</visible>
								<width>348</width>
								<height>20</height>
								<aligny>top</aligny>
								<label>[COLOR grey]$LOCALIZE[31151]:[/COLOR] $INFO[ListItem.StartTime]</label>
								<font>font21</font>
							</control>
							<control type="label">
								<description>EndTime value</description>
								<visible>!IsEmpty(ListItem.Plot) + !IsEmpty(ListItem.EndTime) + !Control.IsVisible(13)</visible>
								<width>348</width>
								<height>20</height>
								<aligny>top</aligny>
								<label>[COLOR grey]$LOCALIZE[31152]:[/COLOR] $INFO[ListItem.EndTime]</label>
								<font>font21</font>
							</control>
						</control>
						<control type="group">
							<visible>Player.HasVideo + !Control.IsVisible(10) + !Control.IsVisible(14) + !Control.IsVisible(17)</visible>
							<animation effect="fade" start="0" end="100" time="200" delay="100">Visible</animation>
							<posx>870</posx>
							<posy>124</posy>
							<control type="image">
								<posx>0</posx>
								<posy>73</posy>
								<width>360</width>
								<height>206</height>
								<texture>views/info_cover_border.png</texture>
							</control>
							<control type="videowindow">
								<animation effect="zoom" start="100" end="0" time="0">WindowClose</animation>
								<posx>4</posx>
								<posy>77</posy>
								<width>352</width>
								<height>198</height>
							</control>
						</control>
					</control>
					<include>Common_Main_Menu_Button</include>
					<include>Common_Browse_Menu_Button</include>
				</control>
				<control type="group">
					<animation type="Conditional" condition="ControlGroup(9110).HasFocus | ControlGroup(9200).HasFocus | ControlGroup(9300).HasFocus | ControlGroup(9400).HasFocus | ControlGroup(9500).HasFocus | ControlGroup(9600).HasFocus | ControlGroup(9700).HasFocus">
						<effect type="fade" start="0" end="100" time="180" delay="180"/>
						<effect type="slide" start="0,0" end="-230,0" time="120" delay="180"/>
					</animation>
					<control type="group">
						<posx>1280</posx>
						<posy>102</posy>
						<width>220</width>
						<height>608</height>
						<control type="group">
							<control type="grouplist" id="9110">
								<animation type="Conditional" condition="ControlGroup(9200).HasFocus | ControlGroup(9300).HasFocus | ControlGroup(9400).HasFocus | ControlGroup(9500).HasFocus | ControlGroup(9600).HasFocus | ControlGroup(9700).HasFocus">
									<effect type="fade" start="100" end="0" time="180"/>
									<effect type="slide" start="0,0" end="220,0" time="120"/>
								</animation>
								<posx>0</posx>
								<posy>0</posy>
								<width>220</width>
								<height>610</height>
								<itemgap>0</itemgap>
								<pagecontrol>-</pagecontrol>
								<orientation>vertical</orientation>
								<onup>-</onup>
								<ondown>-</ondown>
								<onleft>-</onleft>
								<onright>-</onright>
								<control type="button" id="32">
									<description>TV Channels</description>
									<posx>0</posx>
									<posy>0</posy>
									<width>220</width>
									<height>74</height>
									<aligny>center</aligny>
									<label>19023</label>
									<font>font23</font>
									<textoffset>22</textoffset>
									<textcolor>grey</textcolor>
									<focusedcolor>green</focusedcolor>
									<texturenofocus>menu/menu_top.png</texturenofocus>
									<texturefocus>menu/menu_top_on.png</texturefocus>
									<onright>-</onright>
									<onup>-</onup>
									<ondown>33</ondown>
									<onleft>11</onleft>
								</control>
								<control type="button" id="33">
									<description>Radio Channels</description>
									<posx>0</posx>
									<posy>0</posy>
									<width>220</width>
									<height>74</height>
									<aligny>center</aligny>
									<font>font23</font>
									<label>19024</label>
									<textoffset>22</textoffset>
									<textcolor>grey</textcolor>
									<focusedcolor>green</focusedcolor>
									<texturenofocus>menu/menu_center.png</texturenofocus>
									<texturefocus>menu/menu_center_on.png</texturefocus>
									<onright>-</onright>
									<onup>32</onup>
									<ondown>31</ondown>
									<onleft>12</onleft>
								</control>
								<control type="button" id="31">
									<description>TV Guide</description>
									<posx>0</posx>
									<posy>0</posy>
									<width>220</width>
									<height>74</height>
									<aligny>center</aligny>
									<font>font23</font>
									<label>$LOCALIZE[19222]: $LOCALIZE[19030]</label>
									<textoffset>22</textoffset>
									<textcolor>grey</textcolor>
									<focusedcolor>green</focusedcolor>
									<texturenofocus>menu/menu_center.png</texturenofocus>
									<texturefocus>menu/menu_center_on.png</texturefocus>
									<onright>-</onright>
									<onup>33</onup>
									<ondown>34</ondown>
									<onleft>15</onleft>
								</control>
								<control type="button" id="35">
									<description>Timers</description>
									<posx>0</posx>
									<posy>0</posy>
									<width>220</width>
									<height>74</height>
									<font>font23</font>
									<label>19040</label>
									<textoffset>22</textoffset>
									<textcolor>grey</textcolor>
									<focusedcolor>green</focusedcolor>
									<texturenofocus>menu/menu_center.png</texturenofocus>
									<texturefocus>menu/menu_center_on.png</texturefocus>
									<onright>-</onright>
									<onup>34</onup>
									<ondown>36</ondown>
									<onleft>14</onleft>
								</control>
								<control type="button" id="36">
									<description>Search</description>
									<posx>0</posx>
									<posy>0</posy>
									<width>220</width>
									<height>74</height>
									<font>font23</font>
									<label>137</label>
									<textoffset>22</textoffset>
									<textcolor>grey</textcolor>
									<focusedcolor>green</focusedcolor>
									<texturenofocus>menu/menu_center.png</texturenofocus>
									<texturefocus>menu/menu_center_on.png</texturefocus>
									<onright>-</onright>
									<onup>35</onup>
									<ondown>-</ondown>
									<onleft>17</onleft>
								</control>
								<control type="button">
									<posx>0</posx>
									<posy>0</posy>
									<width>220</width>
									<height>74</height>
									<texturenofocus>menu/menu_center.png</texturenofocus>
									<texturefocus>menu/menu_center.png</texturefocus>
									<onclick>-</onclick>
								</control>
								<control type="button">
									<posx>0</posx>
									<posy>0</posy>
									<width>220</width>
									<height>74</height>
									<texturenofocus>menu/menu_center.png</texturenofocus>
									<texturefocus>menu/menu_center.png</texturefocus>
									<onclick>-</onclick>
								</control>
								<control type="button">
									<posx>0</posx>
									<posy>0</posy>
									<width>220</width>
									<height>74</height>
									<texturenofocus>menu/menu_center.png</texturenofocus>
									<texturefocus>menu/menu_center.png</texturefocus>
									<onclick>-</onclick>
								</control>
								<control type="button">
									<posx>0</posx>
									<posy>0</posy>
									<width>220</width>
									<height>16</height>
									<texturenofocus>menu/menu_bottom_small.png</texturenofocus>
									<texturefocus>menu/menu_bottom_small.png</texturefocus>
									<onclick>-</onclick>
								</control>
							</control>
							<include>Common_View_Menu</include>
						</control>
					</control>
					<control type="button" id="34">
						<description>Recordings</description>
					</control>
				</control>
			</control>
		</control>
	</controls>
</window>