<window type="dialog" id="114">
	<defaultcontrol always="true">402</defaultcontrol>
	<visible>Player.HasMedia + Window.IsActive(PlayerControls) + !Window.IsActive(FullscreenVideo) + !Window.IsActive(Visualisation)</visible>
	<animation effect="slide" time="200" start="0,100" end="0,0">WindowOpen</animation>
	<animation effect="slide" time="200" end="0,100" start="0,0">WindowClose</animation>
	<coordinates>
		<posx>498</posx>
		<posy>620</posy>
	</coordinates>
	<controls>
		<control type="image">
			<posx>0</posx>
			<posy>0</posy>
			<width>285</width>
			<height>60</height>
			<colordiffuse>55FFFFFF</colordiffuse>
			<texture>grey.png</texture>
		</control>
		<control type="image">
			<posx>5</posx>
			<posy>5</posy>
			<width>275</width>
			<height>50</height>
			<colordiffuse>DDFFFFFF</colordiffuse>
			<texture>black.png</texture>
		</control>
		<control type="button" id="400">
			<posx>10</posx>
			<posy>10</posy>
			<width>40</width>
			<height>40</height>
			<label>-</label>
			<texturefocus>buttons/focus.png</texturefocus>
			<texturenofocus>buttons/nofocus.png</texturenofocus>
			<onleft>406</onleft>
			<onright>401</onright>
			<onup>400</onup>
			<ondown>400</ondown>
			<onclick>PlayerControl(Previous)</onclick>
		</control>
		<control type="image">
			<visible>!Control.HasFocus(400)</visible>
			<posx>10</posx>
			<posy>10</posy>
			<width>40</width>
			<height>40</height>
			<texture>osd/osd_control_skip_back_on.png</texture>
			<colordiffuse>green</colordiffuse>
		</control>
		<control type="image">
			<visible>Control.HasFocus(400)</visible>
			<posx>10</posx>
			<posy>10</posy>
			<width>40</width>
			<height>40</height>
			<texture>osd/osd_control_skip_back_on.png</texture>
		</control>
		<control type="button" id="401">
			<posx>55</posx>
			<posy>10</posy>
			<width>40</width>
			<height>40</height>
			<label>-</label>
			<texturefocus>buttons/focus.png</texturefocus>
			<texturenofocus>buttons/nofocus.png</texturenofocus>
			<onleft>400</onleft>
			<onright>402</onright>
			<onup>401</onup>
			<ondown>401</ondown>
			<onclick>PlayerControl(Rewind)</onclick>
		</control>
		<control type="image">
			<visible>!Control.HasFocus(401)</visible>
			<posx>55</posx>
			<posy>10</posy>
			<width>40</width>
			<height>40</height>
			<texture>osd/osd_control_rewind_on.png</texture>
			<colordiffuse>green</colordiffuse>
		</control>
		<control type="image">
			<visible>Control.HasFocus(401)</visible>
			<posx>55</posx>
			<posy>10</posy>
			<width>40</width>
			<height>40</height>
			<texture>osd/osd_control_rewind_on.png</texture>
		</control>
		<control type="button" id="402">
			<posx>100</posx>
			<posy>10</posy>
			<width>40</width>
			<height>40</height>
			<label>-</label>
			<texturefocus>buttons/focus.png</texturefocus>
			<texturenofocus>buttons/nofocus.png</texturenofocus>
			<onleft>401</onleft>
			<onright>403</onright>
			<onup>402</onup>
			<ondown>402</ondown>
			<onclick>PlayerControl(Play)</onclick>
		</control>
		<control type="image">
			<visible>!Control.HasFocus(402)</visible>
			<posx>100</posx>
			<posy>10</posy>
			<width>40</width>
			<height>40</height>
			<visible>!Player.Paused + !Player.Forwarding + !Player.Rewinding + !Control.HasFocus(9104)</visible>
			<texture>osd/osd_control_pause_on.png</texture>
			<colordiffuse>green</colordiffuse>
		</control>
		<control type="image">
			<visible>!Control.HasFocus(402)</visible>
			<posx>100</posx>
			<posy>10</posy>
			<width>40</width>
			<height>40</height>
			<visible>[Player.Paused | Player.Forwarding | Player.Rewinding] + !Control.HasFocus(9104)</visible>
			<texture>osd/osd_control_play_on.png</texture>
			<colordiffuse>green</colordiffuse>
		</control>
		<control type="image">
			<visible>Control.HasFocus(402)</visible>
			<posx>100</posx>
			<posy>10</posy>
			<width>40</width>
			<height>40</height>
			<visible>!Player.Paused + !Player.Forwarding + !Player.Rewinding + !Control.HasFocus(9104)</visible>
			<texture>osd/osd_control_pause_on.png</texture>
		</control>
		<control type="image">
			<visible>Control.HasFocus(402)</visible>
			<posx>100</posx>
			<posy>10</posy>
			<width>40</width>
			<height>40</height>
			<visible>[Player.Paused | Player.Forwarding | Player.Rewinding] + !Control.HasFocus(9104)</visible>
			<texture>osd/osd_control_play_on.png</texture>
		</control>
		<control type="button" id="403">
			<posx>145</posx>
			<posy>10</posy>
			<width>40</width>
			<height>40</height>
			<label>-</label>
			<texturefocus>buttons/focus.png</texturefocus>
			<texturenofocus>buttons/nofocus.png</texturenofocus>
			<onleft>402</onleft>
			<onright>405</onright>
			<onup>403</onup>
			<ondown>403</ondown>
			<onclick>PlayerControl(Stop)</onclick>
		</control>
		<control type="image">
			<visible>!Control.HasFocus(403)</visible>
			<posx>145</posx>
			<posy>10</posy>
			<width>40</width>
			<height>40</height>
			<texture>osd/osd_control_stop_on.png</texture>
			<colordiffuse>green</colordiffuse>
		</control>
		<control type="image">
			<visible>Control.HasFocus(403)</visible>
			<posx>145</posx>
			<posy>10</posy>
			<width>40</width>
			<height>40</height>
			<texture>osd/osd_control_stop_on.png</texture>
		</control>
		<control type="button" id="405">
			<posx>190</posx>
			<posy>10</posy>
			<width>40</width>
			<height>40</height>
			<label>-</label>
			<texturefocus>buttons/focus.png</texturefocus>
			<texturenofocus>buttons/nofocus.png</texturenofocus>
			<onclick>PlayerControl(Forward)</onclick>
			<onleft>403</onleft>
			<onright>406</onright>
			<onup>405</onup>
			<ondown>405</ondown>
		</control>
		<control type="image">
			<visible>!Control.HasFocus(405)</visible>
			<posx>190</posx>
			<posy>10</posy>
			<width>40</width>
			<height>40</height>
			<texture>osd/osd_control_forward_on.png</texture>
			<colordiffuse>green</colordiffuse>
		</control>
		<control type="image">
			<visible>Control.HasFocus(405)</visible>
			<posx>190</posx>
			<posy>10</posy>
			<width>40</width>
			<height>40</height>
			<texture>osd/osd_control_forward_on.png</texture>
		</control>
		<control type="button" id="406">
			<posx>235</posx>
			<posy>10</posy>
			<width>40</width>
			<height>40</height>
			<label>-</label>
			<texturefocus>buttons/focus.png</texturefocus>
			<texturenofocus>buttons/nofocus.png</texturenofocus>
			<onclick>PlayerControl(Next)</onclick>
			<onleft>405</onleft>
			<onright>400</onright>
			<onup>406</onup>
			<ondown>406</ondown>
		</control>
		<control type="image">
			<visible>!Control.HasFocus(406)</visible>
			<posx>235</posx>
			<posy>10</posy>
			<width>40</width>
			<height>40</height>
			<texture>osd/osd_control_skip_forward_on.png</texture>
			<colordiffuse>green</colordiffuse>
		</control>
		<control type="image">
			<visible>Control.HasFocus(406)</visible>
			<posx>235</posx>
			<posy>10</posy>
			<width>40</width>
			<height>40</height>
			<texture>osd/osd_control_skip_forward_on.png</texture>
		</control>
	</controls>
</window>