<window id="105">
	<defaultcontrol>-</defaultcontrol>
	<coordinates>
		<posx>0</posx>
		<posy>0</posy>
	</coordinates>
	<controls>
		<control type="image" id="1">
			<description>Pointer Image</description>
			<posx>0</posx>
			<posy>0</posy>
			<width>30</width>
			<height>30</height>
			<texture>icons/pointer-nofocus.png</texture>
		</control>
		<control type="image" id="2">
			<description>Pointer Focus Image</description>
			<posx>0</posx>
			<posy>0</posy>
			<width>30</width>
			<height>30</height>
			<texture>icons/pointer-focus.png</texture>
		</control>
		<control type="image" id="3">
			<description>Pointer Drag Image</description>
			<posx>0</posx>
			<posy>0</posy>
			<width>30</width>
			<height>30</height>
			<texture>icons/pointer-focus-drag.png</texture>
		</control>
		<control type="image" id="4">
			<description>Pointer Click Image</description>
			<posx>0</posx>
			<posy>0</posy>
			<width>30</width>
			<height>30</height>
			<texture>icons/pointer-focus-click.png</texture>
		</control>
	</controls>
</window>