<window id="130">
	<defaultcontrol always="true">5</defaultcontrol>
	<controls>
		<include>Dialog_Popup_Background</include>
		<control type="group">
			<include>Dialog_Popup_Animation</include>
			<posx>190</posx>
			<posy>156</posy>
			<control type="image">
				<description>dialog background</description>
				<posx>0</posx>
				<posy>0</posy>
				<width>900</width>
				<height>520</height>
				<texture>backgrounds/background.png</texture>
			</control>
			<control type="label">
				<description>heading label</description>
				<posx>25</posx>
				<posy>30</posy>
				<width>650</width>
				<height>30</height>
				<align>left</align>
				<aligny>center</aligny>
				<font>light28</font>
				<label>20067</label>
				<textcolor>green</textcolor>
			</control>
			<control type="image" id="2">
				<description>profile image</description>
				<posx>565</posx>
				<posy>165</posy>
				<width>310</width>
				<height>175</height>
				<bordersize>4</bordersize>
				<aspectratio>keep</aspectratio>
				<bordertexture>views/info_cover_border.png</bordertexture>
				<texture>unknown-user.png</texture>
			</control>
			<control type="label">
				<description>profile name label</description>
				<posx>25</posx>
				<posy>70</posy>
				<width>535</width>
				<align>left</align>
				<font>font23</font>
				<textcolor>white</textcolor>
				<label>[COLOR=grey]$LOCALIZE[20093]:[/COLOR] $INFO[Control.GetLabel(1000)]</label>
			</control>
			<control type="label" id="1000">
				<description>profile name label</description>
				<posx>25</posx>
				<posy>70</posy>
				<width>535</width>
				<align>left</align>
				<font>font23</font>
				<textcolor>green</textcolor>
				<visible>false</visible>
			</control>
			<control type="label">
				<description>directory label</description>
				<posx>25</posx>
				<posy>110</posy>
				<width>535</width>
				<align>left</align>
				<font>font23</font>
				<textcolor>white</textcolor>
				<label>[COLOR=grey]$LOCALIZE[20070]:[/COLOR] $INFO[Control.GetLabel(1001)]</label>
			</control>
			<control type="label" id="1001">
				<description>directory label</description>
				<posx>25</posx>
				<posy>110</posy>
				<width>535</width>
				<align>left</align>
				<font>font23</font>
				<textcolor>green</textcolor>
				<visible>false</visible>
			</control>

			<control type="grouplist" id="5">
				<description>control area</description>
				<posx>25</posx>
				<posy>165</posy>
				<width>515</width>
				<height>176</height>
				<itemgap>0</itemgap>
				<onup>-</onup>
				<ondown>9001</ondown>
				<onleft>-</onleft>
				<onright>90</onright>
				<pagecontrol>90</pagecontrol>
			</control>
			<control type="button" id="7">
				<description>Default Button</description>
				<posx>0</posx>
				<posy>0</posy>
				<height>44</height>
				<font>font21</font>
				<textcolor>white</textcolor>
				<focusedcolor>black</focusedcolor>
				<disabledcolor>disabled</disabledcolor>
				<textoffsetx>20</textoffsetx>
				<texturefocus>views/line_frame_device_white.png</texturefocus>
				<texturenofocus>views/line_frame_device_black.png</texturenofocus>
				<pulseonselect>false</pulseonselect>
			</control>
			<control type="radiobutton" id="8">
				<description>Default RadioButton</description>
				<height>44</height>
				<font>font21</font>
				<textcolor>white</textcolor>
				<focusedcolor>black</focusedcolor>
				<disabledcolor>disabled</disabledcolor>
				<texturefocus>views/line_frame_device_white.png</texturefocus>
				<texturenofocus>views/line_frame_device_black.png</texturenofocus>
				<textoffsetx>20</textoffsetx>
				<textureradiofocus>icons/settings_radio_button_selected.png</textureradiofocus>
				<textureradionofocus>icons/settings_radio_button.png</textureradionofocus>
				<pulseonselect>false</pulseonselect>
				<radioposy>9</radioposy>
				<radiowidth>26</radiowidth>
				<radioheight>26</radioheight>
			</control>
			<control type="image" id="11">
				<description>separator image</description>
				<texture>-</texture>
			</control>
			<control type="scrollbar" id="90">
				<description>scroll bar indicator for lists</description>
				<posx>545</posx>
				<posy>165</posy>
				<width>12</width>
				<height>176</height>
				<onleft>5</onleft>
				<texturesliderbackground border="0,8,0,8">icons/scrollbar_vertical_bg.png</texturesliderbackground>
				<texturesliderbar border="4,8,4,8">icons/scrollbar_vertical_nib.png</texturesliderbar>
				<texturesliderbarfocus border="4,8,4,8">icons/scrollbar_vertical_nib_on.png</texturesliderbarfocus>
				<textureslidernib>-</textureslidernib>
				<textureslidernibfocus>-</textureslidernibfocus>
				<orientation>vertical</orientation>
				<showonepage>false</showonepage>
			</control>

			<control type="grouplist" id="9001">
				<posx>25</posx>
				<posy>466</posy>
				<width>500</width>
				<height>33</height>
				<onup>15</onup>
				<itemgap>10</itemgap>
				<orientation>horizontal</orientation>
				<control type="button" id="29">
					<description>Cancel Button</description>
					<width>33</width>
					<height>33</height>
					<texturefocus>icons/icon_cancel_on.png</texturefocus>
					<texturenofocus>icons/icon_cancel.png</texturenofocus>
					<font>-</font>
					<onleft>-</onleft>
					<hitrect x="0" y="0" w="100" h="33" />
				</control>
				<control type="label" id="20">
					<visible>!Control.HasFocus(29)</visible>
					<width min="0" max="200">auto</width>
					<height>33</height>
					<label>222</label>
					<font>font23</font>
					<textcolor>grey</textcolor>
				</control>
				<control type="label" id="21">
					<visible>Control.HasFocus(29)</visible>
					<width min="0" max="200">auto</width>
					<height>33</height>
					<label>222</label>
					<font>font23</font>
					<textcolor>green</textcolor>
				</control>
				<control type="label" id="22">
					<width>4</width>
					<height>33</height>
				</control>
				<control type="button" id="28">
					<description>OK Button</description>
					<width>33</width>
					<height>33</height>
					<texturefocus>icons/icon_ok_on.png</texturefocus>
					<texturenofocus>icons/icon_ok.png</texturenofocus>
					<font>-</font>
					<onright>-</onright>
					<hitrect x="0" y="0" w="100" h="33" />
				</control>
				<control type="label" id="23">
					<visible>!Control.HasFocus(28)</visible>
					<width min="0" max="200">auto</width>
					<height>33</height>
					<label>186</label>
					<font>font23</font>
					<textcolor>grey</textcolor>
				</control>
				<control type="label" id="24">
					<visible>Control.HasFocus(28)</visible>
					<width min="0" max="200">auto</width>
					<height>33</height>
					<label>186</label>
					<font>font23</font>
					<textcolor>green</textcolor>
				</control>
			</control>
		</control>
	</controls>
</window>
