<window>
	<defaultcontrol always="true">2000</defaultcontrol>
	<allowoverlay>no</allowoverlay>
	<controls>
		<control type="videowindow">
			<posx>0</posx>
			<posy>0</posy>
			<width>1280</width>
			<height>720</height>
			<visible>Player.HasVideo</visible>
		</control>
		<control type="visualisation">
			<posx>0</posx>
			<posy>0</posy>
			<width>1280</width>
			<height>720</height>
			<visible>Player.HasAudio + !IsEmpty(visualisation.name) + !SubString(Window(videolibrary).Property(TvTunesIsAlive),True)</visible>
		</control>
		<control type="group">
			<visible>!Player.HasMedia | [Player.HasAudio + [IsEmpty(visualisation.name) | SubString(Window(videolibrary).Property(TvTunesIsAlive),True)]]</visible>
			<control type="group">
				<visible>!Skin.HasSetting(ShowFanart) | IsEmpty(ListItem.Property(Fanart_Image))</visible>
				<animation effect="fade" start="0" end="100" time="600">Visible</animation>
				<control type="group">
					<visible>!Skin.HasSetting(EnableCustomBG) + !Skin.HasSetting(EnableCustomBGFolder)</visible>
					<control type="image">
						<visible>System.Time(03:00,09:00)</visible>
						<posx>0</posx>
						<posy>0</posy>
						<width>1280</width>
						<height>720</height>
						<texture flipx="true">backgrounds/background_dawn.png</texture>
					</control>
					<control type="image">
						<visible>System.Time(09:00,20:00)</visible>
						<posx>0</posx>
						<posy>0</posy>
						<width>1280</width>
						<height>720</height>
						<texture flipx="true">backgrounds/background_day.png</texture>
					</control>
					<control type="image">
						<visible>System.Time(20:00,03:00)</visible>
						<posx>0</posx>
						<posy>0</posy>
						<width>1280</width>
						<height>720</height>
						<texture flipx="true">backgrounds/background_dusk.png</texture>
					</control>
				</control>
				<control type="image">
					<visible>Skin.HasSetting(EnableCustomBG)</visible>
					<posx>0</posx>
					<posy>0</posy>
					<width>1280</width>
					<height>720</height>
					<info>Skin.String(CustomBG)</info>
					<aspectratio>scale</aspectratio>
				</control>
				<control type="multiimage">
					<visible>Skin.HasSetting(EnableCustomBGFolder)</visible>
					<posx>0</posx>
					<posy>0</posy>
					<width>1280</width>
					<height>720</height>
					<info>Skin.String(CustomBGFolder)</info>
					<timeperimage>10000</timeperimage>
					<fadetime>600</fadetime>
					<randomize>true</randomize>
					<aspectratio>scale</aspectratio>
				</control>
			</control>
			<control type="image">
				<posx>0</posx>
				<posy>0</posy>
				<width>1280</width>
				<height>720</height>
				<info>Container(200).ListItem.Property(Fanart)</info>
				<fadetime>600</fadetime>
				<visible>Skin.HasSetting(ShowFanart) + Control.HasFocus(200) + !IsEmpty(Window(home).Property(TVGuide.BackgroundFanart))</visible>
				<animation effect="fade" start="0" end="100" time="600">Visible</animation>
				<animation effect="fade" start="100" end="0" time="600">Hidden</animation>
			</control>
			<control type="image">
				<posx>0</posx>
				<posy>0</posy>
				<width>1280</width>
				<height>720</height>
				<info>Container(201).ListItem.Property(Fanart)</info>
				<fadetime>600</fadetime>
				<visible>Skin.HasSetting(ShowFanart) + Control.HasFocus(201) + !IsEmpty(Window(home).Property(TVGuide.BackgroundFanart))</visible>
				<animation effect="fade" start="0" end="100" time="600">Visible</animation>
				<animation effect="fade" start="100" end="0" time="600">Hidden</animation>
			</control>
			<control type="image">
				<posx>0</posx>
				<posy>0</posy>
				<width>1280</width>
				<height>720</height>
				<info>Container(202).ListItem.Property(Fanart)</info>
				<fadetime>600</fadetime>
				<visible>Skin.HasSetting(ShowFanart) + Control.HasFocus(202) + !IsEmpty(Window(home).Property(TVGuide.BackgroundFanart))</visible>
				<animation effect="fade" start="0" end="100" time="600">Visible</animation>
				<animation effect="fade" start="100" end="0" time="600">Hidden</animation>
			</control>
			<control type="image">
				<posx>0</posx>
				<posy>0</posy>
				<width>1280</width>
				<height>720</height>
				<info>Container(203).ListItem.Property(Fanart)</info>
				<fadetime>600</fadetime>
				<visible>Skin.HasSetting(ShowFanart) + Control.HasFocus(203) + !IsEmpty(Window(home).Property(TVGuide.BackgroundFanart))</visible>
				<animation effect="fade" start="0" end="100" time="600">Visible</animation>
				<animation effect="fade" start="100" end="0" time="600">Hidden</animation>
			</control>
			<control type="image">
				<posx>0</posx>
				<posy>0</posy>
				<width>1280</width>
				<height>720</height>
				<info>Container(204).ListItem.Property(Fanart)</info>
				<fadetime>600</fadetime>
				<visible>Skin.HasSetting(ShowFanart) + Control.HasFocus(204) + !IsEmpty(Window(home).Property(TVGuide.BackgroundFanart))</visible>
				<animation effect="fade" start="0" end="100" time="600">Visible</animation>
				<animation effect="fade" start="100" end="0" time="600">Hidden</animation>
			</control>
			<control type="image">
				<posx>0</posx>
				<posy>0</posy>
				<width>1280</width>
				<height>720</height>
				<info>Container(205).ListItem.Property(Fanart)</info>
				<fadetime>600</fadetime>
				<visible>Skin.HasSetting(ShowFanart) + Control.HasFocus(205) + !IsEmpty(Window(home).Property(TVGuide.BackgroundFanart))</visible>
				<animation effect="fade" start="0" end="100" time="600">Visible</animation>
				<animation effect="fade" start="100" end="0" time="600">Hidden</animation>
			</control>
			<control type="image">
				<posx>0</posx>
				<posy>0</posy>
				<width>1280</width>
				<height>720</height>
				<info>Container(206).ListItem.Property(Fanart)</info>
				<fadetime>600</fadetime>
				<visible>Skin.HasSetting(ShowFanart) + Control.HasFocus(206) + !IsEmpty(Window(home).Property(TVGuide.BackgroundFanart))</visible>
				<animation effect="fade" start="0" end="100" time="600">Visible</animation>
				<animation effect="fade" start="100" end="0" time="600">Hidden</animation>
			</control>
		</control>
		<control type="group">
			<include>Common_Browse_Background_Top</include>
			<include>Main_Menu_Slide_Animation</include>
			<control type="group">
				<control type="group">
					<include>Main_Menu_Fade_Animation</include>
					<animation type="Conditional" condition="Window.IsVisible(movieinformation)">
						<effect type="fade" start="100" end="0" time="200"/>
					</animation>
					<description>First Page Video/Music/Photos/Applications</description>
					<posx>32</posx>
					<posy>54</posy>
					<width>1216</width>
					<height>32</height>
					<control type="image" id="110">
						<description>page header tab icon</description>
						<include>Common_Title_Image</include>
						<texture>icons/icon_video.png</texture>
					</control>
					<control type="label">
						<description>header label</description>
						<include>Common_Title_Label</include>
						<label>$LOCALIZE[SCRIPT450]</label>
					</control>
					<control type="group">
						<description>time group</description>
						<posx>600</posx>
						<posy>-34</posy>
						<include>Common_Clock</include>
					</control>
					<control type="label">
						<description>header label</description>
						<posx>1200</posx>
						<posy>11</posy>
						<width>200</width>
						<height>20</height>
						<font>font21</font>
						<align>right</align>
						<aligny>center</aligny>
						<textcolor>green</textcolor>
						<label>$INFO[Window(Home).Property(NextAired.Total)] $LOCALIZE[31087]</label>
					</control>
				</control>
				<control type="group">
					<animation type="Conditional" condition="ControlGroup(9110).HasFocus | ControlGroup(9200).HasFocus | ControlGroup(9300).HasFocus | ControlGroup(9400).HasFocus | ControlGroup(9500).HasFocus | ControlGroup(9600).HasFocus | ControlGroup(9700).HasFocus">
						<effect type="fade" start="100" end="90" time="180"/>
						<effect type="slide" start="0,0" end="-224,0" time="120"/>
					</animation>
					<include>Common_Browse_Background_Bottom</include>
					<control type="group">
						<posx>8</posx>
						<include>Window_Fade_Animation</include>
						<animation type="Conditional" condition="Window.IsVisible(custom_51_main_menu.xml) | ControlGroup(9110).HasFocus | ControlGroup(9200).HasFocus | ControlGroup(9300).HasFocus | ControlGroup(9400).HasFocus | ControlGroup(9500).HasFocus | ControlGroup(9600).HasFocus | ControlGroup(9700).HasFocus" reversible="true">
							<effect type="fade" start="100" end="50" time="180"/>
						</animation>
						<control type="image">
							<posx>46</posx>
							<posy>110</posy>
							<width>1172</width>
							<height>70</height>
							<texture border="12">menu/tvnext_menu_top.png</texture>
						</control>
						<control type="grouplist">
							<posx>46</posx>
							<posy>116</posy>
							<width>1172</width>
							<height>720</height>
							<itemgap>0</itemgap>
							<orientation>horizontal</orientation>
							<control type="label">
								<posy>0</posy>
								<width>165</width>
								<height>33</height>
								<align>center</align>
								<aligny>center</aligny>
								<label>33006</label>
								<font>font21</font>
								<textcolor>black</textcolor>
							</control>
							<control type="image">
								<description>left dotted line</description>
								<posx>0</posx>
								<posy>0</posy>
								<width>3</width>
								<height>33</height>
								<colordiffuse>darkgrey</colordiffuse>
								<texture>icons/dotted_line_divider.png</texture>
							</control>
							<include condition="StringCompare(Window(Home).Property(NextAired.TodayDate),Window(Home).Property(NextAired.1.Date))">TVNext_Monday_Title</include>
							<include condition="StringCompare(Window(Home).Property(NextAired.TodayDate),Window(Home).Property(NextAired.2.Date))">TVNext_Tuesday_Title</include>
							<include condition="StringCompare(Window(Home).Property(NextAired.TodayDate),Window(Home).Property(NextAired.3.Date))">TVNext_Wednesday_Title</include>
							<include condition="StringCompare(Window(Home).Property(NextAired.TodayDate),Window(Home).Property(NextAired.4.Date))">TVNext_Thursday_Title</include>
							<include condition="StringCompare(Window(Home).Property(NextAired.TodayDate),Window(Home).Property(NextAired.5.Date))">TVNext_Friday_Title</include>
							<include condition="StringCompare(Window(Home).Property(NextAired.TodayDate),Window(Home).Property(NextAired.6.Date))">TVNext_Saturday_Title</include>
							<include condition="StringCompare(Window(Home).Property(NextAired.TodayDate),Window(Home).Property(NextAired.7.Date))">TVNext_Sunday_Title</include>
						</control>
						<control type="grouplist">
							<posx>46</posx>
							<posy>140</posy>
							<width>1172</width>
							<height>720</height>
							<itemgap>0</itemgap>
							<orientation>horizontal</orientation>
							<include condition="StringCompare(Window(Home).Property(NextAired.TodayDate),Window(Home).Property(NextAired.1.Date))">TVNext_Monday_Date</include>
							<include condition="StringCompare(Window(Home).Property(NextAired.TodayDate),Window(Home).Property(NextAired.2.Date))">TVNext_Tuesday_Date</include>
							<include condition="StringCompare(Window(Home).Property(NextAired.TodayDate),Window(Home).Property(NextAired.3.Date))">TVNext_Wednesday_Date</include>
							<include condition="StringCompare(Window(Home).Property(NextAired.TodayDate),Window(Home).Property(NextAired.4.Date))">TVNext_Thursday_Date</include>
							<include condition="StringCompare(Window(Home).Property(NextAired.TodayDate),Window(Home).Property(NextAired.5.Date))">TVNext_Friday_Date</include>
							<include condition="StringCompare(Window(Home).Property(NextAired.TodayDate),Window(Home).Property(NextAired.6.Date))">TVNext_Saturday_Date</include>
							<include condition="StringCompare(Window(Home).Property(NextAired.TodayDate),Window(Home).Property(NextAired.7.Date))">TVNext_Sunday_Date</include>
						</control>
						<control type="grouplist" id="2000">
							<posx>44</posx>
							<posy>186</posy>
							<width>1176</width>
							<height>504</height>
							<onleft>5199</onleft>
							<onright>8</onright>
							<itemgap>0</itemgap>
							<orientation>horizontal</orientation>
							<usecontrolcoords>false</usecontrolcoords>
							<include condition="StringCompare(Window(Home).Property(NextAired.TodayDate),Window(Home).Property(NextAired.1.Date))">TVNext_Monday_List</include>
							<include condition="StringCompare(Window(Home).Property(NextAired.TodayDate),Window(Home).Property(NextAired.2.Date))">TVNext_Tuesday_List</include>
							<include condition="StringCompare(Window(Home).Property(NextAired.TodayDate),Window(Home).Property(NextAired.3.Date))">TVNext_Wednesday_List</include>
							<include condition="StringCompare(Window(Home).Property(NextAired.TodayDate),Window(Home).Property(NextAired.4.Date))">TVNext_Thursday_List</include>
							<include condition="StringCompare(Window(Home).Property(NextAired.TodayDate),Window(Home).Property(NextAired.5.Date))">TVNext_Friday_List</include>
							<include condition="StringCompare(Window(Home).Property(NextAired.TodayDate),Window(Home).Property(NextAired.6.Date))">TVNext_Saturday_List</include>
							<include condition="StringCompare(Window(Home).Property(NextAired.TodayDate),Window(Home).Property(NextAired.7.Date))">TVNext_Sunday_List</include>
						</control>
					</control>
					<include>Common_Main_Menu_Button</include>
					<include>Common_Browse_Menu_Button</include>
				</control>
				<control type="group">
					<animation type="Conditional" condition="ControlGroup(9110).HasFocus | ControlGroup(9200).HasFocus | ControlGroup(9300).HasFocus | ControlGroup(9400).HasFocus | ControlGroup(9500).HasFocus | ControlGroup(9600).HasFocus | ControlGroup(9700).HasFocus">
						<effect type="fade" start="0" end="100" time="180" delay="180"/>
						<effect type="slide" start="0,0" end="-230,0" time="120" delay="180"/>
					</animation>
					<control type="group">
						<posx>1280</posx>
						<posy>102</posy>
						<width>220</width>
						<height>608</height>
						<control type="group">
							<control type="grouplist" id="9110">
								<animation type="Conditional" condition="ControlGroup(9200).HasFocus | ControlGroup(9300).HasFocus | ControlGroup(9400).HasFocus | ControlGroup(9500).HasFocus | ControlGroup(9600).HasFocus | ControlGroup(9700).HasFocus">
									<effect type="fade" start="100" end="0" time="180"/>
									<effect type="slide" start="0,0" end="220,0" time="120"/>
								</animation>
								<posx>0</posx>
								<posy>0</posy>
								<width>220</width>
								<height>610</height>
								<itemgap>0</itemgap>
								<pagecontrol>-</pagecontrol>
								<orientation>vertical</orientation>
								<onup>-</onup>
								<ondown>-</ondown>
								<onleft>-</onleft>
								<onright>-</onright>
								<control type="group">
									<description>view button</description>
									<width>220</width>
									<height>74</height>
									<control type="button" id="8">
										<posx>0</posx>
										<posy>0</posy>
										<width>220</width>
										<height>74</height>
										<texturenofocus>menu/menu_top.png</texturenofocus>
										<texturefocus>menu/menu_top_on.png</texturefocus>
										<onright>-</onright>
										<onup>-</onup>
										<ondown>-</ondown>
										<onleft>2000</onleft>
									</control>
									<control type="image">
										<visible>!Control.HasFocus(8)</visible>
										<posx>19</posx>
										<posy>19</posy>
										<width>36</width>
										<height>36</height>
										<texture>icons/icon_settings.png</texture>
										<colordiffuse>grey</colordiffuse>
									</control>
									<control type="image">
										<visible>Control.HasFocus(8)</visible>
										<posx>19</posx>
										<posy>19</posy>
										<width>36</width>
										<height>36</height>
										<texture>icons/icon_settings.png</texture>
										<colordiffuse>green</colordiffuse>
									</control>
									<control type="label">
										<visible>!Control.HasFocus(8)</visible>
										<posx>66</posx>
										<posy>0</posy>
										<width>144</width>
										<height>74</height>
										<aligny>center</aligny>
										<label>5</label>
										<font>font23</font>
										<textcolor>grey</textcolor>
									</control>
									<control type="label">
										<visible>Control.HasFocus(8)</visible>
										<posx>66</posx>
										<posy>0</posy>
										<width>144</width>
										<height>74</height>
										<aligny>center</aligny>
										<label>5</label>
										<font>font23</font>
										<textcolor>green</textcolor>
										<scroll>true</scroll>
									</control>
								</control>
								<control type="group">
									<width>220</width>
									<height>74</height>
									<control type="button">
										<posx>0</posx>
										<posy>0</posy>
										<width>220</width>
										<height>74</height>
										<texturenofocus>menu/menu_center.png</texturenofocus>
										<texturefocus>menu/menu_center.png</texturefocus>
										<onclick>-</onclick>
									</control>
								</control>
								<control type="group">
									<width>220</width>
									<height>74</height>
									<control type="button">
										<posx>0</posx>
										<posy>0</posy>
										<width>220</width>
										<height>74</height>
										<texturenofocus>menu/menu_center.png</texturenofocus>
										<texturefocus>menu/menu_center.png</texturefocus>
										<onclick>-</onclick>
									</control>
								</control>
								<control type="group">
									<width>220</width>
									<height>74</height>
									<control type="button">
										<posx>0</posx>
										<posy>0</posy>
										<width>220</width>
										<height>74</height>
										<texturenofocus>menu/menu_center.png</texturenofocus>
										<texturefocus>menu/menu_center.png</texturefocus>
										<onclick>-</onclick>
									</control>
								</control>
								<control type="group">
									<width>220</width>
									<height>74</height>
									<control type="button">
										<posx>0</posx>
										<posy>0</posy>
										<width>220</width>
										<height>74</height>
										<texturenofocus>menu/menu_center.png</texturenofocus>
										<texturefocus>menu/menu_center.png</texturefocus>
										<onclick>-</onclick>
									</control>
								</control>
								<control type="group">
									<width>220</width>
									<height>74</height>
									<control type="button">
										<posx>0</posx>
										<posy>0</posy>
										<width>220</width>
										<height>74</height>
										<texturenofocus>menu/menu_center.png</texturenofocus>
										<texturefocus>menu/menu_center.png</texturefocus>
										<onclick>-</onclick>
									</control>
								</control>
								<control type="group">
									<width>220</width>
									<height>74</height>
									<control type="button">
										<posx>0</posx>
										<posy>0</posy>
										<width>220</width>
										<height>74</height>
										<texturenofocus>menu/menu_center.png</texturenofocus>
										<texturefocus>menu/menu_center.png</texturefocus>
										<onclick>-</onclick>
									</control>
								</control>
								<control type="group">
									<width>220</width>
									<height>90</height>
									<control type="button">
										<posx>0</posx>
										<posy>0</posy>
										<width>220</width>
										<height>90</height>
										<texturenofocus>menu/menu_bottom.png</texturenofocus>
										<texturefocus>menu/menu_bottom.png</texturefocus>
										<onclick>-</onclick>
									</control>
								</control>
							</control>
						</control>
					</control>
				</control>
			</control>
		</control>
	</controls>
</window>