<window>
	<defaultcontrol>-</defaultcontrol>
	<coordinates>
		<system>1</system>
		<posx>0</posx>
		<posy>0</posy>
	</coordinates>
	<controls>
		<control type="label" id="110">
			<font>-</font>
		</control>
		<control type="label" id="120">
			<font>-</font>
		</control>
		<control type="label" id="130">
			<font>-</font>
		</control>
		<control type="label" id="140">
			<font>-</font>
		</control>
		<control type="label" id="150">
			<font>-</font>
		</control>
		<control type="label" id="160">
			<font>-</font>
		</control>
		<control type="label" id="170">
			<font>-</font>
		</control>
		<control type="label" id="180">
			<font>-</font>
		</control>
		<control type="label" id="190">
			<font>-</font>
		</control>
		<control type="label" id="191">
			<font>-</font>
		</control>
		<control type="button" id="198">
			<font>-</font>
			<texturefocus>-</texturefocus>
			<texturenofocus>-</texturenofocus>
		</control>
		<control type="label" id="199">
			<font>-</font>
		</control>
		<control type="group" id="100">
		<control type="videowindow">
			<posx>0</posx>
			<posy>0</posy>
			<width>1280</width>
			<height>720</height>
			<visible>Player.HasVideo</visible>
		</control>
		<control type="visualisation">
			<posx>0</posx>
			<posy>0</posy>
			<width>1280</width>
			<height>720</height>
			<visible>Player.HasAudio + !IsEmpty(visualisation.name) + !SubString(Window(videolibrary).Property(TvTunesIsAlive),True)</visible>
		</control>
		<control type="group">
			<visible>!Player.HasMedia | [Player.HasAudio + [IsEmpty(visualisation.name) | SubString(Window(videolibrary).Property(TvTunesIsAlive),True)]]</visible>
			<control type="group">
				<visible>!Skin.HasSetting(ShowFanart) | IsEmpty(ListItem.Property(Fanart_Image))</visible>
				<animation effect="fade" start="0" end="100" time="600">Visible</animation>
				<control type="group">
					<visible>!Skin.HasSetting(EnableCustomBG) + !Skin.HasSetting(EnableCustomBGFolder)</visible>
					<control type="image">
						<visible>System.Time(03:00,09:00)</visible>
						<posx>0</posx>
						<posy>0</posy>
						<width>1280</width>
						<height>720</height>
						<texture flipx="true">backgrounds/background_dawn.png</texture>
					</control>
					<control type="image">
						<visible>System.Time(09:00,20:00)</visible>
						<posx>0</posx>
						<posy>0</posy>
						<width>1280</width>
						<height>720</height>
						<texture flipx="true">backgrounds/background_day.png</texture>
					</control>
					<control type="image">
						<visible>System.Time(20:00,03:00)</visible>
						<posx>0</posx>
						<posy>0</posy>
						<width>1280</width>
						<height>720</height>
						<texture flipx="true">backgrounds/background_dusk.png</texture>
					</control>
				</control>
				<control type="image">
					<visible>Skin.HasSetting(EnableCustomBG)</visible>
					<posx>0</posx>
					<posy>0</posy>
					<width>1280</width>
					<height>720</height>
					<info>Skin.String(CustomBG)</info>
					<aspectratio>scale</aspectratio>
				</control>
				<control type="multiimage">
					<visible>Skin.HasSetting(EnableCustomBGFolder)</visible>
					<posx>0</posx>
					<posy>0</posy>
					<width>1280</width>
					<height>720</height>
					<info>Skin.String(CustomBGFolder)</info>
					<timeperimage>10000</timeperimage>
					<fadetime>600</fadetime>
					<randomize>true</randomize>
					<aspectratio>scale</aspectratio>
				</control>
			</control>
			<control type="image">
				<posx>0</posx>
				<posy>0</posy>
				<width>1280</width>
				<height>720</height>
				<info>Container(111).ListItem.Property(Fanart_Image)</info>
				<fadetime>600</fadetime>
				<visible>Skin.HasSetting(ShowFanart) + Control.HasFocus(111) + !IsEmpty(Container(111).ListItem.Property(Fanart_Image))</visible>
				<animation effect="fade" start="0" end="100" time="600">Visible</animation>
				<animation effect="fade" start="100" end="0" time="600">Hidden</animation>
			</control>
			<control type="image">
				<posx>0</posx>
				<posy>0</posy>
				<width>1280</width>
				<height>720</height>
				<info>Container(121).ListItem.Property(Fanart_Image)</info>
				<fadetime>600</fadetime>
				<visible>Skin.HasSetting(ShowFanart) + Control.HasFocus(121) + !IsEmpty(Container(121).ListItem.Property(Fanart_Image))</visible>
				<animation effect="fade" start="0" end="100" time="600">Visible</animation>
				<animation effect="fade" start="100" end="0" time="600">Hidden</animation>
			</control>
			<control type="image">
				<posx>0</posx>
				<posy>0</posy>
				<width>1280</width>
				<height>720</height>
				<info>Container(131).ListItem.Property(Fanart_Image)</info>
				<fadetime>600</fadetime>
				<visible>Skin.HasSetting(ShowFanart) + Control.HasFocus(131) + !IsEmpty(Container(131).ListItem.Property(Fanart_Image))</visible>
				<animation effect="fade" start="0" end="100" time="600">Visible</animation>
				<animation effect="fade" start="100" end="0" time="600">Hidden</animation>
			</control>
			<control type="image">
				<posx>0</posx>
				<posy>0</posy>
				<width>1280</width>
				<height>720</height>
				<info>Container(141).ListItem.Property(Fanart_Image)</info>
				<fadetime>600</fadetime>
				<visible>Skin.HasSetting(ShowFanart) + Control.HasFocus(141) + !IsEmpty(Container(141).ListItem.Property(Fanart_Image))</visible>
				<animation effect="fade" start="0" end="100" time="600">Visible</animation>
				<animation effect="fade" start="100" end="0" time="600">Hidden</animation>
			</control>
			<control type="image">
				<posx>0</posx>
				<posy>0</posy>
				<width>1280</width>
				<height>720</height>
				<info>Container(151).ListItem.Property(Fanart_Image)</info>
				<fadetime>600</fadetime>
				<visible>Skin.HasSetting(ShowFanart) + Control.HasFocus(151) + !IsEmpty(Container(151).ListItem.Property(Fanart_Image))</visible>
				<animation effect="fade" start="0" end="100" time="600">Visible</animation>
				<animation effect="fade" start="100" end="0" time="600">Hidden</animation>
			</control>
			<control type="image">
				<posx>0</posx>
				<posy>0</posy>
				<width>1280</width>
				<height>720</height>
				<info>Container(161).ListItem.Property(Fanart_Image)</info>
				<fadetime>600</fadetime>
				<visible>Skin.HasSetting(ShowFanart) + Control.HasFocus(161) + !IsEmpty(Container(161).ListItem.Property(Fanart_Image))</visible>
				<animation effect="fade" start="0" end="100" time="600">Visible</animation>
				<animation effect="fade" start="100" end="0" time="600">Hidden</animation>
			</control>
			<control type="image">
				<posx>0</posx>
				<posy>0</posy>
				<width>1280</width>
				<height>720</height>
				<info>Container(171).ListItem.Property(Fanart_Image)</info>
				<fadetime>600</fadetime>
				<visible>Skin.HasSetting(ShowFanart) + Control.HasFocus(171) + !IsEmpty(Container(171).ListItem.Property(Fanart_Image))</visible>
				<animation effect="fade" start="0" end="100" time="600">Visible</animation>
				<animation effect="fade" start="100" end="0" time="600">Hidden</animation>
			</control>
			<control type="image">
				<posx>0</posx>
				<posy>0</posy>
				<width>1280</width>
				<height>720</height>
				<info>Container(181).ListItem.Property(Fanart_Image)</info>
				<fadetime>600</fadetime>
				<visible>Skin.HasSetting(ShowFanart) + Control.HasFocus(181) + !IsEmpty(Container(181).ListItem.Property(Fanart_Image))</visible>
				<animation effect="fade" start="0" end="100" time="600">Visible</animation>
				<animation effect="fade" start="100" end="0" time="600">Hidden</animation>
			</control>
		</control>
			<include>Common_Browse_Background_Top</include>
			<include>Main_Menu_Slide_Animation</include>
			<control type="group">
				<include>Main_Menu_Fade_Animation</include>
				<animation type="Conditional" condition="Window.IsVisible(movieinformation)">
					<effect type="fade" start="100" end="0" time="200"/>
				</animation>
				<description>First Page Video/Music/Photos/Applications</description>
				<posx>32</posx>
				<posy>54</posy>
				<width>1216</width>
				<height>32</height>
				<control type="image">
					<description>page header tab icon</description>
					<include>Common_Title_Image</include>
					<texture>icons/icon_search.png</texture>
				</control>
				<control type="label">
					<visible>!Control.IsVisible(198)</visible>
					<include>Common_Title_Label</include>
					<label>194</label>
				</control>
				<control type="label">
					<visible>Control.IsVisible(198) + !Control.IsVisible(199)</visible>
					<include>Common_Title_Label</include>
					<label>283</label>
				</control>
				<control type="label">
					<visible>Control.IsVisible(198) + Control.IsVisible(199)</visible>
					<include>Common_Title_Label</include>
					<label>284</label>
				</control>
				<control type="group">
					<description>time group</description>
					<posx>600</posx>
					<posy>-34</posy>
					<include>Common_Clock</include>
				</control>
				<!-- Ready for future script update -->
				<!--control type="label">
					<posx>1200</posx>
					<posy>11</posy>
					<width>200</width>
					<height>20</height>
					<font>font21</font>
					<align>right</align>
					<aligny>center</aligny>
					<textcolor>green</textcolor>
					<label>$INFO[Container.NumItems] $LOCALIZE[31087]</label>
				</control-->
			</control>
			<control type="group">
				<include>Common_Browse_Background_Bottom</include>
				<control type="group">
					<include>Window_Fade_Animation</include>
					<animation type="Conditional" condition="Window.IsVisible(custom_51_main_menu.xml) | ControlGroup(9110).HasFocus | ControlGroup(9200).HasFocus | ControlGroup(9300).HasFocus | ControlGroup(9400).HasFocus | ControlGroup(9500).HasFocus | ControlGroup(9600).HasFocus | ControlGroup(9700).HasFocus" reversible="true">
						<effect type="fade" start="100" end="50" time="180"/>
					</animation>
					<animation type="Conditional" condition="Window.IsVisible(movieinformation) | Window.IsVisible(progressdialog)">
					</animation>
					<control type="grouplist" id="101">
						<posx>35</posx>
						<posy>116</posy>
						<width>1234</width>
						<height>588</height>
						<orientation>vertical</orientation>
						<itemgap>0</itemgap>
						<control type="group" id="119">
							<posx>0</posx>
							<posy>0</posy>
							<width>1210</width>
							<height>147</height>
							<control type="image">
								<posx>8</posx>
								<posy>43</posy>
								<width>60</width>
								<height>60</height>
								<texture>icons/Small_Icon_Movie.png</texture>
							</control>
							<control type="image">
								<posx>1206</posx>
								<posy>65</posy>
								<width>20</width>
								<height>20</height>
								<texture>icons/scroll_right_white.png</texture>
								<colordiffuse>green</colordiffuse>
								<visible>Container(111).HasNext</visible>
							</control>
							<control type="list" id="111">
								<posx>70</posx>
								<width>1122</width>
								<height>147</height>
								<onleft>ActivateWindow(51)</onleft>
								<onright>96</onright>
								<onup>-</onup>
								<ondown>121</ondown>
								<scrolltime>200</scrolltime>
								<orientation>horizontal</orientation>
								<viewtype label="535">list</viewtype>
								<preloaditems>2</preloaditems>
								<itemlayout width="374" height="147">
									<control type="image">
										<posx>2</posx>
										<posy>2</posy>
										<width>370</width>
										<height>143</height>
										<texture>views/list_frame_device.png</texture>
									</control>
									<control type="image">
										<posx>11</posx>
										<posy>12</posy>
										<width>123</width>
										<height>123</height>
										<icon>DefaultMovies.png</icon>
										<texture>$INFO[ListItem.Icon]</texture>
										<bordersize>4</bordersize>
										<bordertexture>views/info_cover_border.png</bordertexture>
									</control>
									<control type="image">
										<posx>338</posx>
										<posy>112</posy>
										<width>24</width>
										<height>24</height>
										<texture>OverlayWatched.png</texture>
										<visible>IntegerGreaterThan(ListItem.Property(PlayCount),0)</visible>
									</control>
									<control type="image">
										<posx>334</posx>
										<posy>12</posy>
										<width>28</width>
										<height>16</height>
										<texture>$INFO[ListItem.Property(VideoResolution),flagging/resolution/,.png]</texture>
										<visible>Skin.HasSetting(ResolutionFlags) + !IsEmpty(ListItem.Property(VideoResolution))</visible>
									</control>
									<control type="textbox">
										<posx>144</posx>
										<posy>4</posy>
										<width>168</width>
										<height>130</height>
										<font>font21sq</font>
										<align>left</align>
										<label>$INFO[ListItem.Label][CR][COLOR lightgrey]$INFO[ListItem.Property(Year)][/COLOR]</label>
										<textcolor>white</textcolor>
										<selectedcolor>blue</selectedcolor>
									</control>
								</itemlayout>
								<focusedlayout width="374" height="147">
									<control type="image">
										<posx>2</posx>
										<posy>2</posy>
										<width>370</width>
										<height>143</height>
										<texture>views/list_frame_device.png</texture>
									</control>
									<control type="image">
										<posx>0</posx>
										<posy>0</posy>
										<width>374</width>
										<height>147</height>
										<texture>views/list_frame_device_white.png</texture>
										<visible>Control.HasFocus(111)</visible>
										<animation type="Focus">
											<effect type="fade" start="60" time="120"/>
											<effect type="zoom" start="99,97" center="auto" time="120" delay="60"/>
										</animation>
									</control>
									<control type="image">
										<posx>11</posx>
										<posy>12</posy>
										<width>123</width>
										<height>123</height>
										<icon>DefaultMovies.png</icon>
										<texture>$INFO[ListItem.Icon]</texture>
										<bordersize>4</bordersize>
										<bordertexture>views/info_cover_border.png</bordertexture>
									</control>
									<control type="image">
										<posx>338</posx>
										<posy>112</posy>
										<width>24</width>
										<height>24</height>
										<texture>OverlayWatched.png</texture>
										<visible>IntegerGreaterThan(ListItem.Property(PlayCount),0)</visible>
									</control>
									<control type="image">
										<posx>334</posx>
										<posy>12</posy>
										<width>28</width>
										<height>16</height>
										<texture>$INFO[ListItem.Property(VideoResolution),flagging/resolution/,.png]</texture>
										<visible>Skin.HasSetting(ResolutionFlags) + !IsEmpty(ListItem.Property(VideoResolution))</visible>
									</control>
									<control type="textbox">
										<visible>!Control.HasFocus(111)</visible>
										<posx>144</posx>
										<posy>4</posy>
										<width>168</width>
										<height>130</height>
										<font>font21sq</font>
										<align>left</align>
										<label>$INFO[ListItem.Label][CR][COLOR lightgrey]$INFO[ListItem.Property(Year)][/COLOR]</label>
										<textcolor>white</textcolor>
										<selectedcolor>blue</selectedcolor>
									</control>
									<control type="textbox">
										<visible>Control.HasFocus(111)</visible>
										<posx>144</posx>
										<posy>4</posy>
										<width>168</width>
										<height>130</height>
										<font>font21sq</font>
										<align>left</align>
										<label>$INFO[ListItem.Label][CR][COLOR medgrey]$INFO[ListItem.Property(Year)][/COLOR]</label>
										<textcolor>black</textcolor>
										<selectedcolor>blue</selectedcolor>
									</control>
								</focusedlayout>
							</control>
						</control>
						<control type="group" id="129">
							<posx>0</posx>
							<posy>0</posy>
							<width>1210</width>
							<height>147</height>
							<control type="image">
								<posx>8</posx>
								<posy>43</posy>
								<width>60</width>
								<height>60</height>
								<texture>icons/Small_Icon_TVShow.png</texture>
							</control>
							<control type="image">
								<posx>1206</posx>
								<posy>65</posy>
								<width>20</width>
								<height>20</height>
								<texture>icons/scroll_right_white.png</texture>
								<colordiffuse>green</colordiffuse>
								<visible>Container(121).HasNext</visible>
							</control>
							<control type="list" id="121">
								<posx>70</posx>
								<width>1122</width>
								<height>147</height>
								<onleft>ActivateWindow(51)</onleft>
								<onright>96</onright>
								<onup>111</onup>
								<ondown>131</ondown>
								<scrolltime>200</scrolltime>
								<orientation>horizontal</orientation>
								<viewtype label="535">list</viewtype>
								<preloaditems>2</preloaditems>
								<itemlayout width="374" height="147">
									<control type="image">
										<posx>2</posx>
										<posy>2</posy>
										<width>370</width>
										<height>143</height>
										<texture>views/list_frame_device.png</texture>
									</control>
									<control type="image">
										<posx>11</posx>
										<posy>12</posy>
										<width>123</width>
										<height>123</height>
										<icon>DefaultTVShows.png</icon>
										<texture>$INFO[ListItem.Icon]</texture>
										<bordersize>4</bordersize>
										<bordertexture>views/info_cover_border.png</bordertexture>
									</control>
									<control type="image">
										<posx>338</posx>
										<posy>112</posy>
										<width>24</width>
										<height>24</height>
										<texture>OverlayWatched.png</texture>
										<visible>IntegerGreaterThan(ListItem.Property(PlayCount),0)</visible>
									</control>
									<control type="textbox">
										<posx>144</posx>
										<posy>4</posy>
										<width>198</width>
										<height>130</height>
										<font>font21sq</font>
										<align>left</align>
										<label>$INFO[ListItem.Label][CR][COLOR lightgrey]$INFO[ListItem.Property(Year)][/COLOR]</label>
										<textcolor>white</textcolor>
										<selectedcolor>blue</selectedcolor>
									</control>
								</itemlayout>
								<focusedlayout width="374" height="147">
									<control type="image">
										<posx>2</posx>
										<posy>2</posy>
										<width>370</width>
										<height>143</height>
										<texture>views/list_frame_device.png</texture>
									</control>
									<control type="image">
										<posx>0</posx>
										<posy>0</posy>
										<width>374</width>
										<height>147</height>
										<texture>views/list_frame_device_white.png</texture>
										<visible>Control.HasFocus(121)</visible>
										<animation type="Focus">
											<effect type="fade" start="60" time="120"/>
											<effect type="zoom" start="99,97" center="auto" time="120" delay="60"/>
										</animation>
									</control>
									<control type="image">
										<posx>11</posx>
										<posy>12</posy>
										<width>123</width>
										<height>123</height>
										<icon>DefaultTVShows.png</icon>
										<texture>$INFO[ListItem.Icon]</texture>
										<bordersize>4</bordersize>
										<bordertexture>views/info_cover_border.png</bordertexture>
									</control>
									<control type="image">
										<posx>338</posx>
										<posy>112</posy>
										<width>24</width>
										<height>24</height>
										<texture>OverlayWatched.png</texture>
										<visible>IntegerGreaterThan(ListItem.Property(PlayCount),0)</visible>
									</control>
									<control type="textbox">
										<visible>!Control.HasFocus(121)</visible>
										<posx>144</posx>
										<posy>4</posy>
										<width>198</width>
										<height>130</height>
										<font>font21sq</font>
										<align>left</align>
										<label>$INFO[ListItem.Label][CR][COLOR lightgrey]$INFO[ListItem.Property(Year)][/COLOR]</label>
										<textcolor>white</textcolor>
										<selectedcolor>blue</selectedcolor>
									</control>
									<control type="textbox">
										<visible>Control.HasFocus(121)</visible>
										<posx>144</posx>
										<posy>4</posy>
										<width>198</width>
										<height>130</height>
										<font>font21sq</font>
										<align>left</align>
										<label>$INFO[ListItem.Label][CR][COLOR medgrey]$INFO[ListItem.Property(Year)][/COLOR]</label>
										<textcolor>black</textcolor>
										<selectedcolor>blue</selectedcolor>
									</control>
								</focusedlayout>
							</control>
						</control>
						<control type="group" id="139">
							<posx>0</posx>
							<posy>0</posy>
							<width>1210</width>
							<height>147</height>
							<control type="image">
								<posx>8</posx>
								<posy>43</posy>
								<width>60</width>
								<height>60</height>
								<texture>icons/Small_Icon_TVShow.png</texture>
							</control>
							<control type="image">
								<posx>1206</posx>
								<posy>65</posy>
								<width>20</width>
								<height>20</height>
								<texture>icons/scroll_right_white.png</texture>
								<colordiffuse>green</colordiffuse>
								<visible>Container(131).HasNext</visible>
							</control>
							<control type="list" id="131">
								<posx>70</posx>
								<width>1122</width>
								<height>147</height>
								<onleft>ActivateWindow(51)</onleft>
								<onright>96</onright>
								<onup>121</onup>
								<ondown>141</ondown>
								<scrolltime>200</scrolltime>
								<orientation>horizontal</orientation>
								<viewtype label="535">list</viewtype>
								<preloaditems>2</preloaditems>
								<itemlayout width="374" height="147">
									<control type="image">
										<posx>2</posx>
										<posy>2</posy>
										<width>370</width>
										<height>143</height>
										<texture>views/list_frame_device.png</texture>
									</control>
									<control type="image">
										<posx>11</posx>
										<posy>12</posy>
										<width>123</width>
										<height>123</height>
										<icon>DefaultTVShows.png</icon>
										<texture>$INFO[ListItem.Icon]</texture>
										<bordersize>4</bordersize>
										<bordertexture>views/info_cover_border.png</bordertexture>
									</control>
									<control type="image">
										<posx>338</posx>
										<posy>112</posy>
										<width>24</width>
										<height>24</height>
										<texture>OverlayWatched.png</texture>
										<visible>IntegerGreaterThan(ListItem.Property(PlayCount),0)</visible>
									</control>
									<control type="textbox">
										<posx>144</posx>
										<posy>4</posy>
										<width>168</width>
										<height>130</height>
										<font>font21sq</font>
										<align>left</align>
										<label>$INFO[ListItem.Label]</label>
										<textcolor>white</textcolor>
										<selectedcolor>blue</selectedcolor>
									</control>
								</itemlayout>
								<focusedlayout width="374" height="147">
									<control type="image">
										<posx>2</posx>
										<posy>2</posy>
										<width>370</width>
										<height>143</height>
										<texture>views/list_frame_device.png</texture>
									</control>
									<control type="image">
										<posx>0</posx>
										<posy>0</posy>
										<width>374</width>
										<height>147</height>
										<texture>views/list_frame_device_white.png</texture>
										<visible>Control.HasFocus(131)</visible>
										<animation type="Focus">
											<effect type="fade" start="60" time="120"/>
											<effect type="zoom" start="99,97" center="auto" time="120" delay="60"/>
										</animation>
									</control>
									<control type="image">
										<posx>11</posx>
										<posy>12</posy>
										<width>123</width>
										<height>123</height>
										<icon>DefaultTVShows.png</icon>
										<texture>$INFO[ListItem.Icon]</texture>
										<bordersize>4</bordersize>
										<bordertexture>views/info_cover_border.png</bordertexture>
									</control>
									<control type="image">
										<posx>338</posx>
										<posy>112</posy>
										<width>24</width>
										<height>24</height>
										<texture>OverlayWatched.png</texture>
										<visible>IntegerGreaterThan(ListItem.Property(PlayCount),0)</visible>
									</control>
									<control type="textbox">
										<visible>!Control.HasFocus(131)</visible>
										<posx>144</posx>
										<posy>4</posy>
										<width>168</width>
										<height>130</height>
										<font>font21sq</font>
										<align>left</align>
										<label>$INFO[ListItem.Label]</label>
										<textcolor>white</textcolor>
										<selectedcolor>blue</selectedcolor>
									</control>
									<control type="textbox">
										<visible>Control.HasFocus(131)</visible>
										<posx>144</posx>
										<posy>4</posy>
										<width>168</width>
										<height>130</height>
										<font>font21sq</font>
										<align>left</align>
										<label>$INFO[ListItem.Label]</label>
										<textcolor>black</textcolor>
										<selectedcolor>blue</selectedcolor>
									</control>
								</focusedlayout>
							</control>
						</control>
						<control type="group" id="149">
							<posx>0</posx>
							<posy>0</posy>
							<width>1310</width>
							<height>147</height>
							<control type="image">
								<posx>8</posx>
								<posy>43</posy>
								<width>60</width>
								<height>60</height>
								<texture>icons/Small_Icon_TVShow.png</texture>
							</control>
							<control type="image">
								<posx>1206</posx>
								<posy>65</posy>
								<width>20</width>
								<height>20</height>
								<texture>icons/scroll_right_white.png</texture>
								<colordiffuse>green</colordiffuse>
								<visible>Container(141).HasNext</visible>
							</control>
							<control type="list" id="141">
								<posx>70</posx>
								<width>1122</width>
								<height>147</height>
								<onleft>ActivateWindow(51)</onleft>
								<onright>96</onright>
								<onup>131</onup>
								<ondown>151</ondown>
								<scrolltime>200</scrolltime>
								<orientation>horizontal</orientation>
								<viewtype label="535">list</viewtype>
								<preloaditems>2</preloaditems>
								<itemlayout width="374" height="147">
									<control type="image">
										<posx>2</posx>
										<posy>2</posy>
										<width>370</width>
										<height>143</height>
										<texture>views/list_frame_device.png</texture>
									</control>
									<control type="image">
										<posx>11</posx>
										<posy>12</posy>
										<width>123</width>
										<height>123</height>
										<icon>DefaultMovies.png</icon>
										<texture>$INFO[ListItem.Icon]</texture>
										<bordersize>4</bordersize>
										<bordertexture>views/info_cover_border.png</bordertexture>
									</control>
									<control type="image">
										<posx>338</posx>
										<posy>112</posy>
										<width>24</width>
										<height>24</height>
										<texture>OverlayWatched.png</texture>
										<visible>IntegerGreaterThan(ListItem.Property(PlayCount),0)</visible>
									</control>
									<control type="image">
										<posx>334</posx>
										<posy>12</posy>
										<width>28</width>
										<height>16</height>
										<texture>$INFO[ListItem.Property(VideoResolution),flagging/resolution/,.png]</texture>
										<visible>Skin.HasSetting(ResolutionFlags) + !IsEmpty(ListItem.Property(VideoResolution))</visible>
									</control>
									<control type="textbox">
										<posx>144</posx>
										<posy>4</posy>
										<width>168</width>
										<height>130</height>
										<font>font21sq</font>
										<align>left</align>
										<label>$INFO[ListItem.Property(Episode),,. ]$INFO[ListItem.Label][CR][COLOR lightgrey]$INFO[ListItem.Property(TvShowTitle)][/COLOR]</label>
										<textcolor>white</textcolor>
										<selectedcolor>blue</selectedcolor>
									</control>
								</itemlayout>
								<focusedlayout width="374" height="147">
									<control type="image">
										<posx>2</posx>
										<posy>2</posy>
										<width>370</width>
										<height>143</height>
										<texture>views/list_frame_device.png</texture>
									</control>
									<control type="image">
										<posx>0</posx>
										<posy>0</posy>
										<width>374</width>
										<height>147</height>
										<texture>views/list_frame_device_white.png</texture>
										<visible>Control.HasFocus(141)</visible>
										<animation type="Focus">
											<effect type="fade" start="60" time="120"/>
											<effect type="zoom" start="99,97" center="auto" time="120" delay="60"/>
										</animation>
									</control>
									<control type="image">
										<posx>11</posx>
										<posy>12</posy>
										<width>123</width>
										<height>123</height>
										<icon>DefaultMovies.png</icon>
										<texture>$INFO[ListItem.Icon]</texture>
										<bordersize>4</bordersize>
										<bordertexture>views/info_cover_border.png</bordertexture>
									</control>
									<control type="image">
										<posx>338</posx>
										<posy>112</posy>
										<width>24</width>
										<height>24</height>
										<texture>OverlayWatched.png</texture>
										<visible>IntegerGreaterThan(ListItem.Property(PlayCount),0)</visible>
									</control>
									<control type="image">
										<posx>334</posx>
										<posy>12</posy>
										<width>28</width>
										<height>16</height>
										<texture>$INFO[ListItem.Property(VideoResolution),flagging/resolution/,.png]</texture>
										<visible>Skin.HasSetting(ResolutionFlags) + !IsEmpty(ListItem.Property(VideoResolution))</visible>
									</control>
									<control type="textbox">
										<visible>!Control.HasFocus(141)</visible>
										<posx>144</posx>
										<posy>4</posy>
										<width>168</width>
										<height>130</height>
										<font>font21sq</font>
										<align>left</align>
										<label>$INFO[ListItem.Property(Episode),,. ]$INFO[ListItem.Label][CR][COLOR lightgrey]$INFO[ListItem.Property(TvShowTitle)][/COLOR]</label>
										<textcolor>white</textcolor>
										<selectedcolor>blue</selectedcolor>
									</control>
									<control type="textbox">
										<visible>Control.HasFocus(141)</visible>
										<posx>144</posx>
										<posy>4</posy>
										<width>168</width>
										<height>130</height>
										<font>font21sq</font>
										<align>left</align>
										<label>$INFO[ListItem.Property(Episode),,. ]$INFO[ListItem.Label][CR][COLOR medgrey]$INFO[ListItem.Property(TvShowTitle)][/COLOR]</label>
										<textcolor>black</textcolor>
										<selectedcolor>blue</selectedcolor>
									</control>
								</focusedlayout>
							</control>
						</control>
						<control type="group" id="159">
							<posx>0</posx>
							<posy>0</posy>
							<width>1410</width>
							<height>147</height>
							<control type="image">
								<posx>8</posx>
								<posy>43</posy>
								<width>60</width>
								<height>60</height>
								<texture>icons/Small_Icon_MusicVideo.png</texture>
							</control>
							<control type="image">
								<posx>1206</posx>
								<posy>65</posy>
								<width>20</width>
								<height>20</height>
								<texture>icons/scroll_right_white.png</texture>
								<colordiffuse>green</colordiffuse>
								<visible>Container(151).HasNext</visible>
							</control>
							<control type="list" id="151">
								<posx>70</posx>
								<width>1122</width>
								<height>147</height>
								<onleft>ActivateWindow(51)</onleft>
								<onright>96</onright>
								<onup>141</onup>
								<ondown>161</ondown>
								<scrolltime>200</scrolltime>
								<orientation>horizontal</orientation>
								<viewtype label="535">list</viewtype>
								<preloaditems>2</preloaditems>
								<itemlayout width="374" height="147">
									<control type="image">
										<posx>2</posx>
										<posy>2</posy>
										<width>370</width>
										<height>143</height>
										<texture>views/list_frame_device.png</texture>
									</control>
									<control type="image">
										<posx>11</posx>
										<posy>12</posy>
										<width>123</width>
										<height>123</height>
										<icon>DefaultMusicArtists.png</icon>
										<texture>$INFO[ListItem.Icon]</texture>
										<bordersize>4</bordersize>
										<bordertexture>views/info_cover_border.png</bordertexture>
									</control>
									<control type="image">
										<posx>338</posx>
										<posy>112</posy>
										<width>24</width>
										<height>24</height>
										<texture>OverlayWatched.png</texture>
										<visible>IntegerGreaterThan(ListItem.Property(PlayCount),0)</visible>
									</control>
									<control type="image">
										<posx>334</posx>
										<posy>12</posy>
										<width>28</width>
										<height>16</height>
										<texture>$INFO[ListItem.Property(VideoResolution),flagging/resolution/,.png]</texture>
										<visible>Skin.HasSetting(ResolutionFlags) + !IsEmpty(ListItem.Property(VideoResolution))</visible>
									</control>
									<control type="textbox">
										<posx>144</posx>
										<posy>4</posy>
										<width>168</width>
										<height>130</height>
										<font>font21sq</font>
										<align>left</align>
										<label>$INFO[ListItem.Label][CR][COLOR lightgrey]$INFO[ListItem.Property(Artist)][/COLOR]</label>
										<textcolor>white</textcolor>
										<selectedcolor>blue</selectedcolor>
									</control>
								</itemlayout>
								<focusedlayout width="374" height="147">
									<control type="image">
										<posx>2</posx>
										<posy>2</posy>
										<width>370</width>
										<height>143</height>
										<texture>views/list_frame_device.png</texture>
									</control>
									<control type="image">
										<posx>0</posx>
										<posy>0</posy>
										<width>374</width>
										<height>147</height>
										<texture>views/list_frame_device_white.png</texture>
										<visible>Control.HasFocus(151)</visible>
										<animation type="Focus">
											<effect type="fade" start="60" time="120"/>
											<effect type="zoom" start="99,97" center="auto" time="120" delay="60"/>
										</animation>
									</control>
									<control type="image">
										<posx>11</posx>
										<posy>12</posy>
										<width>123</width>
										<height>123</height>
										<icon>DefaultMusicVideos.png</icon>
										<texture>$INFO[ListItem.Icon]</texture>
										<bordersize>4</bordersize>
										<bordertexture>views/info_cover_border.png</bordertexture>
									</control>
									<control type="image">
										<posx>338</posx>
										<posy>112</posy>
										<width>24</width>
										<height>24</height>
										<texture>OverlayWatched.png</texture>
										<visible>IntegerGreaterThan(ListItem.Property(PlayCount),0)</visible>
									</control>
									<control type="image">
										<posx>334</posx>
										<posy>12</posy>
										<width>28</width>
										<height>16</height>
										<texture>$INFO[ListItem.Property(VideoResolution),flagging/resolution/,.png]</texture>
										<visible>Skin.HasSetting(ResolutionFlags) + !IsEmpty(ListItem.Property(VideoResolution))</visible>
									</control>
									<control type="textbox">
										<visible>!Control.HasFocus(151)</visible>
										<posx>144</posx>
										<posy>4</posy>
										<width>168</width>
										<height>130</height>
										<font>font21sq</font>
										<align>left</align>
										<label>$INFO[ListItem.Label][CR][COLOR lightgrey]$INFO[ListItem.Property(Artist)][/COLOR]</label>
										<textcolor>white</textcolor>
										<selectedcolor>blue</selectedcolor>
									</control>
									<control type="textbox">
										<visible>Control.HasFocus(151)</visible>
										<posx>144</posx>
										<posy>4</posy>
										<width>168</width>
										<height>130</height>
										<font>font21sq</font>
										<align>left</align>
										<label>$INFO[ListItem.Label][CR][COLOR medgrey]$INFO[ListItem.Property(Artist)][/COLOR]</label>
										<textcolor>black</textcolor>
										<selectedcolor>blue</selectedcolor>
									</control>
								</focusedlayout>
							</control>
						</control>
						<control type="group" id="169">
							<posx>0</posx>
							<posy>0</posy>
							<width>1510</width>
							<height>147</height>
							<control type="image">
								<posx>8</posx>
								<posy>43</posy>
								<width>60</width>
								<height>60</height>
								<texture>icons/Small_Icon_Artist.png</texture>
							</control>
							<control type="image">
								<posx>1206</posx>
								<posy>65</posy>
								<width>20</width>
								<height>20</height>
								<texture>icons/scroll_right_white.png</texture>
								<colordiffuse>green</colordiffuse>
								<visible>Container(161).HasNext</visible>
							</control>
							<control type="list" id="161">
								<posx>70</posx>
								<width>1122</width>
								<height>147</height>
								<onleft>ActivateWindow(51)</onleft>
								<onright>96</onright>
								<onup>151</onup>
								<ondown>171</ondown>
								<scrolltime>200</scrolltime>
								<orientation>horizontal</orientation>
								<viewtype label="535">list</viewtype>
								<preloaditems>2</preloaditems>
								<itemlayout width="374" height="147">
									<control type="image">
										<posx>2</posx>
										<posy>2</posy>
										<width>370</width>
										<height>143</height>
										<texture>views/list_frame_device.png</texture>
									</control>
									<control type="image">
										<posx>11</posx>
										<posy>12</posy>
										<width>123</width>
										<height>123</height>
										<icon>DefaultMusicArtistspng</icon>
										<texture>$INFO[ListItem.Icon]</texture>
										<bordersize>4</bordersize>
										<bordertexture>views/info_cover_border.png</bordertexture>
									</control>
									<control type="textbox">
										<posx>144</posx>
										<posy>4</posy>
										<width>198</width>
										<height>130</height>
										<font>font21sq</font>
										<align>left</align>
										<label>$INFO[ListItem.Label]</label>
										<textcolor>white</textcolor>
										<selectedcolor>blue</selectedcolor>
									</control>
								</itemlayout>
								<focusedlayout width="374" height="147">
									<control type="image">
										<posx>2</posx>
										<posy>2</posy>
										<width>370</width>
										<height>143</height>
										<texture>views/list_frame_device.png</texture>
									</control>
									<control type="image">
										<posx>0</posx>
										<posy>0</posy>
										<width>374</width>
										<height>147</height>
										<texture>views/list_frame_device_white.png</texture>
										<visible>Control.HasFocus(161)</visible>
										<animation type="Focus">
											<effect type="fade" start="60" time="120"/>
											<effect type="zoom" start="99,97" center="auto" time="120" delay="60"/>
										</animation>
									</control>
									<control type="image">
										<posx>11</posx>
										<posy>12</posy>
										<width>123</width>
										<height>123</height>
										<icon>DefaultMusicArtists.png</icon>
										<texture>$INFO[ListItem.Icon]</texture>
										<bordersize>4</bordersize>
										<bordertexture>views/info_cover_border.png</bordertexture>
									</control>
									<control type="textbox">
										<visible>!Control.HasFocus(161)</visible>
										<posx>144</posx>
										<posy>4</posy>
										<width>198</width>
										<height>130</height>
										<font>font21sq</font>
										<align>left</align>
										<label>$INFO[ListItem.Label]</label>
										<textcolor>white</textcolor>
										<selectedcolor>blue</selectedcolor>
									</control>
									<control type="textbox">
										<visible>Control.HasFocus(161)</visible>
										<posx>144</posx>
										<posy>4</posy>
										<width>198</width>
										<height>130</height>
										<font>font21sq</font>
										<align>left</align>
										<label>$INFO[ListItem.Label]</label>
										<textcolor>black</textcolor>
										<selectedcolor>blue</selectedcolor>
									</control>
								</focusedlayout>
							</control>
						</control>
						<control type="group" id="179">
							<posx>0</posx>
							<posy>0</posy>
							<width>1610</width>
							<height>147</height>
							<control type="image">
								<posx>8</posx>
								<posy>43</posy>
								<width>60</width>
								<height>60</height>
								<texture>icons/Small_Icon_Album.png</texture>
							</control>
							<control type="image">
								<posx>1206</posx>
								<posy>65</posy>
								<width>20</width>
								<height>20</height>
								<texture>icons/scroll_right_white.png</texture>
								<colordiffuse>green</colordiffuse>
								<visible>Container(171).HasNext</visible>
							</control>
							<control type="list" id="171">
								<posx>70</posx>
								<width>1122</width>
								<height>147</height>
								<onleft>ActivateWindow(51)</onleft>
								<onright>96</onright>
								<onup>161</onup>
								<ondown>181</ondown>
								<scrolltime>200</scrolltime>
								<orientation>horizontal</orientation>
								<viewtype label="535">list</viewtype>
								<preloaditems>2</preloaditems>
								<itemlayout width="374" height="147">
									<control type="image">
										<posx>2</posx>
										<posy>2</posy>
										<width>370</width>
										<height>143</height>
										<texture>views/list_frame_device.png</texture>
									</control>
									<control type="image">
										<posx>11</posx>
										<posy>12</posy>
										<width>123</width>
										<height>123</height>
										<icon>DefaultMusicAlbums.png</icon>
										<texture>$INFO[ListItem.Icon]</texture>
										<bordersize>4</bordersize>
										<bordertexture>views/info_cover_border.png</bordertexture>
									</control>
									<control type="textbox">
										<posx>144</posx>
										<posy>4</posy>
										<width>198</width>
										<height>130</height>
										<font>font21sq</font>
										<align>left</align>
										<label>$INFO[ListItem.Label][CR][COLOR lightgrey]$INFO[ListItem.Property(Artist)][/COLOR]</label>
										<textcolor>white</textcolor>
										<selectedcolor>blue</selectedcolor>
									</control>
								</itemlayout>
								<focusedlayout width="374" height="147">
									<control type="image">
										<posx>2</posx>
										<posy>2</posy>
										<width>370</width>
										<height>143</height>
										<texture>views/list_frame_device.png</texture>
									</control>
									<control type="image">
										<posx>0</posx>
										<posy>0</posy>
										<width>374</width>
										<height>147</height>
										<texture>views/list_frame_device_white.png</texture>
										<visible>Control.HasFocus(171)</visible>
										<animation type="Focus">
											<effect type="fade" start="60" time="120"/>
											<effect type="zoom" start="99,97" center="auto" time="120" delay="60"/>
										</animation>
									</control>
									<control type="image">
										<posx>11</posx>
										<posy>12</posy>
										<width>123</width>
										<height>123</height>
										<icon>DefaultMusicAlbums.png</icon>
										<texture>$INFO[ListItem.Icon]</texture>
										<bordersize>4</bordersize>
										<bordertexture>views/info_cover_border.png</bordertexture>
									</control>
									<control type="textbox">
										<visible>!Control.HasFocus(171)</visible>
										<posx>144</posx>
										<posy>4</posy>
										<width>198</width>
										<height>130</height>
										<font>font21sq</font>
										<align>left</align>
										<label>$INFO[ListItem.Label][CR][COLOR lightgrey]$INFO[ListItem.Property(Artist)][/COLOR]</label>
										<textcolor>white</textcolor>
										<selectedcolor>blue</selectedcolor>
									</control>
									<control type="textbox">
										<visible>Control.HasFocus(171)</visible>
										<posx>144</posx>
										<posy>4</posy>
										<width>198</width>
										<height>130</height>
										<font>font21sq</font>
										<align>left</align>
										<label>$INFO[ListItem.Label][CR][COLOR medgrey]$INFO[ListItem.Property(Artist)][/COLOR]</label>
										<textcolor>black</textcolor>
										<selectedcolor>blue</selectedcolor>
									</control>
								</focusedlayout>
							</control>
						</control>
						<control type="group" id="189">
							<posx>0</posx>
							<posy>0</posy>
							<width>1710</width>
							<height>147</height>
							<control type="image">
								<posx>8</posx>
								<posy>43</posy>
								<width>60</width>
								<height>60</height>
								<texture>icons/Small_Icon_Song.png</texture>
							</control>
							<control type="image">
								<posx>1206</posx>
								<posy>65</posy>
								<width>20</width>
								<height>20</height>
								<texture>icons/scroll_right_white.png</texture>
								<colordiffuse>green</colordiffuse>
								<visible>Container(181).HasNext</visible>
							</control>
							<control type="list" id="181">
								<posx>70</posx>
								<width>1122</width>
								<height>147</height>
								<onleft>ActivateWindow(51)</onleft>
								<onright>96</onright>
								<onup>171</onup>
								<ondown>-</ondown>
								<scrolltime>200</scrolltime>
								<orientation>horizontal</orientation>
								<viewtype label="535">list</viewtype>
								<preloaditems>2</preloaditems>
								<itemlayout width="374" height="147">
									<control type="image">
										<posx>2</posx>
										<posy>2</posy>
										<width>370</width>
										<height>143</height>
										<texture>views/list_frame_device.png</texture>
									</control>
									<control type="image">
										<posx>11</posx>
										<posy>12</posy>
										<width>123</width>
										<height>123</height>
										<icon>DefaultMusicSongs.png</icon>
										<texture>$INFO[ListItem.Icon]</texture>
										<bordersize>4</bordersize>
										<bordertexture>views/info_cover_border.png</bordertexture>
									</control>
									<control type="textbox">
										<posx>144</posx>
										<posy>4</posy>
										<width>198</width>
										<height>130</height>
										<font>font21sq</font>
										<align>left</align>
										<label>$INFO[ListItem.Label][CR][COLOR lightgrey]$INFO[ListItem.Property(Album)][/COLOR]</label>
										<textcolor>white</textcolor>
										<selectedcolor>blue</selectedcolor>
									</control>
								</itemlayout>
								<focusedlayout width="374" height="147">
									<control type="image">
										<posx>2</posx>
										<posy>2</posy>
										<width>370</width>
										<height>143</height>
										<texture>views/list_frame_device.png</texture>
									</control>
									<control type="image">
										<posx>0</posx>
										<posy>0</posy>
										<width>374</width>
										<height>147</height>
										<texture>views/list_frame_device_white.png</texture>
										<visible>Control.HasFocus(181)</visible>
										<animation type="Focus">
											<effect type="fade" start="60" time="120"/>
											<effect type="zoom" start="99,97" center="auto" time="120" delay="60"/>
										</animation>
									</control>
									<control type="image">
										<posx>11</posx>
										<posy>12</posy>
										<width>123</width>
										<height>123</height>
										<icon>DefaultMusicSongs.png</icon>
										<texture>$INFO[ListItem.Icon]</texture>
										<bordersize>4</bordersize>
										<bordertexture>views/info_cover_border.png</bordertexture>
									</control>
									<control type="textbox">
										<visible>!Control.HasFocus(181)</visible>
										<posx>144</posx>
										<posy>4</posy>
										<width>198</width>
										<height>130</height>
										<font>font21sq</font>
										<align>left</align>
										<label>$INFO[ListItem.Label][CR][COLOR lightgrey]$INFO[ListItem.Property(Album)][/COLOR]</label>
										<textcolor>white</textcolor>
										<selectedcolor>blue</selectedcolor>
									</control>
									<control type="textbox">
										<visible>Control.HasFocus(181)</visible>
										<posx>144</posx>
										<posy>4</posy>
										<width>198</width>
										<height>130</height>
										<font>font21sq</font>
										<align>left</align>
										<label>$INFO[ListItem.Label][CR][COLOR medgrey]$INFO[ListItem.Property(Album)][/COLOR]</label>
										<textcolor>black</textcolor>
										<selectedcolor>blue</selectedcolor>
									</control>
								</focusedlayout>
							</control>
						</control>
					</control>
				</control>
			</control>
			<include>Common_Main_Menu_Button</include>
		</control>
	</controls>
</window>
