<window id="7">
	<defaultcontrol>9000</defaultcontrol>
	<allowoverlay>no</allowoverlay>
	<controls>
		<include>Common_Background</include>
		<control type="group">
			<include>Common_Browse_Background_Top</include>
			<include>Common_Browse_Background_Bottom</include>
			<include>Main_Menu_Slide_Animation</include>
			<control type="group">
				<include>Main_Menu_Fade_Animation</include>
				<description>First Page Video/Music/Photos/Applications</description>
				<posx>32</posx>
				<posy>54</posy>
				<width>1216</width>
				<height>32</height>
				<control type="image">
					<description>page header tab icon</description>
					<include>Common_Title_Image</include>
					<texture>icons/icon_system_info.png</texture>
				</control>
				<control type="label">
					<description>header label</description>
					<include>Common_Title_Label</include>
					<label>$LOCALIZE[138]</label>
				</control>
				<control type="group">
					<description>time group</description>
					<posx>600</posx>
					<posy>-34</posy>
					<include>Common_Clock</include>
				</control>
			</control>
			<control type="group">
				<include>Main_Menu_Fade_Animation</include>
				<include>Window_Fade_Animation</include>
				<control type="grouplist" id="9000">
					<description>button area</description>
					<posx>50</posx>
					<posy>206</posy>
					<width>220</width>
					<height>880</height>
					<itemgap>0</itemgap>
					<onleft>ActivateWindow(51)</onleft>
					<onright>-</onright>
					<orientation>vertical</orientation>
					<control type="button" id="95">
						<description>Button Default Values</description>
						<width>220</width>
						<height>65</height>
						<font>font21</font>
						<onleft>ActivateWindow(51)</onleft>
						<textcolor>white</textcolor>
						<focusedcolor>black</focusedcolor>
						<textoffsetx>20</textoffsetx>
						<texturefocus>icons/settings_button_on.png</texturefocus>
						<texturenofocus>icons/settings_button.png</texturenofocus>
						<pulseonselect>false</pulseonselect>
						<label>13278</label>
					</control>
					<control type="button" id="94">
						<description>Button Storage</description>
						<width>220</width>
						<height>65</height>
						<font>font21</font>
						<onleft>ActivateWindow(51)</onleft>
						<textcolor>white</textcolor>
						<focusedcolor>black</focusedcolor>
						<textoffsetx>20</textoffsetx>
						<texturefocus>icons/settings_button_on.png</texturefocus>
						<texturenofocus>icons/settings_button.png</texturenofocus>
						<pulseonselect>false</pulseonselect>
						<label>13277</label>
					</control>
					<control type="button" id="96">
						<description>Button Network</description>
						<width>220</width>
						<height>65</height>
						<font>font21</font>
						<onleft>ActivateWindow(51)</onleft>
						<textcolor>white</textcolor>
						<focusedcolor>black</focusedcolor>
						<textoffsetx>20</textoffsetx>
						<texturefocus>icons/settings_button_on.png</texturefocus>
						<texturenofocus>icons/settings_button.png</texturenofocus>
						<pulseonselect>false</pulseonselect>
						<label>13279</label>
					</control>
					<control type="button" id="97">
						<description>Button Video</description>
						<width>220</width>
						<height>65</height>
						<font>font21</font>
						<onleft>ActivateWindow(51)</onleft>
						<textcolor>white</textcolor>
						<focusedcolor>black</focusedcolor>
						<textoffsetx>20</textoffsetx>
						<texturefocus>icons/settings_button_on.png</texturefocus>
						<texturenofocus>icons/settings_button.png</texturenofocus>
						<pulseonselect>false</pulseonselect>
						<label>13280</label>
					</control>
					<control type="button" id="98">
						<description>Button Hardware</description>
						<width>220</width>
						<height>65</height>
						<font>font21</font>
						<onleft>ActivateWindow(51)</onleft>
						<textcolor>white</textcolor>
						<focusedcolor>black</focusedcolor>
						<textoffsetx>20</textoffsetx>
						<texturefocus>icons/settings_button_on.png</texturefocus>
						<texturenofocus>icons/settings_button.png</texturenofocus>
						<pulseonselect>false</pulseonselect>
						<label>13281</label>
					</control>
				</control>
				<control type="grouplist" id="1600">
					<description>control area</description>
					<posx>300</posx>
					<posy>206</posy>
					<width>900</width>
					<height>484</height>
					<itemgap>0</itemgap>
					<control type="button" id="2">
						<description>Label 2</description>
						<textoffsetx>20</textoffsetx>
						<height>44</height>
						<width>900</width>
						<label>-</label>
						<font>font12</font>
						<texturenofocus>views/line_frame_device_black.png</texturenofocus>
						<visible>!IsEmpty(Control.GetLabel(2))</visible>
					</control>
					<control type="button" id="3">
						<description>Label 3</description>
						<textoffsetx>20</textoffsetx>
						<height>44</height>
						<width>900</width>
						<label>-</label>
						<font>font12</font>
						<texturenofocus>views/line_frame_device_black.png</texturenofocus>
						<visible>!IsEmpty(Control.GetLabel(3))</visible>
					</control>
					<control type="button" id="4">
						<description>Label 4</description>
						<textoffsetx>20</textoffsetx>
						<height>44</height>
						<width>900</width>
						<label>-</label>
						<font>font12</font>
						<texturenofocus>views/line_frame_device_black.png</texturenofocus>
						<visible>!IsEmpty(Control.GetLabel(4))</visible>
					</control>
					<control type="button" id="5">
						<description>Label 5</description>
						<textoffsetx>20</textoffsetx>
						<height>44</height>
						<width>900</width>
						<label>-</label>
						<font>font12</font>
						<texturenofocus>views/line_frame_device_black.png</texturenofocus>
						<visible>!IsEmpty(Control.GetLabel(5))</visible>
					</control>
					<control type="button" id="6">
						<description>Label 6</description>
						<textoffsetx>20</textoffsetx>
						<height>44</height>
						<width>900</width>
						<label>-</label>
						<font>font12</font>
						<texturenofocus>views/line_frame_device_black.png</texturenofocus>
						<visible>!IsEmpty(Control.GetLabel(6))</visible>
					</control>
					<control type="button" id="7">
						<description>Label 7</description>
						<textoffsetx>20</textoffsetx>
						<height>44</height>
						<width>900</width>
						<label>-</label>
						<font>font12</font>
						<texturenofocus>views/line_frame_device_black.png</texturenofocus>
						<visible>!IsEmpty(Control.GetLabel(7))</visible>
					</control>
					<control type="button" id="8">
						<description>Label 8</description>
						<textoffsetx>20</textoffsetx>
						<height>44</height>
						<width>900</width>
						<label>-</label>
						<font>font12</font>
						<texturenofocus>views/line_frame_device_black.png</texturenofocus>
						<visible>!IsEmpty(Control.GetLabel(8))</visible>
					</control>
					<control type="button" id="9">
						<description>Label 9</description>
						<textoffsetx>20</textoffsetx>
						<height>44</height>
						<width>900</width>
						<label>-</label>
						<font>font12</font>
						<texturenofocus>views/line_frame_device_black.png</texturenofocus>
						<visible>!IsEmpty(Control.GetLabel(9))</visible>
					</control>
					<control type="button" id="10">
						<description>Label 10</description>
						<textoffsetx>20</textoffsetx>
						<height>44</height>
						<width>900</width>
						<label>-</label>
						<font>font12</font>
						<texturenofocus>views/line_frame_device_black.png</texturenofocus>
						<visible>!IsEmpty(Control.GetLabel(10))</visible>
					</control>
					<control type="button" id="11">
						<description>Label 11</description>
						<textoffsetx>20</textoffsetx>
						<height>44</height>
						<width>900</width>
						<label>-</label>
						<font>font12</font>
						<texturenofocus>views/line_frame_device_black.png</texturenofocus>
						<visible>!IsEmpty(Control.GetLabel(11))</visible>
					</control>
				</control>
				<control type="button" id="52">
					<description>XBMC XBE BUILD Version</description>
					<textoffsetx>20</textoffsetx>
					<posx>300</posx>
					<posy>660</posy>
					<height>44</height>
					<width>900</width>
					<label>-</label>
					<font>font12</font>
					<textcolor>green</textcolor>
					<texturenofocus>views/line_frame_device_black.png</texturenofocus>
				</control>
			</control>
		</control>
		<include>Common_Main_Menu_Button</include>
	</controls>
</window>