﻿<window id="12">
	<defaultcontrol>3</defaultcontrol>
	<allowoverlay>no</allowoverlay>
	<controls>
		<include>Common_Background</include>
		<control type="group">
			<include>Common_Browse_Background_Top</include>
			<include>Common_Browse_Background_Bottom</include>
			<include>Main_Menu_Slide_Animation</include>
			<control type="group">
				<include>Main_Menu_Fade_Animation</include>
				<posx>32</posx>
				<posy>54</posy>
				<width>1216</width>
				<height>32</height>
				<control type="image">
					<description>page header tab icon</description>
					<include>Common_Title_Image</include>
					<texture>icons/icon_settings.png</texture>
				</control>
				<control type="label">
					<description>header label</description>
					<include>Common_Title_Label</include>
					<label>10019</label>
					<visible>Window.IsVisible(appearancesettings)</visible>
				</control>
				<control type="label">
					<description>header label</description>
					<include>Common_Title_Label</include>
					<label>10017</label>
					<visible>Window.IsVisible(videossettings)</visible>
				</control>
				<control type="label">
					<description>header label</description>
					<include>Common_Title_Label</include>
					<label>10015</label>
					<visible>Window.IsVisible(musicsettings)</visible>
				</control>
				<control type="label">
					<description>header label</description>
					<include>Common_Title_Label</include>
					<label>10012</label>
					<visible>Window.IsVisible(picturessettings)</visible>
				</control>
				<control type="label">
					<description>header label</description>
					<include>Common_Title_Label</include>
					<label>10016</label>
					<visible>Window.IsVisible(systemsettings)</visible>
				</control>
				<control type="label">
					<description>header label</description>
					<include>Common_Title_Label</include>
					<label>10018</label>
					<visible>Window.IsVisible(networksettings)</visible>
				</control>
				<control type="label">
					<description>header label</description>
					<include>Common_Title_Label</include>
					<label>10014</label>
					<visible>Window.IsVisible(weathersettings)</visible>
				</control>
				<control type="label">
					<description>header label</description>
					<include>Common_Title_Label</include>
					<label>10013</label>
					<visible>Window.IsVisible(programssettings)</visible>
				</control>
				<control type="label">
					<description>header label</description>
					<include>Common_Title_Label</include>
					<label>$LOCALIZE[10004] - $LOCALIZE[31150]</label>
					<visible>Window.IsVisible(pvrsettings)</visible>
				</control>
				<control type="group">
					<description>time group</description>
					<posx>600</posx>
					<posy>-34</posy>
					<include>Common_Clock</include>
				</control>
			</control>
			<control type="group">
				<include>Main_Menu_Fade_Animation</include>
				<include>Window_Fade_Animation</include>
				<control type="grouplist" id="3">
					<description>button area</description>
					<posx>50</posx>
					<posy>206</posy>
					<width>220</width>
					<height>480</height>
					<itemgap>0</itemgap>
					<onleft>ActivateWindow(51)</onleft>
					<onright>5</onright>
					<orientation>vertical</orientation>
				</control>
				<control type="grouplist" id="5">
					<description>control area</description>
					<posx>300</posx>
					<posy>206</posy>
					<width>900</width>
					<height>484</height>
					<itemgap>0</itemgap>
					<pagecontrol>90</pagecontrol>
					<onleft>3</onleft>
					<onright>90</onright>
					<onup>9010</onup>
					<ondown>-</ondown>
				</control>
				<control type="button" id="10">
					<description>Default Category Button</description>
					<posx>0</posx>
					<posy>0</posy>
					<width>220</width>
					<height>65</height>
					<font>font21</font>
					<onleft>ActivateWindow(51)</onleft>
					<onright>5</onright>
					<textcolor>white</textcolor>
					<focusedcolor>black</focusedcolor>
					<textoffsetx>20</textoffsetx>
					<texturefocus>icons/settings_button_on.png</texturefocus>
					<texturenofocus>icons/settings_button.png</texturenofocus>
					<pulseonselect>false</pulseonselect>
					<onclick>SetFocus(5)</onclick>
				</control>
				<control type="button" id="7">
					<description>Default Button</description>
					<posx>0</posx>
					<posy>0</posy>
					<height>44</height>
					<font>font21</font>
					<textcolor>white</textcolor>
					<focusedcolor>black</focusedcolor>
					<disabledcolor>disabled</disabledcolor>
					<textoffsetx>20</textoffsetx>
					<texturefocus>views/line_frame_device_white.png</texturefocus>
					<texturenofocus>views/line_frame_device_black.png</texturenofocus>
					<pulseonselect>false</pulseonselect>
				</control>
				<control type="radiobutton" id="8">
					<description>Default RadioButton</description>
					<posx>0</posx>
					<posy>0</posy>
					<height>44</height>
					<font>font21</font>
					<textcolor>white</textcolor>
					<focusedcolor>black</focusedcolor>
					<disabledcolor>disabled</disabledcolor>
					<texturefocus>views/line_frame_device_white.png</texturefocus>
					<texturenofocus>views/line_frame_device_black.png</texturenofocus>
					<textoffsetx>20</textoffsetx>
					<textureradiofocus>icons/settings_radio_button_selected.png</textureradiofocus>
					<textureradionofocus>icons/settings_radio_button.png</textureradionofocus>
					<pulseonselect>false</pulseonselect>
					<radioposy>9</radioposy>
					<radiowidth>26</radiowidth>
					<radioheight>26</radioheight>
				</control>
				<control type="spincontrolex" id="9">
					<description>Default SpinControlex</description>
					<posx>0</posx>
					<posy>0</posy>
					<height>44</height>
					<texturefocus>views/line_frame_device_white.png</texturefocus>
					<texturenofocus>views/line_frame_device_black.png</texturenofocus>
					<textureup>icons/scroll_up.png</textureup>
					<texturedown>icons/scroll_down.png</texturedown>
					<textureupfocus>icons/settings_arrow_button_up.png</textureupfocus>
					<texturedownfocus>icons/settings_arrow_button_down.png</texturedownfocus>
					<font>font21</font>
					<textcolor>white</textcolor>
					<focusedcolor>black</focusedcolor>
					<disabledcolor>disabled</disabledcolor>
					<textoffsetx>20</textoffsetx>
					<aligny>center</aligny>
					<reverse>yes</reverse>
					<pulseonselect>false</pulseonselect>
				</control>
				<control type="scrollbar" id="90">
					<description>scroll bar indicator for lists</description>
					<posx>1202</posx>
					<posy>206</posy>
					<width>12</width>
					<height>484</height>
					<onleft>5</onleft>
					<texturesliderbackground border="0,8,0,8">icons/scrollbar_vertical_bg.png</texturesliderbackground>
					<texturesliderbar border="4,8,4,8">icons/scrollbar_vertical_nib.png</texturesliderbar>
					<texturesliderbarfocus border="4,8,4,8">icons/scrollbar_vertical_nib_on.png</texturesliderbarfocus>
					<orientation>vertical</orientation>
					<showonepage>false</showonepage>
				</control>
			</control>
			<include>Common_Main_Menu_Button</include>
		</control>
	</controls>
</window>
