﻿<window id="2007">
	<controls>
		<control type="group">
			<posx>0</posx>
			<posy>0</posy>
			<visible>Player.ShowInfo</visible>
			<control type="image">
				<visible>!IsEmpty(slideshow.filename)</visible>
				<posx>0</posx>
				<posy>-135</posy>
				<width>1280</width>
				<height>190</height>
				<texture>osd/osd_background_center.png</texture>
			</control>
			<control type="label">
				<posx>20</posx>
				<posy>5</posy>
				<width>1100</width>
				<height>40</height>
				<align>left</align>
				<aligny>top</aligny>
				<haspath>false</haspath>
				<font>font30</font>
				<textcolor>white</textcolor>
        <label>$INFO[slideshow.filename]</label>
			</control>
			<control type="label">
				<posx>1260</posx>
				<posy>5</posy>
				<width>160</width>
				<height>40</height>
				<align>right</align>
				<aligny>top</aligny>
				<font>font28</font>
				<textcolor>white</textcolor>
				<label>$INFO[slideshow.slideindex]</label>
			</control>
		</control>
  </controls>
</window>
