<window id="2901">
	<defaultcontrol always="true">101</defaultcontrol>
	<controls>
		<control type="button" id="101">
			<posx>-10</posx>
			<posy>-10</posy>
			<width>1</width>
			<height>1</height>
			<visible>Window.IsVisible(fullscreeninfo)</visible>
			<onfocus>Dialog.Close(2901)</onfocus>
			<onfocus>SetFocus(9000)</onfocus>
		</control>
		<control type="button" id="101">
			<posx>-10</posx>
			<posy>-10</posy>
			<width>1</width>
			<height>1</height>
			<visible>!Window.IsVisible(fullscreeninfo)</visible>
			<onfocus>SetFocus(9104)</onfocus>
		</control>
		<control type="group">
			<visible>Window.IsActive(FullscreenVideo) + Player.HasVideo + !Window.IsVisible(fullscreeninfo) + !Window.IsVisible(PVROSDChannels) + !Window.IsVisible(PVROSDGuide)</visible>
			<animation type="Conditional" condition="Window.IsVisible(sliderdialog)">
				<effect type="fade" start="100" end="0" time="200"/>
			</animation>
			<animation type="Conditional" condition="Window.IsVisible(custom_51_main_menu.xml)">
				<effect type="fade" start="100" end="90" time="180"/>
				<effect type="slide" start="0,0" end="150,0" time="120"/>
			</animation>
			<animation type="WindowOpen" condition="!Window.IsVisible(seekbar)">
				<effect type="fade" time="200" delay="0"/>
			</animation>
			<animation type="WindowClose" condition="!Window.IsVisible(seekbar)">
				<effect type="fade" time="200" delay="0"/>
			</animation>
			<animation type="Conditional" condition="Window.IsVisible(movieinformation)">
				<effect type="fade" start="100" end="0" time="200"/>
			</animation>
			<animation effect="slide" end="0,-499" condition="Skin.HasSetting(HighOSD)">Conditional</animation>
			<posx>83</posx>
			<posy>509</posy>
			<control type="group">
				<animation type="WindowOpen" condition="Window.IsVisible(seekbar)">
					<effect type="fade" time="200" delay="0"/>
				</animation>
				<animation type="WindowClose" condition="Window.IsVisible(seekbar)">
					<effect type="fade" time="200" delay="0"/>
				</animation>
				<control type="image">
					<description>background top image</description>
					<visible>!ControlGroup(9000).HasFocus</visible>
					<posx>0</posx>
					<posy>0</posy>
					<width>1114</width>
					<height>56</height>
					<texture>osd/osd_background_top.png</texture>
				</control>
				<control type="image">
					<description>background top image</description>
					<visible>ControlGroup(9000).HasFocus</visible>
					<posx>0</posx>
					<posy>0</posy>
					<width>1114</width>
					<height>56</height>
					<texture>osd/osd_background_top_on.png</texture>
				</control>
				<control type="group">
					<animation type="Conditional" condition="Window.IsVisible(osdvideosettings) | Window.IsVisible(osdaudiosettings) | Window.IsVisible(videobookmarks) | Control.IsVisible(9200)">
						<effect type="fade" start="100" end="20" time="200"/>
					</animation>
					<control type="grouplist" id="9000">
						<posx>25</posx>
						<posy>11</posy>
						<width>1000</width>
						<height>33</height>
						<itemgap>12</itemgap>
						<ondown>9100</ondown>
						<orientation>horizontal</orientation>
						<control type="button" id="9003">
							<description>readmore button</description>
							<posx>0</posx>
							<posy>0</posy>
							<width>20</width>
							<height>33</height>
							<onleft>-</onleft>
							<texturenofocus>buttons/info_readmore.png</texturenofocus>
							<texturefocus>buttons/info_readmore_on.png</texturefocus>
							<font>-</font>
							<onclick>ActivateWindow(142)</onclick>
							<onclick>Dialog.Close(VideoOSD)</onclick>
							<hitrect x="0" y="0" w="100" h="33" />
						</control>
						<control type="label" id="20">
							<visible>!Control.HasFocus(9003)</visible>
							<posx>0</posx>
							<posy>0</posy>
							<width min="0" max="200">auto</width>
							<height>33</height>
							<aligny>center</aligny>
							<label>31074</label>
							<textcolor>grey</textcolor>
							<font>font21</font>
						</control>
						<control type="label" id="21">
							<visible>Control.HasFocus(9003)</visible>
							<posx>0</posx>
							<posy>0</posy>
							<width min="0" max="200">auto</width>
							<height>33</height>
							<aligny>center</aligny>
							<label>31074</label>
							<textcolor>green</textcolor>
							<font>font21</font>
						</control>
						<control type="image" id="22">
							<description>left dotted line</description>
							<posx>0</posx>
							<posy>0</posy>
							<width>3</width>
							<height>33</height>
							<texture>icons/dotted_line_divider.png</texture>
						</control>
						<control type="button" id="9004">
							<description>dvd menu button</description>
							<posx>0</posx>
							<posy>0</posy>
							<width>33</width>
							<height>33</height>
							<texturenofocus>buttons/info_dvd.png</texturenofocus>
							<texturefocus>buttons/info_dvd_on.png</texturefocus>
							<font>-</font>
							<onclick>PlayerControl(ShowVideoMenu)</onclick>
							<visible>VideoPlayer.HasMenu</visible>
							<hitrect x="0" y="0" w="100" h="33" />
						</control>
						<control type="label" id="23">
							<visible>!Control.HasFocus(9004) + VideoPlayer.HasMenu</visible>
							<posx>0</posx>
							<posy>0</posy>
							<width min="0" max="200">auto</width>
							<height>33</height>
							<aligny>center</aligny>
							<label>31094</label>
							<textcolor>grey</textcolor>
							<font>font21</font>
						</control>
						<control type="label" id="24">
							<visible>Control.HasFocus(9004) + VideoPlayer.HasMenu</visible>
							<posx>0</posx>
							<posy>0</posy>
							<width min="0" max="200">auto</width>
							<height>33</height>
							<aligny>center</aligny>
							<label>31094</label>
							<textcolor>green</textcolor>
							<font>font21</font>
						</control>
						<control type="image" id="25">
							<description>left dotted line</description>
							<visible>VideoPlayer.HasMenu</visible>
							<posx>0</posx>
							<posy>0</posy>
							<width>3</width>
							<height>33</height>
							<texture>icons/dotted_line_divider.png</texture>
						</control>
						<control type="button" id="9005">
							<description>Subtitles button</description>
							<visible>IsEmpty(system.addontitle(Skin.String(SubtitlePath))) + !VideoPlayer.Content(LiveTV)</visible>
							<posx>0</posx>
							<posy>0</posy>
							<width>33</width>
							<height>33</height>
							<texturenofocus>buttons/info_subtitles.png</texturenofocus>
							<texturefocus>buttons/info_subtitles_on.png</texturefocus>
							<font>-</font>
							<onclick>Dialog.Close(VideoOSD)</onclick>
							<onclick>RunScript(script.xbmc.subtitles)</onclick>
							<hitrect x="0" y="0" w="100" h="33" />
						</control>
						<control type="button" id="9006">
							<description>Subtitles button</description>
							<visible>!IsEmpty(system.addontitle(Skin.String(SubtitlePath))) + !VideoPlayer.Content(LiveTV)</visible>
							<posx>0</posx>
							<posy>0</posy>
							<width>33</width>
							<height>33</height>
							<texturenofocus>buttons/info_subtitles.png</texturenofocus>
							<texturefocus>buttons/info_subtitles_on.png</texturefocus>
							<font>-</font>
							<onclick>Dialog.Close(VideoOSD)</onclick>
							<onclick>RunScript($INFO[Skin.String(SubtitlePath)])</onclick>
							<hitrect x="0" y="0" w="100" h="33" />
						</control>
						<control type="button" id="9011">
							<description>Subtitles button</description>
							<visible>VideoPlayer.Content(LiveTV)</visible>
							<posx>0</posx>
							<posy>0</posy>
							<width>33</width>
							<height>33</height>
							<texturenofocus>buttons/info_subtitles.png</texturenofocus>
							<texturefocus>buttons/info_subtitles_on.png</texturefocus>
							<font>-</font>
							<onclick>Dialog.Close(VideoOSD)</onclick>
							<onclick>ActivateWindow(Teletext)</onclick>
							<hitrect x="0" y="0" w="100" h="33" />
						</control>
						<control type="label" id="26">
							<visible>!Control.HasFocus(9005) + !Control.HasFocus(9006) + !Control.HasFocus(9011)</visible>
							<posx>0</posx>
							<posy>0</posy>
							<width min="0" max="200">auto</width>
							<height>33</height>
							<aligny>center</aligny>
							<label>287</label>
							<textcolor>grey</textcolor>
							<font>font21</font>
						</control>
						<control type="label" id="27">
							<visible>Control.HasFocus(9005) | Control.HasFocus(9006) | Control.HasFocus(9011)</visible>
							<posx>0</posx>
							<posy>0</posy>
							<width min="0" max="200">auto</width>
							<height>33</height>
							<aligny>center</aligny>
							<label>287</label>
							<textcolor>green</textcolor>
							<font>font21</font>
						</control>
						<control type="image" id="28">
							<description>left dotted line</description>
							<posx>0</posx>
							<posy>0</posy>
							<width>3</width>
							<height>33</height>
							<texture>icons/dotted_line_divider.png</texture>
						</control>
						<control type="button" id="9007">
							<description>Bookmarks button</description>
							<visible>!VideoPlayer.Content(LiveTV)</visible>
							<posx>0</posx>
							<posy>0</posy>
							<width>33</width>
							<height>33</height>
							<texturenofocus>osd/osd_control_bookmarks.png</texturenofocus>
							<texturefocus>osd/osd_control_bookmarks_on.png</texturefocus>
							<font>-</font>
							<onclick>ActivateWindow(125)</onclick>
							<hitrect x="0" y="0" w="100" h="33" />
						</control>
						<control type="label" id="29">
							<visible>!Control.HasFocus(9007) + !VideoPlayer.Content(LiveTV)</visible>
							<posx>0</posx>
							<posy>0</posy>
							<width min="0" max="200">auto</width>
							<height>33</height>
							<aligny>center</aligny>
							<label>31096</label>
							<textcolor>grey</textcolor>
							<font>font21</font>
						</control>
						<control type="label" id="30">
							<visible>Control.HasFocus(9007) + !VideoPlayer.Content(LiveTV)</visible>
							<posx>0</posx>
							<posy>0</posy>
							<width min="0" max="200">auto</width>
							<height>33</height>
							<aligny>center</aligny>
							<label>31096</label>
							<textcolor>green</textcolor>
							<font>font21</font>
						</control>
						<control type="button" id="9012">
							<visible>VideoPlayer.Content(LiveTV)</visible>
							<posx>0</posx>
							<posy>0</posy>
							<width>33</width>
							<height>33</height>
							<texturenofocus>osd/osd_control_tvchannels.png</texturenofocus>
							<texturefocus>osd/osd_control_tvchannels_on.png</texturefocus>
							<font>-</font>
							<onclick>ActivateWindow(PVROSDChannels)</onclick>
							<onclick>Dialog.Close(VideoOSD)</onclick>
							<hitrect x="0" y="0" w="100" h="33" />
						</control>
						<control type="label" id="39">
							<visible>!Control.HasFocus(9012) + VideoPlayer.Content(LiveTV)</visible>
							<posx>0</posx>
							<posy>0</posy>
							<width min="0" max="200">auto</width>
							<height>33</height>
							<aligny>center</aligny>
							<label>31199</label>
							<textcolor>grey</textcolor>
							<font>font21</font>
						</control>
						<control type="label" id="40">
							<visible>Control.HasFocus(9012) + VideoPlayer.Content(LiveTV)</visible>
							<posx>0</posx>
							<posy>0</posy>
							<width min="0" max="200">auto</width>
							<height>33</height>
							<aligny>center</aligny>
							<label>31199</label>
							<textcolor>green</textcolor>
							<font>font21</font>
						</control>
						<control type="image" id="41">
							<description>left dotted line</description>
							<posx>0</posx>
							<posy>0</posy>
							<width>3</width>
							<height>33</height>
							<texture>icons/dotted_line_divider.png</texture>
						</control>
						<control type="button" id="9013">
							<visible>VideoPlayer.Content(LiveTV)</visible>
							<posx>0</posx>
							<posy>0</posy>
							<width>33</width>
							<height>33</height>
							<onright>9009</onright>
							<texturenofocus>buttons/info_plot.png</texturenofocus>
							<texturefocus>buttons/info_plot_on.png</texturefocus>
							<font>-</font>
							<onclick>ActivateWindow(PVROSDGuide)</onclick>
							<onclick>Dialog.Close(VideoOSD)</onclick>
							<hitrect x="0" y="0" w="100" h="33" />
						</control>
						<control type="label" id="42">
							<visible>!Control.HasFocus(9013) + VideoPlayer.Content(LiveTV)</visible>
							<posx>0</posx>
							<posy>0</posy>
							<width min="0" max="200">auto</width>
							<height>33</height>
							<aligny>center</aligny>
							<label>31200</label>
							<textcolor>grey</textcolor>
							<font>font21</font>
						</control>
						<control type="label" id="43">
							<visible>Control.HasFocus(9013) + VideoPlayer.Content(LiveTV)</visible>
							<posx>0</posx>
							<posy>0</posy>
							<width min="0" max="200">auto</width>
							<height>33</height>
							<aligny>center</aligny>
							<label>31200</label>
							<textcolor>green</textcolor>
							<font>font21</font>
						</control>
						<control type="image" id="44">
							<description>left dotted line</description>
							<visible>VideoPlayer.Content(LiveTV)</visible>
							<posx>0</posx>
							<posy>0</posy>
							<width>3</width>
							<height>33</height>
							<texture>icons/dotted_line_divider.png</texture>
						</control>
						<control type="button" id="9008">
							<description>Video Settings button</description>
							<posx>0</posx>
							<posy>0</posy>
							<width>33</width>
							<height>33</height>
							<onright>9009</onright>
							<texturenofocus>buttons/info_settings.png</texturenofocus>
							<texturefocus>buttons/info_settings_on.png</texturefocus>
							<font>-</font>
							<onclick>ActivateWindow(123)</onclick>
							<hitrect x="0" y="0" w="100" h="33" />
						</control>
						<control type="label" id="32">
							<visible>!Control.HasFocus(9008)</visible>
							<posx>0</posx>
							<posy>0</posy>
							<width min="0" max="200">auto</width>
							<height>33</height>
							<aligny>center</aligny>
							<label>157</label>
							<textcolor>grey</textcolor>
							<font>font21</font>
						</control>
						<control type="label" id="33">
							<visible>Control.HasFocus(9008)</visible>
							<posx>0</posx>
							<posy>0</posy>
							<width min="0" max="200">auto</width>
							<height>33</height>
							<aligny>center</aligny>
							<label>157</label>
							<textcolor>green</textcolor>
							<font>font21</font>
						</control>
						<control type="image" id="34">
							<description>left dotted line</description>
							<posx>0</posx>
							<posy>0</posy>
							<width>3</width>
							<height>33</height>
							<texture>icons/dotted_line_divider.png</texture>
						</control>
						<control type="button" id="9009">
							<description>Audio Settings button</description>
							<posx>0</posx>
							<posy>0</posy>
							<width>33</width>
							<height>33</height>
							<onright>9010</onright>
							<texturenofocus>buttons/info_settings.png</texturenofocus>
							<texturefocus>buttons/info_settings_on.png</texturefocus>
							<font>-</font>
							<onclick>ActivateWindow(124)</onclick>
							<hitrect x="0" y="0" w="100" h="33" />
						</control>
						<control type="label" id="35">
							<visible>!Control.HasFocus(9009)</visible>
							<posx>0</posx>
							<posy>0</posy>
							<width min="0" max="200">auto</width>
							<height>33</height>
							<aligny>center</aligny>
							<label>292</label>
							<textcolor>grey</textcolor>
							<font>font21</font>
						</control>
						<control type="label" id="36">
							<visible>Control.HasFocus(9009)</visible>
							<posx>0</posx>
							<posy>0</posy>
							<width min="0" max="200">auto</width>
							<height>33</height>
							<aligny>center</aligny>
							<label>292</label>
							<textcolor>green</textcolor>
							<font>font21</font>
						</control>
						<control type="image" id="37">
							<description>left dotted line</description>
							<posx>0</posx>
							<posy>0</posy>
							<width>3</width>
							<height>33</height>
							<texture>icons/dotted_line_divider.png</texture>
						</control>
						<control type="button" id="9010">
							<description>Exit fullscreen button</description>
							<posx>0</posx>
							<posy>0</posy>
							<width>33</width>
							<height>33</height>
							<onright>-</onright>
							<texturenofocus>buttons/info_return.png</texturenofocus>
							<texturefocus>buttons/info_return_on.png</texturefocus>
							<font>-</font>
							<onclick>Dialog.Close(VideoOSD,true)</onclick>
							<onclick>FullScreen</onclick>
							<hitrect x="0" y="0" w="100" h="33" />
						</control>
						<control type="label" id="38">
							<visible>!Control.HasFocus(9010)</visible>
							<posx>0</posx>
							<posy>0</posy>
							<width min="0" max="200">auto</width>
							<height>33</height>
							<aligny>center</aligny>
							<label>13012</label>
							<textcolor>grey</textcolor>
							<font>font21</font>
						</control>
						<control type="label" id="38">
							<visible>Control.HasFocus(9010)</visible>
							<posx>0</posx>
							<posy>0</posy>
							<width min="0" max="200">auto</width>
							<height>33</height>
							<aligny>center</aligny>
							<label>13012</label>
							<textcolor>green</textcolor>
							<font>font21</font>
						</control>
					</control>
				</control>
			</control>
			<control type="group">
				<posx>0</posx>
				<posy>56</posy>
				<control type="image">
					<posx>0</posx>
					<posy>0</posy>
					<width>1114</width>
					<height>91</height>
					<texture>osd/osd_picture_background_center.png</texture>
				</control>
				<control type="group">
					<animation type="Conditional" condition="Window.IsVisible(osdvideosettings) | Window.IsVisible(osdaudiosettings) | Window.IsVisible(videobookmarks) | Control.IsVisible(9200)">
						<effect type="fade" start="100" end="20" time="200"/>
					</animation>
					<posx>25</posx>
					<posy>8</posy>
					<control type="label">
						<description>header label</description>
						<include>OSD_Label</include>
						<include>OSD_Video_Label</include>
					</control>
					<control type="label">
						<description>header label</description>
						<include>OSD_Label</include>
						<include>OSD_Video_Title</include>
					</control>
					<control type="label">
						<description>header label</description>
						<include>OSD_Label</include>
						<include>OSD_TVShow_Label</include>
					</control>
					<control type="group">
						<posx>958</posx>
						<posy>6</posy>
						<include>Common_Clock_Short</include>
					</control>
					<control type="group">
						<posx>0</posx>
						<posy>50</posy>
						<control type="label">
							<description>Elapsed Time Label</description>
							<posx>0</posx>
							<posy>0</posy>
							<font>font23</font>
							<textcolor>white</textcolor>
							<info>Player.Time</info>
							<width>117</width>
							<height>20</height>
							<aligny>center</aligny>
							<align>left</align>
						</control>
						<control type="progress">
							<description>Progressbar for cache</description>
							<posx>117</posx>
							<posy>5</posy>
							<width>830</width>
							<height>14</height>
							<info>Player.progresscache</info>
							<midtexture border="7">osd/osd_slider_NF.png</midtexture>
							<overlaytexture>-</overlaytexture>
						</control>
						<control type="progress">
							<description>Progressbar</description>
							<posx>117</posx>
							<posy>5</posy>
							<width>830</width>
							<height>14</height>
							<info>Player.Progress</info>
							<texturebg>osd/osd_video_indicator_background_2.png</texturebg>
							<overlaytexture>-</overlaytexture>
						</control>
						<control type="slider">
							<description>Seek Slider</description>
							<visible>system.getbool(input.enablemouse)</visible>
							<posx>117</posx>
							<posy>5</posy>
							<width>830</width>
							<height>14</height>
							<action>seek</action>
							<texturesliderbar border="7">osd/osd_video_indicator_background.png</texturesliderbar>
							<textureslidernib border="7">osd/osd_slider_NF.png</textureslidernib>
							<textureslidernibfocus border="7">osd/osd_slider_FO.png</textureslidernibfocus>
						</control>
						<control type="label">
							<description>Total Time Label</description>
							<posx>1064</posx>
							<posy>0</posy>
							<font>font23</font>
							<textcolor>white</textcolor>
							<info>Player.Duration</info>
							<width>117</width>
							<height>20</height>
							<aligny>center</aligny>
							<align>right</align>
						</control>
					</control>
				</control>
			</control>
			<control type="group">
				<posx>0</posx>
				<posy>147</posy>
				<control type="image">
					<visible>!ControlGroup(9100).HasFocus</visible>
					<posx>0</posx>
					<posy>0</posy>
					<width>1114</width>
					<height>54</height>
					<texture>osd/osd_background_bottom.png</texture>
				</control>
				<control type="image">
					<visible>ControlGroup(9100).HasFocus</visible>
					<posx>0</posx>
					<posy>0</posy>
					<width>1114</width>
					<height>54</height>
					<texture>osd/osd_background_bottom_on.png</texture>
				</control>
				<control type="label">
					<description>Exit label</description>
					<animation type="Conditional" condition="Window.IsVisible(osdvideosettings) | Window.IsVisible(osdaudiosettings) | Window.IsVisible(videobookmarks) | Control.IsVisible(9200)">
						<effect type="fade" start="100" end="20" time="200"/>
					</animation>
					<posx>25</posx>
					<posy>4</posy>
					<width>580</width>
					<height>44</height>
					<font>font21</font>
					<label>31061</label>
					<align>left</align>
					<aligny>center</aligny>
					<textcolor>yellow</textcolor>
					<visible>Skin.HasSetting(RemoteCloseMessage)</visible>
				</control>
				<control type="button">
					<animation type="Conditional" condition="Window.IsVisible(osdvideosettings) | Window.IsVisible(osdaudiosettings) | Window.IsVisible(videobookmarks) | Control.IsVisible(9200)">
						<effect type="fade" start="100" end="20" time="200"/>
					</animation>
					<posx>25</posx>
					<posy>4</posy>
					<width>580</width>
					<height>44</height>
					<font>font21</font>
					<label>31060</label>
					<textcolor>yellow</textcolor>
					<focusedcolor>red</focusedcolor>
					<texturefocus>-</texturefocus>
					<texturenofocus>-</texturenofocus>
					<onclick>Dialog.Close(VideoOSD)</onclick>
					<visible>Skin.HasSetting(MouseCloseMessage)</visible>
				</control>
				<control type="grouplist" id="9100">
					<animation type="Conditional" condition="Window.IsVisible(osdvideosettings) | Window.IsVisible(osdaudiosettings) | Window.IsVisible(videobookmarks) | Control.IsVisible(9200)">
						<effect type="fade" start="100" end="20" time="200"/>
					</animation>
					<animation type="WindowOpen" condition="Window.IsVisible(seekbar)">
						<effect type="fade" time="200" delay="0"/>
					</animation>
					<animation type="WindowClose" condition="Window.IsVisible(seekbar)">
						<effect type="fade" time="200" delay="0"/>
					</animation>
					<posx>369</posx>
					<posy>4</posy>
					<width>384</width>
					<height>46</height>
					<itemgap>0</itemgap>
					<align>center</align>
					<orientation>horizontal</orientation>
					<control type="group">
						<visible>VideoPlayer.Content(LiveTV)</visible>
						<animation effect="zoom" end="120" center="auto" time="60">Focus</animation>
						<width>46</width>
						<height>46</height>
						<control type="button" id="9111">
							<posx>-2</posx>
							<posy>-2</posy>
							<width>50</width>
							<height>50</height>
							<label>-</label>
							<texturenofocus>-</texturenofocus>
							<texturefocus>osd/osd_control_selected.png</texturefocus>
							<onclick>PlayerControl(Previous)</onclick>
							<onup>9000</onup>
							<ondown>Close</ondown>
							<onleft>9110</onleft>
							<onright>9108</onright>
						</control>
						<control type="image">
							<posx>-2</posx>
							<posy>-2</posy>
							<width>50</width>
							<height>50</height>
							<texture>osd/osd_control_pvr_down.png</texture>
							<visible>!Control.HasFocus(9111)</visible>
						</control>
						<control type="image">
							<posx>0</posx>
							<posy>0</posy>
							<width>46</width>
							<height>46</height>
							<texture>osd/osd_control_pvr_down_on.png</texture>
							<visible>Control.HasFocus(9111)</visible>
						</control>
					</control>
					<control type="group">
						<visible>!VideoPlayer.Content(LiveTV)</visible>
						<animation effect="zoom" end="120" center="auto" time="60">Focus</animation>
						<width>48</width>
						<height>46</height>
						<control type="button" id="9108">
							<posx>-2</posx>
							<posy>-2</posy>
							<width>50</width>
							<height>50</height>
							<label>-</label>
							<texturenofocus>-</texturenofocus>
							<texturefocus>osd/osd_control_selected.png</texturefocus>
							<onclick>PlayerControl(BigSkipBackward)</onclick>
							<onup>9000</onup>
							<ondown>Close</ondown>
							<onleft>9111</onleft>
							<onright>9101</onright>
						</control>
						<control type="image">
							<posx>-2</posx>
							<posy>-2</posy>
							<width>50</width>
							<height>50</height>
							<texture>osd/osd_control_skip_back_big.png</texture>
							<visible>!Control.HasFocus(9108)</visible>
						</control>
						<control type="image">
							<posx>0</posx>
							<posy>0</posy>
							<width>46</width>
							<height>46</height>
							<texture>osd/osd_control_skip_back_big_on.png</texture>
							<visible>Control.HasFocus(9108)</visible>
						</control>
					</control>
					<control type="group">
						<visible>!VideoPlayer.Content(LiveTV)</visible>
						<animation effect="zoom" end="120" center="auto" time="60">Focus</animation>
						<width>48</width>
						<height>46</height>
						<control type="button" id="9101">
							<posx>-2</posx>
							<posy>-2</posy>
							<width>50</width>
							<height>50</height>
							<label>-</label>
							<texturenofocus>-</texturenofocus>
							<texturefocus>osd/osd_control_selected.png</texturefocus>
							<onclick>PlayerControl(SmallSkipBackward)</onclick>
							<onup>9000</onup>
							<ondown>Close</ondown>
							<onleft>9108</onleft>
							<onright>9102</onright>
						</control>
						<control type="image">
							<posx>-2</posx>
							<posy>-2</posy>
							<width>50</width>
							<height>50</height>
							<texture>osd/osd_control_skip_back.png</texture>
							<visible>!Control.HasFocus(9101)</visible>
						</control>
						<control type="image">
							<posx>0</posx>
							<posy>0</posy>
							<width>46</width>
							<height>46</height>
							<texture>osd/osd_control_skip_back_on.png</texture>
							<visible>Control.HasFocus(9101)</visible>
						</control>
					</control>
					<control type="group">
						<visible>!VideoPlayer.Content(LiveTV)</visible>
						<animation effect="zoom" end="120" center="auto" time="60">Focus</animation>
						<width>46</width>
						<height>46</height>
						<control type="button" id="9102">
							<posx>-2</posx>
							<posy>-2</posy>
							<width>50</width>
							<height>50</height>
							<label>-</label>
							<texturenofocus>-</texturenofocus>
							<texturefocus>osd/osd_control_selected.png</texturefocus>
							<onclick>PlayerControl(Rewind)</onclick>
							<onup>9000</onup>
							<ondown>Close</ondown>
							<onleft>9101</onleft>
							<onright>9103</onright>
						</control>
						<control type="image">
							<posx>-2</posx>
							<posy>-2</posy>
							<width>50</width>
							<height>50</height>
							<texture>osd/osd_control_rewind.png</texture>
							<visible>!Control.HasFocus(9102)</visible>
						</control>
						<control type="image">
							<posx>-2</posx>
							<posy>-2</posy>
							<width>50</width>
							<height>50</height>
							<texture>osd/osd_control_rewind_on.png</texture>
							<visible>Control.HasFocus(9102)</visible>
						</control>
					</control>
					<control type="group">
						<animation effect="zoom" end="120" center="auto" time="60">Focus</animation>
						<width>46</width>
						<height>46</height>
						<control type="button" id="9103">
							<posx>-2</posx>
							<posy>-2</posy>
							<width>50</width>
							<height>50</height>
							<label>-</label>
							<texturenofocus>-</texturenofocus>
							<texturefocus>osd/osd_control_selected.png</texturefocus>
							<onclick>PlayerControl(stop)</onclick>
							<onclick>Dialog.Close(2901)</onclick>
							<onup>9000</onup>
							<ondown>Close</ondown>
							<onleft>9102</onleft>
							<onright>9104</onright>
						</control>
						<control type="image">
							<posx>-2</posx>
							<posy>-2</posy>
							<width>50</width>
							<height>50</height>
							<texture>osd/osd_control_stop.png</texture>
							<visible>!Control.HasFocus(9103)</visible>
						</control>
						<control type="image">
							<posx>-2</posx>
							<posy>-2</posy>
							<width>50</width>
							<height>50</height>
							<texture>osd/osd_control_stop_on.png</texture>
							<visible>Control.HasFocus(9103)</visible>
						</control>
					</control>
					<control type="group">
						<animation effect="zoom" end="120" center="auto" time="60">Focus</animation>
						<width>46</width>
						<height>46</height>
						<control type="button" id="9104">
							<posx>-2</posx>
							<posy>-2</posy>
							<width>50</width>
							<height>50</height>
							<label>-</label>
							<texturenofocus>-</texturenofocus>
							<texturefocus>osd/osd_control_selected.png</texturefocus>
							<onclick>PlayerControl(play)</onclick>
							<onup>9000</onup>
							<ondown>Close</ondown>
							<onleft>9103</onleft>
							<onright>9105</onright>
						</control>
						<control type="image">
							<posx>-2</posx>
							<posy>-2</posy>
							<width>50</width>
							<height>50</height>
							<texture>osd/osd_control_pause.png</texture>
							<visible>!Player.Paused + !Player.Forwarding + !Player.Rewinding + !Control.HasFocus(9104)</visible>
						</control>
						<control type="image">
							<posx>-2</posx>
							<posy>-2</posy>
							<width>50</width>
							<height>50</height>
							<texture>osd/osd_control_pause_on.png</texture>
							<visible>!Player.Paused + !Player.Forwarding + !Player.Rewinding + Control.HasFocus(9104)</visible>
						</control>
						<control type="image">
							<posx>-2</posx>
							<posy>-2</posy>
							<width>50</width>
							<height>50</height>
							<texture>osd/osd_control_play.png</texture>
							<visible>[Player.Paused | Player.Forwarding | Player.Rewinding] + !Control.HasFocus(9104)</visible>
						</control>
						<control type="image">
							<posx>-2</posx>
							<posy>-2</posy>
							<width>50</width>
							<height>50</height>
							<texture>osd/osd_control_play_on.png</texture>
							<visible>[Player.Paused | Player.Forwarding | Player.Rewinding] + Control.HasFocus(9104)</visible>
						</control>
					</control>
					<control type="group">
						<visible>!VideoPlayer.Content(LiveTV)</visible>
						<animation effect="zoom" end="120" center="auto" time="60">Focus</animation>
						<width>46</width>
						<height>46</height>
						<control type="button" id="9105">
							<posx>-2</posx>
							<posy>-2</posy>
							<width>50</width>
							<height>50</height>
							<label>-</label>
							<texturenofocus>-</texturenofocus>
							<texturefocus>osd/osd_control_selected.png</texturefocus>
							<onclick>PlayerControl(Forward)</onclick>
							<onup>9000</onup>
							<ondown>Close</ondown>
							<onleft>9104</onleft>
							<onright>9106</onright>
						</control>
						<control type="image">
							<posx>-2</posx>
							<posy>-2</posy>
							<width>50</width>
							<height>50</height>
							<texture>osd/osd_control_forward.png</texture>
							<visible>!Control.HasFocus(9105)</visible>
						</control>
						<control type="image">
							<posx>-2</posx>
							<posy>-2</posy>
							<width>50</width>
							<height>50</height>
							<texture>osd/osd_control_forward_on.png</texture>
							<visible>Control.HasFocus(9105)</visible>
						</control>
					</control>
					<control type="group">
						<visible>!VideoPlayer.Content(LiveTV)</visible>
						<animation effect="zoom" end="120" center="auto" time="60">Focus</animation>
						<width>46</width>
						<height>46</height>
						<control type="button" id="9106">
							<posx>-2</posx>
							<posy>-2</posy>
							<width>50</width>
							<height>50</height>
							<label>-</label>
							<texturenofocus>-</texturenofocus>
							<texturefocus>osd/osd_control_selected.png</texturefocus>
							<onclick>PlayerControl(SmallSkipForward)</onclick>
							<onup>9000</onup>
							<ondown>Close</ondown>
							<onleft>9105</onleft>
							<onright>9107</onright>
						</control>
						<control type="image">
							<posx>-2</posx>
							<posy>-2</posy>
							<width>50</width>
							<height>50</height>
							<texture>osd/osd_control_skip_forward.png</texture>
							<visible>!Control.HasFocus(9106)</visible>
						</control>
						<control type="image">
							<posx>0</posx>
							<posy>0</posy>
							<width>46</width>
							<height>46</height>
							<texture>osd/osd_control_skip_forward_on.png</texture>
							<visible>Control.HasFocus(9106)</visible>
						</control>
					</control>
					<control type="group">
						<visible>!VideoPlayer.Content(LiveTV)</visible>
						<animation effect="zoom" end="120" center="auto" time="60">Focus</animation>
						<width>46</width>
						<height>46</height>
						<control type="button" id="9107">
							<posx>-2</posx>
							<posy>-2</posy>
							<width>50</width>
							<height>50</height>
							<label>-</label>
							<texturenofocus>-</texturenofocus>
							<texturefocus>osd/osd_control_selected.png</texturefocus>
							<onclick>PlayerControl(BigSkipForward)</onclick>
							<onup>9000</onup>
							<ondown>Close</ondown>
							<onleft>9106</onleft>
							<onright>9109</onright>
						</control>
						<control type="image">
							<posx>-2</posx>
							<posy>-2</posy>
							<width>50</width>
							<height>50</height>
							<texture>osd/osd_control_skip_forward_big.png</texture>
							<visible>!Control.HasFocus(9107)</visible>
						</control>
						<control type="image">
							<posx>0</posx>
							<posy>0</posy>
							<width>46</width>
							<height>46</height>
							<texture>osd/osd_control_skip_forward_big_on.png</texture>
							<visible>Control.HasFocus(9107)</visible>
						</control>
					</control>
					<control type="group">
						<visible>VideoPlayer.Content(LiveTV) + Player.CanRecord</visible>
						<animation effect="zoom" end="120" center="auto" time="60">Focus</animation>
						<width>46</width>
						<height>46</height>
						<control type="button" id="9109">
							<posx>-2</posx>
							<posy>-2</posy>
							<width>50</width>
							<height>50</height>
							<label>-</label>
							<texturenofocus>-</texturenofocus>
							<texturefocus>osd/osd_control_selected.png</texturefocus>
							<onclick>PlayerControl(Record)</onclick>
							<onup>9000</onup>
							<ondown>Close</ondown>
							<onleft>9107</onleft>
							<onright>9110</onright>
						</control>
						<control type="image">
							<posx>-2</posx>
							<posy>-2</posy>
							<width>50</width>
							<height>50</height>
							<texture>osd/osd_pvr_recording.png</texture>
							<visible>!Control.HasFocus(9109)</visible>
						</control>
						<control type="image">
							<posx>0</posx>
							<posy>0</posy>
							<width>46</width>
							<height>46</height>
							<texture>osd/osd_pvr_recording_on.png</texture>
							<visible>Control.HasFocus(9109)</visible>
						</control>
					</control>
					<control type="group">
						<visible>VideoPlayer.Content(LiveTV)</visible>
						<animation effect="zoom" end="120" center="auto" time="60">Focus</animation>
						<width>46</width>
						<height>46</height>
						<control type="button" id="9110">
							<posx>-2</posx>
							<posy>-2</posy>
							<width>50</width>
							<height>50</height>
							<label>-</label>
							<texturenofocus>-</texturenofocus>
							<texturefocus>osd/osd_control_selected.png</texturefocus>
							<onclick>PlayerControl(Next)</onclick>
							<onup>9000</onup>
							<ondown>Close</ondown>
							<onleft>9109</onleft>
							<onright>9111</onright>
						</control>
						<control type="image">
							<posx>-2</posx>
							<posy>-2</posy>
							<width>50</width>
							<height>50</height>
							<texture>osd/osd_control_pvr_up.png</texture>
							<visible>!Control.HasFocus(9110)</visible>
						</control>
						<control type="image">
							<posx>0</posx>
							<posy>0</posy>
							<width>46</width>
							<height>46</height>
							<texture>osd/osd_control_pvr_up_on.png</texture>
							<visible>Control.HasFocus(9110)</visible>
						</control>
					</control>
				</control>
				<control type="label">
					<description>Finishes label</description>
					<animation type="Conditional" condition="Window.IsVisible(osdvideosettings) | Window.IsVisible(osdaudiosettings) | Window.IsVisible(videobookmarks) | Control.IsVisible(9200)">
						<effect type="fade" start="100" end="20" time="200"/>
					</animation>
					<posx>1089</posx>
					<posy>4</posy>
					<width>580</width>
					<height>44</height>
					<font>font21</font>
					<label>[COLOR grey]$LOCALIZE[31098]: [/COLOR]$INFO[Player.FinishTime]</label>
					<align>right</align>
					<aligny>center</aligny>
					<textcolor>white</textcolor>
				</control>
			</control>
			<control type="group">
				<posx>799</posx>
				<posy>-501</posy>
				<visible allowhiddenfocus="true">Control.HasFocus(2222)</visible>
				<control type="button" id="2222">
					<posx>0</posx>
					<posy>0</posy>
					<width>368</width>
					<height>60</height>
					<texturefocus>-</texturefocus>
				</control>
				<control type="image">
					<posx>0</posx>
					<posy>0</posy>
					<width>368</width>
					<height>60</height>
					<texture>backgrounds/volume_background.png</texture>
				</control>
				<control type="group">
					<posx>20</posx>
					<posy>14</posy>
					<control type="image">
						<description>speaker image</description>
						<posx>288</posx>
						<posy>0</posy>
						<width>42</width>
						<height>32</height>
						<aspectratio>keep</aspectratio>
						<texture>icons/icon_volume.png</texture>
						<colordiffuse>green</colordiffuse>
					</control>
					<control type="image">
						<description>speaker image</description>
						<posx>288</posx>
						<posy>0</posy>
						<width>42</width>
						<height>32</height>
						<aspectratio>keep</aspectratio>
						<texture>icons/icon_volume_low.png</texture>
						<colordiffuse>green</colordiffuse>
						<visible>IntegerGreaterThan(Player.Volume,-60)</visible>
					</control>
					<control type="image">
						<description>speaker image</description>
						<posx>288</posx>
						<posy>0</posy>
						<width>42</width>
						<height>32</height>
						<aspectratio>keep</aspectratio>
						<texture>icons/icon_volume_med.png</texture>
						<colordiffuse>green</colordiffuse>
						<visible>IntegerGreaterThan(Player.Volume,-40)</visible>
					</control>
					<control type="image">
						<description>speaker image</description>
						<posx>288</posx>
						<posy>0</posy>
						<width>42</width>
						<height>32</height>
						<aspectratio>keep</aspectratio>
						<texture>icons/icon_volume_high.png</texture>
						<colordiffuse>green</colordiffuse>
						<visible>IntegerGreaterThan(Player.Volume,-20)</visible>
					</control>
					<control type="image">
						<description>dotted line</description>
						<posx>271</posx>
						<posy>-2</posy>
						<width>3</width>
						<height>33</height>
						<texture>icons/dotted_line_divider.png</texture>
					</control>
					<control type="progress" id="1">
						<description>Progressbar</description>
						<visible>!player.passthrough</visible>
						<posx>0</posx>
						<posy>9</posy>
						<width>248</width>
						<height>14</height>
						<info>Player.Volume</info>
						<overlaytexture>-</overlaytexture>
						<visible>true</visible>
					</control>
					<control type="slider">
						<description>Seek Slider</description>
						<visible>system.getbool(input.enablemouse)</visible>
						<posx>0</posx>
						<posy>9</posy>
						<width>248</width>
						<height>14</height>
						<action>volume</action>
						<texturesliderbar border="7">osd/osd_video_indicator_background.png</texturesliderbar>
						<textureslidernib border="7">osd/osd_slider_NF.png</textureslidernib>
						<textureslidernibfocus border="7">osd/osd_slider_FO.png</textureslidernibfocus>
					</control>
					<control type="label">
						<visible>player.passthrough</visible>
						<posx>0</posx>
						<posy>8</posy>
						<width>252</width>
						<height>14</height>
						<aligny>center</aligny>
						<font>font21</font>
						<textcolor>white</textcolor>
						<label>29802</label>
						<scroll>true</scroll>
					</control>
				</control>
			</control>
		</control>
	</controls>
</window>
