<window id="125">
	<defaultcontrol always="true">2</defaultcontrol>
	<allowoverlay>no</allowoverlay>
	<controls>
		<control type="group">
			<include>Window_Fade_Animation</include>
			<animation effect="slide" end="0,201" condition="Skin.HasSetting(HighOSD)">Conditional</animation>
			<posx>83</posx>
			<posy>10</posy>
			<width>1114</width>
			<height>497</height>
			<control type="image">
				<description>browse background</description>
				<posx>0</posx>
				<posy>0</posy>
				<width>1114</width>
				<height>497</height>
				<texture>osd/osd_settings_background.png</texture>
			</control>
			<control type="group">
				<description>First Page Video/Music/Photos/Applications</description>
				<posx>22</posx>
				<posy>44</posy>
				<width>1000</width>
				<height>32</height>
				<control type="image">
					<description>page header tab icon</description>
					<include>Common_Title_Image</include>
					<texture>icons/icon_bookmarks.png</texture>
				</control>
				<control type="label">
					<description>header label</description>
					<include>Common_Title_Label</include>
					<label>31096</label>
				</control>
				<control type="group">
					<description>time group</description>
					<posx>470</posx>
					<posy>-34</posy>
					<include>Common_Clock</include>
				</control>
			</control>
			<control type="grouplist" id="9000">
				<description>button area</description>
				<posx>22</posx>
				<posy>117</posy>
				<width>270</width>
				<height>260</height>
				<itemgap>0</itemgap>
				<onright>11</onright>
				<orientation>vertical</orientation>
				<control type="button" id="2">
					<description>Create Bookmarks Button</description>
					<posx>0</posx>
					<posy>0</posy>
					<width>270</width>
					<height>65</height>
					<font>font21</font>
					<onup>-</onup>
					<textcolor>white</textcolor>
					<focusedcolor>black</focusedcolor>
					<textoffsetx>20</textoffsetx>
					<texturefocus>icons/settings_button_on.png</texturefocus>
					<texturenofocus>icons/settings_button.png</texturenofocus>
					<pulseonselect>false</pulseonselect>
					<label>294</label>
				</control>
				<control type="button" id="3">
					<description>Clear Bookmarks Button</description>
					<posx>0</posx>
					<posy>0</posy>
					<width>270</width>
					<height>65</height>
					<font>font21</font>
					<textcolor>white</textcolor>
					<focusedcolor>black</focusedcolor>
					<textoffsetx>20</textoffsetx>
					<texturefocus>icons/settings_button_on.png</texturefocus>
					<texturenofocus>icons/settings_button.png</texturenofocus>
					<pulseonselect>false</pulseonselect>
					<label>296</label>
				</control>
				<control type="button" id="4">
					<description>Episode Bookmarks Button</description>
					<posx>0</posx>
					<posy>0</posy>
					<width>270</width>
					<height>65</height>
					<font>font21</font>
					<onclick>Close</onclick>
					<textcolor>white</textcolor>
					<focusedcolor>black</focusedcolor>
					<textoffsetx>20</textoffsetx>
					<texturefocus>icons/settings_button_on.png</texturefocus>
					<texturenofocus>icons/settings_button.png</texturenofocus>
					<pulseonselect>false</pulseonselect>
					<label>20406</label>
				</control>
				<control type="button" id="5">
					<description>Exit Bookmarks Button</description>
					<posx>0</posx>
					<posy>0</posy>
					<width>270</width>
					<height>65</height>
					<font>font21</font>
					<ondown>-</ondown>
					<onclick>Close</onclick>
					<textcolor>white</textcolor>
					<focusedcolor>black</focusedcolor>
					<textoffsetx>20</textoffsetx>
					<texturefocus>icons/settings_button_on.png</texturefocus>
					<texturenofocus>icons/settings_button.png</texturenofocus>
					<pulseonselect>false</pulseonselect>
					<label>31081</label>
				</control>
			</control>

			<control type="group">
				<posx>72</posx>
				<posy>60</posy>
				<control type="panel" id="11">
					<posx>260</posx>
					<posy>63</posy>
					<width>800</width>
					<height>354</height>
					<onleft>9000</onleft>
					<onright>90</onright>
					<onup>-</onup>
					<ondown>-</ondown>
					<scrolltime>200</scrolltime>
					<pagecontrol>90</pagecontrol>
					<orientation>vertical</orientation>
					<itemlayout height="177" width="177">
						<control type="image">
							<posx>2</posx>
							<posy>2</posy>
							<width>173</width>
							<height>173</height>
							<texture>views/frame_device_sq.png</texture>
						</control>
						<control type="image">
							<posx>16</posx>
							<posy>16</posy>
							<width>145</width>
							<height>145</height>
							<info>ListItem.Icon</info>
							<bordersize>4</bordersize>
							<bordertexture>views/info_cover_border.png</bordertexture>
						</control>
					</itemlayout>
					<focusedlayout height="196" width="196">
						<control type="image">
							<posx>2</posx>
							<posy>2</posy>
							<width>173</width>
							<height>173</height>
							<texture>views/frame_device_sq.png</texture>
						</control>
						<control type="image">
							<posx>0</posx>
							<posy>0</posy>
							<width>177</width>
							<height>177</height>
							<texture>views/frame_device_sq_white.png</texture>
							<animation type="Focus">
								<effect type="fade" start="60" time="120"/>
								<effect type="zoom" start="97,97" center="auto" time="120" delay="60"/>
							</animation>
						</control>
						<control type="image">
							<posx>16</posx>
							<posy>16</posy>
							<width>145</width>
							<height>145</height>
							<info>ListItem.Icon</info>
							<bordersize>4</bordersize>
							<bordertexture>views/info_cover_border.png</bordertexture>
						</control>
					</focusedlayout>
				</control>
				<control type="scrollbar" id="90">
					<description>scroll bar indicator for lists</description>
					<posx>1012</posx>
					<posy>63</posy>
					<width>12</width>
					<height>354</height>
					<onleft>11</onleft>
					<texturesliderbackground border="0,8,0,8">icons/scrollbar_vertical_bg.png</texturesliderbackground>
					<texturesliderbar border="4,8,4,8">icons/scrollbar_vertical_nib.png</texturesliderbar>
					<texturesliderbarfocus border="4,8,4,8">icons/scrollbar_vertical_nib_on.png</texturesliderbarfocus>
					<orientation>vertical</orientation>
					<showonepage>false</showonepage>
				</control>
			</control>
		</control>
	</controls>
</window>