﻿<includes>
	<include name="MediaBannerView">
		<control type="group">
			<visible>Control.IsVisible(54)</visible>
			<control type="panel" id="54">
				<posx>44</posx>
				<posy>116</posy>
				<width>1176</width>
				<height>588</height>
				<onleft>ActivateWindow(51)</onleft>
				<onright condition="IntegerGreaterThan(Container(54).NumPages,1)">60</onright>
				<onright condition="!IntegerGreaterThan(Container(54).NumPages,1)">9111</onright>
				<onup>54</onup>
				<ondown>54</ondown>
				<scrolltime>200</scrolltime>
				<viewtype label="536">List</viewtype>
				<pagecontrol>60</pagecontrol>
				<orientation>vertical</orientation>
				<preloaditems>2</preloaditems>
				<visible>Container.Content(TVShows) | Container.Content(Seasons)</visible>
				<itemlayout width="588" height="147">
					<control type="image">
						<posx>2</posx>
						<posy>2</posy>
						<width>584</width>
						<height>143</height>
						<texture>views/list_frame_device.png</texture>
					</control>
					<control type="image">
						<posx>12</posx>
						<posy>12</posy>
						<width>564</width>
						<height>123</height>
						<info>ListItem.Thumb</info>
						<bordersize>4</bordersize>
						<bordertexture>views/info_cover_border.png</bordertexture>
						<visible>!Skin.HasSetting(UseBannerJPG)</visible>
					</control>
					<control type="image">
						<posx>12</posx>
						<posy>12</posy>
						<width>564</width>
						<height>123</height>
						<info>ListItem.ActualIcon</info>
						<visible>IsEmpty(ListItem.Thumb)</visible>
					</control>
					<control type="image">
						<posx>11</posx>
						<posy>12</posy>
						<width>566</width>
						<height>123</height>
						<texture background="true">$INFO[ListItem.Path]banner.jpg</texture>
						<bordersize>4</bordersize>
						<bordertexture>views/info_cover_border.png</bordertexture>
						<visible>Skin.HasSetting(UseBannerJPG)</visible>
					</control>
					<control type="image">
						<posx>11</posx>
						<posy>12</posy>
						<width>566</width>
						<height>123</height>
						<texture background="true">$INFO[ListItem.Path]$INFO[ListItem.Season,season,-banner.jpg]</texture>
						<bordersize>4</bordersize>
						<bordertexture>views/info_cover_border.png</bordertexture>
						<visible>Skin.HasSetting(UseBannerJPG)</visible>
					</control>
					<control type="image">
						<posx>544</posx>
						<posy>30</posy>
						<width>24</width>
						<height>24</height>
						<info>ListItem.Overlay</info>
						<visible>Skin.HasSetting(WatchedStatus)</visible>
					</control>
				</itemlayout>
				<focusedlayout width="588" height="147">
					<control type="image">
						<posx>2</posx>
						<posy>2</posy>
						<width>584</width>
						<height>143</height>
						<texture>views/list_frame_device.png</texture>
					</control>
					<control type="image">
						<posx>0</posx>
						<posy>0</posy>
						<width>588</width>
						<height>147</height>
						<texture>views/list_frame_device_white.png</texture>
						<animation type="Focus">
							<effect type="fade" start="60" time="120"/>
							<effect type="zoom" start="99,97" center="auto" time="120" delay="60"/>
						</animation>
					</control>
					<control type="image">
						<posx>12</posx>
						<posy>12</posy>
						<width>564</width>
						<height>123</height>
						<info>ListItem.Thumb</info>
						<bordersize>4</bordersize>
						<bordertexture>views/info_cover_border.png</bordertexture>
						<visible>!Skin.HasSetting(UseBannerJPG)</visible>
					</control>
					<control type="image">
						<posx>12</posx>
						<posy>12</posy>
						<width>564</width>
						<height>123</height>
						<info>ListItem.ActualIcon</info>
						<visible>IsEmpty(ListItem.Thumb)</visible>
					</control>
					<control type="image">
						<posx>11</posx>
						<posy>12</posy>
						<width>566</width>
						<height>123</height>
						<texture background="true">$INFO[ListItem.Path]banner.jpg</texture>
						<bordersize>4</bordersize>
						<bordertexture>views/info_cover_border.png</bordertexture>
						<visible>Skin.HasSetting(UseBannerJPG)</visible>
					</control>
					<control type="image">
						<posx>11</posx>
						<posy>12</posy>
						<width>566</width>
						<height>123</height>
						<texture background="true">$INFO[ListItem.Path]$INFO[ListItem.Season,season,-banner.jpg]</texture>
						<bordersize>4</bordersize>
						<bordertexture>views/info_cover_border.png</bordertexture>
						<visible>Skin.HasSetting(UseBannerJPG)</visible>
					</control>
					<control type="image">
						<posx>544</posx>
						<posy>30</posy>
						<width>24</width>
						<height>24</height>
						<info>ListItem.Overlay</info>
						<visible>Skin.HasSetting(WatchedStatus)</visible>
					</control>
				</focusedlayout>
			</control>
			<control type="group">
				<visible>Container.Scrolling</visible>
				<animation effect="fade" time="100" delay="400">Visible</animation>
				<animation effect="fade" time="300">Hidden</animation>
				<posx>582</posx>
				<posy>360</posy>
				<width>100</width>
				<height>100</height>
				<control type="image">
					<posx>0</posx>
					<posy>0</posy>
					<width>100</width>
					<height>100</height>
					<texture>backgrounds/scroll_background.png</texture>
				</control>
				<control type="label">
					<posx>0</posx>
					<posy>0</posy>
					<width>100</width>
					<height>100</height>
					<align>center</align>
					<aligny>center</aligny>
					<label>$INFO[ListItem.SortLetter]</label>
					<textcolor>white</textcolor>
					<font>font48b</font>
				</control>
			</control>
			<control type="scrollbar" id="60">
				<description>scroll bar indicator for lists</description>
				<visible>!system.getbool(input.enablemouse)</visible>
				<posx>1224</posx>
				<posy>116</posy>
				<width>12</width>
				<height>588</height>
				<onleft>50</onleft>
				<onright>SetFocus(9111)</onright>
				<texturesliderbackground border="0,8,0,8">icons/scrollbar_vertical_bg.png</texturesliderbackground>
				<texturesliderbar border="4,8,4,8">icons/scrollbar_vertical_nib.png</texturesliderbar>
				<texturesliderbarfocus border="4,8,4,8">icons/scrollbar_vertical_nib_on.png</texturesliderbarfocus>
				<orientation>vertical</orientation>
				<showonepage>false</showonepage>
			</control>
			<control type="group">
				<visible>system.getbool(input.enablemouse) + IntegerGreaterThan(Container(54).NumPages,1)</visible>
				<control type="button">
					<posx>1224</posx>
					<posy>116</posy>
					<width>24</width>
					<height>24</height>
					<onclick>PageUp(60)</onclick>
					<texturefocus>icons/settings_arrow_button_up.png</texturefocus>
					<texturenofocus>icons/scroll_up.png</texturenofocus>
				</control>
				<control type="scrollbar" id="60">
					<description>scroll bar indicator for lists</description>
					<posx>1224</posx>
					<posy>142</posy>
					<width>12</width>
					<height>528</height>
					<onleft>50</onleft>
					<onright>SetFocus(9111)</onright>
					<texturesliderbackground border="0,8,0,8">icons/scrollbar_vertical_bg.png</texturesliderbackground>
					<texturesliderbar border="4,8,4,8">icons/scrollbar_vertical_nib.png</texturesliderbar>
					<texturesliderbarfocus border="4,8,4,8">icons/scrollbar_vertical_nib_on.png</texturesliderbarfocus>
					<orientation>vertical</orientation>
					<showonepage>false</showonepage>
				</control>
				<control type="button">
					<posx>1224</posx>
					<posy>676</posy>
					<width>24</width>
					<height>24</height>
					<onclick>PageDown(60)</onclick>
					<texturefocus>icons/settings_arrow_button_down.png</texturefocus>
					<texturenofocus>icons/scroll_down.png</texturenofocus>
				</control>
			</control>
		</control>
	</include>
</includes>