﻿<includes>
	<include name="MediaThumbViewLarge">
		<control type="group">
			<visible>Control.IsVisible(55)</visible>
			<control type="panel" id="55">
				<posx>44</posx>
				<posy>112</posy>
				<width>1176</width>
				<height>588</height>
				<onleft>ActivateWindow(51)</onleft>
				<onright condition="IntegerGreaterThan(Container(55).NumPages,1)">60</onright>
				<onright condition="!IntegerGreaterThan(Container(55).NumPages,1)">9111</onright>
				<onup>55</onup>
				<ondown>55</ondown>
				<scrolltime>200</scrolltime>
				<viewtype label="536">list</viewtype>
				<pagecontrol>60</pagecontrol>
				<orientation>vertical</orientation>
				<preloaditems>2</preloaditems>
				<itemlayout height="294" width="294">
					<control type="image">
						<posx>2</posx>
						<posy>2</posy>
						<width>290</width>
						<height>290</height>
						<texture>views/frame_device_sq.png</texture>
					</control>
					<control type="image">
						<posx>12</posx>
						<posy>12</posy>
						<width>270</width>
						<height>270</height>
						<info>ListItem.Thumb</info>
						<bordersize>4</bordersize>
						<bordertexture>views/info_cover_border.png</bordertexture>
						<visible>!Container.Content(Episodes) + !Container.Content(Seasons) + !Container.Content(Artists) + !Container.Content(Songs) + !SubString(Container.FolderPath,addons) + !IsEmpty(ListItem.Thumb)</visible>
					</control>
					<control type="image">
						<posx>12</posx>
						<posy>12</posy>
						<width>270</width>
						<height>224</height>
						<info>ListItem.Thumb</info>
						<bordersize>4</bordersize>
						<bordertexture>views/info_cover_border.png</bordertexture>
						<visible>[Container.Content(Episodes) | Container.Content(Seasons) | Container.Content(Artists) | Container.Content(Songs)] + !IsEmpty(ListItem.Thumb)</visible>
					</control>
					<control type="image">
						<posx>12</posx>
						<posy>12</posy>
						<width>270</width>
						<height>270</height>
						<texture background="true" fallback="DefaultAddon.png">$INFO[ListItem.Thumb]</texture>
						<bordersize>4</bordersize>
						<bordertexture>views/info_cover_border.png</bordertexture>
						<visible>SubString(Container.FolderPath,addons) + !IsEmpty(ListItem.Thumb)</visible>
					</control>
					<control type="image">
						<posx>12</posx>
						<posy>12</posy>
						<width>270</width>
						<height>224</height>
						<info>ListItem.ActualIcon</info>
						<visible>IsEmpty(ListItem.Thumb)</visible>
					</control>
					<control type="image">
						<posx>248</posx>
						<posy>12</posy>
						<width>38</width>
						<height>22</height>
						<texture>$INFO[ListItem.VideoResolution,flagging/resolution/,.png]</texture>
						<visible>Skin.HasSetting(ResolutionFlags) + !IsEmpty(ListItem.VideoResolution)</visible>
					</control>
					<control type="image">
						<posx>248</posx>
						<posy>12</posy>
						<width>38</width>
						<height>22</height>
						<texture>icons/icon_set.png</texture>
						<visible>Skin.HasSetting(ResolutionFlags) + SubString(ListItem.Path,videodb://1/7)</visible>
					</control>
					<control type="image">
						<posx>248</posx>
						<posy>244</posy>
						<width>32</width>
						<height>32</height>
						<info>ListItem.Overlay</info>
						<visible>Skin.HasSetting(WatchedStatus)</visible>
					</control>
					<control type="label">
						<posx>22</posx>
						<posy>244</posy>
						<width>250</width>
						<height>30</height>
						<font>font24</font>
						<aligny>center</aligny>
						<label>$LOCALIZE[20359] $INFO[ListItem.Episode]</label>
						<visible>Container.Content(Episodes) + !IsEmpty(ListItem.Thumb)</visible>
						<textcolor>white</textcolor>
					</control>
					<control type="label">
						<posx>22</posx>
						<posy>244</posy>
						<width>250</width>
						<height>30</height>
						<font>font24</font>
						<aligny>center</aligny>
						<info>ListItem.Label</info>
						<visible>Container.Content(Seasons) | Container.Content(Artists) | IsEmpty(ListItem.Thumb)</visible>
						<textcolor>white</textcolor>
					</control>
					<control type="label">
						<posx>22</posx>
						<posy>244</posy>
						<width>250</width>
						<height>30</height>
						<font>font24</font>
						<aligny>center</aligny>
						<label>$INFO[ListItem.TrackNumber,,. ]$INFO[ListItem.Title]</label>
						<visible>Container.Content(Songs) + !IsEmpty(ListItem.Thumb)</visible>
						<textcolor>white</textcolor>
					</control>
				</itemlayout>
				<focusedlayout height="294" width="294">
					<control type="image">
						<posx>2</posx>
						<posy>2</posy>
						<width>290</width>
						<height>290</height>
						<texture>views/frame_device_sq.png</texture>
					</control>
					<control type="group">
						<visible>!Skin.HasSetting(Hide_Focus_Panel)</visible>
						<control type="image">
							<description>yellow hover frame for media with metadata</description>
							<posx>0</posx>
							<posy>150</posy>
							<width>294</width>
							<height>270</height>
							<animation type="Focus">
								<effect type="fade" time="10" delay="250"/>
								<effect type="slide" tween="circle" easing="out" start="0,-224" end="0,0" time="250" delay="250"/>
							</animation>
							<texture>views/hover_frame_device_capsule.png</texture>
							<visible>!Container.Content(Seasons) + !Container.Content(Songs) + !Container.Content(Artists) + Container(55).Row(0) + !IsEmpty(ListItem.Thumb)</visible>
						</control>
						<control type="textbox">
							<description>hover label for items with metadata</description>
							<posx>22</posx>
							<posy>304</posy>
							<width>250</width>
							<height>94</height>
							<font>font24</font>
							<align>left</align>
							<aligny>top</aligny>
							<animation type="Focus">
								<effect type="fade" end="100" time="200" delay="300"/>
								<effect type="slide" tween="circle" easing="out" start="0,-224" end="0,0" time="250" delay="250"/>
							</animation>
							<info>ListItem.Label</info>
							<visible>!Container.Content(Seasons) + !Container.Content(Songs) + !Container.Content(Artists) + !Container.Content(Episodes) + !Container.Content(MusicVideos) + Container(55).Row(0) + !IsEmpty(ListItem.Thumb)</visible>
						</control>
						<control type="textbox">
							<description>hover label for items with metadata</description>
							<posx>22</posx>
							<posy>304</posy>
							<width>250</width>
							<height>94</height>
							<font>font24</font>
							<align>left</align>
							<aligny>top</aligny>
							<animation type="Focus">
								<effect type="fade" end="100" time="200" delay="300"/>
								<effect type="slide" tween="circle" easing="out" start="0,-224" end="0,0" time="250" delay="250"/>
							</animation>
							<label>$INFO[ListItem.Album][CR][COLOR lightgrey]$INFO[ListItem.Artist][/COLOR]</label>
							<visible>Container.Content(Albums) + Container(55).Row(0) + !IsEmpty(ListItem.Thumb)</visible>
						</control>
						<control type="textbox">
							<description>hover label for items with metadata</description>
							<posx>22</posx>
							<posy>304</posy>
							<width>250</width>
							<height>94</height>
							<font>font24</font>
							<align>left</align>
							<aligny>top</aligny>
							<animation type="Focus">
								<effect type="fade" end="100" time="200" delay="300"/>
								<effect type="slide" tween="circle" easing="out" start="0,-224" end="0,0" time="250" delay="250"/>
							</animation>
							<label>$INFO[ListItem.Title]</label>
							<visible>Container.Content(Episodes) + !SubString(Container.FolderPath,videodb://5/) + Container(55).Row(0) + !IsEmpty(ListItem.Thumb)</visible>
						</control>
						<control type="textbox">
							<description>hover label for items with metadata</description>
							<posx>22</posx>
							<posy>304</posy>
							<width>250</width>
							<height>94</height>
							<font>font24</font>
							<align>left</align>
							<aligny>top</aligny>
							<animation type="Focus">
								<effect type="fade" end="100" time="200" delay="300"/>
								<effect type="slide" tween="circle" easing="out" start="0,-224" end="0,0" time="250" delay="250"/>
							</animation>
							<label>$INFO[ListItem.Title][CR][COLOR lightgrey]$INFO[ListItem.TVShowTitle][/COLOR]</label>
							<visible>Container.Content(Episodes) + SubString(Container.FolderPath,videodb://5/) + Container(55).Row(0) + !IsEmpty(ListItem.Thumb)</visible>
						</control>
						<control type="textbox">
							<description>hover label for items with metadata</description>
							<posx>22</posx>
							<posy>304</posy>
							<width>250</width>
							<height>94</height>
							<font>font24</font>
							<align>left</align>
							<aligny>top</aligny>
							<animation type="Focus">
								<effect type="fade" end="100" time="200" delay="300"/>
								<effect type="slide" tween="circle" easing="out" start="0,-224" end="0,0" time="250" delay="250"/>
							</animation>
							<label>$INFO[ListItem.Artist][CR][COLOR lightgrey]$INFO[ListItem.Title][/COLOR]</label>
							<visible>Container.Content(MusicVideos) + Container(55).Row(0) + !IsEmpty(ListItem.Thumb)</visible>
						</control>
						<control type="image">
							<description>yellow hover frame for media with metadata</description>
							<posx>0</posx>
							<posy>-120</posy>
							<width>294</width>
							<height>270</height>
							<animation type="Focus">
								<effect type="fade" end="100" time="10" delay="250"/>
								<effect type="slide" tween="circle" easing="out" start="0,224" end="0,0" time="250" delay="250"/>
							</animation>
							<texture flipy="true">views/hover_frame_device_capsule.png</texture>
							<visible>!Container.Content(Seasons) + !Container.Content(Songs) + !Container.Content(Artists) + Container(55).Row(1) + !IsEmpty(ListItem.Thumb)</visible>
						</control>
						<control type="textbox">
							<description>hover label for items with metadata</description>
							<posx>22</posx>
							<posy>-110</posy>
							<width>250</width>
							<height>94</height>
							<font>font24</font>
							<align>left</align>
							<aligny>top</aligny>
							<animation type="Focus">
								<effect type="fade" end="100" time="200" delay="300"/>
								<effect type="slide" tween="circle" easing="out" start="0,224" end="0,0" time="250" delay="250"/>
							</animation>
							<info>ListItem.Label</info>
							<visible>!Container.Content(Seasons) + !Container.Content(Songs) + !Container.Content(Artists) + !Container.Content(Episodes) + !Container.Content(MusicVideos) + Container(55).Row(1) + !IsEmpty(ListItem.Thumb)</visible>
						</control>
						<control type="textbox">
							<description>hover label for items with metadata</description>
							<posx>22</posx>
							<posy>-110</posy>
							<width>250</width>
							<height>94</height>
							<font>font24</font>
							<align>left</align>
							<aligny>top</aligny>
							<animation type="Focus">
								<effect type="fade" end="100" time="200" delay="300"/>
								<effect type="slide" tween="circle" easing="out" start="0,224" end="0,0" time="250" delay="250"/>
							</animation>
							<label>$INFO[ListItem.Album][CR][COLOR lightgrey]$INFO[ListItem.Artist][/COLOR]</label>
							<visible>Container.Content(Albums) + Container(55).Row(1) + !IsEmpty(ListItem.Thumb)</visible>
						</control>
						<control type="textbox">
							<description>hover label for items with metadata</description>
							<posx>22</posx>
							<posy>-110</posy>
							<width>250</width>
							<height>94</height>
							<font>font24</font>
							<align>left</align>
							<aligny>top</aligny>
							<animation type="Focus">
								<effect type="fade" end="100" time="200" delay="300"/>
								<effect type="slide" tween="circle" easing="out" start="0,224" end="0,0" time="250" delay="250"/>
							</animation>
							<label>$INFO[ListItem.Title]</label>
							<visible>Container.Content(Episodes) + !SubString(Container.FolderPath,videodb://5/) + Container(55).Row(1) + !IsEmpty(ListItem.Thumb)</visible>
						</control>
						<control type="textbox">
							<description>hover label for items with metadata</description>
							<posx>22</posx>
							<posy>-110</posy>
							<width>250</width>
							<height>94</height>
							<font>font24</font>
							<align>left</align>
							<aligny>top</aligny>
							<animation type="Focus">
								<effect type="fade" end="100" time="200" delay="300"/>
								<effect type="slide" tween="circle" easing="out" start="0,224" end="0,0" time="250" delay="250"/>
							</animation>
							<label>$INFO[ListItem.Title][CR][COLOR lightgrey]$INFO[ListItem.TVShowTitle][/COLOR]</label>
							<visible>Container.Content(Episodes) + SubString(Container.FolderPath,videodb://5/) + Container(55).Row(1) + !IsEmpty(ListItem.Thumb)</visible>
						</control>
						<control type="textbox">
							<description>hover label for items with metadata</description>
							<posx>22</posx>
							<posy>-110</posy>
							<width>250</width>
							<height>94</height>
							<font>font24</font>
							<align>left</align>
							<aligny>top</aligny>
							<animation type="Focus">
								<effect type="fade" end="100" time="200" delay="300"/>
								<effect type="slide" tween="circle" easing="out" start="0,224" end="0,0" time="250" delay="250"/>
							</animation>
							<label>$INFO[ListItem.Artist][CR][COLOR lightgrey]$INFO[ListItem.Title][/COLOR]</label>
							<visible>Container.Content(MusicVideos) + Container(55).Row(1) + !IsEmpty(ListItem.Thumb)</visible>
						</control>
					</control>
					<control type="image">
						<posx>0</posx>
						<posy>0</posy>
						<width>294</width>
						<height>294</height>
						<texture>views/frame_device_sq_white.png</texture>
						<animation type="Focus">
							<effect type="fade" start="60" time="120"/>
							<effect type="zoom" start="97,97" center="auto" time="120" delay="60"/>
						</animation>
					</control>
					<control type="image">
						<posx>12</posx>
						<posy>12</posy>
						<width>270</width>
						<height>270</height>
						<info>ListItem.Thumb</info>
						<bordersize>4</bordersize>
						<bordertexture>views/info_cover_border.png</bordertexture>
						<visible>!Container.Content(Episodes) + !Container.Content(Seasons) + !Container.Content(Artists) + !Container.Content(Songs) + !SubString(Container.FolderPath,addons) + !IsEmpty(ListItem.Thumb)</visible>
					</control>
					<control type="image">
						<posx>12</posx>
						<posy>12</posy>
						<width>270</width>
						<height>224</height>
						<info>ListItem.Thumb</info>
						<bordersize>4</bordersize>
						<bordertexture>views/info_cover_border.png</bordertexture>
						<visible>[Container.Content(Episodes) | Container.Content(Seasons) | Container.Content(Artists) | Container.Content(Songs)] + !IsEmpty(ListItem.Thumb)</visible>
					</control>
					<control type="image">
						<posx>12</posx>
						<posy>12</posy>
						<width>270</width>
						<height>270</height>
						<texture background="true" fallback="DefaultAddon.png">$INFO[ListItem.Thumb]</texture>
						<bordersize>4</bordersize>
						<bordertexture>views/info_cover_border.png</bordertexture>
						<visible>SubString(Container.FolderPath,addons) + !IsEmpty(ListItem.Thumb)</visible>
					</control>
					<control type="image">
						<posx>12</posx>
						<posy>12</posy>
						<width>270</width>
						<height>224</height>
						<info>ListItem.ActualIcon</info>
						<visible>IsEmpty(ListItem.Thumb)</visible>
					</control>
					<control type="image">
						<posx>248</posx>
						<posy>12</posy>
						<width>38</width>
						<height>22</height>
						<texture>$INFO[ListItem.VideoResolution,flagging/resolution/,.png]</texture>
						<visible>Skin.HasSetting(ResolutionFlags) + !IsEmpty(ListItem.VideoResolution)</visible>
					</control>
					<control type="image">
						<posx>248</posx>
						<posy>12</posy>
						<width>38</width>
						<height>22</height>
						<texture>icons/icon_set.png</texture>
						<visible>Skin.HasSetting(ResolutionFlags) + SubString(ListItem.Path,videodb://1/7)</visible>
					</control>
					<control type="image">
						<posx>248</posx>
						<posy>244</posy>
						<width>32</width>
						<height>32</height>
						<info>ListItem.Overlay</info>
						<visible>Skin.HasSetting(WatchedStatus)</visible>
					</control>
					<control type="label">
						<posx>22</posx>
						<posy>244</posy>
						<width>250</width>
						<height>30</height>
						<font>font24</font>
						<aligny>center</aligny>
						<label>$LOCALIZE[20359] $INFO[ListItem.Episode]</label>
						<visible>Container.Content(Episodes) + !IsEmpty(ListItem.Thumb)</visible>
						<textcolor>black</textcolor>
					</control>
					<control type="label">
						<posx>22</posx>
						<posy>244</posy>
						<width>250</width>
						<height>30</height>
						<font>font24</font>
						<aligny>center</aligny>
						<info>ListItem.Label</info>
						<visible>Container.Content(Seasons) | Container.Content(Artists) | IsEmpty(ListItem.Thumb)</visible>
						<textcolor>black</textcolor>
					</control>
					<control type="label">
						<posx>22</posx>
						<posy>244</posy>
						<width>250</width>
						<height>30</height>
						<font>font24</font>
						<aligny>center</aligny>
						<label>$INFO[ListItem.TrackNumber,,. ]$INFO[ListItem.Title]</label>
						<visible>Container.Content(Songs) + !IsEmpty(ListItem.Thumb)</visible>
						<textcolor>black</textcolor>
					</control>
				</focusedlayout>
			</control>
			<control type="group">
				<visible>Container.Scrolling</visible>
				<animation effect="fade" time="100" delay="400">Visible</animation>
				<animation effect="fade" time="300">Hidden</animation>
				<posx>582</posx>
				<posy>360</posy>
				<width>100</width>
				<height>100</height>
				<control type="image">
					<posx>0</posx>
					<posy>0</posy>
					<width>100</width>
					<height>100</height>
					<texture>backgrounds/scroll_background.png</texture>
				</control>
				<control type="label">
					<posx>0</posx>
					<posy>0</posy>
					<width>100</width>
					<height>100</height>
					<align>center</align>
					<aligny>center</aligny>
					<label>$INFO[ListItem.SortLetter]</label>
					<textcolor>white</textcolor>
					<font>font48b</font>
				</control>
			</control>
			<control type="scrollbar" id="60">
				<description>scroll bar indicator for lists</description>
				<visible>!system.getbool(input.enablemouse)</visible>
				<posx>1224</posx>
				<posy>112</posy>
				<width>12</width>
				<height>588</height>
				<onleft>50</onleft>
				<onright>SetFocus(9111)</onright>
				<texturesliderbackground border="0,8,0,8">icons/scrollbar_vertical_bg.png</texturesliderbackground>
				<texturesliderbar border="4,8,4,8">icons/scrollbar_vertical_nib.png</texturesliderbar>
				<texturesliderbarfocus border="4,8,4,8">icons/scrollbar_vertical_nib_on.png</texturesliderbarfocus>
				<orientation>vertical</orientation>
				<showonepage>false</showonepage>
			</control>
			<control type="group">
				<visible>system.getbool(input.enablemouse) + IntegerGreaterThan(Container(55).NumPages,1)</visible>
				<control type="button">
					<posx>1224</posx>
					<posy>112</posy>
					<width>24</width>
					<height>24</height>
					<onclick>PageUp(60)</onclick>
					<texturefocus>icons/settings_arrow_button_up.png</texturefocus>
					<texturenofocus>icons/scroll_up.png</texturenofocus>
				</control>
				<control type="scrollbar" id="60">
					<description>scroll bar indicator for lists</description>
					<posx>1224</posx>
					<posy>142</posy>
					<width>12</width>
					<height>528</height>
					<onleft>50</onleft>
					<onright>SetFocus(9111)</onright>
					<texturesliderbackground border="0,8,0,8">icons/scrollbar_vertical_bg.png</texturesliderbackground>
					<texturesliderbar border="4,8,4,8">icons/scrollbar_vertical_nib.png</texturesliderbar>
					<texturesliderbarfocus border="4,8,4,8">icons/scrollbar_vertical_nib_on.png</texturesliderbarfocus>
					<orientation>vertical</orientation>
					<showonepage>false</showonepage>
				</control>
				<control type="button">
					<posx>1224</posx>
					<posy>676</posy>
					<width>24</width>
					<height>24</height>
					<onclick>PageDown(60)</onclick>
					<texturefocus>icons/settings_arrow_button_down.png</texturefocus>
					<texturenofocus>icons/scroll_down.png</texturenofocus>
				</control>
			</control>
		</control>
	</include>
</includes>