<?xml version="1.0" encoding="UTF-8"?>
<addon id="plugin.video.tv5monde" name="tv5monde" version="1.0.3" provider-name="jamontes">
    <requires>
        <import addon="xbmc.python" version="2.0"/>
    </requires>
    <extension point="xbmc.python.pluginsource" library="default.py">
        <provides>video</provides>
    </extension>
    <extension point="xbmc.addon.metadata">
        <platform>all</platform>
        <summary lang="en">TV5MONDE videos (EN)</summary>
        <description lang="en">This plugin allows you to watch the TV5MONDE videos provided by TV5MONDE+ web site, selected by category and ordered by date of apearance (EN)</description>
        <summary lang="es">TV5MONDE vídeos (ES)</summary>
        <description lang="es">Este plugin permite ver los vídeos de TV5MONDE contenidos en la página web de TV5MONDE+, seleccionados por categoría y ordenados por fecha de emisión (ES)</description>
        <summary lang="fr">TV5MONDE médiathèque (FR)</summary>
        <description lang="fr">Ce plugin permet de regarder TV5MONDE médiathèque qui se trouve sur le site web de TV5MONDE+ (FR)</description>
        <language>fr</language>
    </extension>
</addon>
