<?xml version="1.0" encoding="UTF-8" standalone="yes"?>
<addon id="plugin.video.disclose_tv" name="Disclose.tv" version="0.0.1" provider-name="Tristan Fischer (sphere@dersphere.de)">
  <requires>
    <import addon="xbmc.python" version="2.0"/>
    <import addon="script.module.xbmcswift2" version="1.3.0"/>
    <import addon="script.module.simplejson" version="2.0.10"/>
    <import addon="script.module.beautifulsoup" version="3.0.8"/>
  </requires>
  <extension point="xbmc.python.pluginsource" library="addon.py">
    <provides>video</provides>
  </extension>
  <extension point="xbmc.addon.metadata">
    <language></language>
    <platform>all</platform>
    <summary lang="en">TRUTH REVEALED</summary>
    <description lang="en">Largest multimedia hub and alternative news website about UFO Videos, Ancient Mysteries, Conspiracy Theories, Top Secrets, N.W.O. + more!</description>
  </extension>
</addon>
