<?xml version="1.0" encoding="UTF-8" standalone="yes"?>
<addon id="plugin.video.roosterteeth"
       name="Rooster Teeth"
       version="0.0.3"
       provider-name="divingmule">
  <requires>
    <import addon="xbmc.python" version="2.0"/>
    <import addon="script.module.beautifulsoup" version="3.2.0"/>
    <import addon="script.common.plugin.cache" version="1.0.0"/>
    <import addon="script.module.simplejson" version="2.0.10"/>
    <import addon="plugin.video.youtube" version="3.1.0"/>
  </requires>
  <extension point="xbmc.python.pluginsource"
            library="default.py">
        <provides>video</provides>
  </extension>
  <extension point="xbmc.addon.metadata">
    <summary>Videos from RoosterTeeth.com</summary>
    <description>Videos for gamers, including the popular "Red vs Blue" series.</description>
    <platform>all</platform>
    <language>en</language>
  </extension>
</addon>
