<?xml version="1.0" encoding="UTF-8" standalone="yes"?>
<addon id="plugin.video.deathsquad" name="Deathsquad.tv" version="0.0.1" provider-name="paddycarey">
  <requires>
    <import addon="xbmc.python" version="2.0"/>
    <import addon="script.module.beautifulsoup"/>
    <import addon="script.module.elementtree"/>
    <import addon="script.common.plugin.cache" version="0.9.1"/>
    <import addon="plugin.video.vimeo" version="1.2.0"/>
  </requires>
  <extension point="xbmc.python.pluginsource" library="default.py">
    <provides>video</provides>
  </extension>
  <extension point="xbmc.addon.metadata">
    <platform>all</platform>
    <summary>Browse and stream videos from Deathsquad.tv</summary>
    <description>Browse and stream videos from Deathsquad.tv</description>
  </extension>
</addon>
