<?xml version="1.0" encoding="UTF-8" standalone="yes"?>
<addon id="plugin.video.m6groupe" name="M6 groupe" version="1.0.4" provider-name="beenje">
  <requires>
    <import addon="xbmc.python" version="2.0"/>
    <import addon="script.module.xbmcswift2" version="1.3"/>
    <import addon="script.module.requests" version="0.13.2"/>
  </requires>
  <extension point="xbmc.python.pluginsource" library="addon.py">
    <provides>video</provides>
  </extension>
  <extension point="xbmc.addon.metadata">
    <platform>all</platform>
    <language>fr</language>
    <summary lang="en">M6 group channels replay</summary>
    <summary lang="fr">Replay des chaînes du groupe M6</summary>
    <description lang="en">Watch videos from M6 group french channels (M6, W9 and 6ter)</description>
    <description lang="fr">Accéder aux vidéos des chaînes du groupe M6 (M6, W9 et 6ter)</description>
  </extension>
</addon>
