<?xml version="1.0" encoding="UTF-8" standalone="yes"?>
<addon id="plugin.audio.di.fm"
       name="Digitally Imported"
       version="2.1.0"
       provider-name="qualisoft.dk - Tim C. Steinmetz">
	<requires>
		<import addon="xbmc.python" version="2.0"/>
	</requires>
	<extension point="xbmc.python.pluginsource" library="default.py">
		<provides>audio</provides>
	</extension>
	<extension point="xbmc.addon.metadata">
		<platform>all</platform>
		<language>en</language>
		<license>GPL 2.0</license>
   		<summary lang="en">Digitally Imported</summary>
		<description lang="en">
			Digitally Imported streams the world's most addictive electronic music. Our radio channels feature world renowned artists, DJs, and the hottest exclusive shows. Discover the community and the wide variety of electronic music covering Trance, House, Dance, Techno, Chillout, Breaks, Downtempo and so much more.
		</description>
	</extension>
</addon>
