﻿<window type="window" id="52">
	<defaultcontrol always="true">9100</defaultcontrol>
	<allowoverlay>no</allowoverlay>
	<controls>
		<include>Common_Background</include>
		<control type="group">
			<include>Common_Browse_Background_Top</include>
			<include>Common_Browse_Background_Bottom</include>
			<include>Main_Menu_Slide_Animation</include>
			<control type="group">
				<include>Main_Menu_Fade_Animation</include>
				<description>First Page Video/Music/Photos/Applications</description>
				<posx>32</posx>
				<posy>54</posy>
				<width>1216</width>
				<height>32</height>
				<control type="image">
					<description>page header tab icon</description>
					<include>Common_Title_Image</include>
					<texture>icon_settings.png</texture>
				</control>
				<control type="label">
					<description>header label</description>
					<include>Common_Title_Label</include>
					<label>$LOCALIZE[31052]</label>
				</control>
				<control type="group">
					<description>time group</description>
					<posx>600</posx>
					<posy>-34</posy>
					<include>Common_Clock</include>
				</control>
			</control>
			<control type="group">
				<include>Main_Menu_Fade_Animation</include>
				<include>Window_Fade_Animation</include>
				<control type="list" id="9100">
					<posx>50</posx>
					<posy>206</posy>
					<width>220</width>
					<height>880</height>
					<itemgap>0</itemgap>
					<onleft>ActivateWindow(51)</onleft>
					<onright>9200</onright>
					<orientation>vertical</orientation>
					<pagecontrol>-</pagecontrol>
					<scrolltime>0</scrolltime>
					<itemlayout height="65" width="220">
						<control type="image">
							<posx>0</posx>
							<posy>0</posy>
							<width>220</width>
							<height>65</height>
							<texture>settings_button.png</texture>
						</control>
						<control type="label">
							<posx>20</posx>
							<posy>0</posy>
							<width>220</width>
							<height>65</height>
							<font>font21</font>
							<textcolor>white</textcolor>
							<aligny>center</aligny>
							<label>$INFO[ListItem.Label]</label>
						</control>
					</itemlayout>
					<focusedlayout height="65" width="220">
						<control type="image">
							<posx>0</posx>
							<posy>0</posy>
							<width>220</width>
							<height>65</height>
							<texture>settings_button_on.png</texture>
							<animation effect="fade" start="100" end="30" time="100" condition="!Control.HasFocus(9100)">Conditional</animation>
						</control>
						<control type="label">
							<posx>20</posx>
							<posy>0</posy>
							<width>220</width>
							<height>65</height>
							<font>font21</font>
							<textcolor>black</textcolor>
							<aligny>center</aligny>
							<label>$INFO[ListItem.Label]</label>
						</control>
					</focusedlayout>
					<content>
						<item id="1">
							<label>16000</label>
							<onclick>SetFocus(1400)</onclick>
						</item>
						<item id="2">
							<label>31040</label>
							<onclick>SetFocus(1500)</onclick>
						</item>
						<item id="3">
							<label>247</label>
							<onclick>SetFocus(1600)</onclick>
						</item>
						<item id="4">
							<label>31026</label>
							<onclick>SetFocus(1700)</onclick>
						</item>
						<item id="5">
							<label>10000</label>
							<onclick>SetFocus(1800)</onclick>
						</item>
					</content>
				</control>
			</control>
			<control type="group" id="9200">
				<control type="grouplist" id="1400">
					<include>Main_Menu_Fade_Animation</include>
					<include>Window_Fade_Animation</include>
					<visible>Container(9100).Hasfocus(1)</visible>
					<visible>true</visible>
					<posx>300</posx>
					<posy>206</posy>
					<width>900</width>
					<height>480</height>
					<itemgap>0</itemgap>
					<onleft>9100</onleft>
					<onright>-</onright>
					<onup>-</onup>
					<ondown>-</ondown>
					<control type="group">
						<height>44</height>
						<width>900</width>
						<control type="radiobutton" id="13">
							<description>Enable Volume Button</description>
							<posx>0</posx>
							<posy>0</posy>
							<posx>290</posx>
							<posy>490</posy>
							<height>44</height>
							<width>900</width>
							<font>font21</font>
							<ondown>14</ondown>
							<onleft>9100</onleft>
							<textcolor>white</textcolor>
							<focusedcolor>black</focusedcolor>
							<textoffsetx>20</textoffsetx>
							<texturefocus>line_frame_device_white.png</texturefocus>
							<texturenofocus>line_frame_device_black1.png</texturenofocus>
							<pulseonselect>false</pulseonselect>
							<label>$LOCALIZE[31025]</label>
							<onclick>Skin.ToggleSetting(VolumeButton)</onclick>
							<selected>Skin.HasSetting(VolumeButton)</selected>
						</control>
					</control>
					<control type="group">
						<height>44</height>
						<width>900</width>
						<control type="radiobutton" id="14">
							<description>Enable Weather Icon Button</description>
							<posx>0</posx>
							<posy>0</posy>
							<posx>290</posx>
							<posy>490</posy>
							<height>44</height>
							<width>900</width>
							<font>font21</font>
							<onup>13</onup>
							<ondown>15</ondown>
							<onleft>9100</onleft>
							<textcolor>white</textcolor>
							<focusedcolor>black</focusedcolor>
							<textoffsetx>20</textoffsetx>
							<texturefocus>line_frame_device_white.png</texturefocus>
							<texturenofocus>line_frame_device_black1.png</texturenofocus>
							<pulseonselect>false</pulseonselect>
							<label>$LOCALIZE[31024]</label>
							<onclick>Skin.ToggleSetting(WeatherIcon)</onclick>
							<selected>Skin.HasSetting(WeatherIcon)</selected>
						</control>
					</control>
					<control type="group">
						<height>44</height>
						<width>900</width>
						<control type="radiobutton" id="15">
							<description>Enable Higher OSD Button</description>
							<posx>0</posx>
							<posy>0</posy>
							<posx>290</posx>
							<posy>490</posy>
							<height>44</height>
							<width>900</width>
							<font>font21</font>
							<onup>14</onup>
							<ondown>16</ondown>
							<onleft>9100</onleft>
							<textcolor>white</textcolor>
							<focusedcolor>black</focusedcolor>
							<textoffsetx>20</textoffsetx>
							<texturefocus>line_frame_device_white.png</texturefocus>
							<texturenofocus>line_frame_device_black1.png</texturenofocus>
							<pulseonselect>false</pulseonselect>
							<label>$LOCALIZE[31023]</label>
							<onclick>Skin.ToggleSetting(HighOSD)</onclick>
							<selected>Skin.HasSetting(HighOSD)</selected>
						</control>
					</control>
					<control type="group" id="16">
						<height>44</height>
						<width>900</width>
						<control type="list" id="17">
							<posx>0</posx>
							<posy>0</posy>
							<posx>290</posx>
							<posy>490</posy>
							<height>44</height>
							<width>900</width>
							<font>font21</font>
							<onup>15</onup>
							<ondown>18</ondown>
							<onleft>9100</onleft>
							<scrolltime>0</scrolltime>
							<itemlayout width="900" height="44"/>
							<focusedlayout width="820" height="44">
								<control type="image">
									<width>900</width>
									<height>44</height>
									<texture>line_frame_device_black1.png</texture>
									<visible>!ControlGroup(16).HasFocus()</visible>
								</control>
								<control type="image">
									<width>900</width>
									<height>44</height>
									<texture>line_frame_device_white.png</texture>
									<visible>ControlGroup(16).HasFocus()</visible>
								</control>
								<control type="label">
									<posx>20</posx>
									<height>44</height>
									<width>800</width>
									<aligny>center</aligny>
									<font>font21</font>
									<textcolor>white</textcolor>
									<info>ListItem.Label</info>
									<visible>!ControlGroup(16).HasFocus()</visible>
								</control>
								<control type="label">
									<posx>20</posx>
									<height>44</height>
									<width>800</width>
									<aligny>center</aligny>
									<font>font21</font>
									<textcolor>black</textcolor>
									<info>ListItem.Label</info>
									<visible>ControlGroup(16).HasFocus()</visible>
								</control>
								<control type="label">
									<posx>820</posx>
									<height>44</height>
									<width>800</width>
									<align>right</align>
									<aligny>center</aligny>
									<font>font21</font>
									<textcolor>white</textcolor>
									<info>ListItem.Label2</info>
									<visible>!ControlGroup(16).HasFocus()</visible>
								</control>
								<control type="label">
									<posx>820</posx>
									<height>44</height>
									<width>800</width>
									<align>right</align>
									<aligny>center</aligny>
									<font>font21</font>
									<textcolor>black</textcolor>
									<info>ListItem.Label2</info>
									<visible>ControlGroup(16).HasFocus()</visible>
								</control>
							</focusedlayout>
							<content>
								<item id="1">
									<label>$LOCALIZE[24021] $LOCALIZE[31017]</label>
									<label2>$INFO[Skin.String(CloseMessage)]</label2>
									<onclick>Skin.Reset(MouseCloseMessage)</onclick>
									<onclick>Skin.Reset(RemoteCloseMessage)</onclick>
									<onclick>Skin.SetString(CloseMessage,$LOCALIZE[1223])</onclick>
								</item>
								<item id="2">
									<label>$LOCALIZE[24022] $LOCALIZE[31058] $LOCALIZE[31017]</label>
									<label2>$INFO[Skin.String(CloseMessage)]</label2>
									<onclick>Skin.SetBool(RemoteCloseMessage)</onclick>
									<onclick>Skin.Reset(MouseCloseMessage)</onclick>
									<onclick>Skin.SetString(CloseMessage,$LOCALIZE[31058])</onclick>
								</item>
								<item id="3">
									<label>$LOCALIZE[24022] $LOCALIZE[31059] $LOCALIZE[31017]</label>
									<label2>$INFO[Skin.String(CloseMessage)]</label2>
									<onclick>Skin.Reset(RemoteCloseMessage)</onclick>
									<onclick>Skin.SetBool(MouseCloseMessage)</onclick>
									<onclick>Skin.SetString(CloseMessage,$LOCALIZE[31059])</onclick>
								</item>
							</content>
						</control>
						<control type="button">
							<posx>840</posx>
							<posy>12</posy>
							<width>20</width>
							<height>20</height>
							<texturefocus>settings_arrow_button_down.png</texturefocus>
							<texturenofocus>scroll_down.png</texturenofocus>
							<onclick>Control.Move(17,1)</onclick>
						</control>
						<control type="button">
							<posx>860</posx>
							<posy>12</posy>
							<width>20</width>
							<height>20</height>
							<texturefocus>settings_arrow_button_up.png</texturefocus>
							<texturenofocus>scroll_up.png</texturenofocus>
							<onclick>Control.Move(17,-1)</onclick>
						</control>
					</control>
					<control type="group">
						<height>44</height>
						<width>900</width>
						<control type="button" id="18">
							<description>Reset button</description>
							<posx>0</posx>
							<posy>0</posy>
							<posx>290</posx>
							<posy>490</posy>
							<height>44</height>
							<width>900</width>
							<font>font21</font>
							<onup>16</onup>
							<onleft>9100</onleft>
							<textcolor>white</textcolor>
							<focusedcolor>black</focusedcolor>
							<textoffsetx>20</textoffsetx>
							<texturefocus>line_frame_device_white.png</texturefocus>
							<texturenofocus>line_frame_device_black1.png</texturenofocus>
							<pulseonselect>false</pulseonselect>
							<label>31050</label>
							<onclick>Skin.ResetSettings</onclick>
						</control>
					</control>
					<control type="group">
						<height>44</height>
						<width>900</width>
						<control type="label">
							<posx>0</posx>
							<posy>0</posy>
							<width>900</width>
							<height>44</height>
							<font>font21</font>
							<label>31051</label>
							<align>left</align>
							<aligny>center</aligny>
							<textcolor>grey</textcolor>
						</control>
					</control>
				</control>
				<control type="grouplist" id="1500">
					<description>control area</description>
					<include>Main_Menu_Fade_Animation</include>
					<include>Window_Fade_Animation</include>
					<visible>Container(9100).Hasfocus(2)</visible>
					<posx>300</posx>
					<posy>206</posy>
					<width>900</width>
					<height>484</height>
					<itemgap>0</itemgap>
					<pagecontrol>90</pagecontrol>
					<onleft>9100</onleft>
					<onright>-</onright>
					<control type="group">
						<height>44</height>
						<width>900</width>
						<control type="radiobutton" id="171">
							<description>Enable Fanart Button</description>
							<posx>0</posx>
							<posy>0</posy>
							<posx>290</posx>
							<posy>490</posy>
							<height>44</height>
							<width>900</width>
							<font>font21</font>
							<onleft>9100</onleft>
							<onup>-</onup>
							<ondown>172</ondown>
							<textcolor>white</textcolor>
							<focusedcolor>black</focusedcolor>
							<textoffsetx>20</textoffsetx>
							<texturefocus>line_frame_device_white.png</texturefocus>
							<texturenofocus>line_frame_device_black1.png</texturenofocus>
							<pulseonselect>false</pulseonselect>
							<label>$LOCALIZE[31041]</label>
							<onclick>Skin.ToggleSetting(ShowFanart)</onclick>
							<selected>Skin.HasSetting(ShowFanart)</selected>
						</control>
					</control>
					<control type="group">
						<height>44</height>
						<width>900</width>
						<control type="radiobutton" id="172">
							<description>Use banner.jpg Button</description>
							<posx>0</posx>
							<posy>0</posy>
							<posx>290</posx>
							<posy>490</posy>
							<height>44</height>
							<width>900</width>
							<font>font21</font>
							<onleft>9100</onleft>
							<onup>171</onup>
							<ondown>173</ondown>
							<textcolor>white</textcolor>
							<focusedcolor>black</focusedcolor>
							<textoffsetx>20</textoffsetx>
							<texturefocus>line_frame_device_white.png</texturefocus>
							<texturenofocus>line_frame_device_black1.png</texturenofocus>
							<pulseonselect>false</pulseonselect>
							<label>$LOCALIZE[31029]</label>
							<onclick>Skin.ToggleSetting(UseBannerJPG)</onclick>
							<selected>Skin.HasSetting(UseBannerJPG)</selected>
						</control>
					</control>
					<control type="group">
						<height>44</height>
						<width>900</width>
						<visible>Skin.HasSetting(UseBannerJPG)</visible>
						<control type="button" id="173">
							<description>Use banner.jpg Button</description>
							<visible>Skin.HasSetting(UseBannerJPG)</visible>
							<posx>0</posx>
							<posy>0</posy>
							<posx>290</posx>
							<posy>490</posy>
							<height>44</height>
							<width>900</width>
							<font>font21</font>
							<onleft>9100</onleft>
							<onup>172</onup>
							<ondown>170</ondown>
							<textcolor>white</textcolor>
							<focusedcolor>black</focusedcolor>
							<textoffsetx>20</textoffsetx>
							<texturefocus>line_frame_device_white.png</texturefocus>
							<texturenofocus>line_frame_device_black1.png</texturenofocus>
							<pulseonselect>false</pulseonselect>
							<label>$LOCALIZE[31028]</label>
							<onclick>XBMC.RunScript(script.logo-downloader,mode=bulk,clearart=False,logo=False,showthumb=False,banner=banner.jpg)</onclick>
						</control>
					</control>
					<control type="group">
						<height>44</height>
						<width>900</width>
						<control type="togglebutton" id="170">
							<description>Default Button</description>
							<posx>0</posx>
							<posy>0</posy>
							<height>44</height>
							<width>900</width>
							<font>font21</font>
							<onup>173</onup>
							<ondown>180</ondown>
							<onleft>9100</onleft>
							<textcolor>white</textcolor>
							<focusedcolor>black</focusedcolor>
							<disabledcolor>disabled</disabledcolor>
							<textoffsetx>20</textoffsetx>
							<texturefocus>line_frame_device_white.png</texturefocus>
							<texturenofocus>line_frame_device_black1.png</texturenofocus>
							<alttexturefocus>line_frame_device_white.png</alttexturefocus>
							<alttexturenofocus>line_frame_device_black1.png</alttexturenofocus>
							<pulseonselect>false</pulseonselect>
							<label>$LOCALIZE[31045]</label>
							<altlabel>$LOCALIZE[31046]</altlabel>
							<onclick>Skin.SetImage(CustomBG)</onclick>
							<onclick>Skin.SetBool(EnableCustomBG)</onclick>
							<onclick>Skin.Reset(CustomBGFolder)</onclick>
							<onclick>Skin.Reset(EnableCustomBGFolder)</onclick>
							<altclick>Skin.Reset(CustomBG)</altclick>
							<altclick>Skin.Reset(EnableCustomBG)</altclick>
							<usealttexture>Skin.HasSetting(EnableCustomBG)</usealttexture>
						</control>
						<control type="label">
							<visible>Control.HasFocus(170)</visible>
							<posx>880</posx>
							<posy>0</posy>
							<width>600</width>
							<height>44</height>
							<font>font21</font>
							<label>$INFO[Skin.String(CustomBG)]</label>
							<align>right</align>
							<aligny>center</aligny>
							<textcolor>black</textcolor>
						</control>
						<control type="label">
							<visible>!Control.HasFocus(170)</visible>
							<posx>880</posx>
							<posy>0</posy>
							<width>600</width>
							<height>44</height>
							<font>font21</font>
							<label>$INFO[Skin.String(CustomBG)]</label>
							<align>right</align>
							<aligny>center</aligny>
							<textcolor>white</textcolor>
						</control>
					</control>
					<control type="group">
						<height>44</height>
						<width>900</width>
						<control type="togglebutton" id="180">
							<description>Default Button</description>
							<posx>0</posx>
							<posy>0</posy>
							<height>44</height>
							<width>900</width>
							<font>font21</font>
							<onup>170</onup>
							<ondown>190</ondown>
							<onleft>9100</onleft>
							<textcolor>white</textcolor>
							<focusedcolor>black</focusedcolor>
							<disabledcolor>disabled</disabledcolor>
							<textoffsetx>20</textoffsetx>
							<texturefocus>line_frame_device_white.png</texturefocus>
							<texturenofocus>line_frame_device_black1.png</texturenofocus>
							<alttexturefocus>line_frame_device_white.png</alttexturefocus>
							<alttexturenofocus>line_frame_device_black1.png</alttexturenofocus>
							<pulseonselect>false</pulseonselect>
							<label>$LOCALIZE[31047]</label>
							<altlabel>$LOCALIZE[31048]</altlabel>
							<onclick>Skin.SetPath(CustomBGFolder)</onclick>
							<onclick>Skin.SetBool(EnableCustomBGFolder)</onclick>
							<onclick>Skin.Reset(CustomBG)</onclick>
							<onclick>Skin.Reset(EnableCustomBG)</onclick>
							<altclick>Skin.Reset(CustomBGFolder)</altclick>
							<altclick>Skin.Reset(EnableCustomBGFolder)</altclick>
							<usealttexture>Skin.HasSetting(EnableCustomBGFolder)</usealttexture>
						</control>
						<control type="label">
							<visible>Control.HasFocus(180)</visible>
							<posx>880</posx>
							<posy>0</posy>
							<width>600</width>
							<height>44</height>
							<font>font21</font>
							<label>$INFO[Skin.String(CustomBGFolder)]</label>
							<align>right</align>
							<aligny>center</aligny>
							<textcolor>black</textcolor>
						</control>
						<control type="label">
							<visible>!Control.HasFocus(180)</visible>
							<posx>880</posx>
							<posy>0</posy>
							<width>600</width>
							<height>44</height>
							<font>font21</font>
							<label>$INFO[Skin.String(CustomBGFolder)]</label>
							<align>right</align>
							<aligny>center</aligny>
							<textcolor>white</textcolor>
						</control>
					</control>
					<control type="group" id="190">
						<height>44</height>
						<width>900</width>
						<control type="list" id="191">
							<posx>0</posx>
							<posy>0</posy>
							<posx>290</posx>
							<posy>490</posy>
							<height>44</height>
							<width>900</width>
							<font>font21</font>
							<onup>180</onup>
							<onleft>9100</onleft>
							<ondown>-</ondown>
							<scrolltime>0</scrolltime>
							<itemlayout width="900" height="44"/>
							<focusedlayout width="820" height="44">
								<control type="image">
									<width>900</width>
									<height>44</height>
									<texture>line_frame_device_black1.png</texture>
									<visible>!ControlGroup(190).HasFocus()</visible>
								</control>
								<control type="image">
									<width>900</width>
									<height>44</height>
									<texture>line_frame_device_white.png</texture>
									<visible>ControlGroup(190).HasFocus()</visible>
								</control>
								<control type="label">
									<posx>20</posx>
									<height>44</height>
									<width>800</width>
									<aligny>center</aligny>
									<font>font21</font>
									<textcolor>white</textcolor>
									<info>ListItem.Label</info>
									<visible>!ControlGroup(190).HasFocus()</visible>
								</control>
								<control type="label">
									<posx>20</posx>
									<height>44</height>
									<width>800</width>
									<aligny>center</aligny>
									<font>font21</font>
									<textcolor>black</textcolor>
									<info>ListItem.Label</info>
									<visible>ControlGroup(190).HasFocus()</visible>
								</control>
								<control type="label">
									<posx>820</posx>
									<height>44</height>
									<width>800</width>
									<align>right</align>
									<aligny>center</aligny>
									<font>font21</font>
									<textcolor>white</textcolor>
									<info>ListItem.Label2</info>
									<visible>!ControlGroup(190).HasFocus()</visible>
								</control>
								<control type="label">
									<posx>820</posx>
									<height>44</height>
									<width>800</width>
									<align>right</align>
									<aligny>center</aligny>
									<font>font21</font>
									<textcolor>black</textcolor>
									<info>ListItem.Label2</info>
									<visible>ControlGroup(190).HasFocus()</visible>
								</control>
							</focusedlayout>
							<content>
								<item id="1">
									<label>$LOCALIZE[391] $LOCALIZE[31042]</label>
									<label2>$INFO[Skin.String(Visiblity)]</label2>
									<onclick>Skin.Reset(BackgroundVisibilty_High)</onclick>
									<onclick>Skin.Reset(BackgroundVisibilty_Med)</onclick>
									<onclick>Skin.SetString(Visiblity,$LOCALIZE[391])</onclick>
								</item>
								<item id="2">
									<label>$LOCALIZE[392] $LOCALIZE[31042]</label>
									<label2>$INFO[Skin.String(Visiblity)]</label2>
									<onclick>Skin.SetBool(BackgroundVisibilty_Med)</onclick>
									<onclick>Skin.Reset(BackgroundVisibilty_High)</onclick>
									<onclick>Skin.SetString(Visiblity,$LOCALIZE[392])</onclick>
								</item>
								<item id="3">
									<label>$LOCALIZE[393] $LOCALIZE[31042]</label>
									<label2>$INFO[Skin.String(Visiblity)]</label2>
									<onclick>Skin.Reset(BackgroundVisibilty_Med)</onclick>
									<onclick>Skin.SetBool(BackgroundVisibilty_High)</onclick>
									<onclick>Skin.SetString(Visiblity,$LOCALIZE[393])</onclick>
								</item>
							</content>
						</control>
						<control type="button">
							<posx>840</posx>
							<posy>12</posy>
							<width>20</width>
							<height>20</height>
							<texturefocus>settings_arrow_button_down.png</texturefocus>
							<texturenofocus>scroll_down.png</texturenofocus>
							<onclick>Control.Move(191,1)</onclick>
						</control>
						<control type="button">
							<posx>860</posx>
							<posy>12</posy>
							<width>20</width>
							<height>20</height>
							<texturefocus>settings_arrow_button_up.png</texturefocus>
							<texturenofocus>scroll_up.png</texturenofocus>
							<onclick>Control.Move(191,-1)</onclick>
						</control>
					</control>
				</control>
				<control type="grouplist" id="1600">
					<description>control area</description>
					<include>Main_Menu_Fade_Animation</include>
					<include>Window_Fade_Animation</include>
					<visible>Container(9100).Hasfocus(3)</visible>
					<posx>300</posx>
					<posy>206</posy>
					<width>900</width>
					<height>484</height>
					<itemgap>0</itemgap>
					<pagecontrol>90</pagecontrol>
					<onleft>9100</onleft>
					<onright>-</onright>
					<onup>-</onup>
					<ondown>-</ondown>
					<control type="group">
						<height>44</height>
						<width>900</width>
						<control type="button" id="190">
							<description>Default Button</description>
							<posx>0</posx>
							<posy>0</posy>
							<height>44</height>
							<width>900</width>
							<font>font21</font>
							<onleft>9100</onleft>
							<textcolor>white</textcolor>
							<focusedcolor>black</focusedcolor>
							<disabledcolor>disabled</disabledcolor>
							<textoffsetx>20</textoffsetx>
							<texturefocus>line_frame_device_white.png</texturefocus>
							<texturenofocus>line_frame_device_black1.png</texturenofocus>
							<pulseonselect>false</pulseonselect>
							<label>$LOCALIZE[31044]</label>
							<ondown>200</ondown>
							<onup>-</onup>
							<onclick>Skin.SetAddon(SubtitlePath,xbmc.python.subtitles)</onclick>
						</control>
						<control type="label">
							<description>Subtitle label</description>
							<visible>Control.HasFocus(190)</visible>
							<posx>880</posx>
							<posy>0</posy>
							<height>44</height>
							<width>860</width>
							<align>right</align>
							<aligny>center</aligny>
							<font>font21</font>
							<textcolor>black</textcolor>
							<pulseonselect>false</pulseonselect>
							<label>$INFO[Skin.String(SubtitlePath)]</label>
						</control>
						<control type="label">
							<description>Subtitle label</description>
							<visible>!Control.HasFocus(190)</visible>
							<posx>880</posx>
							<posy>0</posy>
							<height>44</height>
							<width>860</width>
							<align>right</align>
							<aligny>center</aligny>
							<font>font21</font>
							<textcolor>white</textcolor>
							<pulseonselect>false</pulseonselect>
							<label>$INFO[Skin.String(SubtitlePath)]</label>
						</control>
					</control>
					<control type="group">
						<height>44</height>
						<width>900</width>
						<control type="button" id="200">
							<description>Default Button</description>
							<posx>0</posx>
							<posy>0</posy>
							<height>44</height>
							<width>900</width>
							<font>font21</font>
							<onleft>9100</onleft>
							<textcolor>white</textcolor>
							<focusedcolor>black</focusedcolor>
							<disabledcolor>disabled</disabledcolor>
							<textoffsetx>20</textoffsetx>
							<texturefocus>line_frame_device_white.png</texturefocus>
							<texturenofocus>line_frame_device_black1.png</texturenofocus>
							<pulseonselect>false</pulseonselect>
							<label>31043</label>
							<ondown>210</ondown>
							<onup>190</onup>
							<onclick>Skin.SetAddon(LyricPath,xbmc.python.lyrics)</onclick>
						</control>
						<control type="label">
							<description>Subtitle label</description>
							<visible>Control.HasFocus(200)</visible>
							<posx>880</posx>
							<posy>0</posy>
							<height>44</height>
							<width>860</width>
							<align>right</align>
							<aligny>center</aligny>
							<font>font21</font>
							<textcolor>black</textcolor>
							<pulseonselect>false</pulseonselect>
							<label>$INFO[Skin.String(LyricPath)]</label>
						</control>
						<control type="label">
							<description>Subtitle label</description>
							<visible>!Control.HasFocus(200)</visible>
							<posx>880</posx>
							<posy>0</posy>
							<height>44</height>
							<width>860</width>
							<align>right</align>
							<aligny>center</aligny>
							<font>font21</font>
							<textcolor>white</textcolor>
							<pulseonselect>false</pulseonselect>
							<label>$INFO[Skin.String(LyricPath)]</label>
						</control>
					</control>
					<control type="group">
						<height>44</height>
						<width>900</width>
						<control type="radiobutton" id="210">
							<description>Default Enable TV Next Aired Button</description>
							<posx>0</posx>
							<posy>0</posy>
							<posx>290</posx>
							<posy>490</posy>
							<height>44</height>
							<width>900</width>
							<font>font21</font>
							<onleft>9100</onleft>
							<textcolor>white</textcolor>
							<focusedcolor>black</focusedcolor>
							<textoffsetx>20</textoffsetx>
							<texturefocus>line_frame_device_white.png</texturefocus>
							<texturenofocus>line_frame_device_black1.png</texturenofocus>
							<pulseonselect>false</pulseonselect>
							<label>$LOCALIZE[31057]</label>
							<ondown>220</ondown>
							<onup>200</onup>
							<onclick>Skin.ToggleSetting(EnableTVNextAired)</onclick>
							<selected>Skin.HasSetting(EnableTVNextAired)</selected>
						</control>
					</control>
					<control type="group">
						<height>44</height>
						<width>900</width>
						<control type="radiobutton" id="220">
							<description>Default Enable TV Tunes Button</description>
							<posx>0</posx>
							<posy>0</posy>
							<posx>290</posx>
							<posy>490</posy>
							<height>44</height>
							<width>900</width>
							<font>font21</font>
							<onleft>9100</onleft>
							<textcolor>white</textcolor>
							<focusedcolor>black</focusedcolor>
							<textoffsetx>20</textoffsetx>
							<texturefocus>line_frame_device_white.png</texturefocus>
							<texturenofocus>line_frame_device_black1.png</texturenofocus>
							<pulseonselect>false</pulseonselect>
							<label>$LOCALIZE[31022]</label>
							<ondown>230</ondown>
							<onup>210</onup>
							<onclick>Skin.ToggleSetting(EnableTVTunes)</onclick>
							<selected>Skin.HasSetting(EnableTVTunes)</selected>
						</control>
					</control>
					<control type="group">
						<height>44</height>
						<width>900</width>
						<control type="radiobutton" id="230">
							<description>Default Enable Cinema Experience Button</description>
							<posx>0</posx>
							<posy>0</posy>
							<posx>290</posx>
							<posy>490</posy>
							<height>44</height>
							<width>900</width>
							<font>font21</font>
							<onleft>9100</onleft>
							<textcolor>white</textcolor>
							<focusedcolor>black</focusedcolor>
							<textoffsetx>20</textoffsetx>
							<texturefocus>line_frame_device_white.png</texturefocus>
							<texturenofocus>line_frame_device_black1.png</texturenofocus>
							<pulseonselect>false</pulseonselect>
							<label>$LOCALIZE[31021]</label>
							<ondown>-</ondown>
							<onup>220</onup>
							<onclick>Skin.ToggleSetting(EnableCinemaExp)</onclick>
							<selected>Skin.HasSetting(EnableCinemaExp)</selected>
						</control>
					</control>
				</control>
				<control type="grouplist" id="1700">
					<include>Main_Menu_Fade_Animation</include>
					<include>Window_Fade_Animation</include>
					<visible>Container(9100).Hasfocus(4)</visible>
					<visible>true</visible>
					<posx>300</posx>
					<posy>206</posy>
					<width>900</width>
					<height>480</height>
					<itemgap>0</itemgap>
					<onleft>9100</onleft>
					<onright>-</onright>
					<onup>-</onup>
					<ondown>-</ondown>
					<control type="group">
						<height>44</height>
						<width>900</width>
						<control type="radiobutton" id="17">
							<description>Default Scroll Plot Button</description>
							<posx>0</posx>
							<posy>0</posy>
							<posx>290</posx>
							<posy>490</posy>
							<height>44</height>
							<width>900</width>
							<font>font21</font>
							<ondown>18</ondown>
							<onleft>9100</onleft>
							<textcolor>white</textcolor>
							<focusedcolor>black</focusedcolor>
							<textoffsetx>20</textoffsetx>
							<texturefocus>line_frame_device_white.png</texturefocus>
							<texturenofocus>line_frame_device_black1.png</texturenofocus>
							<pulseonselect>false</pulseonselect>
							<label>$LOCALIZE[31037]</label>
							<onclick>Skin.ToggleSetting(AutoScroll)</onclick>
							<selected>Skin.HasSetting(AutoScroll)</selected>
						</control>
					</control>
					<control type="group">
						<height>44</height>
						<width>900</width>
						<control type="radiobutton" id="18">
							<description>Enable Watched Status Button</description>
							<posx>0</posx>
							<posy>0</posy>
							<posx>290</posx>
							<posy>490</posy>
							<height>44</height>
							<width>900</width>
							<font>font21</font>
							<onup>17</onup>
							<ondown>19</ondown>
							<onleft>9100</onleft>
							<textcolor>white</textcolor>
							<focusedcolor>black</focusedcolor>
							<textoffsetx>20</textoffsetx>
							<texturefocus>line_frame_device_white.png</texturefocus>
							<texturenofocus>line_frame_device_black1.png</texturenofocus>
							<pulseonselect>false</pulseonselect>
							<label>$LOCALIZE[31055]</label>
							<onclick>Skin.ToggleSetting(WatchedStatus)</onclick>
							<selected>Skin.HasSetting(WatchedStatus)</selected>
						</control>
					</control>
					<control type="group">
						<height>44</height>
						<width>900</width>
						<control type="radiobutton" id="19">
							<description>Enable Resolution Flags Button</description>
							<posx>0</posx>
							<posy>0</posy>
							<posx>290</posx>
							<posy>490</posy>
							<height>44</height>
							<width>900</width>
							<font>font21</font>
							<onup>18</onup>
							<ondown>20</ondown>
							<onleft>9100</onleft>
							<textcolor>white</textcolor>
							<focusedcolor>black</focusedcolor>
							<textoffsetx>20</textoffsetx>
							<texturefocus>line_frame_device_white.png</texturefocus>
							<texturenofocus>line_frame_device_black1.png</texturenofocus>
							<pulseonselect>false</pulseonselect>
							<label>$LOCALIZE[31027]</label>
							<onclick>Skin.ToggleSetting(ResolutionFlags)</onclick>
							<selected>Skin.HasSetting(ResolutionFlags)</selected>
						</control>
					</control>
				</control>
				<control type="grouplist" id="1800">
					<include>Main_Menu_Fade_Animation</include>
					<include>Window_Fade_Animation</include>
					<visible>Container(9100).Hasfocus(5)</visible>
					<posx>300</posx>
					<posy>206</posy>
					<width>900</width>
					<height>480</height>
					<itemgap>0</itemgap>
					<onleft>9100</onleft>
					<onright>-</onright>
					<onup>-</onup>
					<ondown>-</ondown>
					<control type="group">
						<height>44</height>
						<width>900</width>
						<control type="radiobutton" id="20">
							<description>Default Alt Home Button</description>
							<posx>0</posx>
							<posy>0</posy>
							<posx>290</posx>
							<posy>490</posy>
							<height>44</height>
							<width>900</width>
							<font>font21</font>
							<ondown>21</ondown>
							<onleft>9100</onleft>
							<textcolor>white</textcolor>
							<focusedcolor>black</focusedcolor>
							<textoffsetx>20</textoffsetx>
							<texturefocus>line_frame_device_white.png</texturefocus>
							<texturenofocus>line_frame_device_black1.png</texturenofocus>
							<pulseonselect>false</pulseonselect>
							<label>$LOCALIZE[31020]</label>
							<onclick>Skin.ToggleSetting(AltHomeStyle)</onclick>
							<selected>Skin.HasSetting(AltHomeStyle)</selected>
						</control>
					</control>
					<control type="group" id="21">
						<height>44</height>
						<width>900</width>
						<visible>Skin.HasSetting(AltHomeStyle)</visible>
						<control type="list" id="22">
							<posx>0</posx>
							<posy>0</posy>
							<posx>290</posx>
							<posy>490</posy>
							<height>44</height>
							<width>900</width>
							<font>font21</font>
							<onup>20</onup>
							<ondown>-</ondown>
							<onleft>9100</onleft>
							<scrolltime>0</scrolltime>
							<itemlayout width="900" height="44"/>
							<focusedlayout width="820" height="44">
								<control type="image">
									<width>900</width>
									<height>44</height>
									<texture>line_frame_device_black1.png</texture>
									<visible>!ControlGroup(21).HasFocus()</visible>
								</control>
								<control type="image">
									<width>900</width>
									<height>44</height>
									<texture>line_frame_device_white.png</texture>
									<visible>ControlGroup(21).HasFocus()</visible>
								</control>
								<control type="label">
									<posx>20</posx>
									<height>44</height>
									<width>800</width>
									<aligny>center</aligny>
									<font>font21</font>
									<textcolor>white</textcolor>
									<info>ListItem.Label</info>
									<visible>!ControlGroup(21).HasFocus()</visible>
								</control>
								<control type="label">
									<posx>20</posx>
									<height>44</height>
									<width>800</width>
									<aligny>center</aligny>
									<font>font21</font>
									<textcolor>black</textcolor>
									<info>ListItem.Label</info>
									<visible>ControlGroup(21).HasFocus()</visible>
								</control>
								<control type="label">
									<posx>820</posx>
									<height>44</height>
									<width>800</width>
									<align>right</align>
									<aligny>center</aligny>
									<font>font21</font>
									<textcolor>white</textcolor>
									<info>ListItem.Label2</info>
									<visible>!ControlGroup(21).HasFocus()</visible>
								</control>
								<control type="label">
									<posx>820</posx>
									<height>44</height>
									<width>800</width>
									<align>right</align>
									<aligny>center</aligny>
									<font>font21</font>
									<textcolor>black</textcolor>
									<info>ListItem.Label2</info>
									<visible>ControlGroup(21).HasFocus()</visible>
								</control>
							</focusedlayout>
							<content>
								<item id="1">
									<label>$LOCALIZE[31019] #1</label>
									<onclick>Skin.SetString(CustomFavouritePath,CustomHomeItemPath_1)</onclick>
									<onclick>Skin.SetString(CustomFavouriteName,CustomHomeItemName_1)</onclick>
									<onclick>Skin.SetString(CustomFavouriteThumb,CustomHomeItemImage_1)</onclick>
									<onclick>ActivateWindow(1114)</onclick>
									<visible>IsEmpty(Skin.String(CustomHomeItemName_1))</visible>
								</item>
								<item id="2">
									<label>$LOCALIZE[31018] #1</label>
									<label2>$INFO[Skin.String(CustomHomeItemName_1)]</label2>
									<onclick>Skin.Reset(CustomHomeItemName_1)</onclick>
									<onclick>Skin.Reset(CustomHomeItemImage_1)</onclick>
									<onclick>Skin.Reset(CustomHomeItemPath_1)</onclick>
									<visible>!IsEmpty(Skin.String(CustomHomeItemName_1))</visible>
								</item>
								<item id="3">
									<label>$LOCALIZE[31019] #2</label>
									<onclick>Skin.SetString(CustomFavouritePath,CustomHomeItemPath_2)</onclick>
									<onclick>Skin.SetString(CustomFavouriteName,CustomHomeItemName_2)</onclick>
									<onclick>Skin.SetString(CustomFavouriteThumb,CustomHomeItemImage_2)</onclick>
									<onclick>ActivateWindow(1114)</onclick>
									<visible>IsEmpty(Skin.String(CustomHomeItemName_2))</visible>
								</item>
								<item id="4">
									<label>$LOCALIZE[31018] #2</label>
									<label2>$INFO[Skin.String(CustomHomeItemName_2)]</label2>
									<onclick>Skin.Reset(CustomHomeItemName_2)</onclick>
									<onclick>Skin.Reset(CustomHomeItemImage_2)</onclick>
									<onclick>Skin.Reset(CustomHomeItemPath_2)</onclick>
									<visible>!IsEmpty(Skin.String(CustomHomeItemName_2))</visible>
								</item>
								<item id="5">
									<label>$LOCALIZE[31019] #3</label>
									<onclick>Skin.SetString(CustomFavouritePath,CustomHomeItemPath_3)</onclick>
									<onclick>Skin.SetString(CustomFavouriteName,CustomHomeItemName_3)</onclick>
									<onclick>Skin.SetString(CustomFavouriteThumb,CustomHomeItemImage_3)</onclick>
									<onclick>ActivateWindow(1114)</onclick>
									<visible>IsEmpty(Skin.String(CustomHomeItemName_3))</visible>
								</item>
								<item id="6">
									<label>$LOCALIZE[31018] #3</label>
									<label2>$INFO[Skin.String(CustomHomeItemName_3)]</label2>
									<onclick>Skin.Reset(CustomHomeItemName_3)</onclick>
									<onclick>Skin.Reset(CustomHomeItemImage_3)</onclick>
									<onclick>Skin.Reset(CustomHomeItemPath_3)</onclick>
									<visible>!IsEmpty(Skin.String(CustomHomeItemName_3))</visible>
								</item>
								<item id="7">
									<label>$LOCALIZE[31019] #4</label>
									<onclick>Skin.SetString(CustomFavouritePath,CustomHomeItemPath_4)</onclick>
									<onclick>Skin.SetString(CustomFavouriteName,CustomHomeItemName_4)</onclick>
									<onclick>Skin.SetString(CustomFavouriteThumb,CustomHomeItemImage_4)</onclick>
									<onclick>ActivateWindow(1114)</onclick>
									<visible>IsEmpty(Skin.String(CustomHomeItemName_4))</visible>
								</item>
								<item id="8">
									<label>$LOCALIZE[31018] #4</label>
									<label2>$INFO[Skin.String(CustomHomeItemName_4)]</label2>
									<onclick>Skin.Reset(CustomHomeItemName_4)</onclick>
									<onclick>Skin.Reset(CustomHomeItemImage_4)</onclick>
									<onclick>Skin.Reset(CustomHomeItemPath_4)</onclick>
									<visible>!IsEmpty(Skin.String(CustomHomeItemName_4))</visible>
								</item>
								<item id="9">
									<label>$LOCALIZE[31019] #5</label>
									<onclick>Skin.SetString(CustomFavouritePath,CustomHomeItemPath_5)</onclick>
									<onclick>Skin.SetString(CustomFavouriteName,CustomHomeItemName_5)</onclick>
									<onclick>Skin.SetString(CustomFavouriteThumb,CustomHomeItemImage_5)</onclick>
									<onclick>ActivateWindow(1114)</onclick>
									<visible>IsEmpty(Skin.String(CustomHomeItemName_5))</visible>
								</item>
								<item id="10">
									<label>$LOCALIZE[31018] #5</label>
									<label2>$INFO[Skin.String(CustomHomeItemName_5)]</label2>
									<onclick>Skin.Reset(CustomHomeItemName_5)</onclick>
									<onclick>Skin.Reset(CustomHomeItemImage_5)</onclick>
									<onclick>Skin.Reset(CustomHomeItemPath_5)</onclick>
									<visible>!IsEmpty(Skin.String(CustomHomeItemName_5))</visible>
								</item>
								<item id="11">
									<label>$LOCALIZE[31019] #6</label>
									<onclick>Skin.SetString(CustomFavouritePath,CustomHomeItemPath_6)</onclick>
									<onclick>Skin.SetString(CustomFavouriteName,CustomHomeItemName_6)</onclick>
									<onclick>Skin.SetString(CustomFavouriteThumb,CustomHomeItemImage_6)</onclick>
									<onclick>ActivateWindow(1114)</onclick>
									<visible>IsEmpty(Skin.String(CustomHomeItemName_6))</visible>
								</item>
								<item id="12">
									<label>$LOCALIZE[31018] #6</label>
									<label2>$INFO[Skin.String(CustomHomeItemName_6)]</label2>
									<onclick>Skin.Reset(CustomHomeItemName_6)</onclick>
									<onclick>Skin.Reset(CustomHomeItemImage_6)</onclick>
									<onclick>Skin.Reset(CustomHomeItemPath_6)</onclick>
									<visible>!IsEmpty(Skin.String(CustomHomeItemName_6))</visible>
								</item>
								<item id="13">
									<label>$LOCALIZE[31019] #7</label>
									<onclick>Skin.SetString(CustomFavouritePath,CustomHomeItemPath_7)</onclick>
									<onclick>Skin.SetString(CustomFavouriteName,CustomHomeItemName_7)</onclick>
									<onclick>Skin.SetString(CustomFavouriteThumb,CustomHomeItemImage_7)</onclick>
									<onclick>ActivateWindow(1114)</onclick>
									<visible>IsEmpty(Skin.String(CustomHomeItemName_7))</visible>
								</item>
								<item id="14">
									<label>$LOCALIZE[31018] #7</label>
									<label2>$INFO[Skin.String(CustomHomeItemName_7)]</label2>
									<onclick>Skin.Reset(CustomHomeItemName_7)</onclick>
									<onclick>Skin.Reset(CustomHomeItemImage_7)</onclick>
									<onclick>Skin.Reset(CustomHomeItemPath_7)</onclick>
									<visible>!IsEmpty(Skin.String(CustomHomeItemName_7))</visible>
								</item>
								<item id="15">
									<label>$LOCALIZE[31019] #8</label>
									<onclick>Skin.SetString(CustomFavouritePath,CustomHomeItemPath_8)</onclick>
									<onclick>Skin.SetString(CustomFavouriteName,CustomHomeItemName_8)</onclick>
									<onclick>Skin.SetString(CustomFavouriteThumb,CustomHomeItemImage_8)</onclick>
									<onclick>ActivateWindow(1114)</onclick>
									<visible>IsEmpty(Skin.String(CustomHomeItemName_8))</visible>
								</item>
								<item id="16">
									<label>$LOCALIZE[31018] #8</label>
									<label2>$INFO[Skin.String(CustomHomeItemName_8)]</label2>
									<onclick>Skin.Reset(CustomHomeItemName_8)</onclick>
									<onclick>Skin.Reset(CustomHomeItemImage_8)</onclick>
									<onclick>Skin.Reset(CustomHomeItemPath_8)</onclick>
									<visible>!IsEmpty(Skin.String(CustomHomeItemName_8))</visible>
								</item>
								<item id="17">
									<label>$LOCALIZE[31019] #9</label>
									<onclick>Skin.SetString(CustomFavouritePath,CustomHomeItemPath_9)</onclick>
									<onclick>Skin.SetString(CustomFavouriteName,CustomHomeItemName_9)</onclick>
									<onclick>Skin.SetString(CustomFavouriteThumb,CustomHomeItemImage_9)</onclick>
									<onclick>ActivateWindow(1114)</onclick>
									<visible>IsEmpty(Skin.String(CustomHomeItemName_9))</visible>
								</item>
								<item id="18">
									<label>$LOCALIZE[31018] #9</label>
									<label2>$INFO[Skin.String(CustomHomeItemName_9)]</label2>
									<onclick>Skin.Reset(CustomHomeItemName_9)</onclick>
									<onclick>Skin.Reset(CustomHomeItemImage_9)</onclick>
									<onclick>Skin.Reset(CustomHomeItemPath_9)</onclick>
									<visible>!IsEmpty(Skin.String(CustomHomeItemName_9))</visible>
								</item>
								<item id="19">
									<label>$LOCALIZE[31019] #10</label>
									<onclick>Skin.SetString(CustomFavouritePath,CustomHomeItemPath_10)</onclick>
									<onclick>Skin.SetString(CustomFavouriteName,CustomHomeItemName_10)</onclick>
									<onclick>Skin.SetString(CustomFavouriteThumb,CustomHomeItemImage_10)</onclick>
									<onclick>ActivateWindow(1114)</onclick>
									<visible>IsEmpty(Skin.String(CustomHomeItemName_10))</visible>
								</item>
								<item id="20">
									<label>$LOCALIZE[31018] #10</label>
									<label2>$INFO[Skin.String(CustomHomeItemName_10)]</label2>
									<onclick>Skin.Reset(CustomHomeItemName_10)</onclick>
									<onclick>Skin.Reset(CustomHomeItemImage_10)</onclick>
									<onclick>Skin.Reset(CustomHomeItemPath_10)</onclick>
									<visible>!IsEmpty(Skin.String(CustomHomeItemName_10))</visible>
								</item>
								<item id="21">
									<label>$LOCALIZE[31019] #11</label>
									<onclick>Skin.SetString(CustomFavouritePath,CustomHomeItemPath_11)</onclick>
									<onclick>Skin.SetString(CustomFavouriteName,CustomHomeItemName_11)</onclick>
									<onclick>Skin.SetString(CustomFavouriteThumb,CustomHomeItemImage_11)</onclick>
									<onclick>ActivateWindow(1114)</onclick>
									<visible>IsEmpty(Skin.String(CustomHomeItemName_11))</visible>
								</item>
								<item id="22">
									<label>$LOCALIZE[31018] #11</label>
									<label2>$INFO[Skin.String(CustomHomeItemName_11)]</label2>
									<onclick>Skin.Reset(CustomHomeItemName_11)</onclick>
									<onclick>Skin.Reset(CustomHomeItemImage_11)</onclick>
									<onclick>Skin.Reset(CustomHomeItemPath_11)</onclick>
									<visible>!IsEmpty(Skin.String(CustomHomeItemName_11))</visible>
								</item>
								<item id="23">
									<label>$LOCALIZE[31019] #12</label>
									<onclick>Skin.SetString(CustomFavouritePath,CustomHomeItemPath_12)</onclick>
									<onclick>Skin.SetString(CustomFavouriteName,CustomHomeItemName_12)</onclick>
									<onclick>Skin.SetString(CustomFavouriteThumb,CustomHomeItemImage_12)</onclick>
									<onclick>ActivateWindow(1114)</onclick>
									<visible>IsEmpty(Skin.String(CustomHomeItemName_12))</visible>
								</item>
								<item id="24">
									<label>$LOCALIZE[31018] #12</label>
									<label2>$INFO[Skin.String(CustomHomeItemName_12)]</label2>
									<onclick>Skin.Reset(CustomHomeItemName_12)</onclick>
									<onclick>Skin.Reset(CustomHomeItemImage_12)</onclick>
									<onclick>Skin.Reset(CustomHomeItemPath_12)</onclick>
									<visible>!IsEmpty(Skin.String(CustomHomeItemName_12))</visible>
								</item>
								<item id="25">
									<label>$LOCALIZE[31019] #13</label>
									<onclick>Skin.SetString(CustomFavouritePath,CustomHomeItemPath_13)</onclick>
									<onclick>Skin.SetString(CustomFavouriteName,CustomHomeItemName_13)</onclick>
									<onclick>Skin.SetString(CustomFavouriteThumb,CustomHomeItemImage_13)</onclick>
									<onclick>ActivateWindow(1114)</onclick>
									<visible>IsEmpty(Skin.String(CustomHomeItemName_13))</visible>
								</item>
								<item id="26">
									<label>$LOCALIZE[31018] #13</label>
									<label2>$INFO[Skin.String(CustomHomeItemName_13)]</label2>
									<onclick>Skin.Reset(CustomHomeItemName_13)</onclick>
									<onclick>Skin.Reset(CustomHomeItemImage_13)</onclick>
									<onclick>Skin.Reset(CustomHomeItemPath_13)</onclick>
									<visible>!IsEmpty(Skin.String(CustomHomeItemName_13))</visible>
								</item>
								<item id="27">
									<label>$LOCALIZE[31019] #14</label>
									<onclick>Skin.SetString(CustomFavouritePath,CustomHomeItemPath_14)</onclick>
									<onclick>Skin.SetString(CustomFavouriteName,CustomHomeItemName_14)</onclick>
									<onclick>Skin.SetString(CustomFavouriteThumb,CustomHomeItemImage_14)</onclick>
									<onclick>ActivateWindow(1114)</onclick>
									<visible>IsEmpty(Skin.String(CustomHomeItemName_14))</visible>
								</item>
								<item id="28">
									<label>$LOCALIZE[31018] #14</label>
									<label2>$INFO[Skin.String(CustomHomeItemName_14)]</label2>
									<onclick>Skin.Reset(CustomHomeItemName_14)</onclick>
									<onclick>Skin.Reset(CustomHomeItemImage_14)</onclick>
									<onclick>Skin.Reset(CustomHomeItemPath_14)</onclick>
									<visible>!IsEmpty(Skin.String(CustomHomeItemName_14))</visible>
								</item>
								<item id="29">
									<label>$LOCALIZE[31019] #15</label>
									<onclick>Skin.SetString(CustomFavouritePath,CustomHomeItemPath_15)</onclick>
									<onclick>Skin.SetString(CustomFavouriteName,CustomHomeItemName_15)</onclick>
									<onclick>Skin.SetString(CustomFavouriteThumb,CustomHomeItemImage_15)</onclick>
									<onclick>ActivateWindow(1114)</onclick>
									<visible>IsEmpty(Skin.String(CustomHomeItemName_15))</visible>
								</item>
								<item id="30">
									<label>$LOCALIZE[31018] #15</label>
									<label2>$INFO[Skin.String(CustomHomeItemName_15)]</label2>
									<onclick>Skin.Reset(CustomHomeItemName_15)</onclick>
									<onclick>Skin.Reset(CustomHomeItemImage_15)</onclick>
									<onclick>Skin.Reset(CustomHomeItemPath_15)</onclick>
									<visible>!IsEmpty(Skin.String(CustomHomeItemName_15))</visible>
								</item>
							</content>
						</control>
						<control type="button">
							<posx>840</posx>
							<posy>12</posy>
							<width>20</width>
							<height>20</height>
							<texturefocus>settings_arrow_button_down.png</texturefocus>
							<texturenofocus>scroll_down.png</texturenofocus>
							<onclick>Control.Move(22,1)</onclick>
						</control>
						<control type="button">
							<posx>860</posx>
							<posy>12</posy>
							<width>20</width>
							<height>20</height>
							<texturefocus>settings_arrow_button_up.png</texturefocus>
							<texturenofocus>scroll_up.png</texturenofocus>
							<onclick>Control.Move(22,-1)</onclick>
						</control>
					</control>
					<control type="group" id="23">
						<height>44</height>
						<width>900</width>
						<visible>!Skin.HasSetting(AltHomeStyle)</visible>
						<control type="list" id="24">
							<posx>0</posx>
							<posy>0</posy>
							<posx>290</posx>
							<posy>490</posy>
							<height>44</height>
							<width>900</width>
							<font>font21</font>
							<onup>20</onup>
							<ondown>-</ondown>
							<onleft>9100</onleft>
							<scrolltime>0</scrolltime>
							<itemlayout width="900" height="44"/>
							<focusedlayout width="820" height="44">
								<control type="image">
									<width>900</width>
									<height>44</height>
									<texture>line_frame_device_black1.png</texture>
									<visible>!ControlGroup(23).HasFocus()</visible>
								</control>
								<control type="image">
									<width>900</width>
									<height>44</height>
									<texture>line_frame_device_white.png</texture>
									<visible>ControlGroup(23).HasFocus()</visible>
								</control>
								<control type="label">
									<posx>20</posx>
									<height>44</height>
									<width>800</width>
									<aligny>center</aligny>
									<font>font21</font>
									<textcolor>white</textcolor>
									<info>ListItem.Label</info>
									<visible>!ControlGroup(23).HasFocus()</visible>
								</control>
								<control type="label">
									<posx>20</posx>
									<height>44</height>
									<width>800</width>
									<aligny>center</aligny>
									<font>font21</font>
									<textcolor>black</textcolor>
									<info>ListItem.Label</info>
									<visible>ControlGroup(23).HasFocus()</visible>
								</control>
								<control type="label">
									<posx>820</posx>
									<height>44</height>
									<width>800</width>
									<align>right</align>
									<aligny>center</aligny>
									<font>font21</font>
									<textcolor>white</textcolor>
									<info>ListItem.Label2</info>
									<visible>!ControlGroup(23).HasFocus()</visible>
								</control>
								<control type="label">
									<posx>820</posx>
									<height>44</height>
									<width>800</width>
									<align>right</align>
									<aligny>center</aligny>
									<font>font21</font>
									<textcolor>black</textcolor>
									<info>ListItem.Label2</info>
									<visible>ControlGroup(23).HasFocus()</visible>
								</control>
							</focusedlayout>
							<content>
								<item id="1">
									<label>$LOCALIZE[31019] #1</label>
									<onclick>Skin.SetString(CustomFavouritePath,HomeItemPath_1)</onclick>
									<onclick>Skin.SetString(CustomFavouriteName,HomeItemName_1)</onclick>
									<onclick>Skin.SetString(CustomFavouriteThumb,HomeItemImage_1)</onclick>
									<onclick>ActivateWindow(1114)</onclick>
									<visible>IsEmpty(Skin.String(HomeItemName_1))</visible>
								</item>
								<item id="2">
									<label>$LOCALIZE[31018] #1</label>
									<label2>$INFO[Skin.String(HomeItemName_1)]</label2>
									<onclick>Skin.Reset(HomeItemName_1)</onclick>
									<onclick>Skin.Reset(HomeItemImage_1)</onclick>
									<onclick>Skin.Reset(HomeItemPath_1)</onclick>
									<visible>!IsEmpty(Skin.String(HomeItemName_1))</visible>
								</item>
								<item id="3">
									<label>$LOCALIZE[31019] #2</label>
									<onclick>Skin.SetString(CustomFavouritePath,HomeItemPath_2)</onclick>
									<onclick>Skin.SetString(CustomFavouriteName,HomeItemName_2)</onclick>
									<onclick>Skin.SetString(CustomFavouriteThumb,HomeItemImage_2)</onclick>
									<onclick>ActivateWindow(1114)</onclick>
									<visible>IsEmpty(Skin.String(HomeItemName_2))</visible>
								</item>
								<item id="4">
									<label>$LOCALIZE[31018] #2</label>
									<label2>$INFO[Skin.String(HomeItemName_2)]</label2>
									<onclick>Skin.Reset(HomeItemName_2)</onclick>
									<onclick>Skin.Reset(HomeItemImage_2)</onclick>
									<onclick>Skin.Reset(HomeItemPath_2)</onclick>
									<visible>!IsEmpty(Skin.String(HomeItemName_2))</visible>
								</item>
								<item id="5">
									<label>$LOCALIZE[31019] #3</label>
									<onclick>Skin.SetString(CustomFavouritePath,HomeItemPath_3)</onclick>
									<onclick>Skin.SetString(CustomFavouriteName,HomeItemName_3)</onclick>
									<onclick>Skin.SetString(CustomFavouriteThumb,HomeItemImage_3)</onclick>
									<onclick>ActivateWindow(1114)</onclick>
									<visible>IsEmpty(Skin.String(HomeItemName_3))</visible>
								</item>
								<item id="6">
									<label>$LOCALIZE[31018] #3</label>
									<label2>$INFO[Skin.String(HomeItemName_3)]</label2>
									<onclick>Skin.Reset(HomeItemName_3)</onclick>
									<onclick>Skin.Reset(HomeItemImage_3)</onclick>
									<onclick>Skin.Reset(HomeItemPath_3)</onclick>
									<visible>!IsEmpty(Skin.String(HomeItemName_3))</visible>
								</item>
								<item id="7">
									<label>$LOCALIZE[31019] #4</label>
									<onclick>Skin.SetString(CustomFavouritePath,HomeItemPath_4)</onclick>
									<onclick>Skin.SetString(CustomFavouriteName,HomeItemName_4)</onclick>
									<onclick>Skin.SetString(CustomFavouriteThumb,HomeItemImage_4)</onclick>
									<onclick>ActivateWindow(1114)</onclick>
									<visible>IsEmpty(Skin.String(HomeItemName_4))</visible>
								</item>
								<item id="8">
									<label>$LOCALIZE[31018] #4</label>
									<label2>$INFO[Skin.String(HomeItemName_4)]</label2>
									<onclick>Skin.Reset(HomeItemName_4)</onclick>
									<onclick>Skin.Reset(HomeItemImage_4)</onclick>
									<onclick>Skin.Reset(HomeItemPath_4)</onclick>
									<visible>!IsEmpty(Skin.String(HomeItemName_4))</visible>
								</item>
								<item id="9">
									<label>$LOCALIZE[31019] #5</label>
									<onclick>Skin.SetString(CustomFavouritePath,HomeItemPath_5)</onclick>
									<onclick>Skin.SetString(CustomFavouriteName,HomeItemName_5)</onclick>
									<onclick>Skin.SetString(CustomFavouriteThumb,HomeItemImage_5)</onclick>
									<onclick>ActivateWindow(1114)</onclick>
									<visible>IsEmpty(Skin.String(HomeItemName_5))</visible>
								</item>
								<item id="10">
									<label>$LOCALIZE[31018] #5</label>
									<label2>$INFO[Skin.String(HomeItemName_5)]</label2>
									<onclick>Skin.Reset(HomeItemName_5)</onclick>
									<onclick>Skin.Reset(HomeItemImage_5)</onclick>
									<onclick>Skin.Reset(HomeItemPath_5)</onclick>
									<visible>!IsEmpty(Skin.String(HomeItemName_5))</visible>
								</item>
								<item id="11">
									<label>$LOCALIZE[31019] #6</label>
									<onclick>Skin.SetString(CustomFavouritePath,HomeItemPath_6)</onclick>
									<onclick>Skin.SetString(CustomFavouriteName,HomeItemName_6)</onclick>
									<onclick>Skin.SetString(CustomFavouriteThumb,HomeItemImage_6)</onclick>
									<onclick>ActivateWindow(1114)</onclick>
									<visible>IsEmpty(Skin.String(HomeItemName_6))</visible>
								</item>
								<item id="12">
									<label>$LOCALIZE[31018] #6</label>
									<label2>$INFO[Skin.String(HomeItemName_6)]</label2>
									<onclick>Skin.Reset(HomeItemName_6)</onclick>
									<onclick>Skin.Reset(HomeItemImage_6)</onclick>
									<onclick>Skin.Reset(HomeItemPath_6)</onclick>
									<visible>!IsEmpty(Skin.String(HomeItemName_6))</visible>
								</item>
							</content>
						</control>
						<control type="button">
							<posx>840</posx>
							<posy>12</posy>
							<width>20</width>
							<height>20</height>
							<texturefocus>settings_arrow_button_down.png</texturefocus>
							<texturenofocus>scroll_down.png</texturenofocus>
							<onclick>Control.Move(24,1)</onclick>
						</control>
						<control type="button">
							<posx>860</posx>
							<posy>12</posy>
							<width>20</width>
							<height>20</height>
							<texturefocus>settings_arrow_button_up.png</texturefocus>
							<texturenofocus>scroll_up.png</texturenofocus>
							<onclick>Control.Move(24,-1)</onclick>
						</control>
					</control>
				</control>
			</control>
		</control>
		<include>Common_Main_Menu_Button</include>
	</controls>
</window>