<window type="dialog" id="1114">
	<defaultcontrol always="true">450</defaultcontrol>
	<onload>RunScript(script.favourites,playlists=play)</onload>
	<controls>
		<include>Dialog_Popup_Background</include>
		<control type="group">
			<include>Dialog_Popup_Animation</include>
			<posx>190</posx>
			<posy>156</posy>
			<control type="image">
				<description>dialog background</description>
				<posx>0</posx>
				<posy>0</posy>
				<width>900</width>
				<height>520</height>
				<texture>browser_background.png</texture>
			</control>
			<control type="label" id="1">
				<description>heading label</description>
				<posx>25</posx>
				<posy>30</posy>
				<width>650</width>
				<height>30</height>
				<align>left</align>
				<aligny>center</aligny>
				<font>light28</font>
				<label>$LOCALIZE[1036]</label>
				<textcolor>white</textcolor>
			</control>
			<control type="label" id="2">
				<posx>861</posx>
				<posy>40</posy>
				<width>650</width>
				<height>20</height>
				<align>right</align>
				<font>font21</font>
				<align>right</align>
				<aligny>center</aligny>
				<label>$INFO[Container(450).NumItems,, $LOCALIZE[127]]</label>
				<textcolor>green</textcolor>
			</control>
			<control type="image">
				<description>icon image</description>
				<posx>565</posx>
				<posy>70</posy>
				<width>310</width>
				<height>396</height>
				<bordersize>4</bordersize>
				<aspectratio>keep</aspectratio>
				<bordertexture>info_cover_border.png</bordertexture>
				<info>ListItem.Thumb</info>
				<visible>!IsEmpty(ListItem.Thumb)</visible>
			</control>
			<control type="image">
				<description>icon image</description>
				<posx>620</posx>
				<posy>168</posy>
				<width>200</width>
				<height>200</height>
				<aspectratio>keep</aspectratio>
				<texture>DefaultAddonNone.png</texture>
				<visible>IsEmpty(ListItem.Thumb)</visible>
			</control>
			<control type="list" id="450">
				<posx>25</posx>
				<posy>70</posy>
				<width>515</width>
				<height>396</height>
				<onup>450</onup>
				<onleft>Close</onleft>
				<onright>90</onright>
				<ondown>450</ondown>
				<pagecontrol>90</pagecontrol>
				<scrolltime>200</scrolltime>
				<itemlayout width="515" height="66">
					<control type="image">
						<posx>0</posx>
						<posy>0</posy>
						<width>515</width>
						<height>66</height>
						<texture>line_frame_device_black1.png</texture>
					</control>
					<control type="image">
						<posx>0</posx>
						<posy>0</posy>
						<width>66</width>
						<height>66</height>
						<bordersize>4</bordersize>
						<bordertexture>info_cover_border.png</bordertexture>
						<info>ListItem.Icon</info>
					</control>
					<control type="label">
						<posx>80</posx>
						<posy>0</posy>
						<width>415</width>
						<height>66</height>
						<font>font21</font>
						<aligny>center</aligny>
						<selectedcolor>blue</selectedcolor>
						<align>left</align>
						<info>ListItem.Label</info>
					</control>
				</itemlayout>
				<focusedlayout width="515" height="66">
					<control type="image">
						<posx>0</posx>
						<posy>0</posy>
						<width>515</width>
						<height>66</height>
						<texture>line_frame_device_black1.png</texture>
					</control>
					<control type="image">
						<posx>0</posx>
						<posy>0</posy>
						<width>650</width>
						<height>66</height>
						<texture>line_frame_device_white.png</texture>
						<visible>Control.HasFocus(450)</visible>
					</control>
					<control type="image">
						<posx>0</posx>
						<posy>0</posy>
						<width>66</width>
						<height>66</height>
						<bordersize>4</bordersize>
						<bordertexture>info_cover_border.png</bordertexture>
						<info>ListItem.Icon</info>
					</control>
					<control type="label">
						<posx>80</posx>
						<posy>0</posy>
						<width>415</width>
						<height>66</height>
						<font>font21</font>
						<aligny>center</aligny>
						<selectedcolor>blue</selectedcolor>
						<align>left</align>
						<info>ListItem.Label</info>
						<visible>!Control.HasFocus(450)</visible>
					</control>
					<control type="label">
						<posx>80</posx>
						<posy>0</posy>
						<width>415</width>
						<height>66</height>
						<font>font21</font>
						<aligny>center</aligny>
						<textcolor>black</textcolor>
						<selectedcolor>blue</selectedcolor>
						<align>left</align>
						<info>ListItem.Label</info>
						<visible>Control.HasFocus(450)</visible>
					</control>
				</focusedlayout>
				<content>
					<item id="1">
						<label>$INFO[Window(0).Property(favourite.1.name)]</label>
						<icon>$INFO[Window(0).Property(favourite.1.thumb)]</icon>
						<onclick>Skin.SetString($INFO[Skin.String(CustomFavouritePath)],$INFO[Window(0).Property(favourite.1.path)])</onclick>
						<onclick>Skin.SetString($INFO[Skin.String(CustomFavouriteName)],$INFO[Window(0).Property(favourite.1.name)])</onclick>
						<onclick>Skin.SetString($INFO[Skin.String(CustomFavouriteThumb)],$INFO[Window(0).Property(favourite.1.thumb)])</onclick>
						<onclick>Dialog.Close(1114)</onclick>
						<visible>!IsEmpty(Window(0).Property(favourite.1.name))</visible>
					</item>
					<item id="2">
						<label>$INFO[Window(0).Property(favourite.2.name)]</label>
						<icon>$INFO[Window(0).Property(favourite.2.thumb)]</icon>
						<onclick>Skin.SetString($INFO[Skin.String(CustomFavouritePath)],$INFO[Window(0).Property(favourite.2.path)])</onclick>
						<onclick>Skin.SetString($INFO[Skin.String(CustomFavouriteName)],$INFO[Window(0).Property(favourite.2.name)])</onclick>
						<onclick>Skin.SetString($INFO[Skin.String(CustomFavouriteThumb)],$INFO[Window(0).Property(favourite.2.thumb)])</onclick>
						<onclick>Dialog.Close(1114)</onclick>
						<visible>!IsEmpty(Window(0).Property(favourite.2.name))</visible>
					</item>
					<item id="3">
						<label>$INFO[Window(0).Property(favourite.3.name)]</label>
						<icon>$INFO[Window(0).Property(favourite.3.thumb)]</icon>
						<onclick>Skin.SetString($INFO[Skin.String(CustomFavouritePath)],$INFO[Window(0).Property(favourite.3.path)])</onclick>
						<onclick>Skin.SetString($INFO[Skin.String(CustomFavouriteName)],$INFO[Window(0).Property(favourite.3.name)])</onclick>
						<onclick>Skin.SetString($INFO[Skin.String(CustomFavouriteThumb)],$INFO[Window(0).Property(favourite.3.thumb)])</onclick>
						<onclick>Dialog.Close(1114)</onclick>
						<visible>!IsEmpty(Window(0).Property(favourite.3.name))</visible>
					</item>
					<item id="4">
						<label>$INFO[Window(0).Property(favourite.4.name)]</label>
						<icon>$INFO[Window(0).Property(favourite.4.thumb)]</icon>
						<onclick>Skin.SetString($INFO[Skin.String(CustomFavouritePath)],$INFO[Window(0).Property(favourite.4.path)])</onclick>
						<onclick>Skin.SetString($INFO[Skin.String(CustomFavouriteName)],$INFO[Window(0).Property(favourite.4.name)])</onclick>
						<onclick>Skin.SetString($INFO[Skin.String(CustomFavouriteThumb)],$INFO[Window(0).Property(favourite.4.thumb)])</onclick>
						<onclick>Dialog.Close(1114)</onclick>
						<visible>!IsEmpty(Window(0).Property(favourite.4.name))</visible>
					</item>
					<item id="5">
						<label>$INFO[Window(0).Property(favourite.5.name)]</label>
						<icon>$INFO[Window(0).Property(favourite.5.thumb)]</icon>
						<onclick>Skin.SetString($INFO[Skin.String(CustomFavouritePath)],$INFO[Window(0).Property(favourite.5.path)])</onclick>
						<onclick>Skin.SetString($INFO[Skin.String(CustomFavouriteName)],$INFO[Window(0).Property(favourite.5.name)])</onclick>
						<onclick>Skin.SetString($INFO[Skin.String(CustomFavouriteThumb)],$INFO[Window(0).Property(favourite.5.thumb)])</onclick>
						<onclick>Dialog.Close(1114)</onclick>
						<visible>!IsEmpty(Window(0).Property(favourite.5.name))</visible>
					</item>
					<item id="6">
						<label>$INFO[Window(0).Property(favourite.6.name)]</label>
						<icon>$INFO[Window(0).Property(favourite.6.thumb)]</icon>
						<onclick>Skin.SetString($INFO[Skin.String(CustomFavouritePath)],$INFO[Window(0).Property(favourite.6.path)])</onclick>
						<onclick>Skin.SetString($INFO[Skin.String(CustomFavouriteName)],$INFO[Window(0).Property(favourite.6.name)])</onclick>
						<onclick>Skin.SetString($INFO[Skin.String(CustomFavouriteThumb)],$INFO[Window(0).Property(favourite.6.thumb)])</onclick>
						<onclick>Dialog.Close(1114)</onclick>
						<visible>!IsEmpty(Window(0).Property(favourite.6.name))</visible>
					</item>
					<item id="7">
						<label>$INFO[Window(0).Property(favourite.7.name)]</label>
						<icon>$INFO[Window(0).Property(favourite.7.thumb)]</icon>
						<onclick>Skin.SetString($INFO[Skin.String(CustomFavouritePath)],$INFO[Window(0).Property(favourite.7.path)])</onclick>
						<onclick>Skin.SetString($INFO[Skin.String(CustomFavouriteName)],$INFO[Window(0).Property(favourite.7.name)])</onclick>
						<onclick>Skin.SetString($INFO[Skin.String(CustomFavouriteThumb)],$INFO[Window(0).Property(favourite.7.thumb)])</onclick>
						<onclick>Dialog.Close(1114)</onclick>
						<visible>!IsEmpty(Window(0).Property(favourite.7.name))</visible>
					</item>
					<item id="8">
						<label>$INFO[Window(0).Property(favourite.8.name)]</label>
						<icon>$INFO[Window(0).Property(favourite.8.thumb)]</icon>
						<onclick>Skin.SetString($INFO[Skin.String(CustomFavouritePath)],$INFO[Window(0).Property(favourite.8.path)])</onclick>
						<onclick>Skin.SetString($INFO[Skin.String(CustomFavouriteName)],$INFO[Window(0).Property(favourite.8.name)])</onclick>
						<onclick>Skin.SetString($INFO[Skin.String(CustomFavouriteThumb)],$INFO[Window(0).Property(favourite.8.thumb)])</onclick>
						<onclick>Dialog.Close(1114)</onclick>
						<visible>!IsEmpty(Window(0).Property(favourite.8.name))</visible>
					</item>
					<item id="9">
						<label>$INFO[Window(0).Property(favourite.9.name)]</label>
						<icon>$INFO[Window(0).Property(favourite.9.thumb)]</icon>
						<onclick>Skin.SetString($INFO[Skin.String(CustomFavouritePath)],$INFO[Window(0).Property(favourite.9.path)])</onclick>
						<onclick>Skin.SetString($INFO[Skin.String(CustomFavouriteName)],$INFO[Window(0).Property(favourite.9.name)])</onclick>
						<onclick>Skin.SetString($INFO[Skin.String(CustomFavouriteThumb)],$INFO[Window(0).Property(favourite.9.thumb)])</onclick>
						<onclick>Dialog.Close(1114)</onclick>
						<visible>!IsEmpty(Window(0).Property(favourite.9.name))</visible>
					</item>
					<item id="10">
						<label>$INFO[Window(0).Property(favourite.10.name)]</label>
						<icon>$INFO[Window(0).Property(favourite.10.thumb)]</icon>
						<onclick>Skin.SetString($INFO[Skin.String(CustomFavouritePath)],$INFO[Window(0).Property(favourite.10.path)])</onclick>
						<onclick>Skin.SetString($INFO[Skin.String(CustomFavouriteName)],$INFO[Window(0).Property(favourite.10.name)])</onclick>
						<onclick>Skin.SetString($INFO[Skin.String(CustomFavouriteThumb)],$INFO[Window(0).Property(favourite.10.thumb)])</onclick>
						<onclick>Dialog.Close(1114)</onclick>
						<visible>!IsEmpty(Window(0).Property(favourite.10.name))</visible>
					</item>
					<item id="11">
						<label>$INFO[Window(0).Property(favourite.11.name)]</label>
						<icon>$INFO[Window(0).Property(favourite.11.thumb)]</icon>
						<onclick>Skin.SetString($INFO[Skin.String(CustomFavouritePath)],$INFO[Window(0).Property(favourite.11.path)])</onclick>
						<onclick>Skin.SetString($INFO[Skin.String(CustomFavouriteName)],$INFO[Window(0).Property(favourite.11.name)])</onclick>
						<onclick>Skin.SetString($INFO[Skin.String(CustomFavouriteThumb)],$INFO[Window(0).Property(favourite.11.thumb)])</onclick>
						<onclick>Dialog.Close(1114)</onclick>
						<visible>!IsEmpty(Window(0).Property(favourite.11.name))</visible>
					</item>
					<item id="12">
						<label>$INFO[Window(0).Property(favourite.12.name)]</label>
						<icon>$INFO[Window(0).Property(favourite.12.thumb)]</icon>
						<onclick>Skin.SetString($INFO[Skin.String(CustomFavouritePath)],$INFO[Window(0).Property(favourite.12.path)])</onclick>
						<onclick>Skin.SetString($INFO[Skin.String(CustomFavouriteName)],$INFO[Window(0).Property(favourite.12.name)])</onclick>
						<onclick>Skin.SetString($INFO[Skin.String(CustomFavouriteThumb)],$INFO[Window(0).Property(favourite.12.thumb)])</onclick>
						<onclick>Dialog.Close(1114)</onclick>
						<visible>!IsEmpty(Window(0).Property(favourite.12.name))</visible>
					</item>
					<item id="13">
						<label>$INFO[Window(0).Property(favourite.13.name)]</label>
						<icon>$INFO[Window(0).Property(favourite.13.thumb)]</icon>
						<onclick>Skin.SetString($INFO[Skin.String(CustomFavouritePath)],$INFO[Window(0).Property(favourite.13.path)])</onclick>
						<onclick>Skin.SetString($INFO[Skin.String(CustomFavouriteName)],$INFO[Window(0).Property(favourite.13.name)])</onclick>
						<onclick>Skin.SetString($INFO[Skin.String(CustomFavouriteThumb)],$INFO[Window(0).Property(favourite.13.thumb)])</onclick>
						<onclick>Dialog.Close(1114)</onclick>
						<visible>!IsEmpty(Window(0).Property(favourite.13.name))</visible>
					</item>
					<item id="14">
						<label>$INFO[Window(0).Property(favourite.14.name)]</label>
						<icon>$INFO[Window(0).Property(favourite.14.thumb)]</icon>
						<onclick>Skin.SetString($INFO[Skin.String(CustomFavouritePath)],$INFO[Window(0).Property(favourite.14.path)])</onclick>
						<onclick>Skin.SetString($INFO[Skin.String(CustomFavouriteName)],$INFO[Window(0).Property(favourite.14.name)])</onclick>
						<onclick>Skin.SetString($INFO[Skin.String(CustomFavouriteThumb)],$INFO[Window(0).Property(favourite.14.thumb)])</onclick>
						<onclick>Dialog.Close(1114)</onclick>
						<visible>!IsEmpty(Window(0).Property(favourite.14.name))</visible>
					</item>
					<item id="15">
						<label>$INFO[Window(0).Property(favourite.15.name)]</label>
						<icon>$INFO[Window(0).Property(favourite.15.thumb)]</icon>
						<onclick>Skin.SetString($INFO[Skin.String(CustomFavouritePath)],$INFO[Window(0).Property(favourite.15.path)])</onclick>
						<onclick>Skin.SetString($INFO[Skin.String(CustomFavouriteName)],$INFO[Window(0).Property(favourite.15.name)])</onclick>
						<onclick>Skin.SetString($INFO[Skin.String(CustomFavouriteThumb)],$INFO[Window(0).Property(favourite.15.thumb)])</onclick>
						<onclick>Dialog.Close(1114)</onclick>
						<visible>!IsEmpty(Window(0).Property(favourite.15.name))</visible>
					</item>
					<item id="16">
						<label>$INFO[Window(0).Property(favourite.16.name)]</label>
						<icon>$INFO[Window(0).Property(favourite.16.thumb)]</icon>
						<onclick>Skin.SetString($INFO[Skin.String(CustomFavouritePath)],$INFO[Window(0).Property(favourite.16.path)])</onclick>
						<onclick>Skin.SetString($INFO[Skin.String(CustomFavouriteName)],$INFO[Window(0).Property(favourite.16.name)])</onclick>
						<onclick>Skin.SetString($INFO[Skin.String(CustomFavouriteThumb)],$INFO[Window(0).Property(favourite.16.thumb)])</onclick>
						<onclick>Dialog.Close(1114)</onclick>
						<visible>!IsEmpty(Window(0).Property(favourite.16.name))</visible>
					</item>
					<item id="17">
						<label>$INFO[Window(0).Property(favourite.17.name)]</label>
						<icon>$INFO[Window(0).Property(favourite.17.thumb)]</icon>
						<onclick>Skin.SetString($INFO[Skin.String(CustomFavouritePath)],$INFO[Window(0).Property(favourite.17.path)])</onclick>
						<onclick>Skin.SetString($INFO[Skin.String(CustomFavouriteName)],$INFO[Window(0).Property(favourite.17.name)])</onclick>
						<onclick>Skin.SetString($INFO[Skin.String(CustomFavouriteThumb)],$INFO[Window(0).Property(favourite.17.thumb)])</onclick>
						<onclick>Dialog.Close(1114)</onclick>
						<visible>!IsEmpty(Window(0).Property(favourite.17.name))</visible>
					</item>
					<item id="18">
						<label>$INFO[Window(0).Property(favourite.18.name)]</label>
						<icon>$INFO[Window(0).Property(favourite.18.thumb)]</icon>
						<onclick>Skin.SetString($INFO[Skin.String(CustomFavouritePath)],$INFO[Window(0).Property(favourite.18.path)])</onclick>
						<onclick>Skin.SetString($INFO[Skin.String(CustomFavouriteName)],$INFO[Window(0).Property(favourite.18.name)])</onclick>
						<onclick>Skin.SetString($INFO[Skin.String(CustomFavouriteThumb)],$INFO[Window(0).Property(favourite.18.thumb)])</onclick>
						<onclick>Dialog.Close(1114)</onclick>
						<visible>!IsEmpty(Window(0).Property(favourite.18.name))</visible>
					</item>
					<item id="19">
						<label>$INFO[Window(0).Property(favourite.19.name)]</label>
						<icon>$INFO[Window(0).Property(favourite.19.thumb)]</icon>
						<onclick>Skin.SetString($INFO[Skin.String(CustomFavouritePath)],$INFO[Window(0).Property(favourite.19.path)])</onclick>
						<onclick>Skin.SetString($INFO[Skin.String(CustomFavouriteName)],$INFO[Window(0).Property(favourite.19.name)])</onclick>
						<onclick>Skin.SetString($INFO[Skin.String(CustomFavouriteThumb)],$INFO[Window(0).Property(favourite.19.thumb)])</onclick>
						<onclick>Dialog.Close(1114)</onclick>
						<visible>!IsEmpty(Window(0).Property(favourite.19.name))</visible>
					</item>
					<item id="20">
						<label>$INFO[Window(0).Property(favourite.20.name)]</label>
						<icon>$INFO[Window(0).Property(favourite.20.thumb)]</icon>
						<onclick>Skin.SetString($INFO[Skin.String(CustomFavouritePath)],$INFO[Window(0).Property(favourite.20.path)])</onclick>
						<onclick>Skin.SetString($INFO[Skin.String(CustomFavouriteName)],$INFO[Window(0).Property(favourite.20.name)])</onclick>
						<onclick>Skin.SetString($INFO[Skin.String(CustomFavouriteThumb)],$INFO[Window(0).Property(favourite.20.thumb)])</onclick>
						<onclick>Dialog.Close(1114)</onclick>
						<visible>!IsEmpty(Window(0).Property(favourite.20.name))</visible>
					</item>
				</content>
			</control>
			<control type="label">
				<description>Exit label</description>
				<posx>25</posx>
				<posy>466</posy>
				<width>580</width>
				<height>44</height>
				<font>font21</font>
				<label>31062</label>
				<align>left</align>
				<aligny>center</aligny>
				<textcolor>yellow</textcolor>
				<visible>Skin.HasSetting(RemoteCloseMessage)</visible>
			</control>
			<control type="button">
				<posx>25</posx>
				<posy>466</posy>
				<width>580</width>
				<height>44</height>
				<font>font21</font>
				<label>31060</label>
				<textcolor>yellow</textcolor>
				<focusedcolor>red</focusedcolor>
				<texturefocus>-</texturefocus>
				<texturenofocus>-</texturenofocus>
				<onclick>Close</onclick>
				<visible>Skin.HasSetting(MouseCloseMessage)</visible>
			</control>
			<control type="scrollbar" id="90">
				<description>scroll bar indicator for lists</description>
				<posx>545</posx>
				<posy>70</posy>
				<width>12</width>
				<height>396</height>
				<onleft>450</onleft>
				<texturesliderbackground border="0,8,0,8">scrollbar_vertical_bg.png</texturesliderbackground>
				<texturesliderbar border="4,8,4,8">scrollbar_vertical_nib.png</texturesliderbar>
				<texturesliderbarfocus border="4,8,4,8">scrollbar_vertical_nib_on.png</texturesliderbarfocus>
				<textureslidernib>-</textureslidernib>
				<textureslidernibfocus>-</textureslidernibfocus>
				<orientation>vertical</orientation>
				<showonepage>false</showonepage>
			</control>
		</control>
	</controls>
</window>
