﻿<window id="104">
	<defaultcontrol>1</defaultcontrol>
	<controls>
		<control type="group">
			<animation effect="fade" start="100" end="0" time="200" delay="1800">WindowClose</animation>
			<include>Window_Fade_Animation</include>
			<posx>882</posx>
			<posy>8</posy>
			<control type="image">
				<posx>0</posx>
				<posy>0</posy>
				<width>368</width>
				<height>60</height>
				<texture>volume_background.png</texture>
			</control>
			<control type="group">
				<posx>20</posx>
				<posy>14</posy>
				<control type="image">
					<description>speaker image</description>
					<posx>288</posx>
					<posy>0</posy>
					<width>42</width>
					<height>32</height>
					<aspectratio>keep</aspectratio>
					<texture>icon_volume.png</texture>
					<colordiffuse>green</colordiffuse>
				</control>
				<control type="image">
					<description>speaker image</description>
					<posx>288</posx>
					<posy>0</posy>
					<width>42</width>
					<height>32</height>
					<aspectratio>keep</aspectratio>
					<texture>icon_volume_low.png</texture>
					<colordiffuse>green</colordiffuse>
					<visible>IntegerGreaterThan(Player.Volume,-60)</visible>
				</control>
				<control type="image">
					<description>speaker image</description>
					<posx>288</posx>
					<posy>0</posy>
					<width>42</width>
					<height>32</height>
					<aspectratio>keep</aspectratio>
					<texture>icon_volume_med.png</texture>
					<colordiffuse>green</colordiffuse>
					<visible>IntegerGreaterThan(Player.Volume,-40)</visible>
				</control>
				<control type="image">
					<description>speaker image</description>
					<posx>288</posx>
					<posy>0</posy>
					<width>42</width>
					<height>32</height>
					<aspectratio>keep</aspectratio>
					<texture>icon_volume_high.png</texture>
					<colordiffuse>green</colordiffuse>
					<visible>IntegerGreaterThan(Player.Volume,-20)</visible>
				</control>
				<control type="image">
					<description>dotted line</description>
					<posx>271</posx>
					<posy>-2</posy>
					<width>3</width>
					<height>33</height>
					<texture>dotted_line_divider.png</texture>
				</control>
				<control type="progress" id="1">
					<description>Progressbar</description>
					<visible>!player.passthrough + IntegerGreaterThan(Player.Volume,-60)</visible>
					<posx>0</posx>
					<posy>9</posy>
					<width>248</width>
					<height>14</height>
					<info>Player.Volume</info>
					<overlaytexture>-</overlaytexture>
					<visible>true</visible>
				</control>
				<control type="label">
					<visible>player.passthrough</visible>
					<posx>0</posx>
					<posy>0</posy>
					<width>252</width>
					<height>28</height>
					<aligny>center</aligny>
					<font>font21</font>
					<textcolor>white</textcolor>
					<label>29802</label>
					<scroll>true</scroll>
				</control>
				<control type="label">
					<visible>!IntegerGreaterThan(Player.Volume,-60)</visible>
					<posx>0</posx>
					<posy>0</posy>
					<width>252</width>
					<height>28</height>
					<aligny>center</aligny>
					<font>font21</font>
					<textcolor>white</textcolor>
					<label>31078</label>
					<scroll>true</scroll>
				</control>
			</control>
		</control>
	</controls>
</window>
