﻿<window id="106">
	<defaultcontrol>1000</defaultcontrol>
	<include>Window_OpenClose_Animation</include>
	<coordinates>
		<origin x="465" y="120">!Control.IsVisible(1013) + !Control.IsVisible(1014)</origin>
		<origin x="465" y="76">[Control.IsVisible(1013) + !Control.IsVisible(1014) + [Skin.HasSetting(RemoteCloseMessage) | Skin.HasSetting(MouseCloseMessage)]] | [Control.IsVisible(1014) + !Skin.HasSetting(RemoteCloseMessage) + !Skin.HasSetting(MouseCloseMessage)]</origin>
		<origin x="465" y="32">Control.IsVisible(1014) + [Skin.HasSetting(RemoteCloseMessage) | Skin.HasSetting(MouseCloseMessage)]</origin>
	</coordinates>
	<controls>
		<control type="image" id="997">
			<description>background image</description>
			<posx>0</posx>
			<posy>-20</posy>
			<width>350</width>
			<height>20</height>
			<texture>-</texture>
		</control>
		<control type="image" id="999">
			<description>background image</description>
			<posx>0</posx>
			<posy>0</posy>
			<width>350</width>
			<texture>-</texture>
		</control>
		<control type="image" id="998">
			<description>background image</description>
			<posx>0</posx>
			<posy>0</posy>
			<width>350</width>
			<height>20</height>
			<texture>-</texture>
		</control>
		<control type="button" id="1000">
			<description>button template</description>
			<posx>25</posx>
			<posy>0</posy>
			<width>300</width>
			<height>42</height>
			<align>center</align>
			<font>-</font>
			<onleft>Close</onleft>
			<textoffsetx>-</textoffsetx>
			<texturenofocus>-</texturenofocus>
			<texturefocus>-</texturefocus>
			<pulseonselect>false</pulseonselect>
		</control>
		<control type="grouplist">
			<posy>-20</posy>
			<width>350</width>
			<height>720</height>
			<aligny>center</aligny>
			<itemgap>0</itemgap>
			<control type="image">
				<description>background image</description>
				<width>350</width>
				<height>21</height>
				<texture>context_menu_top.png</texture>
			</control>
			<control type="group">
				<width>350</width>
				<height>44</height>
				<visible>Control.IsVisible(1001)</visible>
				<control type="image">
					<description>background image</description>
					<posx>0</posx>
					<posy>0</posy>
					<width>350</width>
					<height>44</height>
					<texture>context_menu_back.png</texture>
				</control>
				<control type="image">
					<description>background image</description>
					<posx>25</posx>
					<posy>0</posy>
					<width>300</width>
					<height>44</height>
					<texture>context_menu_no_focus.png</texture>
					<visible>!Control.HasFocus(1001)</visible>
				</control>
				<control type="image">
					<description>background image</description>
					<posx>25</posx>
					<posy>0</posy>
					<width>300</width>
					<height>44</height>
					<texture>context_menu_focus.png</texture>
					<visible>Control.HasFocus(1001)</visible>
				</control>
				<control type="label">
					<posx>25</posx>
					<posy>0</posy>
					<width>300</width>
					<height>44</height>
					<align>center</align>
					<aligny>center</aligny>
					<font>font21</font>
					<textcolor>white</textcolor>
					<info>Control.GetLabel(1001)</info>
					<visible>!Control.HasFocus(1001)</visible>
				</control>
				<control type="label">
					<posx>25</posx>
					<posy>0</posy>
					<width>300</width>
					<height>44</height>
					<align>center</align>
					<aligny>center</aligny>
					<font>font21</font>
					<textcolor>black</textcolor>
					<info>Control.GetLabel(1001)</info>
					<visible>Control.HasFocus(1001)</visible>
				</control>
			</control>
			<control type="group">
				<width>350</width>
				<height>44</height>
				<visible>Control.IsVisible(1002)</visible>
				<control type="image">
					<description>background image</description>
					<posx>0</posx>
					<posy>0</posy>
					<width>350</width>
					<height>44</height>
					<texture>context_menu_back.png</texture>
				</control>
				<control type="image">
					<description>background image</description>
					<posx>25</posx>
					<posy>0</posy>
					<width>300</width>
					<height>44</height>
					<texture>context_menu_no_focus.png</texture>
					<visible>!Control.HasFocus(1002)</visible>
				</control>
				<control type="image">
					<description>background image</description>
					<posx>25</posx>
					<posy>0</posy>
					<width>300</width>
					<height>44</height>
					<texture>context_menu_focus.png</texture>
					<visible>Control.HasFocus(1002)</visible>
				</control>
				<control type="label">
					<posx>25</posx>
					<posy>0</posy>
					<width>300</width>
					<height>44</height>
					<align>center</align>
					<aligny>center</aligny>
					<font>font21</font>
					<textcolor>white</textcolor>
					<info>Control.GetLabel(1002)</info>
					<visible>!Control.HasFocus(1002)</visible>
				</control>
				<control type="label">
					<posx>25</posx>
					<posy>0</posy>
					<width>300</width>
					<height>44</height>
					<align>center</align>
					<aligny>center</aligny>
					<font>font21</font>
					<textcolor>black</textcolor>
					<info>Control.GetLabel(1002)</info>
					<visible>Control.HasFocus(1002)</visible>
				</control>
			</control>
			<control type="group">
				<width>350</width>
				<height>44</height>
				<visible>Control.IsVisible(1003)</visible>
				<control type="image">
					<description>background image</description>
					<posx>0</posx>
					<posy>0</posy>
					<width>350</width>
					<height>44</height>
					<texture>context_menu_back.png</texture>
				</control>
				<control type="image">
					<description>background image</description>
					<posx>25</posx>
					<posy>0</posy>
					<width>300</width>
					<height>44</height>
					<texture>context_menu_no_focus.png</texture>
					<visible>!Control.HasFocus(1003)</visible>
				</control>
				<control type="image">
					<description>background image</description>
					<posx>25</posx>
					<posy>0</posy>
					<width>300</width>
					<height>44</height>
					<texture>context_menu_focus.png</texture>
					<visible>Control.HasFocus(1003)</visible>
				</control>
				<control type="label">
					<posx>25</posx>
					<posy>0</posy>
					<width>300</width>
					<height>44</height>
					<align>center</align>
					<aligny>center</aligny>
					<font>font21</font>
					<textcolor>white</textcolor>
					<info>Control.GetLabel(1003)</info>
					<visible>!Control.HasFocus(1003)</visible>
				</control>
				<control type="label">
					<posx>25</posx>
					<posy>0</posy>
					<width>300</width>
					<height>44</height>
					<align>center</align>
					<aligny>center</aligny>
					<font>font21</font>
					<textcolor>black</textcolor>
					<info>Control.GetLabel(1003)</info>
					<visible>Control.HasFocus(1003)</visible>
				</control>
			</control>
			<control type="group">
				<width>350</width>
				<height>44</height>
				<visible>Control.IsVisible(1004)</visible>
				<control type="image">
					<description>background image</description>
					<posx>0</posx>
					<posy>0</posy>
					<width>350</width>
					<height>44</height>
					<texture>context_menu_back.png</texture>
				</control>
				<control type="image">
					<description>background image</description>
					<posx>25</posx>
					<posy>0</posy>
					<width>300</width>
					<height>44</height>
					<texture>context_menu_no_focus.png</texture>
					<visible>!Control.HasFocus(1004)</visible>
				</control>
				<control type="image">
					<description>background image</description>
					<posx>25</posx>
					<posy>0</posy>
					<width>300</width>
					<height>44</height>
					<texture>context_menu_focus.png</texture>
					<visible>Control.HasFocus(1004)</visible>
				</control>
				<control type="label">
					<posx>25</posx>
					<posy>0</posy>
					<width>300</width>
					<height>44</height>
					<align>center</align>
					<aligny>center</aligny>
					<font>font21</font>
					<textcolor>white</textcolor>
					<info>Control.GetLabel(1004)</info>
					<visible>!Control.HasFocus(1004)</visible>
				</control>
				<control type="label">
					<posx>25</posx>
					<posy>0</posy>
					<width>300</width>
					<height>44</height>
					<align>center</align>
					<aligny>center</aligny>
					<font>font21</font>
					<textcolor>black</textcolor>
					<info>Control.GetLabel(1004)</info>
					<visible>Control.HasFocus(1004)</visible>
				</control>
			</control>
			<control type="group">
				<width>350</width>
				<height>44</height>
				<visible>Control.IsVisible(1005)</visible>
				<control type="image">
					<description>background image</description>
					<posx>0</posx>
					<posy>0</posy>
					<width>350</width>
					<height>44</height>
					<texture>context_menu_back.png</texture>
				</control>
				<control type="image">
					<description>background image</description>
					<posx>25</posx>
					<posy>0</posy>
					<width>300</width>
					<height>44</height>
					<texture>context_menu_no_focus.png</texture>
					<visible>!Control.HasFocus(1005)</visible>
				</control>
				<control type="image">
					<description>background image</description>
					<posx>25</posx>
					<posy>0</posy>
					<width>300</width>
					<height>44</height>
					<texture>context_menu_focus.png</texture>
					<visible>Control.HasFocus(1005)</visible>
				</control>
				<control type="label">
					<posx>25</posx>
					<posy>0</posy>
					<width>300</width>
					<height>44</height>
					<align>center</align>
					<aligny>center</aligny>
					<font>font21</font>
					<textcolor>white</textcolor>
					<info>Control.GetLabel(1005)</info>
					<visible>!Control.HasFocus(1005)</visible>
				</control>
				<control type="label">
					<posx>25</posx>
					<posy>0</posy>
					<width>300</width>
					<height>44</height>
					<align>center</align>
					<aligny>center</aligny>
					<font>font21</font>
					<textcolor>black</textcolor>
					<info>Control.GetLabel(1005)</info>
					<visible>Control.HasFocus(1005)</visible>
				</control>
			</control>
			<control type="group">
				<width>350</width>
				<height>44</height>
				<visible>Control.IsVisible(1006)</visible>
				<control type="image">
					<description>background image</description>
					<posx>0</posx>
					<posy>0</posy>
					<width>350</width>
					<height>44</height>
					<texture>context_menu_back.png</texture>
				</control>
				<control type="image">
					<description>background image</description>
					<posx>25</posx>
					<posy>0</posy>
					<width>300</width>
					<height>44</height>
					<texture>context_menu_no_focus.png</texture>
					<visible>!Control.HasFocus(1006)</visible>
				</control>
				<control type="image">
					<description>background image</description>
					<posx>25</posx>
					<posy>0</posy>
					<width>300</width>
					<height>44</height>
					<texture>context_menu_focus.png</texture>
					<visible>Control.HasFocus(1006)</visible>
				</control>
				<control type="label">
					<posx>25</posx>
					<posy>0</posy>
					<width>300</width>
					<height>44</height>
					<align>center</align>
					<aligny>center</aligny>
					<font>font21</font>
					<textcolor>white</textcolor>
					<info>Control.GetLabel(1006)</info>
					<visible>!Control.HasFocus(1006)</visible>
				</control>
				<control type="label">
					<posx>25</posx>
					<posy>0</posy>
					<width>300</width>
					<height>44</height>
					<align>center</align>
					<aligny>center</aligny>
					<font>font21</font>
					<textcolor>black</textcolor>
					<info>Control.GetLabel(1006)</info>
					<visible>Control.HasFocus(1006)</visible>
				</control>
			</control>
			<control type="group">
				<width>350</width>
				<height>44</height>
				<visible>Control.IsVisible(1007)</visible>
				<control type="image">
					<description>background image</description>
					<posx>0</posx>
					<posy>0</posy>
					<width>350</width>
					<height>44</height>
					<texture>context_menu_back.png</texture>
				</control>
				<control type="image">
					<description>background image</description>
					<posx>25</posx>
					<posy>0</posy>
					<width>300</width>
					<height>44</height>
					<texture>context_menu_no_focus.png</texture>
					<visible>!Control.HasFocus(1007)</visible>
				</control>
				<control type="image">
					<description>background image</description>
					<posx>25</posx>
					<posy>0</posy>
					<width>300</width>
					<height>44</height>
					<texture>context_menu_focus.png</texture>
					<visible>Control.HasFocus(1007)</visible>
				</control>
				<control type="label">
					<posx>25</posx>
					<posy>0</posy>
					<width>300</width>
					<height>44</height>
					<align>center</align>
					<aligny>center</aligny>
					<font>font21</font>
					<textcolor>white</textcolor>
					<info>Control.GetLabel(1007)</info>
					<visible>!Control.HasFocus(1007)</visible>
				</control>
				<control type="label">
					<posx>25</posx>
					<posy>0</posy>
					<width>300</width>
					<height>44</height>
					<align>center</align>
					<aligny>center</aligny>
					<font>font21</font>
					<textcolor>black</textcolor>
					<info>Control.GetLabel(1007)</info>
					<visible>Control.HasFocus(1007)</visible>
				</control>
			</control>
			<control type="group">
				<width>350</width>
				<height>44</height>
				<visible>Control.IsVisible(1008)</visible>
				<control type="image">
					<description>background image</description>
					<posx>0</posx>
					<posy>0</posy>
					<width>350</width>
					<height>44</height>
					<texture>context_menu_back.png</texture>
				</control>
				<control type="image">
					<description>background image</description>
					<posx>25</posx>
					<posy>0</posy>
					<width>300</width>
					<height>44</height>
					<texture>context_menu_no_focus.png</texture>
					<visible>!Control.HasFocus(1008)</visible>
				</control>
				<control type="image">
					<description>background image</description>
					<posx>25</posx>
					<posy>0</posy>
					<width>300</width>
					<height>44</height>
					<texture>context_menu_focus.png</texture>
					<visible>Control.HasFocus(1008)</visible>
				</control>
				<control type="label">
					<posx>25</posx>
					<posy>0</posy>
					<width>300</width>
					<height>44</height>
					<align>center</align>
					<aligny>center</aligny>
					<font>font21</font>
					<textcolor>white</textcolor>
					<info>Control.GetLabel(1008)</info>
					<visible>!Control.HasFocus(1008)</visible>
				</control>
				<control type="label">
					<posx>25</posx>
					<posy>0</posy>
					<width>300</width>
					<height>44</height>
					<align>center</align>
					<aligny>center</aligny>
					<font>font21</font>
					<textcolor>black</textcolor>
					<info>Control.GetLabel(1008)</info>
					<visible>Control.HasFocus(1008)</visible>
				</control>
			</control>
			<control type="group">
				<width>350</width>
				<height>44</height>
				<visible>Control.IsVisible(1009)</visible>
				<control type="image">
					<description>background image</description>
					<posx>0</posx>
					<posy>0</posy>
					<width>350</width>
					<height>44</height>
					<texture>context_menu_back.png</texture>
				</control>
				<control type="image">
					<description>background image</description>
					<posx>25</posx>
					<posy>0</posy>
					<width>300</width>
					<height>44</height>
					<texture>context_menu_no_focus.png</texture>
					<visible>!Control.HasFocus(1009)</visible>
				</control>
				<control type="image">
					<description>background image</description>
					<posx>25</posx>
					<posy>0</posy>
					<width>300</width>
					<height>44</height>
					<texture>context_menu_focus.png</texture>
					<visible>Control.HasFocus(1009)</visible>
				</control>
				<control type="label">
					<posx>25</posx>
					<posy>0</posy>
					<width>300</width>
					<height>44</height>
					<align>center</align>
					<aligny>center</aligny>
					<font>font21</font>
					<textcolor>white</textcolor>
					<info>Control.GetLabel(1009)</info>
					<visible>!Control.HasFocus(1009)</visible>
				</control>
				<control type="label">
					<posx>25</posx>
					<posy>0</posy>
					<width>300</width>
					<height>44</height>
					<align>center</align>
					<aligny>center</aligny>
					<font>font21</font>
					<textcolor>black</textcolor>
					<info>Control.GetLabel(1009)</info>
					<visible>Control.HasFocus(1009)</visible>
				</control>
			</control>
			<control type="group">
				<width>350</width>
				<height>44</height>
				<visible>Control.IsVisible(1010)</visible>
				<control type="image">
					<description>background image</description>
					<posx>0</posx>
					<posy>0</posy>
					<width>350</width>
					<height>44</height>
					<texture>context_menu_back.png</texture>
				</control>
				<control type="image">
					<description>background image</description>
					<posx>25</posx>
					<posy>0</posy>
					<width>300</width>
					<height>44</height>
					<texture>context_menu_no_focus.png</texture>
					<visible>!Control.HasFocus(1010)</visible>
				</control>
				<control type="image">
					<description>background image</description>
					<posx>25</posx>
					<posy>0</posy>
					<width>300</width>
					<height>44</height>
					<texture>context_menu_focus.png</texture>
					<visible>Control.HasFocus(1010)</visible>
				</control>
				<control type="label">
					<posx>25</posx>
					<posy>0</posy>
					<width>300</width>
					<height>44</height>
					<align>center</align>
					<aligny>center</aligny>
					<font>font21</font>
					<textcolor>white</textcolor>
					<info>Control.GetLabel(1010)</info>
					<visible>!Control.HasFocus(1010)</visible>
				</control>
				<control type="label">
					<posx>25</posx>
					<posy>0</posy>
					<width>300</width>
					<height>44</height>
					<align>center</align>
					<aligny>center</aligny>
					<font>font21</font>
					<textcolor>black</textcolor>
					<info>Control.GetLabel(1010)</info>
					<visible>Control.HasFocus(1010)</visible>
				</control>
			</control>
			<control type="group">
				<width>350</width>
				<height>44</height>
				<visible>Control.IsVisible(1011)</visible>
				<control type="image">
					<description>background image</description>
					<posx>0</posx>
					<posy>0</posy>
					<width>350</width>
					<height>44</height>
					<texture>context_menu_back.png</texture>
				</control>
				<control type="image">
					<description>background image</description>
					<posx>25</posx>
					<posy>0</posy>
					<width>300</width>
					<height>44</height>
					<texture>context_menu_no_focus.png</texture>
					<visible>!Control.HasFocus(1011)</visible>
				</control>
				<control type="image">
					<description>background image</description>
					<posx>25</posx>
					<posy>0</posy>
					<width>300</width>
					<height>44</height>
					<texture>context_menu_focus.png</texture>
					<visible>Control.HasFocus(1011)</visible>
				</control>
				<control type="label">
					<posx>25</posx>
					<posy>0</posy>
					<width>300</width>
					<height>44</height>
					<align>center</align>
					<aligny>center</aligny>
					<font>font21</font>
					<textcolor>white</textcolor>
					<info>Control.GetLabel(1011)</info>
					<visible>!Control.HasFocus(1011)</visible>
				</control>
				<control type="label">
					<posx>25</posx>
					<posy>0</posy>
					<width>300</width>
					<height>44</height>
					<align>center</align>
					<aligny>center</aligny>
					<font>font21</font>
					<textcolor>black</textcolor>
					<info>Control.GetLabel(1011)</info>
					<visible>Control.HasFocus(1011)</visible>
				</control>
			</control>
			<control type="group">
				<width>350</width>
				<height>44</height>
				<visible>Control.IsVisible(1012)</visible>
				<control type="image">
					<description>background image</description>
					<posx>0</posx>
					<posy>0</posy>
					<width>350</width>
					<height>44</height>
					<texture>context_menu_back.png</texture>
				</control>
				<control type="image">
					<description>background image</description>
					<posx>25</posx>
					<posy>0</posy>
					<width>300</width>
					<height>44</height>
					<texture>context_menu_no_focus.png</texture>
					<visible>!Control.HasFocus(1012)</visible>
				</control>
				<control type="image">
					<description>background image</description>
					<posx>25</posx>
					<posy>0</posy>
					<width>300</width>
					<height>44</height>
					<texture>context_menu_focus.png</texture>
					<visible>Control.HasFocus(1012)</visible>
				</control>
				<control type="label">
					<posx>25</posx>
					<posy>0</posy>
					<width>300</width>
					<height>44</height>
					<align>center</align>
					<aligny>center</aligny>
					<font>font21</font>
					<textcolor>white</textcolor>
					<info>Control.GetLabel(1012)</info>
					<visible>!Control.HasFocus(1012)</visible>
				</control>
				<control type="label">
					<posx>25</posx>
					<posy>0</posy>
					<width>300</width>
					<height>44</height>
					<align>center</align>
					<aligny>center</aligny>
					<font>font21</font>
					<textcolor>black</textcolor>
					<info>Control.GetLabel(1012)</info>
					<visible>Control.HasFocus(1012)</visible>
				</control>
			</control>
			<control type="group">
				<width>350</width>
				<height>44</height>
				<visible>Control.IsVisible(1013)</visible>
				<control type="image">
					<description>background image</description>
					<posx>0</posx>
					<posy>0</posy>
					<width>350</width>
					<height>44</height>
					<texture>context_menu_back.png</texture>
				</control>
				<control type="image">
					<description>background image</description>
					<posx>25</posx>
					<posy>0</posy>
					<width>300</width>
					<height>44</height>
					<texture>context_menu_no_focus.png</texture>
					<visible>!Control.HasFocus(1013)</visible>
				</control>
				<control type="image">
					<description>background image</description>
					<posx>25</posx>
					<posy>0</posy>
					<width>300</width>
					<height>44</height>
					<texture>context_menu_focus.png</texture>
					<visible>Control.HasFocus(1013)</visible>
				</control>
				<control type="label">
					<posx>25</posx>
					<posy>0</posy>
					<width>300</width>
					<height>44</height>
					<align>center</align>
					<aligny>center</aligny>
					<font>font21</font>
					<textcolor>white</textcolor>
					<info>Control.GetLabel(1013)</info>
					<visible>!Control.HasFocus(1013)</visible>
				</control>
				<control type="label">
					<posx>25</posx>
					<posy>0</posy>
					<width>300</width>
					<height>44</height>
					<align>center</align>
					<aligny>center</aligny>
					<font>font21</font>
					<textcolor>black</textcolor>
					<info>Control.GetLabel(1013)</info>
					<visible>Control.HasFocus(1013)</visible>
				</control>
			</control>
			<control type="group">
				<width>350</width>
				<height>44</height>
				<visible>Control.IsVisible(1014)</visible>
				<control type="image">
					<description>background image</description>
					<posx>0</posx>
					<posy>0</posy>
					<width>350</width>
					<height>44</height>
					<texture>context_menu_back.png</texture>
				</control>
				<control type="image">
					<description>background image</description>
					<posx>25</posx>
					<posy>0</posy>
					<width>300</width>
					<height>44</height>
					<texture>context_menu_no_focus.png</texture>
					<visible>!Control.HasFocus(1014)</visible>
				</control>
				<control type="image">
					<description>background image</description>
					<posx>25</posx>
					<posy>0</posy>
					<width>300</width>
					<height>44</height>
					<texture>context_menu_focus.png</texture>
					<visible>Control.HasFocus(1014)</visible>
				</control>
				<control type="label">
					<posx>25</posx>
					<posy>0</posy>
					<width>300</width>
					<height>44</height>
					<align>center</align>
					<aligny>center</aligny>
					<font>font21</font>
					<textcolor>white</textcolor>
					<info>Control.GetLabel(1014)</info>
					<visible>!Control.HasFocus(1014)</visible>
				</control>
				<control type="label">
					<posx>25</posx>
					<posy>0</posy>
					<width>300</width>
					<height>44</height>
					<align>center</align>
					<aligny>center</aligny>
					<font>font21</font>
					<textcolor>black</textcolor>
					<info>Control.GetLabel(1014)</info>
					<visible>Control.HasFocus(1014)</visible>
				</control>
			</control>
			<control type="group">
				<width>350</width>
				<height>44</height>
				<visible>Skin.HasSetting(RemoteCloseMessage) | Skin.HasSetting(MouseCloseMessage)</visible>
				<control type="image">
					<description>background image</description>
					<posx>0</posx>
					<posy>0</posy>
					<width>350</width>
					<height>44</height>
					<texture>context_menu_back.png</texture>
				</control>
				<control type="label">
					<description>Label</description>
					<posx>25</posx>
					<posy>6</posy>
					<width>300</width>
					<height>44</height>
					<font>font21</font>
					<label>31062</label>
					<aligny>center</aligny>
					<textcolor>yellow</textcolor>
					<visible>Skin.HasSetting(RemoteCloseMessage)</visible>
				</control>
				<control type="button">
					<posx>25</posx>
					<posy>6</posy>
					<width>300</width>
					<height>44</height>
					<font>font21</font>
					<label>31060</label>
					<textcolor>yellow</textcolor>
					<focusedcolor>red</focusedcolor>
					<textoffsetx>0</textoffsetx>
					<texturefocus>-</texturefocus>
					<texturenofocus>-</texturenofocus>
					<onclick>Close</onclick>
					<visible>Skin.HasSetting(MouseCloseMessage)</visible>
				</control>
			</control>
			<control type="image">
				<description>background image</description>
				<width>350</width>
				<height>21</height>
				<texture>context_menu_bottom.png</texture>
			</control>
		</control>
	</controls>
</window>