<window type="dialog" id="134">
	<defaultcontrol always="true">449</defaultcontrol>
	<controls>
		<control type="button" id="449">
			<posx>-20</posx>
			<posy>-20</posy>
			<width>1</width>
			<height>1</height>
			<texturenofocus>-</texturenofocus>
			<texturefocus>-</texturefocus>
			<font>-</font>
			<onfocus>SetFocus(450)</onfocus>
			<visible>IntegerGreaterThan(Container(450).NumItems,0)</visible>
		</control>
		<control type="button" id="449">
			<posx>-20</posx>
			<posy>-20</posy>
			<width>1</width>
			<height>1</height>
			<texturenofocus>-</texturenofocus>
			<texturefocus>-</texturefocus>
			<font>-</font>
			<onleft>Close</onleft>
			<onright>Close</onright>
			<onup>Close</onup>
			<ondown>Close</ondown>
			<onclick>Close</onclick>
			<visible>!IntegerGreaterThan(Container(450).NumItems,0)</visible>
		</control>
		<include>Dialog_Popup_Background</include>
		<control type="group">
			<include>Dialog_Popup_Animation</include>
			<posx>190</posx>
			<posy>156</posy>
			<control type="image">
				<description>dialog background</description>
				<posx>0</posx>
				<posy>0</posy>
				<width>900</width>
				<height>520</height>
				<texture>browser_background.png</texture>
			</control>
			<control type="label" id="1">
				<description>heading label</description>
				<posx>25</posx>
				<posy>30</posy>
				<width>650</width>
				<height>30</height>
				<align>left</align>
				<aligny>center</aligny>
				<font>light28</font>
				<label>$LOCALIZE[1036]</label>
				<textcolor>white</textcolor>
			</control>
			<control type="label" id="2">
				<posx>861</posx>
				<posy>40</posy>
				<width>650</width>
				<height>20</height>
				<align>right</align>
				<font>font21</font>
				<align>right</align>
				<aligny>center</aligny>
				<label>$INFO[Container(450).NumItems,, $LOCALIZE[127]]</label>
				<textcolor>green</textcolor>
			</control>
			<control type="image">
				<description>icon image</description>
				<posx>565</posx>
				<posy>70</posy>
				<width>310</width>
				<height>396</height>
				<bordersize>4</bordersize>
				<aspectratio>keep</aspectratio>
				<bordertexture>info_cover_border.png</bordertexture>
				<info>ListItem.Thumb</info>
				<visible>!IsEmpty(ListItem.Thumb)</visible>
			</control>
			<control type="image">
				<description>icon image</description>
				<posx>620</posx>
				<posy>168</posy>
				<width>200</width>
				<height>200</height>
				<aspectratio>keep</aspectratio>
				<texture>DefaultAddonNone.png</texture>
				<visible>IsEmpty(ListItem.Thumb)</visible>
			</control>
			<control type="list" id="450">
				<posx>25</posx>
				<posy>70</posy>
				<width>515</width>
				<height>396</height>
				<onup>450</onup>
				<onleft>Close</onleft>
				<onright>90</onright>
				<ondown>450</ondown>
				<pagecontrol>90</pagecontrol>
				<scrolltime>200</scrolltime>
				<itemlayout width="515" height="66">
					<control type="image">
						<posx>0</posx>
						<posy>0</posy>
						<width>515</width>
						<height>66</height>
						<texture>line_frame_device_black1.png</texture>
					</control>
					<control type="image">
						<posx>0</posx>
						<posy>0</posy>
						<width>66</width>
						<height>66</height>
						<bordersize>4</bordersize>
						<bordertexture>info_cover_border.png</bordertexture>
						<info>ListItem.Icon</info>
					</control>
					<control type="label">
						<posx>80</posx>
						<posy>0</posy>
						<width>415</width>
						<height>66</height>
						<font>font21</font>
						<aligny>center</aligny>
						<selectedcolor>blue</selectedcolor>
						<align>left</align>
						<info>ListItem.Label</info>
					</control>
				</itemlayout>
				<focusedlayout width="515" height="66">
					<control type="image">
						<posx>0</posx>
						<posy>0</posy>
						<width>515</width>
						<height>66</height>
						<texture>line_frame_device_black1.png</texture>
					</control>
					<control type="image">
						<posx>0</posx>
						<posy>0</posy>
						<width>650</width>
						<height>66</height>
						<texture>line_frame_device_white.png</texture>
						<visible>Control.HasFocus(450)</visible>
					</control>
					<control type="image">
						<posx>0</posx>
						<posy>0</posy>
						<width>66</width>
						<height>66</height>
						<bordersize>4</bordersize>
						<bordertexture>info_cover_border.png</bordertexture>
						<info>ListItem.Icon</info>
					</control>
					<control type="label">
						<posx>80</posx>
						<posy>0</posy>
						<width>415</width>
						<height>66</height>
						<font>font21</font>
						<aligny>center</aligny>
						<selectedcolor>blue</selectedcolor>
						<align>left</align>
						<info>ListItem.Label</info>
						<visible>!Control.HasFocus(450)</visible>
					</control>
					<control type="label">
						<posx>80</posx>
						<posy>0</posy>
						<width>415</width>
						<height>66</height>
						<font>font21</font>
						<aligny>center</aligny>
						<textcolor>black</textcolor>
						<selectedcolor>blue</selectedcolor>
						<align>left</align>
						<info>ListItem.Label</info>
						<visible>Control.HasFocus(450)</visible>
					</control>
				</focusedlayout>
			</control>
			<control type="label">
				<description>Exit label</description>
				<posx>25</posx>
				<posy>466</posy>
				<width>580</width>
				<height>44</height>
				<font>font21</font>
				<label>31062</label>
				<align>left</align>
				<aligny>center</aligny>
				<textcolor>yellow</textcolor>
				<visible>Skin.HasSetting(RemoteCloseMessage)</visible>
			</control>
			<control type="button">
				<posx>25</posx>
				<posy>466</posy>
				<width>580</width>
				<height>44</height>
				<font>font21</font>
				<label>31060</label>
				<textcolor>yellow</textcolor>
				<focusedcolor>red</focusedcolor>
				<texturefocus>-</texturefocus>
				<texturenofocus>-</texturenofocus>
				<onclick>Close</onclick>
				<visible>Skin.HasSetting(MouseCloseMessage)</visible>
			</control>
			<control type="scrollbar" id="90">
				<description>scroll bar indicator for lists</description>
				<posx>545</posx>
				<posy>70</posy>
				<width>12</width>
				<height>396</height>
				<onleft>450</onleft>
				<texturesliderbackground border="0,8,0,8">scrollbar_vertical_bg.png</texturesliderbackground>
				<texturesliderbar border="4,8,4,8">scrollbar_vertical_nib.png</texturesliderbar>
				<texturesliderbarfocus border="4,8,4,8">scrollbar_vertical_nib_on.png</texturesliderbarfocus>
				<textureslidernib>-</textureslidernib>
				<textureslidernibfocus>-</textureslidernibfocus>
				<orientation>vertical</orientation>
				<showonepage>false</showonepage>
			</control>
		</control>
	</controls>
</window>