﻿<window id="2000">
	<defaultcontrol always="true">3</defaultcontrol>
	<allowoverlay>no</allowoverlay>
	<controls>
		<include>Dialog_Popup_Background</include>
		<control type="group">
			<include>Dialog_Popup_Animation</include>
			<posx>190</posx>
			<posy>156</posy>
			<control type="image">
				<description>dialog background</description>
				<posx>0</posx>
				<posy>0</posy>
				<width>900</width>
				<height>520</height>
				<texture>browser_background.png</texture>
			</control>
			<control type="label" id="1">
				<description>heading label</description>
				<posx>25</posx>
				<posy>30</posy>
				<width>650</width>
				<height>30</height>
				<align>left</align>
				<aligny>center</aligny>
				<font>light28</font>
				<label>-</label>
				<textcolor>white</textcolor>
			</control>
			<control type="label" id="2">
				<posx>861</posx>
				<posy>40</posy>
				<width>650</width>
				<height>20</height>
				<align>right</align>
				<font>font21</font>
				<align>right</align>
				<aligny>center</aligny>
				<textcolor>green</textcolor>
			</control>
			<control type="list" id="3">
				<posx>25</posx>
				<posy>70</posy>
				<width>837</width>
				<height>396</height>
				<onup>3</onup>
				<onleft>Close</onleft>
				<onright>90</onright>
				<ondown>3</ondown>
				<pagecontrol>90</pagecontrol>
				<scrolltime>200</scrolltime>
				<itemlayout width="837" height="44">
					<control type="image">
						<posx>0</posx>
						<posy>0</posy>
						<width>837</width>
						<height>44</height>
						<texture>line_frame_device_black1.png</texture>
					</control>
					<control type="label">
						<posx>20</posx>
						<posy>0</posy>
						<width>900</width>
						<height>44</height>
						<font>font21</font>
						<aligny>center</aligny>
						<selectedcolor>blue</selectedcolor>
						<align>left</align>
						<info>ListItem.Label</info>
					</control>
				</itemlayout>
				<focusedlayout width="837" height="44">
					<control type="image">
						<posx>0</posx>
						<posy>0</posy>
						<width>837</width>
						<height>44</height>
						<texture>line_frame_device_black1.png</texture>
					</control>
					<control type="image">
						<posx>0</posx>
						<posy>0</posy>
						<width>837</width>
						<height>44</height>
						<texture>line_frame_device_white.png</texture>
						<visible>Control.HasFocus(3)</visible>
					</control>
					<control type="label">
						<posx>20</posx>
						<posy>0</posy>
						<width>900</width>
						<height>44</height>
						<font>font21</font>
						<aligny>center</aligny>
						<selectedcolor>blue</selectedcolor>
						<align>left</align>
						<info>ListItem.Label</info>
						<visible>!Control.HasFocus(3)</visible>
					</control>
					<control type="label">
						<posx>20</posx>
						<posy>0</posy>
						<width>900</width>
						<height>44</height>
						<font>font21</font>
						<aligny>center</aligny>
						<textcolor>black</textcolor>
						<selectedcolor>blue</selectedcolor>
						<align>left</align>
						<info>ListItem.Label</info>
						<visible>Control.HasFocus(3)</visible>
					</control>
				</focusedlayout>
			</control>
			<control type="list" id="6">
				<posx>25</posx>
				<posy>70</posy>
				<width>515</width>
				<height>396</height>
				<onup>6</onup>
				<onleft>Close</onleft>
				<onright>91</onright>
				<ondown>6</ondown>
				<pagecontrol>91</pagecontrol>
				<scrolltime>200</scrolltime>
				<itemlayout width="515" height="66">
					<control type="image">
						<posx>0</posx>
						<posy>0</posy>
						<width>515</width>
						<height>66</height>
						<texture>line_frame_device_black1.png</texture>
					</control>
					<control type="image">
						<posx>0</posx>
						<posy>0</posy>
						<width>66</width>
						<height>66</height>
						<bordersize>4</bordersize>
						<bordertexture>info_cover_border.png</bordertexture>
						<info>ListItem.Icon</info>
					</control>
					<control type="label">
						<posx>80</posx>
						<posy>0</posy>
						<width>415</width>
						<height>66</height>
						<font>font21</font>
						<aligny>center</aligny>
						<selectedcolor>blue</selectedcolor>
						<align>left</align>
						<info>ListItem.Label</info>
					</control>
					<control type="label">
						<posx>495</posx>
						<posy>0</posy>
						<width>415</width>
						<height>66</height>
						<font>font21</font>
						<aligny>center</aligny>
						<selectedcolor>blue</selectedcolor>
						<align>right</align>
						<info>ListItem.Label2</info>
					</control>
				</itemlayout>
				<focusedlayout width="515" height="66">
					<control type="image">
						<posx>0</posx>
						<posy>0</posy>
						<width>515</width>
						<height>66</height>
						<texture>line_frame_device_black1.png</texture>
					</control>
					<control type="image">
						<posx>0</posx>
						<posy>0</posy>
						<width>650</width>
						<height>66</height>
						<texture>line_frame_device_white.png</texture>
						<visible>Control.HasFocus(6)</visible>
					</control>
					<control type="image">
						<posx>0</posx>
						<posy>0</posy>
						<width>66</width>
						<height>66</height>
						<bordersize>4</bordersize>
						<bordertexture>info_cover_border.png</bordertexture>
						<info>ListItem.Icon</info>
					</control>
					<control type="label">
						<posx>80</posx>
						<posy>0</posy>
						<width>415</width>
						<height>66</height>
						<font>font21</font>
						<aligny>center</aligny>
						<selectedcolor>blue</selectedcolor>
						<align>left</align>
						<info>ListItem.Label</info>
						<visible>!Control.HasFocus(6)</visible>
					</control>
					<control type="label">
						<posx>80</posx>
						<posy>0</posy>
						<width>415</width>
						<height>66</height>
						<font>font21</font>
						<aligny>center</aligny>
						<textcolor>black</textcolor>
						<selectedcolor>blue</selectedcolor>
						<align>left</align>
						<info>ListItem.Label</info>
						<visible>Control.HasFocus(6)</visible>
					</control>
					<control type="label">
						<posx>495</posx>
						<posy>0</posy>
						<width>415</width>
						<height>66</height>
						<font>font21</font>
						<aligny>center</aligny>
						<selectedcolor>blue</selectedcolor>
						<align>right</align>
						<info>ListItem.Label2</info>
						<visible>!Control.HasFocus(6)</visible>
					</control>
					<control type="label">
						<posx>495</posx>
						<posy>0</posy>
						<width>415</width>
						<height>66</height>
						<font>font21</font>
						<aligny>center</aligny>
						<textcolor>black</textcolor>
						<selectedcolor>blue</selectedcolor>
						<align>right</align>
						<info>ListItem.Label2</info>
						<visible>Control.HasFocus(6)</visible>
					</control>
				</focusedlayout>
			</control>
			<control type="image">
				<description>icon image</description>
				<posx>565</posx>
				<posy>70</posy>
				<width>310</width>
				<height>440</height>
				<bordersize>4</bordersize>
				<aspectratio>keep</aspectratio>
				<bordertexture>info_cover_border.png</bordertexture>
				<texture background="true" fallback="DefaultAddonNone.png">$INFO[Container(6).ListItem.Icon]</texture>
				<visible>Control.IsVisible(6)</visible>
			</control>
			<control type="label">
				<posx>25</posx>
				<posy>466</posy>
				<width>580</width>
				<height>44</height>
				<font>font21</font>
				<label>31062</label>
				<align>left</align>
				<aligny>center</aligny>
				<textcolor>yellow</textcolor>
				<visible>Skin.HasSetting(RemoteCloseMessage)</visible>
			</control>
			<control type="button">
				<posx>25</posx>
				<posy>466</posy>
				<width>580</width>
				<height>44</height>
				<font>font21</font>
				<label>31060</label>
				<textcolor>yellow</textcolor>
				<focusedcolor>red</focusedcolor>
				<texturefocus>-</texturefocus>
				<texturenofocus>-</texturenofocus>
				<onclick>Close</onclick>
				<visible>Skin.HasSetting(MouseCloseMessage)</visible>
			</control>
			<control type="button" id="5">
				<description>Manual/Get More button</description>
				<posx>620</posx>
				<posy>466</posy>
				<width>200</width>
				<height>44</height>
				<font>-</font>
				<aligny>center</aligny>
				<texturefocus border="10">-</texturefocus>
				<texturenofocus border="10">-</texturenofocus>
				<onup>-</onup>
				<onleft>3</onleft>
				<onright>-</onright>
				<ondown>-</ondown>
			</control>
			<control type="group">
				<control type="label">
					<visible>!Control.HasFocus(5)</visible>
					<posx>814</posx>
					<posy>466</posy>
					<width>200</width>
					<height>44</height>
					<align>right</align>
					<aligny>center</aligny>
					<info>Control.GetLabel(5)</info>
					<font>font23</font>
					<textcolor>grey</textcolor>
					<animation effect="slide" end="48,0" condition="!StringCompare(Control.GetLabel(5),$LOCALIZE[413])">Conditional</animation>
				</control>
				<control type="label">
					<visible>Control.HasFocus(5)</visible>
					<posx>814</posx>
					<posy>466</posy>
					<width>200</width>
					<height>44</height>
					<align>right</align>
					<aligny>center</aligny>
					<info>Control.GetLabel(5)</info>
					<font>font23</font>
					<textcolor>green</textcolor>
					<animation effect="slide" end="48,0" condition="!StringCompare(Control.GetLabel(5),$LOCALIZE[413])">Conditional</animation>
				</control>
				<control type="image">
					<posx>826</posx>
					<posy>466</posy>
					<width>44</width>
					<height>44</height>
					<texture>button_keyboard_off.png</texture>
					<visible>!Control.HasFocus(5) + StringCompare(Control.GetLabel(5),$LOCALIZE[413])</visible>
				</control>
				<control type="image">
					<posx>826</posx>
					<posy>466</posy>
					<width>44</width>
					<height>44</height>
					<texture>button_keyboard_on.png</texture>
					<visible>Control.HasFocus(5) + StringCompare(Control.GetLabel(5),$LOCALIZE[413])</visible>
				</control>
			</control>
			<control type="scrollbar" id="90">
				<description>scroll bar indicator for lists</description>
				<visible>Control.IsVisible(3)</visible>
				<posx>867</posx>
				<posy>70</posy>
				<width>12</width>
				<height>396</height>
				<onleft>3</onleft>
				<onright>5</onright>
				<texturesliderbackground border="0,8,0,8">scrollbar_vertical_bg.png</texturesliderbackground>
				<texturesliderbar border="4,8,4,8">scrollbar_vertical_nib.png</texturesliderbar>
				<texturesliderbarfocus border="4,8,4,8">scrollbar_vertical_nib_on.png</texturesliderbarfocus>
				<textureslidernib>-</textureslidernib>
				<textureslidernibfocus>-</textureslidernibfocus>
				<orientation>vertical</orientation>
				<showonepage>false</showonepage>
			</control>
			<control type="scrollbar" id="91">
				<description>scroll bar indicator for lists</description>
				<visible>Control.IsVisible(6)</visible>
				<posx>545</posx>
				<posy>70</posy>
				<width>12</width>
				<height>396</height>
				<onleft>6</onleft>
				<onright>5</onright>
				<texturesliderbackground border="0,8,0,8">scrollbar_vertical_bg.png</texturesliderbackground>
				<texturesliderbar border="4,8,4,8">scrollbar_vertical_nib.png</texturesliderbar>
				<texturesliderbarfocus border="4,8,4,8">scrollbar_vertical_nib_on.png</texturesliderbarfocus>
				<textureslidernib>-</textureslidernib>
				<textureslidernibfocus>-</textureslidernibfocus>
				<orientation>vertical</orientation>
				<showonepage>false</showonepage>
			</control>
		</control>
	</controls>
</window>
