﻿<window type="dialog" id="142">
	<defaultcontrol always="true">100</defaultcontrol>
	<allowoverlay>no</allowoverlay>
	<controls>
		<control type="button" id="100">
			<onfocus>Dialog.Close(2901)</onfocus>
			<onfocus>Skin.Reset(ShowCast)</onfocus>
			<onfocus>SetFocus(9000)</onfocus>
		</control>
		<include>Common_Background</include>
		<control type="group">
			<include>Common_Info_Background</include>
			<include>Main_Menu_Slide_Animation</include>
			<control type="group">
				<include>Main_Menu_Fade_Animation</include>
				<description>First Page Video/Music/Photos/Applications</description>
				<posx>32</posx>
				<posy>54</posy>
				<width>1216</width>
				<height>32</height>
				<control type="image">
					<description>page header tab icon</description>
					<include>Common_Title_Image</include>
					<texture>icon_video.png</texture>
				</control>
				<control type="label">
					<description>Movies/Shows Title</description>
					<include>Common_Title_Label</include>
					<label>13346</label>
					<visible>VideoPlayer.Content(movies)</visible>
				</control>
				<control type="label">
					<description>Episode Title</description>
					<include>Common_Title_Label</include>
					<label>20352</label>
					<visible>VideoPlayer.Content(episodes)</visible>
				</control>
				<control type="label">
					<description>Music Video Title</description>
					<include>Common_Title_Label</include>
					<label>20393</label>
					<visible>VideoPlayer.Content(musicvideos)</visible>
				</control>
				<control type="group">
					<description>time group</description>
					<posx>600</posx>
					<posy>-34</posy>
					<include>Common_Clock</include>
				</control>
			</control>
			<control type="group">
				<include>Main_Menu_Fade_Animation</include>
				<include>Window_Fade_Animation</include>
				<animation type="Conditional" condition="Window.IsVisible(progressdialog)">
					<effect type="fade" start="100" end="20" time="200"/>
				</animation>
				<control type="grouplist" id="9000">
					<description>buttons</description>
					<posx>32</posx>
					<posy>113</posy>
					<width>1200</width>
					<height>33</height>
					<itemgap>12</itemgap>
					<ondown>50</ondown>
					<orientation>horizontal</orientation>
					<control type="togglebutton" id="5">
						<description>Plot/Cast button</description>
						<visible>!VideoPlayer.Content(musicvideos) + !IsEmpty(VideoPlayer.Cast) + !IsEmpty(VideoPlayer.CastAndRole)</visible>
						<posx>0</posx>
						<posy>0</posy>
						<width>40</width>
						<height>33</height>
						<onleft>-</onleft>
						<onclick>Skin.ToggleSetting(ShowCast)</onclick>
						<label>206</label>
						<altlabel>207</altlabel>
						<texturenofocus>button_info_cast.png</texturenofocus>
						<texturefocus>button_info_cast_on.png</texturefocus>
						<alttexturenofocus>button_info_plot.png</alttexturenofocus>
						<alttexturefocus>button_info_plot_on.png</alttexturefocus>
						<font>-</font>
						<hitrect x="0" y="0" w="100" h="33" />
					</control>
					<control type="label" id="20">
						<visible>!VideoPlayer.Content(musicvideos) + !IsEmpty(VideoPlayer.Cast) + !IsEmpty(VideoPlayer.CastAndRole) + !Control.HasFocus(5)</visible>
						<description>Plot/Cast label</description>
						<posx>0</posx>
						<posy>0</posy>
						<width min="0" max="200">auto</width>
						<height>33</height>
						<aligny>center</aligny>
						<info>Control.GetLabel(5)</info>
						<textcolor>grey</textcolor>
						<font>font21</font>
					</control>
					<control type="label" id="21">
						<visible>!VideoPlayer.Content(musicvideos) + !IsEmpty(VideoPlayer.Cast) + !IsEmpty(VideoPlayer.CastAndRole) + Control.HasFocus(5)</visible>
						<description>Plot/Cast label</description>
						<posx>0</posx>
						<posy>0</posy>
						<width min="0" max="200">auto</width>
						<height>33</height>
						<aligny>center</aligny>
						<info>Control.GetLabel(5)</info>
						<textcolor>green</textcolor>
						<font>font21</font>
					</control>
					<control type="image" id="22">
						<description>left dotted line</description>
						<visible>!VideoPlayer.Content(musicvideos) + !IsEmpty(VideoPlayer.Cast) + !IsEmpty(VideoPlayer.CastAndRole)</visible>
						<posx>0</posx>
						<posy>0</posy>
						<width>3</width>
						<height>33</height>
						<texture>dotted_line_divider.png</texture>
					</control>
					<control type="button" id="99">
						<description>Close button</description>
						<posx>0</posx>
						<posy>0</posy>
						<width>33</width>
						<height>33</height>
						<onleft>5</onleft>
						<onclick>Close</onclick>
						<onright>-</onright>
						<texturenofocus>icon_cancel.png</texturenofocus>
						<texturefocus>icon_cancel_on.png</texturefocus>
						<font>-</font>
						<hitrect x="0" y="0" w="100" h="33" />
					</control>
					<control type="label" id="23">
						<visible>!Control.HasFocus(99)</visible>
						<description>Close label</description>
						<posx>40</posx>
						<posy>0</posy>
						<width>90</width>
						<height>33</height>
						<aligny>center</aligny>
						<label>31081</label>
						<textcolor>grey</textcolor>
						<font>font21</font>
					</control>
					<control type="label" id="24">
						<visible>Control.HasFocus(99)</visible>
						<description>Close label</description>
						<posx>40</posx>
						<posy>0</posy>
						<width>90</width>
						<height>33</height>
						<aligny>center</aligny>
						<label>31081</label>
						<textcolor>green</textcolor>
						<font>font21</font>
					</control>
				</control>
				<control type="group">
					<posx>10</posx>
					<posy>158</posy>
					<control type="group">
						<description>media icon</description>
						<posx>54</posx>
						<posy>28</posy>
						<control type="image">
							<description>Frame Device</description>
							<posx>0</posx>
							<posy>0</posy>
							<width>190</width>
							<height>190</height>
							<texture>frame_device_sq_white.png</texture>
						</control>
						<control type="image" id="3">
							<description>Cover image</description>
							<posx>12</posx>
							<posy>12</posy>
							<width>166</width>
							<height>166</height>
							<info>VideoPlayer.Cover</info>
							<aspectratio>keep</aspectratio>
							<bordersize>4</bordersize>
							<bordertexture>info_cover_border.png</bordertexture>
						</control>
					</control>
					<control type="group">
						<control type="group">
							<description>info center</description>
							<posx>280</posx>
							<posy>34</posy>
							<control type="label">
								<description>TV Shows</description>
								<visible>!VideoPlayer.Content(TVShows) + !VideoPlayer.Content(Episodes) + !VideoPlayer.Content(MusicVideos)</visible>
								<label>$INFO[VideoPlayer.Title]</label>
								<include>Info_Title_Label</include>
							</control>
							<control type="label">
								<description>TV Shows</description>
								<visible>VideoPlayer.Content(TVShows)</visible>
								<label>$INFO[VideoPlayer.TVShowTitle]</label>
								<include>Info_Title_Label</include>
							</control>
							<control type="label">
								<description>Episodes</description>
								<visible>VideoPlayer.Content(Episodes)</visible>
								<label>$INFO[VideoPlayer.TVShowTitle], $INFO[VideoPlayer.title]</label>
								<include>Info_Title_Label</include>
							</control>
							<control type="label">
								<description>Music Videos</description>
								<visible>VideoPlayer.Content(MusicVideos)</visible>
								<label>$INFO[VideoPlayer.artist], $INFO[VideoPlayer.Title]</label>
								<include>Info_Title_Label</include>
							</control>
							<control type="textbox" id="100">
								<description>plot</description>
								<visible>!IsEmpty(VideoPlayer.Plot) + !Skin.HasSetting(ShowCast)</visible>
								<info>VideoPlayer.Plot</info>
								<include>Info_Description_Label</include>
							</control>
							<control type="textbox" id="100">
								<description>plot</description>
								<info>VideoPlayer.PlotOutline</info>
								<visible>IsEmpty(VideoPlayer.Plot) + !Skin.HasSetting(ShowCast)</visible>
								<include>Info_Description_Label</include>
							</control>
							<control type="textbox" id="101">
								<description>cast</description>
								<visible>!IsEmpty(VideoPlayer.CastAndRole) + Skin.HasSetting(ShowCast)</visible>
								<info>VideoPlayer.CastAndRole</info>
								<include>Info_Description_Label</include>
							</control>
							<control type="textbox" id="101">
								<description>cast</description>
								<visible>IsEmpty(VideoPlayer.CastAndRole) + Skin.HasSetting(ShowCast)</visible>
								<info>VideoPlayer.Cast</info>
								<include>Info_Description_Label</include>
							</control>
						</control>
						<control type="group">
							<posx>40</posx>
							<posy>230</posy>
							<width>1200</width>
							<height>240</height>
							<control type="grouplist">
								<description>left info</description>
								<posx>0</posx>
								<posy>0</posy>
								<width>230</width>
								<height>200</height>
								<itemgap>15</itemgap>
								<orientation>vertical</orientation>
								<control type="group">
									<width>230</width>
									<height>22</height>
									<visible>VideoPlayer.Content(movies) | VideoPlayer.Content(tvshows)</visible>
									<control type="image">
										<description>Star</description>
										<posx>35</posx>
										<posy>0</posy>
										<width>150</width>
										<height>22</height>
										<aspectratio>keep</aspectratio>
										<texture>$INFO[VideoPlayer.Rating,flagging/stars/,.png]</texture>
									</control>
								</control>
								<control type="label">
									<description>Runtime value</description>
									<visible>!IsEmpty(VideoPlayer.duration)</visible>
									<width>230</width>
									<height>20</height>
									<align>left</align>
									<aligny>top</aligny>
									<label>[COLOR grey]$LOCALIZE[2050]:[/COLOR] $INFO[VideoPlayer.duration]</label>
									<font>font21</font>
								</control>
								<control type="label">
									<description>Year value</description>
									<visible>!IsEmpty(VideoPlayer.year)</visible>
									<width>230</width>
									<height>20</height>
									<label>[COLOR grey]$LOCALIZE[31071]:[/COLOR] $INFO[VideoPlayer.Year]</label>
									<font>font21</font>
								</control>
								<control type="label">
									<description>MPAA Rating value</description>
									<visible>!IsEmpty(VideoPlayer.MPAA)</visible>
									<width>230</width>
									<height>80</height>
									<label>[COLOR grey]$LOCALIZE[563]:[/COLOR] $INFO[VideoPlayer.MPAA]</label>
									<font>font21</font>
									<wrapmultiline>true</wrapmultiline>
								</control>
							</control>
							<control type="image">
								<posx>240</posx>
								<posy>60</posy>
								<width>930</width>
								<height>2</height>
								<texture>line_divider.png</texture>
							</control>
							<control type="grouplist">
								<visible>VideoPlayer.Content(Movies)</visible>
								<posx>240</posx>
								<posy>80</posy>
								<width>930</width>
								<height>210</height>
								<itemgap>15</itemgap>
								<orientation>vertical</orientation>
								<control type="label">
									<visible>!IsEmpty(VideoPlayer.studio)</visible>
									<width>930</width>
									<height>20</height>
									<label>[COLOR grey]$LOCALIZE[572]:[/COLOR] $INFO[VideoPlayer.studio]</label>
									<font>font21</font>
								</control>
								<control type="label">
									<description>director value</description>
									<visible>!IsEmpty(VideoPlayer.Director)</visible>
									<width>930</width>
									<height>20</height>
									<label>[COLOR grey]$LOCALIZE[20339]:[/COLOR] $INFO[VideoPlayer.Director]</label>
									<font>font21</font>
								</control>
								<control type="label">
									<description>writer value</description>
									<visible>!IsEmpty(VideoPlayer.Writer)</visible>
									<width>930</width>
									<height>20</height>
									<label>[COLOR grey]$LOCALIZE[20417]:[/COLOR] $INFO[VideoPlayer.Writer]</label>
									<font>font21</font>
								</control>
								<control type="label">
									<description>Genre value</description>
									<visible>!IsEmpty(VideoPlayer.genre)</visible>
									<width>930</width>
									<height>80</height>
									<label>[COLOR grey]$LOCALIZE[515]:[/COLOR] $INFO[VideoPlayer.genre]</label>
									<font>font21</font>
								</control>
							</control>
							<control type="grouplist">
								<visible>VideoPlayer.Content(tvshows)</visible>
								<posx>240</posx>
								<posy>80</posy>
								<width>930</width>
								<height>210</height>
								<itemgap>15</itemgap>
								<orientation>vertical</orientation>
								<control type="label">
									<visible>!IsEmpty(VideoPlayer.studio)</visible>
									<width>930</width>
									<height>20</height>
									<label>[COLOR grey]$LOCALIZE[572]:[/COLOR] $INFO[VideoPlayer.studio]</label>
									<font>font21</font>
								</control>
								<control type="label">
									<visible>!IsEmpty(VideoPlayer.episode)</visible>
									<width>930</width>
									<height>20</height>
									<label>[COLOR grey]$LOCALIZE[20360]:[/COLOR] $INFO[VideoPlayer.episode]</label>
									<font>font21</font>
								</control>
							</control>
							<control type="grouplist">
								<visible>VideoPlayer.Content(episodes)</visible>
								<posx>240</posx>
								<posy>80</posy>
								<width>930</width>
								<height>210</height>
								<itemgap>15</itemgap>
								<orientation>vertical</orientation>
								<control type="label">
									<visible>!IsEmpty(VideoPlayer.studio)</visible>
									<width>930</width>
									<height>20</height>
									<label>[COLOR grey]$LOCALIZE[572]:[/COLOR] $INFO[VideoPlayer.studio]</label>
									<font>font21</font>
								</control>
								<control type="label">
									<description>director value</description>
									<visible>!IsEmpty(VideoPlayer.Director)</visible>
									<width>930</width>
									<height>20</height>
									<label>[COLOR grey]$LOCALIZE[20339]:[/COLOR] $INFO[VideoPlayer.Director]</label>
									<font>font21</font>
								</control>
								<control type="label">
									<description>writer value</description>
									<visible>!IsEmpty(VideoPlayer.Writer)</visible>
									<width>930</width>
									<height>20</height>
									<label>[COLOR grey]$LOCALIZE[20417]:[/COLOR] $INFO[VideoPlayer.Writer]</label>
									<font>font21</font>
								</control>
								<control type="label">
									<description>Genre value</description>
									<visible>!IsEmpty(VideoPlayer.genre)</visible>
									<width>930</width>
									<height>80</height>
									<label>[COLOR grey]$LOCALIZE[515]:[/COLOR] $INFO[VideoPlayer.genre]</label>
									<font>font21</font>
								</control>
							</control>
							<control type="grouplist">
								<visible>VideoPlayer.Content(MusicVideos)</visible>
								<posx>240</posx>
								<posy>80</posy>
								<width>930</width>
								<height>210</height>
								<itemgap>15</itemgap>
								<orientation>vertical</orientation>
								<control type="label">
									<visible>!IsEmpty(VideoPlayer.studio)</visible>
									<width>930</width>
									<height>20</height>
									<label>[COLOR grey]$LOCALIZE[572]:[/COLOR] $INFO[VideoPlayer.studio]</label>
									<font>font21</font>
								</control>
								<control type="label">
									<visible>!IsEmpty(VideoPlayer.Album)</visible>
									<width>930</width>
									<height>20</height>
									<label>[COLOR grey]$LOCALIZE[558]:[/COLOR] $INFO[VideoPlayer.Album]</label>
									<font>font21</font>
								</control>
								<control type="label">
									<visible>!IsEmpty(VideoPlayer.Artist)</visible>
									<width>930</width>
									<height>20</height>
									<label>[COLOR grey]$LOCALIZE[557]:[/COLOR] $INFO[VideoPlayer.Artist]</label>
									<font>font21</font>
								</control>
							</control>
							<control type="image">
								<posx>240</posx>
								<posy>235</posy>
								<width>930</width>
								<height>2</height>
								<texture>line_divider.png</texture>
							</control>
							<control type="grouplist">
								<posx>240</posx>
								<posy>255</posy>
								<width>930</width>
								<height>210</height>
								<itemgap>15</itemgap>
								<orientation>horizontal</orientation>
								<control type="image">
									<description>Video rez Image</description>
									<width>90</width>
									<height>33</height>
									<aspectratio>keep</aspectratio>
									<texture>$INFO[VideoPlayer.VideoResolution,flagging/video/,.png]</texture>
									<colordiffuse>white</colordiffuse>
									<visible>!IsEmpty(VideoPlayer.VideoResolution)</visible>
								</control>
								<control type="image">
									<description>Common Codec Image</description>
									<width>90</width>
									<height>33</height>
									<aspectratio>keep</aspectratio>
									<texture>$INFO[VideoPlayer.VideoCodec,flagging/video/,.png]</texture>
									<colordiffuse>white</colordiffuse>
									<!-- Don't show if its one of the 500 divx codecs -->
									<visible>![substring(VideoPlayer.VideoCodec,div,left) | stringcompare(VideoPlayer.VideoCodec,dx50)]</visible>
								</control>
								<control type="image">
									<description>Divx Codec Image</description>
									<width>90</width>
									<height>33</height>
									<aspectratio>keep</aspectratio>
									<texture>flagging/video/divx.png</texture>
									<colordiffuse>white</colordiffuse>
									<visible>[substring(VideoPlayer.VideoCodec,div,left) | stringcompare(VideoPlayer.VideoCodec,dx50)]</visible>
								</control>
								<control type="image">
									<description>Bluray Image</description>
									<width>90</width>
									<height>33</height>
									<aspectratio>keep</aspectratio>
									<texture>flagging/video/bluray.png</texture>
									<colordiffuse>white</colordiffuse>
									<visible>[substring(VideoPlayer.FilenameAndPath,bluray) | substring(VideoPlayer.FilenameAndPath,bdrip)]</visible>
								</control>
								<control type="image">
									<description>HDDVD Image</description>
									<width>90</width>
									<height>33</height>
									<aspectratio>keep</aspectratio>
									<texture>flagging/video/hddvd.png</texture>
									<colordiffuse>white</colordiffuse>
									<visible>substring(VideoPlayer.FilenameAndPath,hddvd)</visible>
								</control>
								<control type="image">
									<description>DVD Image</description>
									<width>90</width>
									<height>33</height>
									<aspectratio>keep</aspectratio>
									<texture>flagging/video/dvd.png</texture>
									<colordiffuse>white</colordiffuse>
									<visible>[substring(VideoPlayer.FilenameAndPath,dvd) + ![substring(VideoPlayer.FilenameAndPath,hddvd) | substring(VideoPlayer.FilenameAndPath,bluray) | substring(VideoPlayer.FilenameAndPath,bdrip)]]</visible>
								</control>
								<control type="image">
									<description>TV Types Image</description>
									<width>90</width>
									<height>33</height>
									<aspectratio>keep</aspectratio>
									<texture>flagging/video/TV.png</texture>
									<colordiffuse>white</colordiffuse>
									<visible>[substring(VideoPlayer.FilenameAndPath,pdtv) | substring(VideoPlayer.FilenameAndPath,hdtv) | substring(VideoPlayer.FilenameAndPath,dsr) | substring(VideoPlayer.FilenameAndPath,web)]</visible>
								</control>
								<control type="image">
									<description>VHS Image</description>
									<width>90</width>
									<height>33</height>
									<aspectratio>keep</aspectratio>
									<texture>flagging/video/vhs.png</texture>
									<colordiffuse>white</colordiffuse>
									<visible>substring(VideoPlayer.FilenameAndPath,vhs)</visible>
								</control>
								<control type="image">
									<description>Aspectratio Image</description>
									<width>60</width>
									<height>33</height>
									<aspectratio>keep</aspectratio>
									<texture>$INFO[VideoPlayer.VideoAspect,flagging/aspectratio/,.png]</texture>
									<colordiffuse>white</colordiffuse>
									<visible>!IsEmpty(VideoPlayer.VideoAspect)</visible>
								</control>
								<control type="image">
									<description>Audio Codec Image</description>
									<width>80</width>
									<height>33</height>
									<aspectratio>keep</aspectratio>
									<texture>$INFO[VideoPlayer.AudioCodec,flagging/audio/,.png]</texture>
									<colordiffuse>white</colordiffuse>
								</control>
								<control type="image">
									<description>Audio Channel Image</description>
									<width>60</width>
									<height>33</height>
									<aspectratio>keep</aspectratio>
									<texture>$INFO[VideoPlayer.AudioChannels,flagging/audio/,.png]</texture>
									<colordiffuse>white</colordiffuse>
									<visible>!IsEmpty(VideoPlayer.AudioChannels)</visible>
								</control>
							</control>
						</control>
					</control>
				</control>
			</control>
		</control>
	</controls>
</window>