<window id="2008">
	<defaultcontrol always="true">450</defaultcontrol>
	<controls>
		<include>Dialog_Popup_Background</include>
		<control type="group">
			<include>Dialog_Popup_Animation</include>
			<posx>377</posx>
			<posy>217</posy>
			<control type="image">
				<description>dialog background</description>
				<posx>0</posx>
				<posy>0</posy>
				<width>524</width>
				<height>286</height>
				<texture>dialog_background.png</texture>
			</control>
			<control type="label" id="1">
				<description>heading label</description>
				<posx>25</posx>
				<posy>30</posy>
				<width>475</width>
				<height>30</height>
				<align>left</align>
				<aligny>center</aligny>
				<font>light28</font>
				<label>$INFO[ListItem.Label]</label>
				<textcolor>white</textcolor>
				<scroll>true</scroll>
			</control>
			<control type="label" id="2">
				<description>dialog line 1</description>
				<posx>25</posx>
				<posy>90</posy>
				<width>475</width>
				<height>20</height>
				<label>$LOCALIZE[31077]</label>
				<aligny>center</aligny>
				<font>font23</font>
				<textcolor>white</textcolor>
			</control>
			<control type="list" id="450">
				<posx>25</posx>
				<posy>130</posy>
				<width>462</width>
				<height>132</height>
				<onup>3</onup>
				<onleft>5</onleft>
				<onright>90</onright>
				<ondown>5</ondown>
				<pagecontrol>90</pagecontrol>
				<scrolltime>200</scrolltime>
				<itemlayout width="475" height="44">
					<control type="image">
						<posx>0</posx>
						<posy>0</posy>
						<width>475</width>
						<height>44</height>
						<texture>line_frame_device_black1.png</texture>
					</control>
					<control type="label">
						<posx>20</posx>
						<posy>0</posy>
						<width>480</width>
						<height>44</height>
						<font>font21</font>
						<aligny>center</aligny>
						<selectedcolor>blue</selectedcolor>
						<align>left</align>
						<info>ListItem.Label</info>
					</control>
				</itemlayout>
				<focusedlayout width="475" height="44">
					<control type="image">
						<posx>0</posx>
						<posy>0</posy>
						<width>475</width>
						<height>44</height>
						<texture>line_frame_device_black1.png</texture>
					</control>
					<control type="image">
						<posx>0</posx>
						<posy>0</posy>
						<width>475</width>
						<height>44</height>
						<texture>line_frame_device_white.png</texture>
						<visible>Control.HasFocus(450)</visible>
					</control>
					<control type="label">
						<posx>20</posx>
						<posy>0</posy>
						<width>480</width>
						<height>44</height>
						<font>font21</font>
						<aligny>center</aligny>
						<selectedcolor>blue</selectedcolor>
						<align>left</align>
						<info>ListItem.Label</info>
						<visible>!Control.HasFocus(450)</visible>
					</control>
					<control type="label">
						<posx>20</posx>
						<posy>0</posy>
						<width>480</width>
						<height>44</height>
						<font>font21</font>
						<aligny>center</aligny>
						<textcolor>black</textcolor>
						<selectedcolor>blue</selectedcolor>
						<align>left</align>
						<info>ListItem.Label</info>
						<visible>Control.HasFocus(450)</visible>
					</control>
				</focusedlayout>
			</control>
			<control type="scrollbar" id="90">
				<description>scroll bar indicator for lists</description>
				<posx>492</posx>
				<posy>130</posy>
				<width>12</width>
				<height>132</height>
				<onleft>450</onleft>
				<texturesliderbackground border="0,8,0,8">scrollbar_vertical_bg.png</texturesliderbackground>
				<texturesliderbar border="4,8,4,8">scrollbar_vertical_nib.png</texturesliderbar>
				<texturesliderbarfocus border="4,8,4,8">scrollbar_vertical_nib_on.png</texturesliderbarfocus>
				<textureslidernib>-</textureslidernib>
				<textureslidernibfocus>-</textureslidernibfocus>
				<orientation>vertical</orientation>
				<showonepage>false</showonepage>
			</control>
		</control>
	</controls>
</window>