<window id="10140">
	<defaultcontrol always="true">9</defaultcontrol>
	<controls>
		<include>Dialog_Popup_Background</include>
		<control type="group">
			<include>Dialog_Popup_Animation</include>
			<posx>168</posx>
			<posy>156</posy>
			<control type="image">
				<description>dialog background</description>
				<posx>0</posx>
				<posy>0</posy>
				<width>943</width>
				<height>520</height>
				<texture>browser_background.png</texture>
			</control>
			<control type="label" id="20">
				<description>heading label</description>
				<posx>25</posx>
				<posy>30</posy>
				<width>940</width>
				<height>30</height>
				<align>left</align>
				<aligny>center</aligny>
				<font>light28</font>
				<label>-</label>
				<textcolor>white</textcolor>
			</control>

			<control type="grouplist" id="9">
				<description>button area</description>
				<posx>25</posx>
				<posy>70</posy>
				<width>220</width>
				<height>176</height>
				<itemgap>0</itemgap>
				<onleft>30</onleft>
				<onright>90</onright>
				<onup>-</onup>
				<ondown>-</ondown>
				<pagecontrol>90</pagecontrol>
			</control>
			<control type="scrollbar" id="90">
				<description>scroll bar indicator for lists</description>
				<posx>250</posx>
				<posy>70</posy>
				<width>12</width>
				<height>176</height>
				<onleft>9</onleft>
				<onright>2</onright>
				<texturesliderbackground border="0,8,0,8">scrollbar_vertical_bg.png</texturesliderbackground>
				<texturesliderbar border="4,8,4,8">scrollbar_vertical_nib.png</texturesliderbar>
				<texturesliderbarfocus border="4,8,4,8">scrollbar_vertical_nib_on.png</texturesliderbarfocus>
				<textureslidernib>-</textureslidernib>
				<textureslidernibfocus>-</textureslidernibfocus>
				<orientation>vertical</orientation>
				<showonepage>false</showonepage>
			</control>
			<control type="button" id="13">
				<description>Default Button</description>
				<posx>0</posx>
				<posy>0</posy>
				<height>44</height>
				<width>220</width>
				<font>font21</font>
				<textcolor>white</textcolor>
				<focusedcolor>black</focusedcolor>
				<disabledcolor>disabled</disabledcolor>
				<textoffsetx>20</textoffsetx>
				<texturefocus>line_frame_device_white.png</texturefocus>
				<texturenofocus>line_frame_device_black1.png</texturenofocus>
				<pulseonselect>false</pulseonselect>
			</control>

			<control type="image">
				<description>scraper image</description>
				<posx>25</posx>
				<posy>275</posy>
				<width>220</width>
				<height>220</height>
				<bordersize>5</bordersize>
				<aspectratio>keep</aspectratio>
				<bordertexture>info_cover_border.png</bordertexture>
				<info>ListItem.Thumb</info>
				<visible>!IsEmpty(ListItem.Thumb)</visible>
			</control>
			<control type="image">
				<description>scraper image</description>
				<posx>25</posx>
				<posy>275</posy>
				<width>220</width>
				<height>220</height>
				<aspectratio>keep</aspectratio>
				<texture>DefaultAddon.png</texture>
				<visible>IsEmpty(ListItem.Thumb)</visible>
			</control>

			<control type="grouplist" id="2">
				<description>control area</description>
				<posx>270</posx>
				<posy>70</posy>
				<width>640</width>
				<height>352</height>
				<itemgap>0</itemgap>
				<onup>-</onup>
				<ondown>9001</ondown>
				<onleft>9</onleft>
				<onright>91</onright>
				<pagecontrol>91</pagecontrol>
			</control>
			<control type="scrollbar" id="91">
				<description>scroll bar indicator for lists</description>
				<posx>915</posx>
				<posy>70</posy>
				<width>12</width>
				<height>352</height>
				<onleft>2</onleft>
				<texturesliderbackground border="0,8,0,8">scrollbar_vertical_bg.png</texturesliderbackground>
				<texturesliderbar border="4,8,4,8">scrollbar_vertical_nib.png</texturesliderbar>
				<texturesliderbarfocus border="4,8,4,8">scrollbar_vertical_nib_on.png</texturesliderbarfocus>
				<textureslidernib>-</textureslidernib>
				<textureslidernibfocus>-</textureslidernibfocus>
				<orientation>vertical</orientation>
				<showonepage>false</showonepage>
			</control>
			<control type="button" id="3">
				<description>Default Category Button</description>
				<posx>0</posx>
				<posy>0</posy>
				<height>44</height>
				<font>font21</font>
				<textcolor>white</textcolor>
				<focusedcolor>black</focusedcolor>
				<disabledcolor>disabled</disabledcolor>
				<textoffsetx>20</textoffsetx>
				<texturefocus>line_frame_device_white.png</texturefocus>
				<texturenofocus>line_frame_device_black1.png</texturenofocus>
				<pulseonselect>false</pulseonselect>
			</control>
			<control type="radiobutton" id="4">
				<description>Default RadioButton</description>
				<height>44</height>
				<font>font21</font>
				<textcolor>white</textcolor>
				<focusedcolor>black</focusedcolor>
				<disabledcolor>disabled</disabledcolor>
				<texturefocus>line_frame_device_white.png</texturefocus>
				<texturenofocus>line_frame_device_black1.png</texturenofocus>
				<textoffsetx>20</textoffsetx>
				<textureradiofocus>settings_radio_button_selected.png</textureradiofocus>
				<textureradionofocus>settings_radio_button.png</textureradionofocus>
				<pulseonselect>false</pulseonselect>
				<radioposy>9</radioposy>
				<radiowidth>26</radiowidth>
				<radioheight>26</radioheight>
			</control>
			<control type="spincontrolex" id="5">
				<description>Content Picker</description>
				<posx>25</posx>
				<posy>70</posy>
				<height>44</height>
				<texturefocus>line_frame_device_white.png</texturefocus>
				<texturenofocus>line_frame_device_black1.png</texturenofocus>
				<textureup>scroll_up.png</textureup>
				<texturedown>scroll_down.png</texturedown>
				<textureupfocus>settings_arrow_button_up.png</textureupfocus>
				<texturedownfocus>settings_arrow_button_down.png</texturedownfocus>
				<font>font21</font>
				<textcolor>white</textcolor>
				<focusedcolor>black</focusedcolor>
				<disabledcolor>disabled</disabledcolor>
				<textoffsetx>20</textoffsetx>
				<aligny>center</aligny>
				<reverse>yes</reverse>
				<pulseonselect>false</pulseonselect>
			</control>
			<control type="label" id="7">
				<height>44</height>
				<aligny>center</aligny>
				<font>font21</font>
				<textcolor>green</textcolor>
				<textoffsetx>10</textoffsetx>
				<label>-</label>
			</control>
			<control type="image" id="6">
				<description>Default Seperator</description>
				<height>0</height>
				<texture>-</texture>
			</control>
			<control type="sliderex" id="8">
				<description>Default Slider</description>
				<width>646</width>
			</control>

			<control type="grouplist" id="9001">
				<posx>270</posx>
				<posy>450</posy>
				<width>500</width>
				<height>33</height>
				<onup>2</onup>
				<itemgap>10</itemgap>
				<orientation>horizontal</orientation>
				<control type="button" id="11">
					<description>Cancel Button</description>
					<width>33</width>
					<height>33</height>
					<texturefocus>icon_cancel_on.png</texturefocus>
					<texturenofocus>icon_cancel.png</texturenofocus>
					<font>-</font>
					<onleft>-</onleft>
					<hitrect x="0" y="0" w="100" h="33" />
				</control>
				<control type="label" id="21">
					<visible>!Control.HasFocus(11)</visible>
					<width min="0" max="200">auto</width>
					<height>33</height>
					<label>222</label>
					<font>font23</font>
					<textcolor>grey</textcolor>
				</control>
				<control type="label" id="22">
					<visible>Control.HasFocus(11)</visible>
					<width min="0" max="200">auto</width>
					<height>33</height>
					<label>222</label>
					<font>font23</font>
					<textcolor>green</textcolor>
				</control>
				<control type="label" id="23">
					<width>4</width>
					<height>33</height>
				</control>
				<control type="button" id="10">
					<description>OK Button</description>
					<width>33</width>
					<height>33</height>
					<texturefocus>icon_ok_on.png</texturefocus>
					<texturenofocus>icon_ok.png</texturenofocus>
					<font>-</font>
					<hitrect x="0" y="0" w="100" h="33" />
				</control>
				<control type="label" id="24">
					<visible>!Control.HasFocus(10)</visible>
					<width min="0" max="200">auto</width>
					<height>33</height>
					<label>186</label>
					<font>font23</font>
					<textcolor>grey</textcolor>
				</control>
				<control type="label" id="25">
					<visible>Control.HasFocus(10)</visible>
					<width min="0" max="200">auto</width>
					<height>33</height>
					<label>186</label>
					<font>font23</font>
					<textcolor>green</textcolor>
				</control>
				<control type="label" id="26">
					<width>4</width>
					<height>33</height>
				</control>
				<control type="button" id="12">
					<description>Default Button</description>
					<width>33</width>
					<height>33</height>
					<texturenofocus>button_info_settings.png</texturenofocus>
					<texturefocus>button_info_settings_on.png</texturefocus>
					<font>-</font>
					<onright>-</onright>
					<hitrect x="0" y="0" w="100" h="33" />
				</control>
				<control type="label" id="27">
					<visible>!Control.HasFocus(12)</visible>
					<width min="0" max="200">auto</width>
					<height>33</height>
					<label>409</label>
					<font>font23</font>
					<textcolor>grey</textcolor>
				</control>
				<control type="label" id="28">
					<visible>Control.HasFocus(12)</visible>
					<width min="0" max="200">auto</width>
					<height>33</height>
					<label>409</label>
					<font>font23</font>
					<textcolor>green</textcolor>
				</control>
			</control>
		</control>
	</controls>
</window>