﻿<window id="2001">
	<defaultcontrol always="true">9000</defaultcontrol>
	<allowoverlay>no</allowoverlay>
	<controls>
		<control type="group">
			<include>Common_Info_Background</include>
			<include>Main_Menu_Slide_Animation</include>
			<control type="group">
				<include>Main_Menu_Fade_Animation</include>
				<description>First Page Video/Music/Photos/Applications</description>
				<posx>32</posx>
				<posy>54</posy>
				<width>1216</width>
				<height>32</height>
				<control type="image">
					<description>page header tab icon</description>
					<include>Common_Title_Image</include>
					<texture>icon_music.png</texture>
				</control>
				<control type="label">
					<description>Album Title</description>
					<include>Common_Title_Label</include>
					<label>13351</label>
					<visible>Container.Content(albums)</visible>
				</control>
				<control type="label">
					<description>Artist Title</description>
					<include>Common_Title_Label</include>
					<label>21891</label>
					<visible>Container.Content(artists)</visible>
				</control>
				<control type="group">
					<description>time group</description>
					<posx>600</posx>
					<posy>-34</posy>
					<include>Common_Clock</include>
				</control>
			</control>
			<control type="group">
				<include>Main_Menu_Fade_Animation</include>
				<include>Window_Fade_Animation</include>
				<animation type="Conditional" condition="Window.IsVisible(progressdialog)">
					<effect type="fade" start="100" end="20" time="200"/>
				</animation>
				<control type="grouplist" id="9000">
					<description>buttons</description>
					<posx>32</posx>
					<posy>113</posy>
					<width>1200</width>
					<height>33</height>
					<itemgap>12</itemgap>
					<ondown>50</ondown>
					<orientation>horizontal</orientation>
					<control type="togglebutton" id="5">
						<posx>0</posx>
						<posy>0</posy>
						<width>40</width>
						<height>33</height>
						<onleft>-</onleft>
						<texturenofocus>button_info_album.png</texturenofocus>
						<texturefocus>button_info_album_on.png</texturefocus>
						<alttexturenofocus>button_info_plot.png</alttexturenofocus>
						<alttexturefocus>button_info_plot_on.png</alttexturefocus>
						<usealttexture>Conatiner.Content(Artists)</usealttexture>
						<font>-</font>
						<hitrect x="0" y="0" w="100" h="33" />
					</control>
					<control type="label" id="20">
						<visible>!Control.HasFocus(5)</visible>
						<description>Review/Tracks label</description>
						<posx>50</posx>
						<posy>0</posy>
						<width min="0" max="200">auto</width>
						<height>33</height>
						<aligny>center</aligny>
						<info>Control.GetLabel(5)</info>
						<textcolor>grey</textcolor>
						<font>font21</font>
					</control>
					<control type="label" id="21">
						<visible>Control.HasFocus(5)</visible>
						<description>Review/Tracks label</description>
						<posx>50</posx>
						<posy>0</posy>
						<width min="0" max="200">auto</width>
						<height>33</height>
						<aligny>center</aligny>
						<info>Control.GetLabel(5)</info>
						<textcolor>green</textcolor>
						<font>font21</font>
					</control>
					<control type="image" id="22">
						<description>left dotted line</description>
						<visible>Control.IsVisible(5)</visible>
						<posx>0</posx>
						<posy>0</posy>
						<width>3</width>
						<height>33</height>
						<texture>dotted_line_divider.png</texture>
					</control>
					<control type="button" id="6">
						<description>refresh button</description>
						<posx>0</posx>
						<posy>0</posy>
						<width>33</width>
						<height>33</height>
						<texturenofocus>button_info_refresh.png</texturenofocus>
						<texturefocus>button_info_refresh_on.png</texturefocus>
						<font>-</font>
						<hitrect x="0" y="0" w="100" h="33" />
					</control>
					<control type="label" id="24">
						<visible>!Control.HasFocus(6)</visible>
						<description>refresh label</description>
						<posx>50</posx>
						<posy>0</posy>
						<width min="0" max="200">auto</width>
						<height>33</height>
						<aligny>center</aligny>
						<label>184</label>
						<textcolor>grey</textcolor>
						<font>font21</font>
					</control>
					<control type="label" id="25">
						<visible>Control.HasFocus(6)</visible>
						<description>refresh label</description>
						<posx>50</posx>
						<posy>0</posy>
						<width min="0" max="200">auto</width>
						<height>33</height>
						<aligny>center</aligny>
						<label>184</label>
						<textcolor>green</textcolor>
						<font>font21</font>
					</control>
					<control type="image" id="26">
						<description>left dotted line</description>
						<visible>Control.IsVisible(6)</visible>
						<posx>0</posx>
						<posy>0</posy>
						<width>3</width>
						<height>33</height>
						<texture>dotted_line_divider.png</texture>
					</control>
					<control type="button" id="10">
						<description>thumb button</description>
						<posx>0</posx>
						<posy>0</posy>
						<width>33</width>
						<height>33</height>
						<ondown>50</ondown>
						<texturenofocus>button_info_thumb.png</texturenofocus>
						<texturefocus>button_info_thumb_on.png</texturefocus>
						<font>-</font>
						<hitrect x="0" y="0" w="100" h="33" />
					</control>
					<control type="label" id="27">
						<visible>!Control.HasFocus(10)</visible>
						<description>refresh label</description>
						<posx>50</posx>
						<posy>0</posy>
						<width min="0" max="200">auto</width>
						<height>33</height>
						<aligny>center</aligny>
						<label>13405</label>
						<textcolor>grey</textcolor>
						<font>font21</font>
					</control>
					<control type="label" id="28">
						<visible>Control.HasFocus(10)</visible>
						<description>refresh label</description>
						<posx>50</posx>
						<posy>0</posy>
						<width min="0" max="200">auto</width>
						<height>33</height>
						<aligny>center</aligny>
						<label>13405</label>
						<textcolor>green</textcolor>
						<font>font21</font>
					</control>
					<control type="image" id="29">
						<description>left dotted line</description>
						<visible>Control.IsVisible(10)</visible>
						<posx>0</posx>
						<posy>0</posy>
						<width>3</width>
						<height>33</height>
						<texture>dotted_line_divider.png</texture>
					</control>
					<control type="button" id="12">
						<description>fanart button</description>
						<visible>Container.Content(artists)</visible>
						<posx>0</posx>
						<posy>0</posy>
						<width>33</width>
						<height>33</height>
						<texturenofocus>button_info_thumb.png</texturenofocus>
						<texturefocus>button_info_thumb_on.png</texturefocus>
						<font>-</font>
						<hitrect x="0" y="0" w="100" h="33" />
					</control>
					<control type="label" id="30">
						<visible>!Control.HasFocus(12) + Container.Content(artists)</visible>
						<description>refresh label</description>
						<posx>50</posx>
						<posy>0</posy>
						<width min="0" max="200">auto</width>
						<height>33</height>
						<aligny>center</aligny>
						<label>20413</label>
						<textcolor>grey</textcolor>
						<font>font21</font>
					</control>
					<control type="label" id="31">
						<visible>Control.HasFocus(12) + Container.Content(artists)</visible>
						<description>refresh label</description>
						<posx>50</posx>
						<posy>0</posy>
						<width min="0" max="200">auto</width>
						<height>33</height>
						<aligny>center</aligny>
						<label>20413</label>
						<textcolor>green</textcolor>
						<font>font21</font>
					</control>
					<control type="image" id="32">
						<description>left dotted line</description>
						<visible>Control.IsVisible(12) + Container.Content(artists)</visible>
						<posx>0</posx>
						<posy>0</posy>
						<width>3</width>
						<height>33</height>
						<texture>dotted_line_divider.png</texture>
					</control>
					<control type="button" id="99">
						<description>Close button</description>
						<posx>0</posx>
						<posy>0</posy>
						<width>33</width>
						<height>33</height>
						<onright>-</onright>
						<onclick>Close</onclick>
						<texturenofocus>icon_cancel.png</texturenofocus>
						<texturefocus>icon_cancel_on.png</texturefocus>
						<font>-</font>
						<hitrect x="0" y="0" w="100" h="33" />
					</control>
					<control type="label" id="33">
						<description>Close label</description>
						<visible>!Control.HasFocus(99)</visible>
						<posx>0</posx>
						<posy>0</posy>
						<width min="0" max="200">auto</width>
						<height>33</height>
						<aligny>center</aligny>
						<label>31081</label>
						<textcolor>grey</textcolor>
						<font>font21</font>
					</control>
					<control type="label" id="34">
						<description>Close label</description>
						<visible>Control.HasFocus(99)</visible>
						<posx>0</posx>
						<posy>0</posy>
						<width min="0" max="200">auto</width>
						<height>33</height>
						<aligny>center</aligny>
						<label>31081</label>
						<textcolor>green</textcolor>
						<font>font21</font>
					</control>
				</control>

				<control type="group">
					<posx>10</posx>
					<posy>158</posy>
					<control type="group">
						<description>media icon</description>
						<posx>54</posx>
						<posy>28</posy>
						<control type="image">
							<description>Frame Device</description>
							<posx>0</posx>
							<posy>0</posy>
							<width>190</width>
							<height>190</height>
							<texture>frame_device_sq_white.png</texture>
						</control>
						<control type="image" id="3">
							<description>Cover image</description>
							<posx>12</posx>
							<posy>12</posy>
							<width>166</width>
							<height>166</height>
							<texture background="true" fallback="DefaultArtist.png">$INFO[ListItem.Icon]</texture>
							<aspectratio>keep</aspectratio>
							<bordersize>4</bordersize>
							<bordertexture>info_cover_border.png</bordertexture>
						</control>
					</control>

					<control type="group">
						<control type="group">
							<description>info center</description>
							<posx>280</posx>
							<posy>45</posy>
							<control type="label">
								<description>Album Label</description>
								<label>$INFO[ListItem.Album]</label>
								<include>Info_Title_Label</include>
								<visible>Container.Content(albums)</visible>
							</control>
							<control type="label">
								<description>Artist Label</description>
								<label>$INFO[ListItem.Artist]</label>
								<include>Info_Title_Label</include>
								<visible>Container.Content(artists)</visible>
							</control>
							<control type="textbox" id="4">
								<description>Review</description>
								<include>Info_Description_Label</include>
							</control>
							<control type="scrollbar" id="110">
								<description>scroll bar indicator for lists</description>
								<visible>Control.IsVisible(50)</visible>
								<posx>934</posx>
								<posy>57</posy>
								<width>12</width>
								<height>398</height>
								<onup>-</onup>
								<ondown>-</ondown>
								<onright>-</onright>
								<onleft>50</onleft>
								<texturesliderbackground border="0,8,0,8">scrollbar_vertical_bg.png</texturesliderbackground>
								<texturesliderbar border="4,8,4,8">scrollbar_vertical_nib.png</texturesliderbar>
								<texturesliderbarfocus border="4,8,4,8">scrollbar_vertical_nib_on.png</texturesliderbarfocus>
								<textureslidernib>-</textureslidernib>
								<textureslidernibfocus>-</textureslidernibfocus>
								<orientation>vertical</orientation>
								<showonepage>false</showonepage>
							</control>
							<control type="list" id="50">
								<description>Albums</description>
								<posy>57</posy>
								<onup>9000</onup>
								<ondown>-</ondown>
								<height>398</height>
								<onright>110</onright>
								<orientation>vertical</orientation>
								<scrolltime>200</scrolltime>
								<pagecontrol>110</pagecontrol>
								<include>Info_Description_Label</include>
								<itemlayout condition="Container.Content(Artists)" height="44">
									<control type="image">
										<posx>0</posx>
										<posy>0</posy>
										<width>930</width>
										<height>47</height>
										<texture>line_frame_device_black1.png</texture>
									</control>
									<control type="label">
										<posx>38</posx>
										<posy>0</posy>
										<width>760</width>
										<height>44</height>
										<font>font21</font>
										<aligny>center</aligny>
										<align>left</align>
										<info>ListItem.Label</info>
										<textcolor>white</textcolor>
										<selectedcolor>blue</selectedcolor>
									</control>
									<control type="label">
										<posx>860</posx>
										<posy>0</posy>
										<width>70</width>
										<height>44</height>
										<font>font21</font>
										<aligny>center</aligny>
										<align>left</align>
										<info>ListItem.Label2</info>
										<textcolor>white</textcolor>
										<selectedcolor>blue</selectedcolor>
									</control>
									<control type="image">
										<posx>12</posx>
										<posy>14</posy>
										<width>10</width>
										<height>18</height>
										<texture>album_icon_playing.png</texture>
										<colordiffuse>green</colordiffuse>
										<visible>StringCompare(MusicPlayer.Album,ListItem.Label)</visible>
									</control>
								</itemlayout>
								<focusedlayout condition="Container.Content(Artists)" height="44">
									<control type="image">
										<posx>0</posx>
										<posy>0</posy>
										<width>930</width>
										<height>47</height>
										<texture>line_frame_device_black1.png</texture>
									</control>
									<control type="image">
										<posx>0</posx>
										<posy>0</posy>
										<width>930</width>
										<height>47</height>
										<texture>line_frame_device_white.png</texture>
										<visible>Control.HasFocus(50)</visible>
									</control>
									<control type="label">
										<posx>38</posx>
										<posy>0</posy>
										<width>760</width>
										<height>44</height>
										<font>font21</font>
										<aligny>center</aligny>
										<align>left</align>
										<info>ListItem.Label</info>
										<visible>!Control.HasFocus(50)</visible>
										<textcolor>white</textcolor>
										<selectedcolor>blue</selectedcolor>
									</control>
									<control type="label">
										<posx>38</posx>
										<posy>0</posy>
										<width>760</width>
										<height>44</height>
										<font>font21</font>
										<aligny>center</aligny>
										<align>left</align>
										<info>ListItem.Label</info>
										<visible>Control.HasFocus(50)</visible>
										<textcolor>black</textcolor>
										<selectedcolor>black</selectedcolor>
									</control>
									<control type="label">
										<posx>860</posx>
										<posy>0</posy>
										<width>70</width>
										<height>44</height>
										<font>font21</font>
										<aligny>center</aligny>
										<align>left</align>
										<info>ListItem.Label2</info>
										<visible>!Control.HasFocus(50)</visible>
										<textcolor>white</textcolor>
										<selectedcolor>blue</selectedcolor>
									</control>
									<control type="label">
										<posx>860</posx>
										<posy>0</posy>
										<width>70</width>
										<height>44</height>
										<font>font21</font>
										<aligny>center</aligny>
										<align>left</align>
										<info>ListItem.Label2</info>
										<visible>Control.HasFocus(50)</visible>
										<textcolor>black</textcolor>
										<selectedcolor>black</selectedcolor>
									</control>
									<control type="image">
										<posx>12</posx>
										<posy>14</posy>
										<width>10</width>
										<height>18</height>
										<texture>album_icon_playing.png</texture>
										<colordiffuse>green</colordiffuse>
										<visible>StringCompare(MusicPlayer.Album,ListItem.Label)</visible>
									</control>
								</focusedlayout>
								<itemlayout condition="Container.Content(Albums)" height="44">
									<control type="image">
										<posx>0</posx>
										<posy>0</posy>
										<width>930</width>
										<height>47</height>
										<texture>line_frame_device_black1.png</texture>
									</control>
									<control type="label">
										<visible>!IsEmpty(listitem.tracknumber)</visible>
										<posx>38</posx>
										<posy>0</posy>
										<width>30</width>
										<height>44</height>
										<font>font21</font>
										<aligny>center</aligny>
										<align>left</align>
										<info>listitem.tracknumber</info>
										<textcolor>white</textcolor>
										<selectedcolor>blue</selectedcolor>
									</control>
									<control type="label">
										<posx>77</posx>
										<posy>0</posy>
										<width>760</width>
										<height>44</height>
										<font>font21</font>
										<aligny>center</aligny>
										<align>left</align>
										<info>ListItem.Label</info>
										<textcolor>white</textcolor>
										<selectedcolor>blue</selectedcolor>
									</control>
									<control type="label">
										<posx>860</posx>
										<posy>0</posy>
										<width>70</width>
										<height>44</height>
										<font>font21</font>
										<aligny>center</aligny>
										<align>left</align>
										<info>ListItem.duration</info>
										<textcolor>white</textcolor>
										<selectedcolor>blue</selectedcolor>
									</control>
									<control type="image">
										<posx>12</posx>
										<posy>14</posy>
										<width>10</width>
										<height>18</height>
										<texture>album_icon_playing.png</texture>
										<colordiffuse>green</colordiffuse>
										<visible>StringCompare(MusicPlayer.Title,ListItem.Label)</visible>
									</control>
								</itemlayout>
								<focusedlayout condition="Container.Content(Albums)" height="44">
									<control type="image">
										<posx>0</posx>
										<posy>0</posy>
										<width>930</width>
										<height>47</height>
										<texture>line_frame_device_black1.png</texture>
									</control>
									<control type="image">
										<posx>0</posx>
										<posy>0</posy>
										<width>930</width>
										<height>47</height>
										<texture>line_frame_device_white.png</texture>
										<visible>Control.HasFocus(50)</visible>
									</control>
									<control type="label">
										<visible>!IsEmpty(listitem.tracknumber)</visible>
										<posx>38</posx>
										<posy>0</posy>
										<width>30</width>
										<height>44</height>
										<font>font21</font>
										<aligny>center</aligny>
										<align>left</align>
										<info>listitem.tracknumber</info>
										<visible>!Control.HasFocus(50)</visible>
										<textcolor>white</textcolor>
										<selectedcolor>blue</selectedcolor>
									</control>
									<control type="label">
										<visible>!IsEmpty(listitem.tracknumber)</visible>
										<posx>38</posx>
										<posy>0</posy>
										<width>30</width>
										<height>44</height>
										<font>font21</font>
										<aligny>center</aligny>
										<align>left</align>
										<info>listitem.tracknumber</info>
										<visible>Control.HasFocus(50)</visible>
										<textcolor>black</textcolor>
										<selectedcolor>black</selectedcolor>
									</control>
									<control type="label">
										<posx>77</posx>
										<posy>0</posy>
										<width>760</width>
										<height>44</height>
										<font>font21</font>
										<aligny>center</aligny>
										<align>left</align>
										<info>ListItem.Label</info>
										<visible>!Control.HasFocus(50)</visible>
										<textcolor>white</textcolor>
										<selectedcolor>blue</selectedcolor>
									</control>
									<control type="label">
										<posx>77</posx>
										<posy>0</posy>
										<width>760</width>
										<height>44</height>
										<font>font21</font>
										<aligny>center</aligny>
										<align>left</align>
										<info>ListItem.Label</info>
										<visible>Control.HasFocus(50)</visible>
										<textcolor>black</textcolor>
										<selectedcolor>black</selectedcolor>
									</control>
									<control type="label">
										<posx>860</posx>
										<posy>0</posy>
										<width>70</width>
										<height>44</height>
										<font>font21</font>
										<aligny>center</aligny>
										<align>left</align>
										<info>ListItem.duration</info>
										<visible>!Control.HasFocus(50)</visible>
										<textcolor>white</textcolor>
										<selectedcolor>blue</selectedcolor>
									</control>
									<control type="label">
										<posx>860</posx>
										<posy>0</posy>
										<width>70</width>
										<height>44</height>
										<font>font21</font>
										<aligny>center</aligny>
										<align>left</align>
										<info>ListItem.duration</info>
										<visible>Control.HasFocus(50)</visible>
										<textcolor>black</textcolor>
										<selectedcolor>black</selectedcolor>
									</control>
									<control type="image">
										<posx>12</posx>
										<posy>14</posy>
										<width>10</width>
										<height>18</height>
										<texture>album_icon_playing.png</texture>
										<colordiffuse>green</colordiffuse>
										<visible>StringCompare(MusicPlayer.Title,ListItem.Label)</visible>
									</control>
								</focusedlayout>
							</control>
						</control>

						<control type="group">
							<posx>40</posx>
							<posy>230</posy>
							<width>1200</width>
							<height>240</height>
							<control type="grouplist">
								<description>left info</description>
								<posx>0</posx>
								<posy>0</posy>
								<width>230</width>
								<height>200</height>
								<itemgap>15</itemgap>
								<orientation>vertical</orientation>
								<control type="group">
									<width>230</width>
									<height>22</height>
									<visible>Container.Content(albums)</visible>
									<control type="image">
										<description>Star</description>
										<posx>35</posx>
										<posy>0</posy>
										<width>150</width>
										<height>22</height>
										<aspectratio>keep</aspectratio>
										<info>ListItem.StarRating</info>
									</control>
								</control>
								<control type="label">
									<description>Year value</description>
									<visible>!IsEmpty(ListItem.Year) + Container.Content(Albums)</visible>
									<width>230</width>
									<height>20</height>
									<label>[COLOR grey]$LOCALIZE[31071]:[/COLOR] $INFO[ListItem.Year]</label>
									<font>font21</font>
								</control>
								<control type="label">
									<description>Active value</description>
									<visible>!IsEmpty(ListItem.Property(Artist_YearsActive))</visible>
									<width>230</width>
									<height>80</height>
									<label>[COLOR grey]$LOCALIZE[652]:[/COLOR] $INFO[ListItem.Property(Artist_YearsActive)]</label>
									<font>font21</font>
									<wrapmultiline>true</wrapmultiline>
								</control>

							</control>
							<control type="image">
								<visible>!Control.IsVisible(50)</visible>
								<posx>240</posx>
								<posy>60</posy>
								<width>930</width>
								<height>2</height>
								<texture>line_divider.png</texture>
							</control>

							<control type="grouplist">
								<visible>Container.Content(Albums) + !Control.IsVisible(50)</visible>
								<posx>240</posx>
								<posy>80</posy>
								<width>930</width>
								<height>210</height>
								<itemgap>15</itemgap>
								<orientation>vertical</orientation>
								<control type="label">
									<description>Artist value</description>
									<visible>!IsEmpty(ListItem.Artist)</visible>
									<width>930</width>
									<height>20</height>
									<label>[COLOR grey]$LOCALIZE[557]:[/COLOR] $INFO[ListItem.Artist]</label>
									<font>font21</font>
								</control>
								<control type="label">
									<description>Genre value</description>
									<visible>!IsEmpty(ListItem.Genre)</visible>
									<width>930</width>
									<height>20</height>
									<label>[COLOR grey]$LOCALIZE[515]:[/COLOR] $INFO[ListItem.Genre]</label>
									<font>font21</font>
								</control>
								<control type="label">
									<description>Label value</description>
									<visible>!IsEmpty(ListItem.Property(Album_Label))</visible>
									<width>930</width>
									<height>20</height>
									<label>[COLOR grey]$LOCALIZE[21899]:[/COLOR] $INFO[ListItem.Property(Album_Label)]</label>
									<font>font21</font>
								</control>
								<control type="label">
									<description>Style value</description>
									<visible>!IsEmpty(ListItem.Property(Album_Style))</visible>
									<width>930</width>
									<height>40</height>
									<label>[COLOR grey]$LOCALIZE[176]:[/COLOR] $INFO[ListItem.Property(Album_Style)]</label>
									<font>font21</font>
									<wrapmultiline>true</wrapmultiline>
								</control>
							</control>
							<control type="grouplist">
								<visible>Container.Content(Artists) + !Control.IsVisible(50)</visible>
								<posx>240</posx>
								<posy>80</posy>
								<width>930</width>
								<height>210</height>
								<itemgap>15</itemgap>
								<orientation>vertical</orientation>
								<control type="label">
									<description>Genre value</description>
									<visible>!IsEmpty(ListItem.Property(Artist_Genre))</visible>
									<width>930</width>
									<height>20</height>
									<label>[COLOR grey]$LOCALIZE[515]:[/COLOR] $INFO[ListItem.Property(Artist_Genre)]</label>
									<font>font21</font>
								</control>
								<control type="label">
									<description>Born/Formed value</description>
									<visible>!IsEmpty(ListItem.Property(Artist_Formed))</visible>
									<width>930</width>
									<height>20</height>
									<label>[COLOR grey]$LOCALIZE[21900]:[/COLOR] $INFO[ListItem.Property(Artist_Formed)]</label>
									<font>font21</font>
								</control>
								<control type="label">
									<description>Born/Formed value</description>
									<visible>!IsEmpty(ListItem.Property(Artist_Born))</visible>
									<width>930</width>
									<height>20</height>
									<label>[COLOR grey]$LOCALIZE[21900]:[/COLOR] $INFO[ListItem.Property(Artist_Born)]</label>
									<font>font21</font>
								</control>
								<control type="label">
									<description>Style value</description>
									<visible>!IsEmpty(ListItem.Property(Artist_Style))</visible>
									<width>930</width>
									<height>40</height>
									<label>[COLOR grey]$LOCALIZE[176]:[/COLOR] $INFO[ListItem.Property(Artist_Style)]</label>
									<font>font21</font>
									<wrapmultiline>true</wrapmultiline>
								</control>
							</control>
						</control>
					</control>
				</control>
			</control>
		</control>
	</controls>
</window>
