<window id="109">
	<defaultcontrol always="true">21</defaultcontrol>
	<include>Window_OpenClose_Animation</include>
	<controls>
		<control type="group">
			<include>Dialog_Popup_Background</include>
			<visible>!Window.IsVisible(virtualkeyboard)</visible>
		</control>
		<control type="group">
			<include>Dialog_Popup_Animation</include>
			<control type="group" id="331">
				<posx>156</posx>
				<posy>154</posy>
				<control type="image">
					<posx>0</posx>
					<posy>0</posy>
					<width>968</width>
					<height>504</height>
					<texture>keyboard_oneline_background.png</texture>
					<visible>!Window.IsVisible(virtualkeyboard)</visible>
				</control>
				<control type="label" id="1">
					<description>heading label</description>
					<posx>27</posx>
					<posy>10</posy>
					<width>588</width>
					<height>32</height>
					<align>left</align>
					<aligny>top</aligny>
					<font>light34</font>
					<textcolor>white</textcolor>
					<scroll>true</scroll>
				</control>
				<control type="image">
					<description>input field image</description>
					<posx>27</posx>
					<posy>70</posy>
					<height>60</height>
					<width>672</width>
					<texture border="12">keyboard_input_field_numeric.png</texture>
				</control>
				<control type="label" id="4">
					<description>Edit Text</description>
					<posx>48</posx>
					<posy>76</posy>
					<width>626</width>
					<height>34</height>
					<font>font30</font>
					<align>left</align>
					<aligny>top</aligny>
					<label>12323</label>
					<textcolor>white</textcolor>
					<disabledcolor>grey</disabledcolor>
				</control>
				<control type="group" id="399">
					<posx>15</posx>
					<posy>150</posy>
					<control type="image">
						<description>'Q' button</description>
						<posx>12</posx>
						<posy>12</posy>
						<texture>keyboard_button_off.png</texture>
						<colordiffuse>99FFFFFF</colordiffuse>
						<include>Common_Keyboard_Button</include>
					</control>
					<control type="image">
						<description>'W' button</description>
						<posx>80</posx>
						<posy>12</posy>
						<texture>keyboard_button_off.png</texture>
						<colordiffuse>99FFFFFF</colordiffuse>
						<include>Common_Keyboard_Button</include>
					</control>
					<control type="image">
						<description>'E' button</description>
						<posx>148</posx>
						<posy>12</posy>
						<texture>keyboard_button_off.png</texture>
						<colordiffuse>99FFFFFF</colordiffuse>
						<include>Common_Keyboard_Button</include>
					</control>
					<control type="image">
						<description>'R' button</description>
						<posx>216</posx>
						<posy>12</posy>
						<texture>keyboard_button_off.png</texture>
						<colordiffuse>99FFFFFF</colordiffuse>
						<include>Common_Keyboard_Button</include>
					</control>
					<control type="image">
						<description>'T' button</description>
						<posx>284</posx>
						<posy>12</posy>
						<texture>keyboard_button_off.png</texture>
						<colordiffuse>99FFFFFF</colordiffuse>
						<include>Common_Keyboard_Button</include>
					</control>
					<control type="image">
						<description>'Y' button</description>
						<posx>352</posx>
						<posy>12</posy>
						<texture>keyboard_button_off.png</texture>
						<colordiffuse>99FFFFFF</colordiffuse>
						<include>Common_Keyboard_Button</include>
					</control>
					<control type="image">
						<description>'U' button</description>
						<posx>420</posx>
						<posy>12</posy>
						<texture>keyboard_button_off.png</texture>
						<colordiffuse>99FFFFFF</colordiffuse>
						<include>Common_Keyboard_Button</include>
					</control>
					<control type="image">
						<description>'I' button</description>
						<posx>488</posx>
						<posy>12</posy>
						<texture>keyboard_button_off.png</texture>
						<colordiffuse>99FFFFFF</colordiffuse>
						<include>Common_Keyboard_Button</include>
					</control>
					<control type="image">
						<description>'O' button</description>
						<posx>556</posx>
						<posy>12</posy>
						<texture>keyboard_button_off.png</texture>
						<colordiffuse>99FFFFFF</colordiffuse>
						<include>Common_Keyboard_Button</include>
					</control>
					<control type="image">
						<description>'P' button</description>
						<posx>624</posx>
						<posy>12</posy>
						<texture>keyboard_button_off.png</texture>
						<colordiffuse>99FFFFFF</colordiffuse>
						<include>Common_Keyboard_Button</include>
					</control>
					<control type="image">
						<description>CAPS LOCK button</description>
						<posx>12</posx>
						<posy>80</posy>
						<texture border="20">keyboard_button_off.png</texture>
						<colordiffuse>99FFFFFF</colordiffuse>
						<include>Common_Keyboard_Button</include>
					</control>
					<control type="image">
						<description>'A' button</description>
						<posx>80</posx>
						<posy>80</posy>
						<texture>keyboard_button_off.png</texture>
						<colordiffuse>99FFFFFF</colordiffuse>
						<include>Common_Keyboard_Button</include>
					</control>
					<control type="image">
						<description>'S' button</description>
						<posx>148</posx>
						<posy>80</posy>
						<texture>keyboard_button_off.png</texture>
						<colordiffuse>99FFFFFF</colordiffuse>
						<include>Common_Keyboard_Button</include>
					</control>
					<control type="image">
						<description>'D' button</description>
						<posx>216</posx>
						<posy>80</posy>
						<texture>keyboard_button_off.png</texture>
						<colordiffuse>99FFFFFF</colordiffuse>
						<include>Common_Keyboard_Button</include>
					</control>
					<control type="image">
						<description>'F' button</description>
						<posx>284</posx>
						<posy>80</posy>
						<texture>keyboard_button_off.png</texture>
						<colordiffuse>99FFFFFF</colordiffuse>
						<include>Common_Keyboard_Button</include>
					</control>
					<control type="image">
						<description>'G' button</description>
						<posx>352</posx>
						<posy>80</posy>
						<texture>keyboard_button_off.png</texture>
						<colordiffuse>99FFFFFF</colordiffuse>
						<include>Common_Keyboard_Button</include>
					</control>
					<control type="image">
						<description>'H' button</description>
						<posx>420</posx>
						<posy>80</posy>
						<texture>keyboard_button_off.png</texture>
						<colordiffuse>99FFFFFF</colordiffuse>
						<include>Common_Keyboard_Button</include>
					</control>
					<control type="image">
						<description>'J' button</description>
						<posx>488</posx>
						<posy>80</posy>
						<texture>keyboard_button_off.png</texture>
						<colordiffuse>99FFFFFF</colordiffuse>
						<include>Common_Keyboard_Button</include>
					</control>
					<control type="image">
						<description>'K' button</description>
						<posx>556</posx>
						<posy>80</posy>
						<texture>keyboard_button_off.png</texture>
						<colordiffuse>99FFFFFF</colordiffuse>
						<include>Common_Keyboard_Button</include>
					</control>
					<control type="image">
						<description>'L' button</description>
						<posx>624</posx>
						<posy>80</posy>
						<texture>keyboard_button_off.png</texture>
						<colordiffuse>99FFFFFF</colordiffuse>
						<include>Common_Keyboard_Button</include>
					</control>
					<control type="image">
						<description>Shift button</description>
						<posx>12</posx>
						<posy>148</posy>
						<texture border="20">keyboard_button_off.png</texture>
						<colordiffuse>99FFFFFF</colordiffuse>
						<include>Common_Keyboard_Button</include>
					</control>
					<control type="image">
						<description>'Z' button</description>
						<posx>80</posx>
						<posy>148</posy>
						<texture>keyboard_button_off.png</texture>
						<colordiffuse>99FFFFFF</colordiffuse>
						<include>Common_Keyboard_Button</include>
					</control>
					<control type="image">
						<description>'X' button</description>
						<posx>148</posx>
						<posy>148</posy>
						<texture>keyboard_button_off.png</texture>
						<colordiffuse>99FFFFFF</colordiffuse>
						<include>Common_Keyboard_Button</include>
					</control>
					<control type="image">
						<description>'C' button</description>
						<posx>216</posx>
						<posy>148</posy>
						<texture>keyboard_button_off.png</texture>
						<colordiffuse>99FFFFFF</colordiffuse>
						<include>Common_Keyboard_Button</include>
					</control>
					<control type="image">
						<description>'V' button</description>
						<posx>284</posx>
						<posy>148</posy>
						<texture>keyboard_button_off.png</texture>
						<colordiffuse>99FFFFFF</colordiffuse>
						<include>Common_Keyboard_Button</include>
					</control>
					<control type="image">
						<description>'B' button</description>
						<posx>352</posx>
						<posy>148</posy>
						<texture>keyboard_button_off.png</texture>
						<colordiffuse>99FFFFFF</colordiffuse>
						<include>Common_Keyboard_Button</include>
					</control>
					<control type="image">
						<description>'N' button</description>
						<posx>420</posx>
						<posy>148</posy>
						<texture>keyboard_button_off.png</texture>
						<colordiffuse>99FFFFFF</colordiffuse>
						<include>Common_Keyboard_Button</include>
					</control>
					<control type="image">
						<description>'M' button</description>
						<posx>488</posx>
						<posy>148</posy>
						<texture>keyboard_button_off.png</texture>
						<colordiffuse>99FFFFFF</colordiffuse>
						<include>Common_Keyboard_Button</include>
					</control>
					<control type="button" id="23">
						<description>BACKSPACE button</description>
						<animation effect="zoom" end="0,0,135,66" center="auto" time="60">Focus</animation>
						<posx>556</posx>
						<posy>148</posy>
						<width>129</width>
						<height>60</height>
						<onleft>-</onleft>
						<onright>17</onright>
						<onup>-</onup>
						<ondown>330</ondown>
						<texturenofocus>keyboard_backspace.png</texturenofocus>
						<texturefocus>keyboard_backspace_on.png</texturefocus>
						<align>center</align>
						<aligny>center</aligny>
						<font>font23b</font>
						<label>$LOCALIZE[31072]</label>
						<textcolor>white</textcolor>
						<focusedcolor>black</focusedcolor>
					</control>
					<control type="image">
						<description>Symbols button</description>
						<posx>12</posx>
						<posy>216</posy>
						<width>196</width>
						<height>60</height>
						<texture border="20">keyboard_button_off.png</texture>
						<colordiffuse>99FFFFFF</colordiffuse>
					</control>
					<control type="image">
						<description>SPACE button</description>
						<posx>216</posx>
						<posy>216</posy>
						<width>264</width>
						<height>60</height>
						<texture border="20">keyboard_button_off.png</texture>
						<colordiffuse>99FFFFFF</colordiffuse>
					</control>
					<control type="image">
						<description>IP numberbutton</description>
						<posx>488</posx>
						<posy>216</posy>
						<width>196</width>
						<height>60</height>
						<texture border="20">keyboard_button_off.png</texture>
						<colordiffuse>99FFFFFF</colordiffuse>
					</control>
					<control type="button" id="11">
						<description>'1' button</description>
						<posx>726</posx>
						<posy>12</posy>
						<onleft>23</onleft>
						<onright>12</onright>
						<onup>20</onup>
						<ondown>14</ondown>
						<label>12311</label>
						<include>Common_Keyboard_Button</include>
					</control>
					<control type="button" id="12">
						<description>'2' button</description>
						<posx>794</posx>
						<posy>12</posy>
						<onleft>11</onleft>
						<onright>13</onright>
						<onup>10</onup>
						<ondown>15</ondown>
						<label>12312</label>
						<include>Common_Keyboard_Button</include>
					</control>
					<control type="button" id="13">
						<description>'3' button</description>
						<posx>862</posx>
						<posy>12</posy>
						<onleft>12</onleft>
						<onright>11</onright>
						<onup>22</onup>
						<ondown>16</ondown>
						<label>12313</label>
						<include>Common_Keyboard_Button</include>
					</control>
					<control type="button" id="14">
						<description>'4' button</description>
						<posx>726</posx>
						<posy>80</posy>
						<onleft>23</onleft>
						<onright>15</onright>
						<onup>11</onup>
						<ondown>17</ondown>
						<label>12314</label>
						<include>Common_Keyboard_Button</include>
					</control>
					<control type="button" id="15">
						<description>'5' button</description>
						<posx>794</posx>
						<posy>80</posy>
						<onleft>14</onleft>
						<onright>16</onright>
						<onup>12</onup>
						<ondown>18</ondown>
						<label>12315</label>
						<include>Common_Keyboard_Button</include>
					</control>
					<control type="button" id="16">
						<description>'6' button</description>
						<posx>862</posx>
						<posy>80</posy>
						<onleft>15</onleft>
						<onright>14</onright>
						<onup>13</onup>
						<ondown>19</ondown>
						<label>12316</label>
						<include>Common_Keyboard_Button</include>
					</control>
					<control type="button" id="17">
						<description>'7' button</description>
						<posx>726</posx>
						<posy>148</posy>
						<onleft>23</onleft>
						<onright>18</onright>
						<onup>14</onup>
						<ondown>20</ondown>
						<label>12317</label>
						<include>Common_Keyboard_Button</include>
					</control>
					<control type="button" id="18">
						<description>'8' button</description>
						<posx>794</posx>
						<posy>148</posy>
						<onleft>17</onleft>
						<onright>19</onright>
						<onup>15</onup>
						<ondown>10</ondown>
						<label>12318</label>
						<include>Common_Keyboard_Button</include>
					</control>
					<control type="button" id="19">
						<description>'9' button</description>
						<posx>862</posx>
						<posy>148</posy>
						<onleft>18</onleft>
						<onright>17</onright>
						<onup>16</onup>
						<ondown>22</ondown>
						<label>12319</label>
						<include>Common_Keyboard_Button</include>
					</control>
					<control type="button" id="20">
						<description>prev button</description>
						<posx>726</posx>
						<posy>216</posy>
						<onleft>23</onleft>
						<onright>10</onright>
						<onup>17</onup>
						<ondown>330</ondown>
						<label>&lt;</label>
						<include>Common_Keyboard_Button</include>
					</control>
					<control type="button" id="10">
						<description>'0' button</description>
						<posx>794</posx>
						<posy>216</posy>
						<onleft>20</onleft>
						<onright>22</onright>
						<onup>18</onup>
						<ondown>330</ondown>
						<label>12310</label>
						<include>Common_Keyboard_Button</include>
					</control>
					<control type="button" id="22">
						<description>next button</description>
						<posx>862</posx>
						<posy>216</posy>
						<onleft>10</onleft>
						<onright>20</onright>
						<onup>19</onup>
						<ondown>330</ondown>
						<label>&gt;</label>
						<include>Common_Keyboard_Button</include>
					</control>
				</control>
				<control type="grouplist" id="330">
					<posx>28</posx>
					<posy>448</posy>
					<width>500</width>
					<height>33</height>
					<onup>10</onup>
					<itemgap>10</itemgap>
					<orientation>horizontal</orientation>
					<control type="button" id="24">
						<description>Cancel Button</description>
						<width>33</width>
						<height>33</height>
						<texturefocus>icon_cancel_on.png</texturefocus>
						<texturenofocus>icon_cancel.png</texturenofocus>
						<font>-</font>
						<onleft>-</onleft>
						<onclick>Close</onclick>
						<hitrect x="0" y="0" w="100" h="33" />
					</control>
					<control type="label" id="25">
						<visible>!Control.HasFocus(24)</visible>
						<width min="0" max="200">auto</width>
						<height>33</height>
						<label>222</label>
						<font>font23</font>
						<textcolor>grey</textcolor>
					</control>
					<control type="label" id="26">
						<visible>Control.HasFocus(24)</visible>
						<width min="0" max="200">auto</width>
						<height>33</height>
						<label>222</label>
						<font>font23</font>
						<textcolor>green</textcolor>
					</control>
					<control type="label" id="27">
						<width>4</width>
						<height>33</height>
					</control>
					<control type="button" id="21">
						<description>OK Button</description>
						<width>33</width>
						<height>33</height>
						<texturefocus>icon_ok_on.png</texturefocus>
						<texturenofocus>icon_ok.png</texturenofocus>
						<font>-</font>
						<onright>-</onright>
						<hitrect x="0" y="0" w="100" h="33" />
					</control>
					<control type="label" id="22">
						<visible>!Control.HasFocus(21)</visible>
						<width min="0" max="200">auto</width>
						<height>33</height>
						<label>186</label>
						<font>font23</font>
						<textcolor>grey</textcolor>
					</control>
					<control type="label" id="23">
						<visible>Control.HasFocus(21)</visible>
						<width min="0" max="200">auto</width>
						<height>33</height>
						<label>186</label>
						<font>font23</font>
						<textcolor>green</textcolor>
					</control>
				</control>
			</control>
		</control>
	</controls>
</window>