﻿<window id="2002">
	<defaultcontrol always="true">10</defaultcontrol>
	<controls>
		<include>Dialog_Popup_Background</include>
		<control type="group">
			<include>Dialog_Popup_Animation</include>
			<posx>377</posx>
			<posy>217</posy>
			<control type="image">
				<description>dialog background</description>
				<posx>0</posx>
				<posy>0</posy>
				<width>524</width>
				<height>286</height>
				<texture>dialog_background.png</texture>
			</control>
			<control type="label" id="1">
				<description>heading label</description>
				<posx>25</posx>
				<posy>30</posy>
				<width>475</width>
				<height>30</height>
				<align>left</align>
				<aligny>center</aligny>
				<font>light28</font>
				<label>-</label>
				<textcolor>white</textcolor>
				<scroll>true</scroll>
			</control>
			<control type="label" id="2">
				<description>dialog line 1</description>
				<posx>25</posx>
				<posy>90</posy>
				<width>475</width>
				<height>20</height>
				<label>-</label>
				<aligny>center</aligny>
				<font>font23</font>
				<textcolor>white</textcolor>
				<scroll>true</scroll>
			</control>
			<control type="label" id="3">
				<description>dialog line 2</description>
				<posx>25</posx>
				<posy>125</posy>
				<width>475</width>
				<height>20</height>
				<label>-</label>
				<aligny>center</aligny>
				<font>font23</font>
				<textcolor>white</textcolor>
				<scroll>true</scroll>
			</control>
			<control type="label" id="4">
				<description>dialog line 3</description>
				<posx>25</posx>
				<posy>160</posy>
				<width>475</width>
				<height>20</height>
				<label>-</label>
				<aligny>center</aligny>
				<font>font23</font>
				<textcolor>white</textcolor>
				<scroll>true</scroll>
			</control>
			<control type="button" id="10">
				<posx>20</posx>
				<posy>235</posy>
				<width>33</width>
				<height>33</height>
				<align>left</align>
				<aligny>top</aligny>
				<textoffsetx>40</textoffsetx>
				<textoffsety>0</textoffsety>
				<textcolor>grey</textcolor>
				<focusedcolor>green</focusedcolor>
				<texturefocus>icon_ok_on.png</texturefocus>
				<texturenofocus>icon_ok.png</texturenofocus>
				<font>font23</font>
				<label>186</label>
				<onup>-</onup>
				<ondown>-</ondown>
				<onleft>-</onleft>
				<onright>-</onright>
				<onclick>-</onclick>
			</control>
			<control type="label">
				<visible>Control.HasFocus(10)</visible>
				<posx>60</posx>
				<posy>235</posy>
				<width>144</width>
				<height>33</height>
				<label>186</label>
				<font>font23</font>
				<textcolor>green</textcolor>
			</control>
		</control>
	</controls>
</window>
