﻿<window type="buttonMenu" id="111">
	<defaultcontrol always="true">8001</defaultcontrol>
	<controls>
		<control type="image">
			<description>background image overlay</description>
			<animation type="WindowOpen">
				<effect type="fade" start="0" end="90" time="1000" delay="0" reversible="false"/>
			</animation>
			<animation type="WindowClose">
				<effect type="fade" start="90" end="0" time="200" delay="0"/>
			</animation>
			<posx>0</posx>
			<posy>0</posy>
			<width>1280</width>
			<height>720</height>
			<texture>black.png</texture>
		</control>
		<control type="grouplist">
			<include>Dialog_Popup_Animation</include>
			<posx>490</posx>
			<posy>113</posy>
			<width>300</width>
			<height>504</height>
			<itemgap>0</itemgap>
			<align>center</align>
			<pagecontrol>-</pagecontrol>
			<orientation>vertical</orientation>
			<onup>-</onup>
			<ondown>-</ondown>
			<onleft>-</onleft>
			<onright>-</onright>
			<control type="image">
				<posx>0</posx>
				<posy>0</posy>
				<width>300</width>
				<height>10</height>
				<texture>shutdown_top.png</texture>
			</control>
			<control type="group">
				<width>300</width>
				<height>74</height>
				<control type="button" id="8001">
					<posx>0</posx>
					<posy>0</posy>
					<width>300</width>
					<height>74</height>
					<texturenofocus>shutdown_center.png</texturenofocus>
					<texturefocus>shutdown_center_on.png</texturefocus>
					<onclick>Quit</onclick>
					<onup>-</onup>
					<ondown>8002</ondown>
					<onleft>Close</onleft>
				</control>
				<control type="image">
					<visible>!Control.HasFocus(8001)</visible>
					<posx>20</posx>
					<posy>12</posy>
					<width>50</width>
					<height>50</height>
					<texture>icon_close.png</texture>
					<colordiffuse>grey</colordiffuse>
				</control>
				<control type="image">
					<visible>Control.HasFocus(8001)</visible>
					<posx>20</posx>
					<posy>12</posy>
					<width>50</width>
					<height>50</height>
					<texture>icon_close_on.png</texture>
				</control>
				<control type="label">
					<visible>!Control.HasFocus(8001)</visible>
					<posx>90</posx>
					<posy>0</posy>
					<width>190</width>
					<height>74</height>
					<aligny>center</aligny>
					<label>13009</label>
					<font>light28</font>
					<textcolor>grey</textcolor>
				</control>
				<control type="label">
					<visible>Control.HasFocus(8001)</visible>
					<posx>90</posx>
					<posy>0</posy>
					<width>190</width>
					<height>74</height>
					<aligny>center</aligny>
					<label>13009</label>
					<font>light28</font>
					<textcolor>green</textcolor>
				</control>
			</control>
			<control type="group">
				<width>300</width>
				<height>74</height>
				<control type="button" id="8002">
					<posx>0</posx>
					<posy>0</posy>
					<width>300</width>
					<height>74</height>
					<texturenofocus>shutdown_center.png</texturenofocus>
					<texturefocus>shutdown_center_on.png</texturefocus>
					<onclick>ToggleFullscreen</onclick>
					<onup>8001</onup>
					<ondown>8003</ondown>
					<onleft>Close</onleft>
				</control>
				<control type="image">
					<visible>!Control.HasFocus(8002)</visible>
					<posx>20</posx>
					<posy>12</posy>
					<width>50</width>
					<height>50</height>
					<texture>icon_windowed.png</texture>
					<colordiffuse>grey</colordiffuse>
				</control>
				<control type="image">
					<visible>Control.HasFocus(8002)</visible>
					<posx>20</posx>
					<posy>12</posy>
					<width>50</width>
					<height>50</height>
					<texture>icon_windowed_on.png</texture>
				</control>
				<control type="label">
					<visible>!Control.HasFocus(8002) + StringCompare(System.ScreenMode,windowed)</visible>
					<posx>90</posx>
					<posy>0</posy>
					<width>190</width>
					<height>74</height>
					<aligny>center</aligny>
					<label>244</label>
					<font>light28</font>
					<textcolor>grey</textcolor>
				</control>
				<control type="label">
					<visible>Control.HasFocus(8002) + StringCompare(System.ScreenMode,windowed)</visible>
					<posx>90</posx>
					<posy>0</posy>
					<width>190</width>
					<height>74</height>
					<aligny>center</aligny>
					<label>244</label>
					<font>light28</font>
					<textcolor>green</textcolor>
				</control>
				<control type="label">
					<visible>!Control.HasFocus(8002) + !StringCompare(System.ScreenMode,windowed)</visible>
					<posx>90</posx>
					<posy>0</posy>
					<width>190</width>
					<height>74</height>
					<aligny>center</aligny>
					<label>242</label>
					<font>light28</font>
					<textcolor>grey</textcolor>
				</control>
				<control type="label">
					<visible>Control.HasFocus(8002) + !StringCompare(System.ScreenMode,windowed)</visible>
					<posx>90</posx>
					<posy>0</posy>
					<width>190</width>
					<height>74</height>
					<aligny>center</aligny>
					<label>242</label>
					<font>light28</font>
					<textcolor>green</textcolor>
				</control>
			</control>
			<control type="group">
				<width>300</width>
				<height>74</height>
				<control type="button" id="8003">
					<posx>0</posx>
					<posy>0</posy>
					<width>300</width>
					<height>74</height>
					<texturenofocus>shutdown_center.png</texturenofocus>
					<texturefocus>shutdown_center_on.png</texturefocus>
					<onclick>ShutDown()</onclick>
					<onup>8002</onup>
					<ondown>8004</ondown>
					<onleft>Close</onleft>
				</control>
				<control type="image">
					<visible>!Control.HasFocus(8003)</visible>
					<posx>20</posx>
					<posy>12</posy>
					<width>50</width>
					<height>50</height>
					<texture>icon_poweroff.png</texture>
					<colordiffuse>grey</colordiffuse>
				</control>
				<control type="image">
					<visible>Control.HasFocus(8003)</visible>
					<posx>20</posx>
					<posy>12</posy>
					<width>50</width>
					<height>50</height>
					<texture>icon_poweroff_on.png</texture>
				</control>
				<control type="label">
					<visible>!Control.HasFocus(8003)</visible>
					<posx>90</posx>
					<posy>0</posy>
					<width>190</width>
					<height>74</height>
					<aligny>center</aligny>
					<label>13005</label>
					<font>light28</font>
					<textcolor>grey</textcolor>
				</control>
				<control type="label">
					<visible>Control.HasFocus(8003)</visible>
					<posx>90</posx>
					<posy>0</posy>
					<width>190</width>
					<height>74</height>
					<aligny>center</aligny>
					<label>13005</label>
					<font>light28</font>
					<textcolor>green</textcolor>
				</control>
			</control>
			<control type="group">
				<width>300</width>
				<height>74</height>
				<control type="button" id="8004">
					<visible>!System.HasAlarm(shutdowntimer)</visible>
					<posx>0</posx>
					<posy>0</posy>
					<width>300</width>
					<height>74</height>
					<texturenofocus>shutdown_center.png</texturenofocus>
					<texturefocus>shutdown_center_on.png</texturefocus>
					<onclick>XBMC.AlarmClock(shutdowntimer,XBMC.Shutdown())</onclick>
					<onup>8003</onup>
					<ondown>8005</ondown>
					<onleft>Close</onleft>
				</control>
				<control type="button" id="8004">
					<visible>System.HasAlarm(shutdowntimer)</visible>
					<posx>0</posx>
					<posy>0</posy>
					<width>300</width>
					<height>74</height>
					<texturenofocus>shutdown_center.png</texturenofocus>
					<texturefocus>shutdown_center_on.png</texturefocus>
					<onclick>XBMC.CancelAlarm(shutdowntimer)</onclick>
					<onup>8003</onup>
					<ondown>8005</ondown>
					<onleft>Close</onleft>
				</control>
				<control type="image">
					<visible>!Control.HasFocus(8004)</visible>
					<posx>20</posx>
					<posy>12</posy>
					<width>50</width>
					<height>50</height>
					<texture>icon_clock.png</texture>
					<colordiffuse>grey</colordiffuse>
				</control>
				<control type="image">
					<visible>Control.HasFocus(8004)</visible>
					<posx>20</posx>
					<posy>12</posy>
					<width>50</width>
					<height>50</height>
					<texture>icon_clock_on.png</texture>
				</control>
				<control type="label">
					<visible>!Control.HasFocus(8004) + !System.HasAlarm(shutdowntimer)</visible>
					<posx>90</posx>
					<posy>0</posy>
					<width>190</width>
					<height>74</height>
					<aligny>center</aligny>
					<label>31083</label>
					<font>light28</font>
					<textcolor>grey</textcolor>
				</control>
				<control type="label">
					<visible>Control.HasFocus(8004) + !System.HasAlarm(shutdowntimer)</visible>
					<posx>90</posx>
					<posy>0</posy>
					<width>190</width>
					<height>74</height>
					<aligny>center</aligny>
					<label>31083</label>
					<font>light28</font>
					<textcolor>green</textcolor>
				</control>
				<control type="label">
					<visible>!Control.HasFocus(8004) + System.HasAlarm(shutdowntimer)</visible>
					<posx>90</posx>
					<posy>0</posy>
					<width>190</width>
					<height>74</height>
					<aligny>center</aligny>
					<label>Stop Timer</label>
					<font>light28</font>
					<textcolor>grey</textcolor>
				</control>
				<control type="label">
					<visible>Control.HasFocus(8004) + System.HasAlarm(shutdowntimer)</visible>
					<posx>90</posx>
					<posy>0</posy>
					<width>190</width>
					<height>74</height>
					<aligny>center</aligny>
					<label>Stop Timer</label>
					<font>light28</font>
					<textcolor>green</textcolor>
				</control>
			</control>
			<control type="group">
				<width>300</width>
				<height>74</height>
				<visible>System.CanSuspend</visible>
				<control type="button" id="8005">
					<posx>0</posx>
					<posy>0</posy>
					<width>300</width>
					<height>74</height>
					<texturenofocus>shutdown_center.png</texturenofocus>
					<texturefocus>shutdown_center_on.png</texturefocus>
					<onclick>XBMC.Suspend()</onclick>
					<onup>8004</onup>
					<ondown>8006</ondown>
					<onleft>Close</onleft>
				</control>
				<control type="image">
					<visible>!Control.HasFocus(8005)</visible>
					<posx>20</posx>
					<posy>12</posy>
					<width>50</width>
					<height>50</height>
					<texture>icon_shutdown.png</texture>
					<colordiffuse>grey</colordiffuse>
				</control>
				<control type="image">
					<visible>Control.HasFocus(8005)</visible>
					<posx>20</posx>
					<posy>12</posy>
					<width>50</width>
					<height>50</height>
					<texture>icon_shutdown_on.png</texture>
				</control>
				<control type="label">
					<visible>!Control.HasFocus(8005)</visible>
					<posx>90</posx>
					<posy>0</posy>
					<width>190</width>
					<height>74</height>
					<aligny>center</aligny>
					<label>13011</label>
					<font>light28</font>
					<textcolor>grey</textcolor>
				</control>
				<control type="label">
					<visible>Control.HasFocus(8005)</visible>
					<posx>90</posx>
					<posy>0</posy>
					<width>190</width>
					<height>74</height>
					<aligny>center</aligny>
					<label>13011</label>
					<font>light28</font>
					<textcolor>green</textcolor>
				</control>
			</control>
			<control type="group">
				<width>300</width>
				<height>74</height>
				<visible>System.CanSuspend</visible>
				<control type="button" id="8006">
					<posx>0</posx>
					<posy>0</posy>
					<width>300</width>
					<height>74</height>
					<texturenofocus>shutdown_center.png</texturenofocus>
					<texturefocus>shutdown_center_on.png</texturefocus>
					<onclick>XBMC.Reset()</onclick>
					<onup>8005</onup>
					<ondown>-</ondown>
					<onleft>Close</onleft>
				</control>
				<control type="image">
					<visible>!Control.HasFocus(8006)</visible>
					<posx>20</posx>
					<posy>12</posy>
					<width>50</width>
					<height>50</height>
					<texture>icon_restart.png</texture>
					<colordiffuse>grey</colordiffuse>
				</control>
				<control type="image">
					<visible>Control.HasFocus(8006)</visible>
					<posx>20</posx>
					<posy>12</posy>
					<width>50</width>
					<height>50</height>
					<texture>icon_restart_on.png</texture>
				</control>
				<control type="label">
					<visible>!Control.HasFocus(8006)</visible>
					<posx>90</posx>
					<posy>0</posy>
					<width>190</width>
					<height>74</height>
					<aligny>center</aligny>
					<label>13013</label>
					<font>light28</font>
					<textcolor>grey</textcolor>
				</control>
				<control type="label">
					<visible>Control.HasFocus(8006)</visible>
					<posx>90</posx>
					<posy>0</posy>
					<width>190</width>
					<height>74</height>
					<aligny>center</aligny>
					<label>13013</label>
					<font>light28</font>
					<textcolor>green</textcolor>
				</control>
			</control>
			<control type="image">
				<posx>0</posx>
				<posy>0</posy>
				<width>300</width>
				<height>10</height>
				<texture>shutdown_bottom.png</texture>
				<visible>!Skin.HasSetting(RemoteCloseMessage) + !Skin.HasSetting(MouseCloseMessage)</visible>
			</control>
			<control type="group">
				<width>300</width>
				<height>50</height>
				<visible>Skin.HasSetting(RemoteCloseMessage) | Skin.HasSetting(MouseCloseMessage)</visible>
				<control type="image">
					<posx>0</posx>
					<posy>0</posy>
					<width>300</width>
					<height>50</height>
					<texture>shutdown_bottom_close.png</texture>
				</control>
				<control type="button">
					<posx>0</posx>
					<posy>0</posy>
					<width>300</width>
					<height>50</height>
					<font>font21</font>
					<label>31060</label>
					<textcolor>yellow</textcolor>
					<focusedcolor>red</focusedcolor>
					<textoffsetx>20</textoffsetx>
					<texturefocus>-</texturefocus>
					<texturenofocus>-</texturenofocus>
					<onclick>Close</onclick>
					<visible>Skin.HasSetting(MouseCloseMessage)</visible>
				</control>
				<control type="label">
					<posx>20</posx>
					<posy>0</posy>
					<width>300</width>
					<height>50</height>
					<font>font21</font>
					<label>31062</label>
					<aligny>center</aligny>
					<textcolor>yellow</textcolor>
					<visible>Skin.HasSetting(RemoteCloseMessage)</visible>
				</control>
			</control>
		</control>
	</controls>
</window>
