﻿<fonts>
	<fontset id="Default" unicode="true">

		<!-- Required for system -->
		<font>
			<name>font13</name>
			<filename>xeebo.ttf</filename>
			<size>20</size>
		</font>

		<font>
			<name>font14b</name>
			<filename>xeebo.ttf</filename>
			<size>14</size>
			<style>bold</style>
		</font>
		<font>
			<name>font16</name>
			<filename>xeebo.ttf</filename>
			<size>16</size>
		</font>
		<font>
			<name>font16b</name>
			<filename>xeebo.ttf</filename>
			<size>16</size>
			<style>bold</style>
		</font>
		<font>
			<name>font17</name>
			<filename>xeebo.ttf</filename>
			<size>17</size>
			<linespacing>1</linespacing>
		</font>
		<font>
			<name>font18</name>
			<filename>xeebo.ttf</filename>
			<size>19</size>
			<linespacing>1.0</linespacing>
		</font>
		<font>
			<name>font18b</name>
			<filename>xeebo.ttf</filename>
			<size>19</size>
			<style>bold</style>
			<linespacing>1.0</linespacing>
		</font>
		<font>
			<name>font21</name>
			<filename>xeebo.ttf</filename>
			<size>21</size>
			<linespacing>1.2</linespacing>
		</font>
		<font>
			<name>font21sq</name>
			<filename>xeebo.ttf</filename>
			<size>21</size>
			<linespacing>1.0</linespacing>
		</font>
		<font>
			<name>font21b</name>
			<filename>xeebo.ttf</filename>
			<size>21</size>
			<style>bold</style>
			<linespacing>1.2</linespacing>
		</font>
		<font>
			<name>font23</name>
			<filename>xeebo.ttf</filename>
			<size>23</size>
		</font>
		<font>
			<name>font23b</name>
			<filename>xeebo.ttf</filename>
			<size>23</size>
			<style>bold</style>
		</font>
		<font>
			<name>font24</name>
			<filename>xeebo.ttf</filename>
			<size>24</size>
		</font>
		<font>
			<name>font28</name>
			<filename>xeebo.ttf</filename>
			<size>28</size>
		</font>
		<font>
			<name>font28b</name>
			<filename>xeebo.ttf</filename>
			<size>28</size>
			<style>bold</style>
		</font>
		<font>
			<name>font30</name>
			<filename>xeebo.ttf</filename>
			<size>30</size>
			<style>bold</style>
		</font>
		<font>
			<name>font36</name>
			<filename>xeebo.ttf</filename>
			<size>36</size>
		</font>
		<font>
			<name>font36b</name>
			<filename>xeebo.ttf</filename>
			<size>36</size>
			<style>bold</style>
		</font>
		<font>
			<name>font40</name>
			<filename>xeebo.ttf</filename>
			<size>40</size>
		</font>
		<font>
			<name>font40b</name>
			<filename>xeebo.ttf</filename>
			<size>40</size>
			<style>bold</style>
		</font>
		<font>
			<name>font48</name>
			<filename>xeebo.ttf</filename>
			<size>48</size>
		</font>
		<font>
			<name>font48b</name>
			<filename>xeebo.ttf</filename>
			<size>48</size>
			<style>bold</style>
		</font>
		<font>
			<name>font64</name>
			<filename>xeebo.ttf</filename>
			<size>64</size>
		</font>
		<font>
			<name>font64b</name>
			<filename>xeebo.ttf</filename>
			<size>64</size>
			<style>bold</style>
		</font>
		<font>
			<name>light21</name>
			<filename>xeebo-light.ttf</filename>
			<size>21</size>
		</font>
		<font>
			<name>light21b</name>
			<filename>xeebo-light.ttf</filename>
			<size>21</size>
			<style>bold</style>
		</font>
		<font>
			<name>light23</name>
			<filename>xeebo-light.ttf</filename>
			<size>23</size>
		</font>
		<font>
			<name>light23b</name>
			<filename>xeebo-light.ttf</filename>
			<size>23</size>
			<style>bold</style>
		</font>
		<font>
			<name>light28</name>
			<filename>xeebo-light.ttf</filename>
			<size>28</size>
		</font>
		<font>
			<name>light28b</name>
			<filename>xeebo-light.ttf</filename>
			<size>28</size>
			<style>bold</style>
		</font>
		<font>
			<name>light34</name>
			<filename>xeebo-light.ttf</filename>
			<size>34</size>
		</font>
		<font>
			<name>light34b</name>
			<filename>xeebo-light.ttf</filename>
			<size>34</size>
			<style>bold</style>
		</font>
	</fontset>
	
	
	<fontset id="Arial" unicode="true">

		<!-- Required for system -->
		<font>
			<name>font13</name>
			<filename>arial.ttf</filename>
			<size>20</size>
		</font>

		<font>
			<name>font14b</name>
			<filename>arial.ttf</filename>
			<size>14</size>
			<style>bold</style>
		</font>
		<font>
			<name>font16</name>
			<filename>arial.ttf</filename>
			<size>16</size>
		</font>
		<font>
			<name>font16b</name>
			<filename>arial.ttf</filename>
			<size>16</size>
			<style>bold</style>
		</font>
		<font>
			<name>font17</name>
			<filename>arial.ttf</filename>
			<size>17</size>
			<linespacing>1</linespacing>
		</font>
		<font>
			<name>font18</name>
			<filename>arial.ttf</filename>
			<size>19</size>
			<linespacing>1.0</linespacing>
		</font>
		<font>
			<name>font18b</name>
			<filename>arial.ttf</filename>
			<size>19</size>
			<style>bold</style>
			<linespacing>1.0</linespacing>
		</font>
		<font>
			<name>font21</name>
			<filename>arial.ttf</filename>
			<size>21</size>
			<linespacing>1.2</linespacing>
		</font>
		<font>
			<name>font21sq</name>
			<filename>arial.ttf</filename>
			<size>21</size>
			<linespacing>1.0</linespacing>
		</font>
		<font>
			<name>font21b</name>
			<filename>arial.ttf</filename>
			<size>21</size>
			<style>bold</style>
			<linespacing>1.2</linespacing>
		</font>
		<font>
			<name>font23</name>
			<filename>arial.ttf</filename>
			<size>23</size>
		</font>
		<font>
			<name>font23b</name>
			<filename>arial.ttf</filename>
			<size>23</size>
			<style>bold</style>
		</font>
		<font>
			<name>font24</name>
			<filename>arial.ttf</filename>
			<size>24</size>
		</font>
		<font>
			<name>font28</name>
			<filename>arial.ttf</filename>
			<size>28</size>
		</font>
		<font>
			<name>font28b</name>
			<filename>arial.ttf</filename>
			<size>28</size>
			<style>bold</style>
		</font>
		<font>
			<name>font28b</name>
			<filename>arial.ttf</filename>
			<size>28</size>
			<style>bold</style>
		</font>
		<font>
			<name>font30</name>
			<filename>arial.ttf</filename>
			<size>30</size>
			<style>bold</style>
		</font>
		<font>
			<name>font36</name>
			<filename>arial.ttf</filename>
			<size>36</size>
		</font>
		<font>
			<name>font36b</name>
			<filename>arial.ttf</filename>
			<size>36</size>
			<style>bold</style>
		</font>
		<font>
			<name>font40</name>
			<filename>arial.ttf</filename>
			<size>40</size>
		</font>
		<font>
			<name>font40b</name>
			<filename>arial.ttf</filename>
			<size>40</size>
			<style>bold</style>
		</font>
		<font>
			<name>font48</name>
			<filename>arial.ttf</filename>
			<size>48</size>
		</font>
		<font>
			<name>font48b</name>
			<filename>arial.ttf</filename>
			<size>48</size>
			<style>bold</style>
		</font>
		<font>
			<name>font64</name>
			<filename>arial.ttf</filename>
			<size>64</size>
		</font>
		<font>
			<name>font64b</name>
			<filename>arial.ttf</filename>
			<size>64</size>
			<style>bold</style>
		</font>
		<font>
			<name>light21</name>
			<filename>arial.ttf</filename>
			<size>21</size>
		</font>
		<font>
			<name>light21b</name>
			<filename>arial.ttf</filename>
			<size>21</size>
			<style>bold</style>
		</font>
		<font>
			<name>light23</name>
			<filename>arial.ttf</filename>
			<size>23</size>
		</font>
		<font>
			<name>light23b</name>
			<filename>arial.ttf</filename>
			<size>23</size>
			<style>bold</style>
		</font>
		<font>
			<name>light28</name>
			<filename>arial.ttf</filename>
			<size>28</size>
		</font>
		<font>
			<name>light28b</name>
			<filename>arial.ttf</filename>
			<size>28</size>
			<style>bold</style>
		</font>
		<font>
			<name>light34</name>
			<filename>arial.ttf</filename>
			<size>34</size>
		</font>
		<font>
			<name>light34b</name>
			<filename>arial.ttf</filename>
			<size>34</size>
			<style>bold</style>
		</font>
	</fontset>
</fonts>
