﻿<window id="0">
	<defaultcontrol always="true">5042</defaultcontrol>
	<allowoverlay>no</allowoverlay>
	<controls>
		<control type="button" id="5042">
			<posx>-20</posx>
			<posy>-20</posy>
			<width>1</width>
			<height>1</height>
			<texturenofocus>-</texturenofocus>
			<texturefocus>-</texturefocus>
			<font>-</font>
			<info>Weather.Conditions</info>
			<onfocus>RunScript(script.recentlyadded,limit=6&amp;albums=True&amp;unplayed=True)</onfocus>
			<onfocus>RunScript(script.tv.show.next.aired,silent=True)</onfocus>
			<onfocus>SetFocus(9212)</onfocus>
			<visible>Skin.HasSetting(EnableTVNextAired)</visible>
		</control>
		<control type="button" id="5042">
			<posx>-20</posx>
			<posy>-20</posy>
			<width>1</width>
			<height>1</height>
			<texturenofocus>-</texturenofocus>
			<texturefocus>-</texturefocus>
			<font>-</font>
			<info>Weather.Conditions</info>
			<onfocus>RunScript(script.recentlyadded,limit=6&amp;albums=True&amp;unplayed=True)</onfocus>
			<onfocus>SetFocus(9212)</onfocus>
			<visible>!Skin.HasSetting(EnableTVNextAired)</visible>
		</control>
		<include>Common_Background</include>
		<include condition="!Skin.HasSetting(AltHomeStyle)">DefaultHomeStyle</include>
		<include condition="Skin.HasSetting(AltHomeStyle)">AltHomeStyle</include>
	</controls>
</window>
