﻿<includes>
	<include file="defaults.xml"/>
	<include file="CommonViewTypes.xml"/>
	<include file="includes_browse_menu.xml"/>
	<include file="includes_home_alt.xml"/>
	<include file="includes_home_default.xml"/>
	<include file="View_50_MediaLineView.xml"/>
	<include file="View_51_MediaThumbViewMediumPreview.xml"/>
	<include file="View_52_MediaThumbViewMedium.xml"/>
	<include file="View_53_MediaListView.xml"/>
	<include file="View_54_MediaBannerView.xml"/>
	<include file="View_55_MediaThumbViewLarge.xml"/>

	<include name="Window_OpenClose_Animation">
		<animation effect="fade" time="200">WindowOpen</animation>
		<animation effect="fade" time="200">WindowClose</animation>
	</include>
	<include name="dialogeffect">
		<include>Window_OpenClose_Animation</include>
	</include>
	<include name="Dialog_Popup_Background">
		<control type="image">
			<description>background image overlay</description>
			<animation type="WindowOpen">
				<effect type="fade" start="0" end="100" time="200" delay="0"/>
			</animation>
			<animation type="WindowClose">
				<effect type="fade" start="100" end="0" time="200" delay="0"/>
			</animation>
			<posx>0</posx>
			<posy>0</posy>
			<width>1280</width>
			<height>720</height>
			<texture>browse_submenu_overlay.png</texture>
		</control>
	</include>
	<include name="Dialog_Popup_Animation">
		<animation type="WindowOpen">
			<effect type="fade" start="0" end="100" time="200" delay="100"/>
		</animation>
		<animation type="WindowClose">
			<effect type="fade" start="100" end="0" time="200" delay="0"/>
		</animation>
	</include>
	<include name="Window_Fade_Animation">
		<animation type="WindowOpen">
			<effect type="fade" start="0" end="100" time="200"/>
		</animation>
		<animation type="WindowClose">
			<effect type="fade" start="100" end="0" time="200"/>
		</animation>
	</include>
	<include name="Main_Menu_Slide_Animation">
		<animation type="Conditional" condition="Window.IsVisible(custom_51_main_menu.xml)">
			<effect type="fade" start="100" end="90" time="180"/>
			<effect type="slide" start="0,0" end="224,0" time="120"/>
		</animation>
	</include>
	<include name="Main_Menu_Fade_Animation">
		<animation type="Conditional" condition="Window.IsVisible(custom_51_main_menu.xml)">
			<effect type="fade" start="100" end="50" time="180"/>
		</animation>
	</include>
	<include name="List_Item_Visible_Animation">
		<animation type="Visible">
			<effect type="fade" start="60" time="120"/>
			<effect type="zoom" start="99,99" center="auto" time="120" delay="60"/>
		</animation>
	</include>
	<include name="Common_Background">
		<control type="videowindow">
			<posx>0</posx>
			<posy>0</posy>
			<width>1280</width>
			<height>720</height>
			<visible>Player.HasVideo</visible>
		</control>
		<control type="visualisation">
			<posx>0</posx>
			<posy>0</posy>
			<width>1280</width>
			<height>720</height>
			<visible>Player.HasAudio + !IsEmpty(visualisation.name) + !SubString(Window(videolibrary).Property(TvTunesIsAlive),True)</visible>
		</control>
		<control type="group">
			<visible>!Player.HasMedia | [Player.HasAudio + [IsEmpty(visualisation.name) | SubString(Window(videolibrary).Property(TvTunesIsAlive),True)]]</visible>
			<control type="group">
				<visible>!Skin.HasSetting(ShowFanart) | IsEmpty(ListItem.Property(Fanart_Image))</visible>
				<animation effect="fade" start="0" end="100" time="600">Visible</animation>
				<control type="group">
					<visible>!Skin.HasSetting(EnableCustomBG) + !Skin.HasSetting(EnableCustomBGFolder)</visible>
					<control type="image">
						<visible>System.Time(03:00,09:00)</visible>
						<posx>0</posx>
						<posy>0</posy>
						<width>1280</width>
						<height>720</height>
						<texture flipx="true">background_dawn.png</texture>
					</control>
					<control type="image">
						<visible>System.Time(09:00,20:00)</visible>
						<posx>0</posx>
						<posy>0</posy>
						<width>1280</width>
						<height>720</height>
						<texture flipx="true">background_day.png</texture>
					</control>
					<control type="image">
						<visible>System.Time(20:00,03:00)</visible>
						<posx>0</posx>
						<posy>0</posy>
						<width>1280</width>
						<height>720</height>
						<texture flipx="true">background_dusk.png</texture>
					</control>
				</control>
				<control type="image">
					<visible>Skin.HasSetting(EnableCustomBG)</visible>
					<posx>0</posx>
					<posy>0</posy>
					<width>1280</width>
					<height>720</height>
					<info>Skin.String(CustomBG)</info>
					<aspectratio>scale</aspectratio>
				</control>
				<control type="multiimage">
					<visible>Skin.HasSetting(EnableCustomBGFolder)</visible>
					<posx>0</posx>
					<posy>0</posy>
					<width>1280</width>
					<height>720</height>
					<info>Skin.String(CustomBGFolder)</info>
					<timeperimage>10000</timeperimage>
					<fadetime>600</fadetime>
					<randomize>true</randomize>
					<aspectratio>scale</aspectratio>
				</control>
			</control>
			<control type="image" id="7000">
				<posx>0</posx>
				<posy>0</posy>
				<width>1280</width>
				<height>720</height>
				<info>ListItem.Property(Fanart_Image)</info>
				<fadetime>600</fadetime>
				<visible>Skin.HasSetting(ShowFanart) + !IsEmpty(ListItem.Property(Fanart_Image))</visible>
				<animation effect="fade" start="0" end="100" time="600" delay="100">Visible</animation>
			</control>
		</control>
	</include>
	<include name="Common_Browse_Background_Top">
		<control type="image">
			<description>browse background</description>
			<posx>10</posx>
			<posy>10</posy>
			<width>1260</width>
			<height>90</height>
			<texture>browse_background_top.png</texture>
			<animation effect="fade" start="100" end="80" condition="Skin.HasSetting(BackgroundVisibilty_High)">Conditional</animation>
			<animation effect="fade" start="100" end="90" condition="Skin.HasSetting(BackgroundVisibilty_Med)">Conditional</animation>
		</control>
		<include>Common_Now_Playing</include>
	</include>
	<include name="Common_Browse_Background_Bottom">
		<control type="image">
			<description>browse background</description>
			<posx>10</posx>
			<posy>102</posy>
			<width>1260</width>
			<height>608</height>
			<texture>browse_background_bottom.png</texture>
			<animation effect="fade" start="100" end="80" condition="Skin.HasSetting(BackgroundVisibilty_High)">Conditional</animation>
			<animation effect="fade" start="100" end="90" condition="Skin.HasSetting(BackgroundVisibilty_Med)">Conditional</animation>
		</control>
	</include>
	<include name="Common_Info_Background">
		<control type="image">
			<description>info background</description>
			<posx>10</posx>
			<posy>10</posy>
			<width>1260</width>
			<height>700</height>
			<texture>info_background.png</texture>
		</control>
		<include>Common_Now_Playing</include>
	</include>
	<include name="Common_Main_Menu_Button">
		<control type="group">
			<visible>!Window.IsVisible(custom_51_main_menu.xml)</visible>
			<control type="button">
				<description>main menu button</description>
				<animation effect="fade" time="200">VisibleChange</animation>
				<posx>0</posx>
				<posy>286</posy>
				<width>47</width>
				<height>222</height>
				<onup>-</onup>
				<ondown>-</ondown>
				<onleft>-</onleft>
				<onright>-</onright>
				<label>-</label>
				<texturefocus>main_menu_closed_on.png</texturefocus>
				<texturenofocus>main_menu_closed.png</texturenofocus>
				<onclick>ActivateWindow(51)</onclick>
				<onfocus>ActivateWindow(51)</onfocus>
				<animation effect="fade" start="100" end="80" condition="Skin.HasSetting(BackgroundVisibilty_High)">Conditional</animation>
				<animation effect="fade" start="100" end="90" condition="Skin.HasSetting(BackgroundVisibilty_Med)">Conditional</animation>
			</control>
			<control type="image">
				<visible>Player.HasMedia</visible>
				<posx>0</posx>
				<posy>293</posy>
				<width>51</width>
				<height>51</height>
				<texture>icon_nowplaying.png</texture>
				<colordiffuse>yellow</colordiffuse>
			</control>
			<control type="button">
				<description>main menu button</description>
				<posx>0</posx>
				<posy>0</posy>
				<width>2</width>
				<height>720</height>
				<onup>-</onup>
				<ondown>-</ondown>
				<onleft>-</onleft>
				<onright>-</onright>
				<label>-</label>
				<texturefocus>-</texturefocus>
				<texturenofocus>-</texturenofocus>
				<onfocus>ActivateWindow(51)</onfocus>
			</control>
		</control>
	</include>
	<include name="Common_Browse_Menu_Button">
		<control type="group">
			<visible>!ControlGroup(9110).HasFocus + !ControlGroup(9200).HasFocus + !ControlGroup(9300).HasFocus + !ControlGroup(9400).HasFocus + !ControlGroup(9500).HasFocus + !ControlGroup(9600).HasFocus + !ControlGroup(9700).HasFocus</visible>
			<control type="button">
				<description>browse menu button</description>
				<animation effect="fade" time="200">VisibleChange</animation>
				<visible>!ControlGroup(9200).HasFocus | !ControlGroup(9300).HasFocus | !ControlGroup(9400).HasFocus | !ControlGroup(9500).HasFocus | !ControlGroup(9600).HasFocus | !ControlGroup(9700).HasFocus</visible>
				<posx>1233</posx>
				<posy>286</posy>
				<width>47</width>
				<height>222</height>
				<onup>-</onup>
				<ondown>-</ondown>
				<onleft>-</onleft>
				<onright>-</onright>
				<label>-</label>
				<texturefocus>browse_menu_closed_on.png</texturefocus>
				<texturenofocus>browse_menu_closed.png</texturenofocus>
				<onclick>SetFocus(9110)</onclick>
				<onfocus>SetFocus(9110)</onfocus>
				<animation effect="fade" start="100" end="80" condition="Skin.HasSetting(BackgroundVisibilty_High)">Conditional</animation>
				<animation effect="fade" start="100" end="90" condition="Skin.HasSetting(BackgroundVisibilty_Med)">Conditional</animation>
			</control>
			<control type="button">
				<description>browse menu button</description>
				<posx>1278</posx>
				<posy>0</posy>
				<width>2</width>
				<height>720</height>
				<onup>-</onup>
				<ondown>-</ondown>
				<onleft>-</onleft>
				<onright>-</onright>
				<label>-</label>
				<texturefocus>-</texturefocus>
				<texturenofocus>-</texturenofocus>
				<onfocus>SetFocus(9110)</onfocus>
			</control>
		</control>
	</include>
	<include name="Common_Title_Image">
		<posx>0</posx>
		<posy>0</posy>
		<width>32</width>
		<height>32</height>
		<colordiffuse>green</colordiffuse>
	</include>
	<include name="Common_Title_Label">
		<posx>50</posx>
		<posy>0</posy>
		<width>1050</width>
		<height>32</height>
		<align>left</align>
		<aligny>center</aligny>
		<font>light34</font>
		<textcolor>green</textcolor>
	</include>
	<include name="Info_Title_Label">
		<posx>0</posx>
		<posy>0</posy>
		<width>930</width>
		<height>20</height>
		<font>font21b</font>
		<align>left</align>
		<aligny>center</aligny>
		<textcolor>white</textcolor>
		<wrapmultiline>false</wrapmultiline>
	</include>
	<include name="Common_Clock">
		<control type="grouplist">
			<width>600</width>
			<height>48</height>
			<align>right</align>
			<itemgap>0</itemgap>
			<orientation>horizontal</orientation>
			<control type="label">
				<width min="0" max="400">auto</width>
				<height>33</height>
				<info>System.Date</info>
				<aligny>center</aligny>
				<font>font23</font>
				<textcolor>grey</textcolor>
			</control>
			<control type="group">
				<visible>Skin.HasSetting(WeatherIcon)</visible>
				<width>31</width>
				<height>33</height>
				<control type="image">
					<description>left dotted line</description>
					<posx>14</posx>
					<width>3</width>
					<height>33</height>
					<texture>dotted_line_divider.png</texture>
				</control>
			</control>
			<control type="group">
				<visible>Skin.HasSetting(WeatherIcon) + Weather.IsFetched</visible>
				<width>38</width>
				<height>48</height>
				<control type="image">
					<description>Weather image</description>
					<posx>-6</posx>
					<posy>-6</posy>
					<height>48</height>
					<width>48</width>
					<texture>$INFO[Window(Weather).Property(Current.FanartCode),weather/,.png]</texture>
				</control>
			</control>
			<control type="group">
				<visible>Skin.HasSetting(WeatherIcon) + !Weather.IsFetched</visible>
				<width>38</width>
				<height>48</height>
				<control type="image">
					<description>Weather image</description>
					<posx>-6</posx>
					<posy>-6</posy>
					<height>48</height>
					<width>48</width>
					<texture>weather/na.png</texture>
				</control>
			</control>
			<control type="group">
				<width>31</width>
				<height>33</height>
				<control type="image">
					<description>left dotted line</description>
					<posx>14</posx>
					<width>3</width>
					<height>33</height>
					<texture>dotted_line_divider.png</texture>
				</control>
			</control>
			<control type="label">
				<width min="0" max="100">auto</width>
				<height>33</height>
				<info>System.Time(hh:mm)</info>
				<font>font23</font>
				<aligny>center</aligny>
				<textcolor>white</textcolor>
			</control>
			<control type="group">
				<visible>substring(system.time,AM,right) | substring(system.time,PM,right)</visible>
				<width>34</width>
				<height>24</height>
				<control type="image">
					<visible>substring(system.time,AM,right)</visible>
					<posx>6</posx>
					<posy>4</posy>
					<width>28</width>
					<height>24</height>
					<texture>icon_clock_am.png</texture>
					<colordiffuse>medgrey</colordiffuse>
				</control>
				<control type="image">
					<visible>substring(system.time,PM,right)</visible>
					<posx>6</posx>
					<posy>4</posy>
					<width>28</width>
					<height>24</height>
					<texture>icon_clock_pm.png</texture>
					<colordiffuse>medgrey</colordiffuse>
				</control>
			</control>
			<control type="group">
				<visible>Skin.HasSetting(VolumeButton)</visible>
				<width>31</width>
				<height>33</height>
				<control type="image">
					<description>left dotted line</description>
					<posx>14</posx>
					<width>3</width>
					<height>33</height>
					<texture>dotted_line_divider.png</texture>
				</control>
			</control>
			<control type="group">
				<visible>Skin.HasSetting(VolumeButton)</visible>
				<width>42</width>
				<height>32</height>
				<control type="image">
					<posy>2</posy>
					<width>42</width>
					<height>32</height>
					<texture>icon_volume.png</texture>
					<colordiffuse>green</colordiffuse>
				</control>
				<control type="image">
					<posy>2</posy>
					<width>42</width>
					<height>32</height>
					<texture>icon_volume_low.png</texture>
					<colordiffuse>green</colordiffuse>
					<visible>IntegerGreaterThan(Player.Volume,-60)</visible>
				</control>
				<control type="image">
					<posy>2</posy>
					<width>42</width>
					<height>32</height>
					<texture>icon_volume_med.png</texture>
					<colordiffuse>green</colordiffuse>
					<visible>IntegerGreaterThan(Player.Volume,-40)</visible>
				</control>
				<control type="image">
					<posy>2</posy>
					<width>42</width>
					<height>32</height>
					<texture>icon_volume_high.png</texture>
					<colordiffuse>green</colordiffuse>
					<visible>IntegerGreaterThan(Player.Volume,-20)</visible>
				</control>
			</control>
		</control>
	</include>
	<include name="Common_Clock_Short">
		<control type="grouplist">
			<width>104</width>
			<height>33</height>
			<align>right</align>
			<itemgap>0</itemgap>
			<orientation>horizontal</orientation>
			<control type="label">
				<width min="0" max="100">auto</width>
				<height>33</height>
				<info>System.Time(hh:mm)</info>
				<font>font23</font>
				<aligny>center</aligny>
				<textcolor>white</textcolor>
			</control>
			<control type="group">
				<visible>substring(system.time,AM,right) | substring(system.time,PM,right)</visible>
				<width>34</width>
				<height>24</height>
				<control type="image">
					<visible>substring(system.time,AM,right)</visible>
					<posx>6</posx>
					<posy>4</posy>
					<width>28</width>
					<height>24</height>
					<texture>icon_clock_am.png</texture>
					<colordiffuse>medgrey</colordiffuse>
				</control>
				<control type="image">
					<visible>substring(system.time,PM,right)</visible>
					<posx>6</posx>
					<posy>4</posy>
					<width>28</width>
					<height>24</height>
					<texture>icon_clock_pm.png</texture>
					<colordiffuse>medgrey</colordiffuse>
				</control>
			</control>
		</control>
	</include>
	<include name="Common_Item_Num_Label">
		<posx>1200</posx>
		<posy>11</posy>
		<width>200</width>
		<height>20</height>
		<font>font21</font>
		<align>right</align>
		<aligny>center</aligny>
		<textcolor>green</textcolor>
		<label>$INFO[Container.NumItems] Items</label>
	</include>
	<include name="Info_Description_Label">
		<posx>0</posx>
		<posy>40</posy>
		<width>930</width>
		<height>190</height>
		<pagecontrol>110</pagecontrol>
		<font>font21</font>
	</include>
	<include name="OSD_Video_Label">
		<posx>0</posx>
		<posy>0</posy>
		<width>960</width>
		<height>40</height>
		<align>left</align>
		<aligny>center</aligny>
		<haspath>true</haspath>
		<font>light28</font>
		<textcolor>white</textcolor>
		<scroll>true</scroll>
	</include>
	<include name="OSD_Video_Video_Label">
		<label>$INFO[VideoPlayer.Label]</label>
		<visible>IsEmpty(VideoPlayer.Title)</visible>
	</include>
	<include name="OSD_Video_Video_Title">
		<label>$INFO[VideoPlayer.Title]</label>
		<visible>IsEmpty(VideoPlayer.TVShowTitle) + !IsEmpty(VideoPlayer.Title)</visible>
	</include>
	<include name="OSD_Video_TVShow_Label">
		<label>$INFO[VideoPlayer.Title] - $INFO[VideoPlayer.TVshowtitle]</label>
		<visible>!IsEmpty(VideoPlayer.TVShowTitle) + !IsEmpty(VideoPlayer.Title)</visible>
	</include>
	<include name="OSD_Video_Video_Loading_Label">
		<label>$LOCALIZE[31097] - $INFO[Player.CacheLevel,,%] / $INFO[VideoPlayer.Label]</label>
		<visible>!IsEmpty(VideoPlayer.Label) + IsEmpty(VideoPlayer.TVShowTitle) + Player.Caching</visible>
	</include>
	<include name="OSD_Video_TVShow_Loading_Label">
		<label>$LOCALIZE[31097] - $INFO[Player.CacheLevel,,%] / $INFO[VideoPlayer.Title] / $INFO[VideoPlayer.TVshowtitle]</label>
		<visible>!IsEmpty(VideoPlayer.TVShowTitle) + !IsEmpty(VideoPlayer.Title) + Player.Caching</visible>
	</include>
	<include name="OSD_Video_Loading_Label">
		<label>$LOCALIZE[31097] - $INFO[Player.CacheLevel,,%]</label>
		<visible>IsEmpty(VideoPlayer.Label) + IsEmpty(VideoPlayer.TVShowTitle) + Player.Caching</visible>
	</include>
	<include name="Home_Line_Label">
		<posx>24</posx>
		<posy>12</posy>
		<width>180</width>
		<height>72</height>
		<font>light23</font>
		<aligny>top</aligny>
		<wrapmultiline>true</wrapmultiline>
	</include>
	<include name="Common_Now_Playing">
		<control type="group">
			<posx>18</posx>
			<posy>16</posy>
			<visible>Player.HasMedia + !Player.Caching + !Window.IsVisible(progressdialog) + !SubString(Window(videolibrary).Property(TvTunesIsAlive),True)</visible>
			<animation effect="fade" time="200">VisibleChange</animation>
			<control type="fadelabel">
				<description>Now Playing Label (Video Title)</description>
				<visible>IsEmpty(VideoPlayer.Episode)</visible>
				<posx>12</posx>
				<posy>0</posy>
				<width>640</width>
				<height>36</height>
				<textcolor>yellow</textcolor>
				<align>left</align>
				<aligny>center</aligny>
				<font>font23</font>
				<visible>Player.HasVideo</visible>
				<scrollout>false</scrollout>
				<pauseatend>4000</pauseatend>
				<label>$LOCALIZE[31110]: $INFO[VideoPlayer.Title]</label>
			</control>
			<control type="fadelabel">
				<description>Now Playing Label (TV Show Title)</description>
				<visible>!IsEmpty(VideoPlayer.Episode)</visible>
				<posx>12</posx>
				<posy>0</posy>
				<width>640</width>
				<height>36</height>
				<textcolor>yellow</textcolor>
				<align>left</align>
				<aligny>center</aligny>
				<font>font23</font>
				<visible>Player.HasVideo</visible>
				<scrollout>false</scrollout>
				<pauseatend>4000</pauseatend>
				<label>$INFO[VideoPlayer.TVShowTitle,$LOCALIZE[31110]: ]</label>
				<label>$INFO[VideoPlayer.Title,$LOCALIZE[31110]: ]</label>
			</control>
			<control type="fadelabel">
				<description>Now Playing Label (Music Artist)</description>
				<posx>12</posx>
				<posy>0</posy>
				<width>640</width>
				<height>36</height>
				<font>font23</font>
				<textcolor>yellow</textcolor>
				<align>left</align>
				<aligny>center</aligny>
				<visible>Player.HasAudio</visible>
				<scrollout>false</scrollout>
				<pauseatend>4000</pauseatend>
				<label>$INFO[MusicPlayer.Artist,$LOCALIZE[31110]: ]</label>
				<label>$INFO[MusicPlayer.Title,$LOCALIZE[31110]: ]</label>
			</control>
		</control>
	</include>
	<include name="Common_Keyboard_Button">
		<animation effect="zoom" end="110" center="auto" time="60" reversible="true">Focus</animation>
		<width>60</width>
		<height>60</height>
		<texturenofocus>keyboard_button_off.png</texturenofocus>
		<texturefocus>keyboard_button_on.png</texturefocus>
		<align>center</align>
		<aligny>center</aligny>
		<font>font30</font>
		<textoffsetx>0</textoffsetx>
		<textcolor>white</textcolor>
		<focusedcolor>black</focusedcolor>
		<disabledcolor>disabled</disabledcolor>
	</include>
	<include name="HomeViewThumbImage">
		<posx>10</posx>
		<posy>10</posy>
		<width>140</width>
		<height>140</height>
		<texture background="false"/>
	</include>
	<include name="HomeViewThumbFrame">
		<posx>2</posx>
		<posy>2</posy>
		<width>156</width>
		<height>156</height>
		<texture>frame_device_sq.png</texture>
	</include>
	<include name="HomeViewThumbFrameWhite">
		<posx>-2</posx>
		<posy>-2</posy>
		<width>164</width>
		<height>164</height>
		<texture>frame_device_sq_white.png</texture>
		<animation type="Focus">
			<effect type="fade" start="60" time="120"/>
			<effect type="zoom" start="97,97" center="auto" time="120" delay="60"/>
		</animation>
	</include>
	<include name="HomeViewThumbHover">
		<posx>-2</posx>
		<posy>136</posy>
		<width>164</width>
		<height>167</height>
		<texture>hover_frame_device_capsule.png</texture>
	</include>
	<include name="HomeViewThumbLabel">
		<posx>10</posx>
		<posy>165</posy>
		<width>140</width>
		<height>110</height>
		<font>font21sq</font>
		<aligny>top</aligny>
		<wrapmultiline>true</wrapmultiline>
	</include>
	<include name="HomeViewThumbHoverFlip">
		<posx>-2</posx>
		<posy>-143</posy>
		<width>164</width>
		<height>167</height>
		<texture flipy="true">hover_frame_device_capsule.png</texture>
	</include>
	<include name="HomeViewThumbLabelFlip">
		<posx>10</posx>
		<posy>-138</posy>
		<width>140</width>
		<height>110</height>
		<font>font21sq</font>
		<aligny>top</aligny>
		<wrapmultiline>true</wrapmultiline>
	</include>

	<include name="MediaPreviewPaneThumb">
		<control type="grouplist">
			<visible>Control.IsVisible(50) | Control.IsVisible(51)</visible>
			<visible>!Container.OnNext + !Container.OnPrevious</visible>
			<animation effect="fade" start="0" end="100" time="200" delay="100">Visible</animation>
			<posx>870</posx>
			<posy>124</posy>
			<width>358</width>
			<height>578</height>
			<itemgap>8</itemgap>
			<orientation>vertical</orientation>
			<control type="group">
				<width>358</width>
				<height>320</height>
				<control type="image">
					<posx>0</posx>
					<posy>0</posy>
					<width>358</width>
					<height>320</height>
					<info>ListItem.Thumb</info>
					<bordersize>4</bordersize>
					<aspectratio>keep</aspectratio>
					<bordertexture>info_cover_border.png</bordertexture>
					<visible>!IsEmpty(ListItem.Thumb)</visible>
				</control>
				<control type="image">
					<posx>79</posx>
					<posy>120</posy>
					<width>200</width>
					<height>200</height>
					<info>ListItem.Icon</info>
					<aspectratio>keep</aspectratio>
					<visible>IsEmpty(ListItem.Thumb)</visible>
				</control>
			</control>
			<control type="label">
				<info>ListItem.Title</info>
				<width>348</width>
				<height>68</height>
				<font>font23</font>
				<aligny>center</aligny>
				<wrapmultiline>true</wrapmultiline>
				<visible>!IsEmpty(ListItem.Title) + !Container.Content(Albums) + !Container.Content(MusicVideos) + !SubString(Container.FolderPath,videodb://5/)</visible>
			</control>
			<control type="label">
				<info>ListItem.label</info>
				<width>348</width>
				<height>68</height>
				<font>font23</font>
				<aligny>center</aligny>
				<wrapmultiline>true</wrapmultiline>
				<visible>IsEmpty(ListItem.Title) + !Container.Content(Albums) + !Container.Content(MusicVideos)</visible>
			</control>

			<control type="label">
				<visible>Container.Content(Albums) + !IsEmpty(ListItem.Album)</visible>
				<label>$INFO[ListItem.album] [COLOR medgrey]$LOCALIZE[31070][/COLOR] $INFO[ListItem.artist]</label>
				<width>348</width>
				<height>68</height>
				<font>font23</font>
				<aligny>center</aligny>
				<wrapmultiline>true</wrapmultiline>
			</control>
			<control type="label">
				<visible>Container.Content(Albums) + IsEmpty(ListItem.Album)</visible>
				<label>$INFO[ListItem.Label]</label>
				<width>348</width>
				<height>68</height>
				<font>font23</font>
				<aligny>center</aligny>
				<wrapmultiline>true</wrapmultiline>
			</control>
			<control type="label">
				<visible>Container.Content(MusicVideos)</visible>
				<label>$INFO[ListItem.Artist,, - ]$INFO[ListItem.Title]</label>
				<width>348</width>
				<height>68</height>
				<font>font23</font>
				<aligny>center</aligny>
				<wrapmultiline>true</wrapmultiline>
			</control>
			<control type="label">
				<visible>SubString(Container.FolderPath,videodb://5/)</visible>
				<label>$INFO[ListItem.TVShowTitle,, - ]$INFO[ListItem.Title]</label>
				<width>348</width>
				<height>68</height>
				<font>font23</font>
				<aligny>center</aligny>
				<wrapmultiline>true</wrapmultiline>
			</control>
			
			<control type="image">
				<visible>!IsEmpty(ListItem.Label) | !IsEmpty(ListItem.Title)</visible>
				<width>348</width>
				<height>2</height>
				<texture>line_divider.png</texture>
			</control>

			<control type="group">
				<description>plot</description>
				<visible>!Container.Content(Songs)</visible>
				<visible>!IsEmpty(ListItem.PlotOutline) | !IsEmpty(ListItem.Plot) | !IsEmpty(ListItem.Property(Album_Description)) | !IsEmpty(ListItem.Property(Artist_Description)) | !IsEmpty(ListItem.Property(Addon.Description)) | [!IsEmpty(Container.ShowPlot) + !IsEmpty(ListItem.Thumb) + Container.Content(Seasons)]</visible>
				<width>348</width>
				<height>72</height>
				<control type="textbox">
					<description>Review</description>
					<posx>0</posx>
					<posy>-4</posy>
					<width>348</width>
					<height>75</height>
					<font>font18</font>
					<label>$INFO[ListItem.Property(Album_Description)]</label>
				</control>
				<control type="textbox">
					<description>Review</description>
					<posx>0</posx>
					<posy>-4</posy>
					<width>348</width>
					<height>75</height>
					<font>font18</font>
					<label>$INFO[ListItem.Property(Artist_Description)]</label>
				</control>
				<control type="textbox">
					<description>Review</description>
					<posx>0</posx>
					<posy>-4</posy>
					<width>348</width>
					<height>75</height>
					<font>font18</font>
					<label>$INFO[ListItem.Property(Addon.Description)]</label>
				</control>
				<control type="textbox">
					<description>plot</description>
					<posx>0</posx>
					<posy>-4</posy>
					<width>348</width>
					<height>75</height>
					<font>font18</font>
					<info>ListItem.PlotOutline</info>
				</control>
				<control type="textbox">
					<description>plot</description>
					<visible>IsEmpty(ListItem.PlotOutline)</visible>
					<posx>0</posx>
					<posy>-4</posy>
					<width>348</width>
					<height>75</height>
					<font>font18</font>
					<info>ListItem.Plot</info>
				</control>
				<control type="textbox">
					<description>plot</description>
					<visible>!IsEmpty(Container.ShowPlot) + !IsEmpty(ListItem.Thumb) + Container.Content(Seasons) + IsEmpty(ListItem.Plot)</visible>
					<posx>0</posx>
					<posy>-4</posy>
					<width>348</width>
					<height>75</height>
					<font>font18</font>
					<info>Container.ShowPlot</info>
				</control>
			</control>

			<control type="image">
				<visible>!Container.Content(Songs)</visible>
				<visible>!IsEmpty(ListItem.PlotOutline) | !IsEmpty(ListItem.Plot) | !IsEmpty(ListItem.Property(Album_Description)) | !IsEmpty(ListItem.Property(Artist_Description)) | !IsEmpty(ListItem.Property(Addon.Description))</visible>
				<visible>!IsEmpty(ListItem.Duration) | !IsEmpty(ListItem.Year) | !IsEmpty(ListItem.Date) | !IsEmpty(ListItem.Property(Artist_YearsActive))</visible>
				<width>348</width>
				<height>2</height>
				<texture>line_divider.png</texture>
			</control>

			<control type="label">
				<description>Runtime value</description>
				<visible>!IsEmpty(ListItem.duration)</visible>
				<width>348</width>
				<height>20</height>
				<aligny>top</aligny>
				<label>[COLOR grey]$LOCALIZE[2050]:[/COLOR] $INFO[ListItem.duration] $LOCALIZE[12391]</label>
				<font>font21</font>
			</control>
			<control type="label">
				<description>Year value</description>
				<visible>!IsEmpty(ListItem.Year) + IsEmpty(ListItem.Date) + !StringCompare(ListItem.Year,1601)</visible>
				<width>348</width>
				<height>20</height>
				<label>[COLOR grey]$LOCALIZE[31071]:[/COLOR] $INFO[ListItem.Year]</label>
				<font>font21</font>
			</control>
			<control type="label">
				<description>Year value</description>
				<visible>!IsEmpty(ListItem.Year) + IsEmpty(ListItem.Date) + StringCompare(ListItem.Year,1601)</visible>
				<width>348</width>
				<height>20</height>
				<label>[COLOR grey]$LOCALIZE[31071]:[/COLOR] $LOCALIZE[161]</label>
				<font>font21</font>
			</control>
			<control type="label">
				<description>Date value</description>
				<visible>!IsEmpty(ListItem.Year) + !IsEmpty(ListItem.Date) + Container.Content(TVShows)</visible>
				<width>348</width>
				<height>20</height>
				<label>[COLOR grey]$LOCALIZE[31079]:[/COLOR] $INFO[ListItem.Date]</label>
				<font>font21</font>
			</control>
			<control type="label">
				<description>Date value</description>
				<visible>!IsEmpty(ListItem.Year) + !IsEmpty(ListItem.Date) + !Container.Content(TVShows)</visible>
				<width>348</width>
				<height>20</height>
				<label>[COLOR grey]$LOCALIZE[31082]:[/COLOR] $INFO[ListItem.Date]</label>
				<font>font21</font>
			</control>
			<control type="label">
				<description>Date value</description>
				<visible>IsEmpty(ListItem.Year) + !IsEmpty(ListItem.Date)</visible>
				<width>348</width>
				<height>20</height>
				<label>[COLOR grey]$LOCALIZE[552]:[/COLOR] $INFO[ListItem.Date]</label>
				<font>font21</font>
			</control>
			<control type="label">
				<description>Years value</description>
				<visible>!IsEmpty(ListItem.Property(Artist_YearsActive)) + Container.Content(Artists)</visible>
				<width>348</width>
				<height>20</height>
				<label>[COLOR grey]$LOCALIZE[652]:[/COLOR] $INFO[ListItem.Property(Artist_YearsActive)]</label>
				<font>font21</font>
			</control>
			<include condition="Skin.HasSetting(EnableTVNextAired)">TVNextAired</include>
		</control>
	</include>
	<include name="TVNextAired">
		<control type="group">
			<visible>Container.Content(TVShows)</visible>
			<control type="label">
				<description>Next Episode value</description>
				<visible>StringCompare(Window(Home).Property(NextAired.1.ShowTitle),ListItem.Label)</visible>
				<width>348</width>
				<height>20</height>
				<label>$INFO[Window(Home).Property(NextAired.1.NextDate),[COLOR grey]$LOCALIZE[31080]:[/COLOR] ]</label>
				<font>font21</font>
			</control>
			<control type="label">
				<description>Next Episode value</description>
				<visible>StringCompare(Window(Home).Property(NextAired.2.ShowTitle),ListItem.Label)</visible>
				<width>348</width>
				<height>20</height>
				<label>$INFO[Window(Home).Property(NextAired.2.NextDate),[COLOR grey]$LOCALIZE[31080]:[/COLOR] ]</label>
				<font>font21</font>
			</control>
			<control type="label">
				<description>Next Episode value</description>
				<visible>StringCompare(Window(Home).Property(NextAired.3.ShowTitle),ListItem.Label)</visible>
				<width>348</width>
				<height>20</height>
				<label>$INFO[Window(Home).Property(NextAired.3.NextDate),[COLOR grey]$LOCALIZE[31080]:[/COLOR] ]</label>
				<font>font21</font>
			</control>
			<control type="label">
				<description>Next Episode value</description>
				<visible>StringCompare(Window(Home).Property(NextAired.4.ShowTitle),ListItem.Label)</visible>
				<width>348</width>
				<height>20</height>
				<label>$INFO[Window(Home).Property(NextAired.4.NextDate),[COLOR grey]$LOCALIZE[31080]:[/COLOR] ]</label>
				<font>font21</font>
			</control>
			<control type="label">
				<description>Next Episode value</description>
				<visible>StringCompare(Window(Home).Property(NextAired.5.ShowTitle),ListItem.Label)</visible>
				<width>348</width>
				<height>20</height>
				<label>$INFO[Window(Home).Property(NextAired.5.NextDate),[COLOR grey]$LOCALIZE[31080]:[/COLOR] ]</label>
				<font>font21</font>
			</control>
			<control type="label">
				<description>Next Episode value</description>
				<visible>StringCompare(Window(Home).Property(NextAired.6.ShowTitle),ListItem.Label)</visible>
				<width>348</width>
				<height>20</height>
				<label>$INFO[Window(Home).Property(NextAired.6.NextDate),[COLOR grey]$LOCALIZE[31080]:[/COLOR] ]</label>
				<font>font21</font>
			</control>
			<control type="label">
				<description>Next Episode value</description>
				<visible>StringCompare(Window(Home).Property(NextAired.7.ShowTitle),ListItem.Label)</visible>
				<width>348</width>
				<height>20</height>
				<label>$INFO[Window(Home).Property(NextAired.7.NextDate),[COLOR grey]$LOCALIZE[31080]:[/COLOR] ]</label>
				<font>font21</font>
			</control>
			<control type="label">
				<description>Next Episode value</description>
				<visible>StringCompare(Window(Home).Property(NextAired.8.ShowTitle),ListItem.Label)</visible>
				<width>348</width>
				<height>20</height>
				<label>$INFO[Window(Home).Property(NextAired.8.NextDate),[COLOR grey]$LOCALIZE[31080]:[/COLOR] ]</label>
				<font>font21</font>
			</control>
			<control type="label">
				<description>Next Episode value</description>
				<visible>StringCompare(Window(Home).Property(NextAired.9.ShowTitle),ListItem.Label)</visible>
				<width>348</width>
				<height>20</height>
				<label>$INFO[Window(Home).Property(NextAired.9.NextDate),[COLOR grey]$LOCALIZE[31080]:[/COLOR] ]</label>
				<font>font21</font>
			</control>
			<control type="label">
				<description>Next Episode value</description>
				<visible>StringCompare(Window(Home).Property(NextAired.10.ShowTitle),ListItem.Label)</visible>
				<width>348</width>
				<height>20</height>
				<label>$INFO[Window(Home).Property(NextAired.10.NextDate),[COLOR grey]$LOCALIZE[31080]:[/COLOR] ]</label>
				<font>font21</font>
			</control>
			<control type="label">
				<description>Next Episode value</description>
				<visible>StringCompare(Window(Home).Property(NextAired.11.ShowTitle),ListItem.Label)</visible>
				<width>348</width>
				<height>20</height>
				<label>$INFO[Window(Home).Property(NextAired.11.NextDate),[COLOR grey]$LOCALIZE[31080]:[/COLOR] ]</label>
				<font>font21</font>
			</control>
			<control type="label">
				<description>Next Episode value</description>
				<visible>StringCompare(Window(Home).Property(NextAired.12.ShowTitle),ListItem.Label)</visible>
				<width>348</width>
				<height>20</height>
				<label>$INFO[Window(Home).Property(NextAired.12.NextDate),[COLOR grey]$LOCALIZE[31080]:[/COLOR] ]</label>
				<font>font21</font>
			</control>
			<control type="label">
				<description>Next Episode value</description>
				<visible>StringCompare(Window(Home).Property(NextAired.13.ShowTitle),ListItem.Label)</visible>
				<width>348</width>
				<height>20</height>
				<label>$INFO[Window(Home).Property(NextAired.13.NextDate),[COLOR grey]$LOCALIZE[31080]:[/COLOR] ]</label>
				<font>font21</font>
			</control>
			<control type="label">
				<description>Next Episode value</description>
				<visible>StringCompare(Window(Home).Property(NextAired.14.ShowTitle),ListItem.Label)</visible>
				<width>348</width>
				<height>20</height>
				<label>$INFO[Window(Home).Property(NextAired.14.NextDate),[COLOR grey]$LOCALIZE[31080]:[/COLOR] ]</label>
				<font>font21</font>
			</control>
			<control type="label">
				<description>Next Episode value</description>
				<visible>StringCompare(Window(Home).Property(NextAired.15.ShowTitle),ListItem.Label)</visible>
				<width>348</width>
				<height>20</height>
				<label>$INFO[Window(Home).Property(NextAired.15.NextDate),[COLOR grey]$LOCALIZE[31080]:[/COLOR] ]</label>
				<font>font21</font>
			</control>
			<control type="label">
				<description>Next Episode value</description>
				<visible>StringCompare(Window(Home).Property(NextAired.16.ShowTitle),ListItem.Label)</visible>
				<width>348</width>
				<height>20</height>
				<label>$INFO[Window(Home).Property(NextAired.16.NextDate),[COLOR grey]$LOCALIZE[31080]:[/COLOR] ]</label>
				<font>font21</font>
			</control>
			<control type="label">
				<description>Next Episode value</description>
				<visible>StringCompare(Window(Home).Property(NextAired.17.ShowTitle),ListItem.Label)</visible>
				<width>348</width>
				<height>20</height>
				<label>$INFO[Window(Home).Property(NextAired.17.NextDate),[COLOR grey]$LOCALIZE[31080]:[/COLOR] ]</label>
				<font>font21</font>
			</control>
			<control type="label">
				<description>Next Episode value</description>
				<visible>StringCompare(Window(Home).Property(NextAired.18.ShowTitle),ListItem.Label)</visible>
				<width>348</width>
				<height>20</height>
				<label>$INFO[Window(Home).Property(NextAired.18.NextDate),[COLOR grey]$LOCALIZE[31080]:[/COLOR] ]</label>
				<font>font21</font>
			</control>
			<control type="label">
				<description>Next Episode value</description>
				<visible>StringCompare(Window(Home).Property(NextAired.19.ShowTitle),ListItem.Label)</visible>
				<width>348</width>
				<height>20</height>
				<label>$INFO[Window(Home).Property(NextAired.19.NextDate),[COLOR grey]$LOCALIZE[31080]:[/COLOR] ]</label>
				<font>font21</font>
			</control>
			<control type="label">
				<description>Next Episode value</description>
				<visible>StringCompare(Window(Home).Property(NextAired.20.ShowTitle),ListItem.Label)</visible>
				<width>348</width>
				<height>20</height>
				<label>$INFO[Window(Home).Property(NextAired.20.NextDate),[COLOR grey]$LOCALIZE[31080]:[/COLOR] ]</label>
				<font>font21</font>
			</control>
			<control type="label">
				<description>Next Episode value</description>
				<visible>StringCompare(Window(Home).Property(NextAired.21.ShowTitle),ListItem.Label)</visible>
				<width>348</width>
				<height>20</height>
				<label>$INFO[Window(Home).Property(NextAired.21.NextDate),[COLOR grey]$LOCALIZE[31080]:[/COLOR] ]</label>
				<font>font21</font>
			</control>
			<control type="label">
				<description>Next Episode value</description>
				<visible>StringCompare(Window(Home).Property(NextAired.22.ShowTitle),ListItem.Label)</visible>
				<width>348</width>
				<height>20</height>
				<label>$INFO[Window(Home).Property(NextAired.22.NextDate),[COLOR grey]$LOCALIZE[31080]:[/COLOR] ]</label>
				<font>font21</font>
			</control>
			<control type="label">
				<description>Next Episode value</description>
				<visible>StringCompare(Window(Home).Property(NextAired.23.ShowTitle),ListItem.Label)</visible>
				<width>348</width>
				<height>20</height>
				<label>$INFO[Window(Home).Property(NextAired.23.NextDate),[COLOR grey]$LOCALIZE[31080]:[/COLOR] ]</label>
				<font>font21</font>
			</control>
			<control type="label">
				<description>Next Episode value</description>
				<visible>StringCompare(Window(Home).Property(NextAired.24.ShowTitle),ListItem.Label)</visible>
				<width>348</width>
				<height>20</height>
				<label>$INFO[Window(Home).Property(NextAired.24.NextDate),[COLOR grey]$LOCALIZE[31080]:[/COLOR] ]</label>
				<font>font21</font>
			</control>
			<control type="label">
				<description>Next Episode value</description>
				<visible>StringCompare(Window(Home).Property(NextAired.25.ShowTitle),ListItem.Label)</visible>
				<width>348</width>
				<height>20</height>
				<label>$INFO[Window(Home).Property(NextAired.25.NextDate),[COLOR grey]$LOCALIZE[31080]:[/COLOR] ]</label>
				<font>font21</font>
			</control>
			<control type="label">
				<description>Next Episode value</description>
				<visible>StringCompare(Window(Home).Property(NextAired.26.ShowTitle),ListItem.Label)</visible>
				<width>348</width>
				<height>20</height>
				<label>$INFO[Window(Home).Property(NextAired.26.NextDate),[COLOR grey]$LOCALIZE[31080]:[/COLOR] ]</label>
				<font>font21</font>
			</control>
			<control type="label">
				<description>Next Episode value</description>
				<visible>StringCompare(Window(Home).Property(NextAired.27.ShowTitle),ListItem.Label)</visible>
				<width>348</width>
				<height>20</height>
				<label>$INFO[Window(Home).Property(NextAired.27.NextDate),[COLOR grey]$LOCALIZE[31080]:[/COLOR] ]</label>
				<font>font21</font>
			</control>
			<control type="label">
				<description>Next Episode value</description>
				<visible>StringCompare(Window(Home).Property(NextAired.28.ShowTitle),ListItem.Label)</visible>
				<width>348</width>
				<height>20</height>
				<label>$INFO[Window(Home).Property(NextAired.28.NextDate),[COLOR grey]$LOCALIZE[31080]:[/COLOR] ]</label>
				<font>font21</font>
			</control>
			<control type="label">
				<description>Next Episode value</description>
				<visible>StringCompare(Window(Home).Property(NextAired.29.ShowTitle),ListItem.Label)</visible>
				<width>348</width>
				<height>20</height>
				<label>$INFO[Window(Home).Property(NextAired.29.NextDate),[COLOR grey]$LOCALIZE[31080]:[/COLOR] ]</label>
				<font>font21</font>
			</control>
			<control type="label">
				<description>Next Episode value</description>
				<visible>StringCompare(Window(Home).Property(NextAired.30.ShowTitle),ListItem.Label)</visible>
				<width>348</width>
				<height>20</height>
				<label>$INFO[Window(Home).Property(NextAired.30.NextDate),[COLOR grey]$LOCALIZE[31080]:[/COLOR] ]</label>
				<font>font21</font>
			</control>
			<control type="label">
				<description>Next Episode value</description>
				<visible>StringCompare(Window(Home).Property(NextAired.31.ShowTitle),ListItem.Label)</visible>
				<width>348</width>
				<height>20</height>
				<label>$INFO[Window(Home).Property(NextAired.31.NextDate),[COLOR grey]$LOCALIZE[31080]:[/COLOR] ]</label>
				<font>font21</font>
			</control>
			<control type="label">
				<description>Next Episode value</description>
				<visible>StringCompare(Window(Home).Property(NextAired.32.ShowTitle),ListItem.Label)</visible>
				<width>348</width>
				<height>20</height>
				<label>$INFO[Window(Home).Property(NextAired.32.NextDate),[COLOR grey]$LOCALIZE[31080]:[/COLOR] ]</label>
				<font>font21</font>
			</control>
			<control type="label">
				<description>Next Episode value</description>
				<visible>StringCompare(Window(Home).Property(NextAired.33.ShowTitle),ListItem.Label)</visible>
				<width>348</width>
				<height>20</height>
				<label>$INFO[Window(Home).Property(NextAired.33.NextDate),[COLOR grey]$LOCALIZE[31080]:[/COLOR] ]</label>
				<font>font21</font>
			</control>
			<control type="label">
				<description>Next Episode value</description>
				<visible>StringCompare(Window(Home).Property(NextAired.34.ShowTitle),ListItem.Label)</visible>
				<width>348</width>
				<height>20</height>
				<label>$INFO[Window(Home).Property(NextAired.34.NextDate),[COLOR grey]$LOCALIZE[31080]:[/COLOR] ]</label>
				<font>font21</font>
			</control>
			<control type="label">
				<description>Next Episode value</description>
				<visible>StringCompare(Window(Home).Property(NextAired.35.ShowTitle),ListItem.Label)</visible>
				<width>348</width>
				<height>20</height>
				<label>$INFO[Window(Home).Property(NextAired.35.NextDate),[COLOR grey]$LOCALIZE[31080]:[/COLOR] ]</label>
				<font>font21</font>
			</control>
			<control type="label">
				<description>Next Episode value</description>
				<visible>StringCompare(Window(Home).Property(NextAired.36.ShowTitle),ListItem.Label)</visible>
				<width>348</width>
				<height>20</height>
				<label>$INFO[Window(Home).Property(NextAired.36.NextDate),[COLOR grey]$LOCALIZE[31080]:[/COLOR] ]</label>
				<font>font21</font>
			</control>
			<control type="label">
				<description>Next Episode value</description>
				<visible>StringCompare(Window(Home).Property(NextAired.37.ShowTitle),ListItem.Label)</visible>
				<width>348</width>
				<height>20</height>
				<label>$INFO[Window(Home).Property(NextAired.37.NextDate),[COLOR grey]$LOCALIZE[31080]:[/COLOR] ]</label>
				<font>font21</font>
			</control>
			<control type="label">
				<description>Next Episode value</description>
				<visible>StringCompare(Window(Home).Property(NextAired.38.ShowTitle),ListItem.Label)</visible>
				<width>348</width>
				<height>20</height>
				<label>$INFO[Window(Home).Property(NextAired.38.NextDate),[COLOR grey]$LOCALIZE[31080]:[/COLOR] ]</label>
				<font>font21</font>
			</control>
			<control type="label">
				<description>Next Episode value</description>
				<visible>StringCompare(Window(Home).Property(NextAired.39.ShowTitle),ListItem.Label)</visible>
				<width>348</width>
				<height>20</height>
				<label>$INFO[Window(Home).Property(NextAired.39.NextDate),[COLOR grey]$LOCALIZE[31080]:[/COLOR] ]</label>
				<font>font21</font>
			</control>
			<control type="label">
				<description>Next Episode value</description>
				<visible>StringCompare(Window(Home).Property(NextAired.40.ShowTitle),ListItem.Label)</visible>
				<width>348</width>
				<height>20</height>
				<label>$INFO[Window(Home).Property(NextAired.40.NextDate),[COLOR grey]$LOCALIZE[31080]:[/COLOR] ]</label>
				<font>font21</font>
			</control>
			<control type="label">
				<description>Next Episode value</description>
				<visible>StringCompare(Window(Home).Property(NextAired.41.ShowTitle),ListItem.Label)</visible>
				<width>348</width>
				<height>20</height>
				<label>$INFO[Window(Home).Property(NextAired.41.NextDate),[COLOR grey]$LOCALIZE[31080]:[/COLOR] ]</label>
				<font>font21</font>
			</control>
			<control type="label">
				<description>Next Episode value</description>
				<visible>StringCompare(Window(Home).Property(NextAired.42.ShowTitle),ListItem.Label)</visible>
				<width>348</width>
				<height>20</height>
				<label>$INFO[Window(Home).Property(NextAired.42.NextDate),[COLOR grey]$LOCALIZE[31080]:[/COLOR] ]</label>
				<font>font21</font>
			</control>
			<control type="label">
				<description>Next Episode value</description>
				<visible>StringCompare(Window(Home).Property(NextAired.43.ShowTitle),ListItem.Label)</visible>
				<width>348</width>
				<height>20</height>
				<label>$INFO[Window(Home).Property(NextAired.43.NextDate),[COLOR grey]$LOCALIZE[31080]:[/COLOR] ]</label>
				<font>font21</font>
			</control>
			<control type="label">
				<description>Next Episode value</description>
				<visible>StringCompare(Window(Home).Property(NextAired.44.ShowTitle),ListItem.Label)</visible>
				<width>348</width>
				<height>20</height>
				<label>$INFO[Window(Home).Property(NextAired.44.NextDate),[COLOR grey]$LOCALIZE[31080]:[/COLOR] ]</label>
				<font>font21</font>
			</control>
			<control type="label">
				<description>Next Episode value</description>
				<visible>StringCompare(Window(Home).Property(NextAired.45.ShowTitle),ListItem.Label)</visible>
				<width>348</width>
				<height>20</height>
				<label>$INFO[Window(Home).Property(NextAired.45.NextDate),[COLOR grey]$LOCALIZE[31080]:[/COLOR] ]</label>
				<font>font21</font>
			</control>
			<control type="label">
				<description>Next Episode value</description>
				<visible>StringCompare(Window(Home).Property(NextAired.46.ShowTitle),ListItem.Label)</visible>
				<width>348</width>
				<height>20</height>
				<label>$INFO[Window(Home).Property(NextAired.46.NextDate),[COLOR grey]$LOCALIZE[31080]:[/COLOR] ]</label>
				<font>font21</font>
			</control>
			<control type="label">
				<description>Next Episode value</description>
				<visible>StringCompare(Window(Home).Property(NextAired.47.ShowTitle),ListItem.Label)</visible>
				<width>348</width>
				<height>20</height>
				<label>$INFO[Window(Home).Property(NextAired.47.NextDate),[COLOR grey]$LOCALIZE[31080]:[/COLOR] ]</label>
				<font>font21</font>
			</control>
			<control type="label">
				<description>Next Episode value</description>
				<visible>StringCompare(Window(Home).Property(NextAired.48.ShowTitle),ListItem.Label)</visible>
				<width>348</width>
				<height>20</height>
				<label>$INFO[Window(Home).Property(NextAired.48.NextDate),[COLOR grey]$LOCALIZE[31080]:[/COLOR] ]</label>
				<font>font21</font>
			</control>
			<control type="label">
				<description>Next Episode value</description>
				<visible>StringCompare(Window(Home).Property(NextAired.49.ShowTitle),ListItem.Label)</visible>
				<width>348</width>
				<height>20</height>
				<label>$INFO[Window(Home).Property(NextAired.49.NextDate),[COLOR grey]$LOCALIZE[31080]:[/COLOR] ]</label>
				<font>font21</font>
			</control>
			<control type="label">
				<description>Next Episode value</description>
				<visible>StringCompare(Window(Home).Property(NextAired.50.ShowTitle),ListItem.Label)</visible>
				<width>348</width>
				<height>20</height>
				<label>$INFO[Window(Home).Property(NextAired.50.NextDate),[COLOR grey]$LOCALIZE[31080]:[/COLOR] ]</label>
				<font>font21</font>
			</control>
		</control>
	</include>
	<include name="LineViewFrame">
		<posx>0</posx>
		<posy>0</posy>
		<width>754</width>
		<height>44</height>
	</include>
</includes>
