﻿<window id="29">
	<defaultcontrol always="true">52</defaultcontrol>
	<allowoverlay>no</allowoverlay>
	<controls>
		<include>Window_Fade_Animation</include>
		<control type="image">
			<animation effect="fade" start="0" end="100" time="10000">VisibleChange</animation>
			<visible>System.Time(03:00,08:59)</visible>
			<posx>0</posx>
			<posy>0</posy>
			<width>1280</width>
			<height>720</height>
			<texture flipx="true">background_dawn.png</texture>
			<colordiffuse>88ffffff</colordiffuse>
		</control>
		<control type="image">
			<animation effect="fade" start="0" end="100" time="10000">VisibleChange</animation>
			<visible>System.Time(09:00,19:59)</visible>
			<posx>0</posx>
			<posy>0</posy>
			<width>1280</width>
			<height>720</height>
			<texture flipx="true">background_day.png</texture>
			<colordiffuse>88ffffff</colordiffuse>
		</control>
		<control type="image">
			<animation effect="fade" start="0" end="100" time="10000">VisibleChange</animation>
			<visible>System.Time(20:00,02:59)</visible>
			<posx>0</posx>
			<posy>0</posy>
			<width>1280</width>
			<height>720</height>
			<texture flipx="true">background_dusk.png</texture>
			<colordiffuse>88ffffff</colordiffuse>
		</control>
		<control type="list" id="52">
			<posx>440</posx>
			<posy>250</posy>
			<width>400</width>
			<height>321</height>
			<onleft>9000</onleft>
			<onright>9000</onright>
			<onup>-</onup>
			<ondown>9002</ondown>
			<pagecontrol>-</pagecontrol>
			<orientation>vertical</orientation>
			<itemlayout width="400" height="107">
				<control type="image">
					<posx>2</posx>
					<posy>2</posy>
					<width>396</width>
					<height>103</height>
					<texture>list_frame_device.png</texture>
				</control>
				<control type="image">
					<posx>8</posx>
					<posy>8</posy>
					<width>89</width>
					<height>89</height>
					<info>ListItem.Thumb</info>
					<aspectratio>keep</aspectratio>
				</control>
				<control type="label">
					<posx>107</posx>
					<posy>10</posy>
					<width>280</width>
					<height>87</height>
					<font>light28</font>
					<aligny>center</aligny>
					<textcolor>white</textcolor>
					<selectedcolor>white</selectedcolor>
					<align>left</align>
					<label>$INFO[ListItem.Label]</label>
					<wrapmultiline>true</wrapmultiline>
				</control>
			</itemlayout>
			<focusedlayout width="430" height="107">
				<control type="image">
					<posx>2</posx>
					<posy>2</posy>
					<width>396</width>
					<height>103</height>
					<texture>list_frame_device.png</texture>
				</control>
				<control type="image">
					<posx>0</posx>
					<posy>0</posy>
					<width>400</width>
					<height>107</height>
					<texture>list_frame_device_white.png</texture>
					<visible>Control.HasFocus(52)</visible>
					<animation type="Focus">
						<effect type="fade" start="60" time="120"/>
						<effect type="zoom" start="99,97" center="auto" time="120" delay="60"/>
					</animation>
				</control>
				<control type="image">
					<posx>8</posx>
					<posy>8</posy>
					<width>89</width>
					<height>89</height>
					<info>ListItem.Thumb</info>
					<aspectratio>keep</aspectratio>
				</control>
				<control type="label">
					<posx>107</posx>
					<posy>10</posy>
					<width>280</width>
					<height>87</height>
					<font>light28</font>
					<aligny>center</aligny>
					<textcolor>white</textcolor>
					<selectedcolor>white</selectedcolor>
					<align>left</align>
					<label>$INFO[ListItem.Label]</label>
					<wrapmultiline>true</wrapmultiline>
					<visible>!Control.HasFocus(52)</visible>
				</control>
				<control type="label">
					<posx>107</posx>
					<posy>10</posy>
					<width>280</width>
					<height>87</height>
					<font>light28</font>
					<aligny>center</aligny>
					<textcolor>black</textcolor>
					<selectedcolor>black</selectedcolor>
					<align>left</align>
					<label>$INFO[ListItem.Label]</label>
					<wrapmultiline>true</wrapmultiline>
					<visible>Control.HasFocus(52)</visible>
				</control>
			</focusedlayout>
		</control>
		<control type="group" id="9000">
			<posx>50</posx>
			<posy>662</posy>
			<control type="button" id="9001">
				<description>Shutdown</description>
				<posx>0</posx>
				<posy>0</posy>
				<width>33</width>
				<height>33</height>
				<onleft>52</onleft>
				<onright>52</onright>
				<onup>52</onup>
				<ondown>52</ondown>
				<label>31081</label>
				<textcolor>grey</textcolor>
				<focusedcolor>green</focusedcolor>
				<texturefocus>icon_poweroff_on.png</texturefocus>
				<texturenofocus>icon_poweroff_login.png</texturenofocus>
				<font>font23</font>
				<textoffsetx>40</textoffsetx>
				<onclick>ActivateWindow(111)</onclick>
			</control>
			<control type="label">
				<description>Shutdown</description>
				<visible>Control.HasFocus(9001)</visible>
				<posx>40</posx>
				<posy>0</posy>
				<width>200</width>
				<height>33</height>
				<aligny>center</aligny>
				<label>31081</label>
				<textcolor>green</textcolor>
				<font>font23</font>
			</control>
		</control>
		<control type="group">
			<posx>640</posx>
			<posy>666</posy>
			<include>Common_Clock</include>
		</control>
	</controls>
</window>
