﻿<window id="120">
	<defaultcontrol always="true">9103</defaultcontrol>
	<controls>
		<visible>Window.IsActive(Visualisation) + Player.HasAudio</visible>
		<control type="group">
			<animation type="WindowOpen" condition="!Window.IsVisible(seekbar)">
				<effect type="fade" time="200" delay="0"/>
			</animation>
			<animation type="WindowClose" condition="!Window.IsVisible(seekbar)">
				<effect type="fade" time="200" delay="0"/>
			</animation>
			<animation type="Conditional" condition="Window.IsVisible(songinformation)">
				<effect type="fade" start="100" end="0" time="200"/>
			</animation>
			<posx>83</posx>
			<posy>434</posy>
			<control type="group">
				<animation type="WindowOpen" condition="Window.IsVisible(seekbar)">
					<effect type="fade" time="200" delay="0"/>
				</animation>
				<animation type="WindowClose" condition="Window.IsVisible(seekbar)">
					<effect type="fade" time="200" delay="0"/>
				</animation>
				<control type="image">
					<description>background top image</description>
					<visible>!ControlGroup(9000).HasFocus</visible>
					<posx>0</posx>
					<posy>0</posy>
					<width>1114</width>
					<height>56</height>
					<texture>osd_background_top.png</texture>
				</control>
				<control type="image">
					<description>background top image</description>
					<visible>ControlGroup(9000).HasFocus</visible>
					<posx>0</posx>
					<posy>0</posy>
					<width>1114</width>
					<height>56</height>
					<texture>osd_background_top_on.png</texture>
				</control>
				<control type="grouplist" id="9000">
					<animation type="Conditional" condition="Window.IsVisible(visualisationpresetlist)">
						<effect type="fade" start="100" end="50" time="200"/>
					</animation>
					<posx>25</posx>
					<posy>11</posy>
					<width>1000</width>
					<height>33</height>
					<itemgap>12</itemgap>
					<ondown>9100</ondown>
					<orientation>horizontal</orientation>
					<control type="button" id="9002">
						<description>readmore button</description>
						<visible>!IsEmpty(MusicPlayer.Album)</visible>
						<posx>0</posx>
						<posy>0</posy>
						<width>20</width>
						<height>33</height>
						<onleft>-</onleft>
						<texturenofocus>button_info_readmore.png</texturenofocus>
						<texturefocus>button_info_readmore_on.png</texturefocus>
						<font>-</font>
						<onclick>ActivateWindow(135)</onclick>
						<hitrect x="0" y="0" w="100" h="33" />
					</control>
					<control type="label" id="20">
						<visible>!Control.HasFocus(9002)</visible>
						<visible>!IsEmpty(MusicPlayer.Album)</visible>
						<posx>0</posx>
						<posy>0</posy>
						<width min="0" max="200">auto</width>
						<height>33</height>
						<aligny>center</aligny>
						<label>31074</label>
						<textcolor>grey</textcolor>
						<font>font21</font>
					</control>
					<control type="label" id="21">
						<visible>Control.HasFocus(9002)</visible>
						<posx>0</posx>
						<posy>0</posy>
						<width min="0" max="200">auto</width>
						<height>33</height>
						<aligny>center</aligny>
						<label>31074</label>
						<textcolor>green</textcolor>
						<font>font21</font>
					</control>
					<control type="image" id="22">
						<description>left dotted line</description>
						<visible>!IsEmpty(MusicPlayer.Album)</visible>
						<posx>0</posx>
						<posy>0</posy>
						<width>3</width>
						<height>33</height>
						<texture>dotted_line_divider.png</texture>
					</control>
					<control type="button" id="9003">
						<description>Lyrics button</description>
						<visible>IsEmpty(Skin.String(LyricPath))</visible>
						<posx>0</posx>
						<posy>0</posy>
						<width>33</width>
						<height>33</height>
						<texturenofocus>button_info_subtitles.png</texturenofocus>
						<texturefocus>button_info_subtitles_on.png</texturefocus>
						<font>-</font>
						<onclick>Close</onclick>
						<onclick>RunScript(script.cu.lyrics)</onclick>
						<hitrect x="0" y="0" w="100" h="33" />
					</control>
					<control type="button" id="9004">
						<description>Lyrics button</description>
						<visible>!IsEmpty(Skin.String(LyricPath))</visible>
						<posx>0</posx>
						<posy>0</posy>
						<width>33</width>
						<height>33</height>
						<texturenofocus>button_info_subtitles.png</texturenofocus>
						<texturefocus>button_info_subtitles_on.png</texturefocus>
						<font>-</font>
						<onclick>Close</onclick>
						<onclick>RunScript($INFO[Skin.String(LyricPath)])</onclick>
						<hitrect x="0" y="0" w="100" h="33" />
					</control>
					<control type="label" id="23">
						<visible>!Control.HasFocus(9003) + !Control.HasFocus(9004)</visible>
						<posx>0</posx>
						<posy>0</posy>
						<width min="0" max="200">auto</width>
						<height>33</height>
						<aligny>center</aligny>
						<label>31076</label>
						<textcolor>grey</textcolor>
						<font>font21</font>
					</control>
					<control type="label" id="24">
						<visible>Control.HasFocus(9003) | Control.HasFocus(9004)</visible>
						<posx>0</posx>
						<posy>0</posy>
						<width min="0" max="200">auto</width>
						<height>33</height>
						<aligny>center</aligny>
						<label>31076</label>
						<textcolor>green</textcolor>
						<font>font21</font>
					</control>
					<control type="image" id="25">
						<description>left dotted line</description>
						<posx>0</posx>
						<posy>0</posy>
						<width>3</width>
						<height>33</height>
						<texture>dotted_line_divider.png</texture>
					</control>
					<control type="button" id="500">
						<description>Visual Select button</description>
						<posx>0</posx>
						<posy>0</posy>
						<width>33</width>
						<height>33</height>
						<texturenofocus>osd_control_visual_sel.png</texturenofocus>
						<texturefocus>osd_control_visual_sel_on.png</texturefocus>
						<font>-</font>
						<hitrect x="0" y="0" w="100" h="33" />
					</control>
					<control type="label" id="26">
						<visible>!Control.HasFocus(500)</visible>
						<posx>0</posx>
						<posy>0</posy>
						<width min="0" max="200">auto</width>
						<height>33</height>
						<aligny>center</aligny>
						<label>$LOCALIZE[31091] $LOCALIZE[424]</label>
						<textcolor>grey</textcolor>
						<font>font21</font>
					</control>
					<control type="label" id="27">
						<visible>Control.HasFocus(500)</visible>
						<posx>0</posx>
						<posy>0</posy>
						<width min="0" max="200">auto</width>
						<height>33</height>
						<aligny>center</aligny>
						<label>$LOCALIZE[31091] $LOCALIZE[424]</label>
						<textcolor>green</textcolor>
						<font>font21</font>
					</control>
					<control type="image" id="28">
						<description>left dotted line</description>
						<posx>0</posx>
						<posy>0</posy>
						<width>3</width>
						<height>33</height>
						<texture>dotted_line_divider.png</texture>
					</control>
					<control type="button" id="9005">
						<description>Visual Presets button</description>
						<posx>0</posx>
						<posy>0</posy>
						<width>33</width>
						<height>33</height>
						<texturenofocus>osd_control_visual_pre.png</texturenofocus>
						<texturefocus>osd_control_visual_pre_on.png</texturefocus>
						<font>-</font>
						<onclick>ActivateWindow(122)</onclick>
						<hitrect x="0" y="0" w="100" h="33" />
					</control>
					<control type="label" id="29">
						<visible>!Control.HasFocus(9005)</visible>
						<posx>0</posx>
						<posy>0</posy>
						<width min="0" max="200">auto</width>
						<height>33</height>
						<aligny>center</aligny>
						<label>$LOCALIZE[31091] $LOCALIZE[13388]</label>
						<textcolor>grey</textcolor>
						<font>font21</font>
					</control>
					<control type="label" id="30">
						<visible>Control.HasFocus(9005)</visible>
						<posx>0</posx>
						<posy>0</posy>
						<width min="0" max="200">auto</width>
						<height>33</height>
						<aligny>center</aligny>
						<label>$LOCALIZE[31091] $LOCALIZE[13388]</label>
						<textcolor>green</textcolor>
						<font>font21</font>
					</control>
					<control type="image" id="31">
						<description>left dotted line</description>
						<posx>0</posx>
						<posy>0</posy>
						<width>3</width>
						<height>33</height>
						<texture>dotted_line_divider.png</texture>
					</control>
					<control type="button" id="9006">
						<description>Visual Settings button</description>
						<posx>0</posx>
						<posy>0</posy>
						<width>33</width>
						<height>33</height>
						<onright>9007</onright>
						<texturenofocus>button_info_settings.png</texturenofocus>
						<texturefocus>button_info_settings_on.png</texturefocus>
						<font>-</font>
						<onclick>Addon.Default.OpenSettings(xbmc.player.musicviz)</onclick>
						<hitrect x="0" y="0" w="100" h="33" />
					</control>
					<control type="label" id="32">
						<visible>!Control.HasFocus(9006)</visible>
						<posx>0</posx>
						<posy>0</posy>
						<width min="0" max="200">auto</width>
						<height>33</height>
						<aligny>center</aligny>
						<label>$LOCALIZE[31091] $LOCALIZE[5]</label>
						<textcolor>grey</textcolor>
						<font>font21</font>
					</control>
					<control type="label" id="33">
						<visible>Control.HasFocus(9006)</visible>
						<posx>0</posx>
						<posy>0</posy>
						<width min="0" max="200">auto</width>
						<height>33</height>
						<aligny>center</aligny>
						<label>$LOCALIZE[31091] $LOCALIZE[5]</label>
						<textcolor>green</textcolor>
						<font>font21</font>
					</control>
					<control type="image" id="34">
						<description>left dotted line</description>
						<posx>0</posx>
						<posy>0</posy>
						<width>3</width>
						<height>33</height>
						<texture>dotted_line_divider.png</texture>
					</control>
					<control type="button" id="9007">
						<description>Exit fullscreen button</description>
						<posx>0</posx>
						<posy>0</posy>
						<width>33</width>
						<height>33</height>
						<onright>-</onright>
						<texturenofocus>button_info_return.png</texturenofocus>
						<texturefocus>button_info_return_on.png</texturefocus>
						<font>-</font>
						<onclick>Dialog.Close(MusicOSD,true)</onclick>
						<onclick>FullScreen</onclick>
						<hitrect x="0" y="0" w="100" h="33" />
					</control>
					<control type="label" id="35">
						<visible>!Control.HasFocus(9007)</visible>
						<posx>0</posx>
						<posy>0</posy>
						<width min="0" max="200">auto</width>
						<height>33</height>
						<aligny>center</aligny>
						<label>13012</label>
						<textcolor>grey</textcolor>
						<font>font21</font>
					</control>
					<control type="label" id="36">
						<visible>Control.HasFocus(9007)</visible>
						<posx>0</posx>
						<posy>0</posy>
						<width min="0" max="200">auto</width>
						<height>33</height>
						<aligny>center</aligny>
						<label>13012</label>
						<textcolor>green</textcolor>
						<font>font21</font>
					</control>
				</control>
			</control>
			<control type="group">
				<posx>0</posx>
				<posy>56</posy>
				<control type="image">
					<posx>0</posx>
					<posy>0</posy>
					<width>1114</width>
					<height>166</height>
					<texture>osd_background_center.png</texture>
				</control>
				<control type="group">
					<animation type="Conditional" condition="Window.IsVisible(visualisationpresetlist)">
						<effect type="fade" start="100" end="50" time="200"/>
					</animation>
					<posx>5</posx>
					<posy>5</posy>
					<control type="image">
						<posx>0</posx>
						<posy>0</posy>
						<width>156</width>
						<height>156</height>
						<texture>frame_device_sq_white.png</texture>
					</control>
					<control type="image">
						<description>cover image</description>
						<posx>13</posx>
						<posy>13</posy>
						<width>130</width>
						<height>130</height>
						<info>MusicPlayer.Cover</info>
						<aspectratio>keep</aspectratio>
						<bordersize>4</bordersize>
						<bordertexture>info_cover_border.png</bordertexture>
					</control>
				</control>
				<control type="group">
					<animation type="Conditional" condition="Window.IsVisible(visualisationpresetlist)">
						<effect type="fade" start="100" end="50" time="200"/>
					</animation>
					<posx>186</posx>
					<posy>8</posy>
					<control type="group">
						<control type="label">
							<posx>0</posx>
							<posy>0</posy>
							<width>700</width>
							<height>40</height>
							<align>left</align>
							<aligny>center</aligny>
							<font>light28</font>
							<info>MusicPlayer.Title</info>
						</control>
						<control type="label">
							<visible>!IsEmpty(MusicPlayer.Artist) + !IsEmpty(MusicPlayer.Album)</visible>
							<posx>0</posx>
							<posy>37</posy>
							<width>700</width>
							<height>70</height>
							<align>left</align>
							<aligny>top</aligny>
							<font>light28</font>
							<label>$INFO[MusicPlayer.Artist] - $INFO[MusicPlayer.Album]</label>
						</control>
						<control type="label">
							<visible>IsEmpty(MusicPlayer.Artist) + !IsEmpty(MusicPlayer.Album)</visible>
							<posx>0</posx>
							<posy>37</posy>
							<width>700</width>
							<height>70</height>
							<align>left</align>
							<aligny>top</aligny>
							<font>light28</font>
							<label>$INFO[MusicPlayer.Album]</label>
						</control>
						<control type="label">
							<visible>!IsEmpty(MusicPlayer.Artist) + IsEmpty(MusicPlayer.Album)</visible>
							<posx>0</posx>
							<posy>37</posy>
							<width>700</width>
							<height>70</height>
							<align>left</align>
							<aligny>top</aligny>
							<font>light28</font>
							<label>$INFO[MusicPlayer.Artist]</label>
						</control>
						<control type="group">
							<posx>794</posx>
							<posy>10</posy>
							<include>Common_Clock_Short</include>
						</control>
						<control type="label">
							<description>Elapsed Time Label</description>
							<posx>0</posx>
							<posy>79</posy>
							<width>117</width>
							<height>20</height>
							<aligny>center</aligny>
							<font>font23</font>
							<info>Player.Time</info>
						</control>
						<control type="progress">
							<description>Progressbar</description>
							<posx>119</posx>
							<posy>84</posy>
							<width>662</width>
							<height>14</height>
							<info>Player.Progress</info>
							<overlaytexture>-</overlaytexture>
						</control>
						<control type="label">
							<description>Total Time Label</description>
							<posx>900</posx>
							<posy>79</posy>
							<width>117</width>
							<height>20</height>
							<align>right</align>
							<aligny>center</aligny>
							<font>font23</font>
							<info>Player.Duration</info>
						</control>
						<control type="label">
							<description>next track</description>
							<visible>MusicPlayer.HasNext</visible>
							<posx>0</posx>
							<posy>110</posy>
							<width>800</width>
							<height>20</height>
							<align>left</align>
							<aligny>center</aligny>
							<font>light28</font>
							<label>$INFO[MusicPlayer.Offset(1).Title,[COLOR grey]$LOCALIZE[209]:[/COLOR] ]</label>
						</control>
						<control type="image">
							<description>repeat all icon</description>
							<posx>858</posx>
							<posy>105</posy>
							<width>50</width>
							<height>50</height>
							<texture>osd_control_repeat_on.png</texture>
							<visible>Playlist.IsRepeat</visible>
						</control>
						<control type="image">
							<description>repeat icon</description>
							<posx>858</posx>
							<posy>105</posy>
							<width>50</width>
							<height>50</height>
							<texture>osd_control_repeat_one_on.png</texture>
							<visible>Playlist.IsRepeatOne</visible>
						</control>
						<control type="image">
							<description>random icon</description>
							<posx>808</posx>
							<posy>105</posy>
							<width>50</width>
							<height>50</height>
							<texture>osd_control_random_on.png</texture>
							<visible>Playlist.IsRandom</visible>
						</control>
					</control>
				</control>
			</control>
			<control type="group">
				<posx>0</posx>
				<posy>222</posy>
				<control type="image">
					<visible>!ControlGroup(9100).HasFocus + !ControlGroup(9200).HasFocus</visible>
					<posx>0</posx>
					<posy>0</posy>
					<width>1114</width>
					<height>54</height>
					<texture>osd_background_bottom.png</texture>
				</control>
				<control type="image">
					<visible>ControlGroup(9100).HasFocus | ControlGroup(9200).HasFocus</visible>
					<posx>0</posx>
					<posy>0</posy>
					<width>1114</width>
					<height>54</height>
					<texture>osd_background_bottom_on.png</texture>
				</control>
				<control type="label">
					<description>Exit label</description>
					<animation type="Conditional" condition="Window.IsVisible(visualisationpresetlist)">
						<effect type="fade" start="100" end="50" time="200"/>
					</animation>
					<posx>25</posx>
					<posy>4</posy>
					<width>580</width>
					<height>44</height>
					<font>font21</font>
					<label>31061</label>
					<align>left</align>
					<aligny>center</aligny>
					<textcolor>yellow</textcolor>
					<visible>Skin.HasSetting(RemoteCloseMessage)</visible>
				</control>
				<control type="button">
					<animation type="Conditional" condition="Window.IsVisible(visualisationpresetlist)">
						<effect type="fade" start="100" end="50" time="200"/>
					</animation>
					<posx>25</posx>
					<posy>4</posy>
					<width>580</width>
					<height>44</height>
					<font>font21</font>
					<label>31060</label>
					<textcolor>yellow</textcolor>
					<focusedcolor>red</focusedcolor>
					<texturefocus>-</texturefocus>
					<texturenofocus>-</texturenofocus>
					<onclick>Close</onclick>
					<visible>Skin.HasSetting(MouseCloseMessage)</visible>
				</control>
				<control type="grouplist" id="9100">
					<animation type="Conditional" condition="Window.IsVisible(visualisationpresetlist)">
						<effect type="fade" start="100" end="50" time="200"/>
					</animation>
					<animation type="WindowOpen" condition="Window.IsVisible(seekbar)">
						<effect type="fade" time="200" delay="0"/>
					</animation>
					<animation type="WindowClose" condition="Window.IsVisible(seekbar)">
						<effect type="fade" time="200" delay="0"/>
					</animation>
					<posx>417</posx>
					<posy>4</posy>
					<width>280</width>
					<height>46</height>
					<itemgap>0</itemgap>
					<orientation>horizontal</orientation>
					<control type="group">
						<animation effect="zoom" end="120" center="auto" time="60">Focus</animation>
						<width>48</width>
						<height>46</height>
						<control type="button" id="9101">
							<posx>-2</posx>
							<posy>-2</posy>
							<width>50</width>
							<height>50</height>
							<label>-</label>
							<texturenofocus>-</texturenofocus>
							<texturefocus>osd_control_selected.png</texturefocus>
							<onclick>PlayerControl(Previous)</onclick>
							<onup>9000</onup>
							<ondown>Close</ondown>
							<onleft>9106</onleft>
							<onright>9102</onright>
						</control>
						<control type="image">
							<posx>-2</posx>
							<posy>-2</posy>
							<width>50</width>
							<height>50</height>
							<texture>osd_control_skip_back.png</texture>
							<visible>!Control.HasFocus(9101)</visible>
						</control>
						<control type="image">
							<posx>-2</posx>
							<posy>-2</posy>
							<width>50</width>
							<height>50</height>
							<texture>osd_control_skip_back_on.png</texture>
							<visible>Control.HasFocus(9101)</visible>
						</control>
					</control>
					<control type="group">
						<animation effect="zoom" end="120" center="auto" time="60">Focus</animation>
						<width>46</width>
						<height>46</height>
						<control type="button" id="9102">
							<posx>-2</posx>
							<posy>-2</posy>
							<width>50</width>
							<height>50</height>
							<label>-</label>
							<texturenofocus>-</texturenofocus>
							<texturefocus>osd_control_selected.png</texturefocus>
							<onclick>PlayerControl(Rewind)</onclick>
							<onup>9000</onup>
							<ondown>Close</ondown>
							<onleft>9101</onleft>
							<onright>9103</onright>
						</control>
						<control type="image">
							<posx>-2</posx>
							<posy>-2</posy>
							<width>50</width>
							<height>50</height>
							<texture>osd_control_rewind.png</texture>
							<visible>!Control.HasFocus(9102)</visible>
						</control>
						<control type="image">
							<posx>-2</posx>
							<posy>-2</posy>
							<width>50</width>
							<height>50</height>
							<texture>osd_control_rewind_on.png</texture>
							<visible>Control.HasFocus(9102)</visible>
						</control>
					</control>
					<control type="group">
						<animation effect="zoom" end="120" center="auto" time="60">Focus</animation>
						<width>46</width>
						<height>46</height>
						<control type="button" id="9103">
							<posx>-2</posx>
							<posy>-2</posy>
							<width>50</width>
							<height>50</height>
							<label>-</label>
							<texturenofocus>-</texturenofocus>
							<texturefocus>osd_control_selected.png</texturefocus>
							<onclick>PlayerControl(stop)</onclick>
							<onclick>Dialog.Close(365)</onclick>
							<onup>9000</onup>
							<ondown>Close</ondown>
							<onleft>9102</onleft>
							<onright>9104</onright>
						</control>
						<control type="image">
							<posx>-2</posx>
							<posy>-2</posy>
							<width>50</width>
							<height>50</height>
							<texture>osd_control_stop.png</texture>
							<visible>!Control.HasFocus(9103)</visible>
						</control>
						<control type="image">
							<posx>-2</posx>
							<posy>-2</posy>
							<width>50</width>
							<height>50</height>
							<texture>osd_control_stop_on.png</texture>
							<visible>Control.HasFocus(9103)</visible>
						</control>
					</control>
					<control type="group">
						<animation effect="zoom" end="120" center="auto" time="60">Focus</animation>
						<width>46</width>
						<height>46</height>
						<control type="button" id="9104">
							<posx>-2</posx>
							<posy>-2</posy>
							<width>50</width>
							<height>50</height>
							<label>-</label>
							<texturenofocus>-</texturenofocus>
							<texturefocus>osd_control_selected.png</texturefocus>
							<onclick>PlayerControl(play)</onclick>
							<onup>9000</onup>
							<ondown>Close</ondown>
							<onleft>9103</onleft>
							<onright>9105</onright>
						</control>
						<control type="image">
							<posx>-2</posx>
							<posy>-2</posy>
							<width>50</width>
							<height>50</height>
							<texture>osd_control_pause.png</texture>
							<visible>!Player.Paused + !Player.Forwarding + !Player.Rewinding + !Control.HasFocus(9104)</visible>
						</control>
						<control type="image">
							<posx>-2</posx>
							<posy>-2</posy>
							<width>50</width>
							<height>50</height>
							<texture>osd_control_pause_on.png</texture>
							<visible>!Player.Paused + !Player.Forwarding + !Player.Rewinding + Control.HasFocus(9104)</visible>
						</control>
						<control type="image">
							<posx>-2</posx>
							<posy>-2</posy>
							<width>50</width>
							<height>50</height>
							<texture>osd_control_play.png</texture>
							<visible>[Player.Paused | Player.Forwarding | Player.Rewinding] + !Control.HasFocus(9104)</visible>
						</control>
						<control type="image">
							<posx>-2</posx>
							<posy>-2</posy>
							<width>50</width>
							<height>50</height>
							<texture>osd_control_play_on.png</texture>
							<visible>[Player.Paused | Player.Forwarding | Player.Rewinding] + Control.HasFocus(9104)</visible>
						</control>
					</control>
					<control type="group">
						<animation effect="zoom" end="120" center="auto" time="60">Focus</animation>
						<width>46</width>
						<height>46</height>
						<control type="button" id="9105">
							<posx>-2</posx>
							<posy>-2</posy>
							<width>50</width>
							<height>50</height>
							<label>-</label>
							<texturenofocus>-</texturenofocus>
							<texturefocus>osd_control_selected.png</texturefocus>
							<onclick>PlayerControl(Forward)</onclick>
							<onup>9000</onup>
							<ondown>Close</ondown>
							<onleft>9104</onleft>
							<onright>9106</onright>
						</control>
						<control type="image">
							<posx>-2</posx>
							<posy>-2</posy>
							<width>50</width>
							<height>50</height>
							<texture>osd_control_forward.png</texture>
							<visible>!Control.HasFocus(9105)</visible>
						</control>
						<control type="image">
							<posx>-2</posx>
							<posy>-2</posy>
							<width>50</width>
							<height>50</height>
							<texture>osd_control_forward_on.png</texture>
							<visible>Control.HasFocus(9105)</visible>
						</control>
					</control>
					<control type="group">
						<animation effect="zoom" end="120" center="auto" time="60">Focus</animation>
						<width>46</width>
						<height>46</height>
						<control type="button" id="9106">
							<posx>-2</posx>
							<posy>-2</posy>
							<width>50</width>
							<height>50</height>
							<label>-</label>
							<texturenofocus>-</texturenofocus>
							<texturefocus>osd_control_selected.png</texturefocus>
							<onclick>PlayerControl(Next)</onclick>
							<onup>9000</onup>
							<ondown>Close</ondown>
							<onleft>9105</onleft>
							<onright>9200</onright>
						</control>
						<control type="image">
							<posx>-2</posx>
							<posy>-2</posy>
							<width>50</width>
							<height>50</height>
							<texture>osd_control_skip_forward.png</texture>
							<visible>!Control.HasFocus(9106)</visible>
						</control>
						<control type="image">
							<posx>-2</posx>
							<posy>-2</posy>
							<width>50</width>
							<height>50</height>
							<texture>osd_control_skip_forward_on.png</texture>
							<visible>Control.HasFocus(9106)</visible>
						</control>
					</control>
				</control>
				<control type="grouplist" id="9200">
					<animation type="Conditional" condition="Window.IsVisible(visualisationpresetlist)">
						<effect type="fade" start="100" end="50" time="200"/>
					</animation>
					<animation type="WindowOpen" condition="Window.IsVisible(seekbar)">
						<effect type="fade" time="200" delay="0"/>
					</animation>
					<animation type="WindowClose" condition="Window.IsVisible(seekbar)">
						<effect type="fade" time="200" delay="0"/>
					</animation>
					<posx>1000</posx>
					<posy>4</posy>
					<width>280</width>
					<height>46</height>
					<itemgap>0</itemgap>
					<orientation>horizontal</orientation>
					<control type="group">
						<animation effect="zoom" end="120" center="auto" time="60">Focus</animation>
						<width>46</width>
						<height>46</height>
						<control type="button" id="9107">
							<posx>-6</posx>
							<posy>-2</posy>
							<width>50</width>
							<height>50</height>
							<label>-</label>
							<texturenofocus>-</texturenofocus>
							<texturefocus>osd_control_selected.png</texturefocus>
							<onclick>PlayerControl(Random)</onclick>
							<onup>9000</onup>
							<ondown>Close</ondown>
							<onleft>9106</onleft>
							<onright>9108</onright>
						</control>
						<control type="image">
							<posx>-6</posx>
							<posy>-2</posy>
							<width>50</width>
							<height>50</height>
							<texture>osd_control_random.png</texture>
							<visible>!Control.HasFocus(9107) + !Playlist.IsRandom</visible>
						</control>
						<control type="image">
							<posx>-6</posx>
							<posy>-2</posy>
							<width>50</width>
							<height>50</height>
							<texture>osd_control_random_on.png</texture>
							<visible>Control.HasFocus(9107) + !Playlist.IsRandom</visible>
						</control>
						<control type="image">
							<posx>-6</posx>
							<posy>-2</posy>
							<width>50</width>
							<height>50</height>
							<texture>osd_control_random_off.png</texture>
							<visible>!Control.HasFocus(9107) + Playlist.IsRandom</visible>
						</control>
						<control type="image">
							<posx>-6</posx>
							<posy>-2</posy>
							<width>50</width>
							<height>50</height>
							<texture>osd_control_random_off_on.png</texture>
							<visible>Control.HasFocus(9107) + Playlist.IsRandom</visible>
						</control>
					</control>
					<control type="group">
						<animation effect="zoom" end="120" center="auto" time="60">Focus</animation>
						<width>46</width>
						<height>46</height>
						<control type="button" id="9108">
							<posx>-2</posx>
							<posy>-2</posy>
							<width>50</width>
							<height>50</height>
							<label>-</label>
							<texturenofocus>-</texturenofocus>
							<texturefocus>osd_control_selected.png</texturefocus>
							<onclick>PlayerControl(Repeat)</onclick>
							<onup>9000</onup>
							<ondown>Close</ondown>
							<onleft>9107</onleft>
							<onright>-</onright>
						</control>
						<control type="image">
							<posx>-2</posx>
							<posy>-2</posy>
							<width>50</width>
							<height>50</height>
							<texture>osd_control_repeat_one.png</texture>
							<visible>!Control.HasFocus(9108) + Playlist.IsRepeat</visible>
						</control>
						<control type="image">
							<posx>-2</posx>
							<posy>-2</posy>
							<width>50</width>
							<height>50</height>
							<texture>osd_control_repeat_one_on.png</texture>
							<visible>Control.HasFocus(9108) + Playlist.IsRepeat</visible>
						</control>
						<control type="image">
							<posx>-2</posx>
							<posy>-2</posy>
							<width>50</width>
							<height>50</height>
							<texture>osd_control_repeat.png</texture>
							<visible>!Control.HasFocus(9108) + !Playlist.IsRepeat</visible>
						</control>
						<control type="image">
							<posx>-2</posx>
							<posy>-2</posy>
							<width>50</width>
							<height>50</height>
							<texture>osd_control_repeat_on.png</texture>
							<visible>Control.HasFocus(9108) + !Playlist.IsRepeat</visible>
						</control>
						<control type="image">
							<posx>-2</posx>
							<posy>-2</posy>
							<width>50</width>
							<height>50</height>
							<texture>osd_control_repeat_off.png</texture>
							<visible>!Control.HasFocus(9108) + Playlist.IsRepeatOne</visible>
						</control>
						<control type="image">
							<posx>-2</posx>
							<posy>-2</posy>
							<width>50</width>
							<height>50</height>
							<texture>osd_control_repeat_off_on.png</texture>
							<visible>Control.HasFocus(9108) + Playlist.IsRepeatOne</visible>
						</control>
					</control>
				</control>
			</control>
		</control>
	</controls>
</window>
