<window id="501">
	<defaultcontrol always="true">50</defaultcontrol>
	<allowoverlay>yes</allowoverlay>
	<views>50,51,52,53,55</views>
	<controls>
		<include>Common_Background</include>
		<control type="group">
			<include>Common_Browse_Background_Top</include>
			<include>Main_Menu_Slide_Animation</include>
			<control type="group">
				<control type="group">
					<include>Main_Menu_Fade_Animation</include>
					<animation type="Conditional" condition="Window.IsVisible(musicinformation) | Window.IsVisible(songinformation)">
						<effect type="fade" start="100" end="0" time="200"/>
					</animation>
					<description>First Page Video/Music/Photos/Applications</description>
					<posx>32</posx>
					<posy>54</posy>
					<width>1216</width>
					<height>32</height>
					<control type="image" id="110">
						<description>page header tab icon</description>
						<include>Common_Title_Image</include>
						<texture>icon_music.png</texture>
					</control>
					<control type="label">
						<description>header label</description>
						<include>Common_Title_Label</include>
						<label>$LOCALIZE[31011]</label>
					</control>
					<control type="group">
						<description>time group</description>
						<posx>600</posx>
						<posy>-34</posy>
						<include>Common_Clock</include>
					</control>
					<control type="label">
						<description>header label</description>
						<include>Common_Item_Num_Label</include>
					</control>
				</control>
				<control type="group">
					<animation type="Conditional" condition="ControlGroup(9110).IsVisible | ControlGroup(9200).IsVisible | ControlGroup(9300).IsVisible | ControlGroup(9400).IsVisible | ControlGroup(9500).IsVisible | ControlGroup(9600).IsVisible | ControlGroup(9700).IsVisible">
						<effect type="fade" start="100" end="90" time="180"/>
						<effect type="slide" start="0,0" end="-222,0" time="120"/>
					</animation>
					<include>Common_Browse_Background_Bottom</include>
					<control type="group">
						<include>Window_Fade_Animation</include>
						<animation type="Conditional" condition="Window.IsVisible(custom_51_main_menu.xml) | ControlGroup(9110).HasFocus | ControlGroup(9200).HasFocus | ControlGroup(9300).HasFocus | ControlGroup(9400).HasFocus | ControlGroup(9500).HasFocus | ControlGroup(9600).HasFocus | ControlGroup(9700).HasFocus" reversible="true">
							<effect type="fade" start="100" end="50" time="180"/>
						</animation>
						<animation type="Conditional" condition="Window.IsVisible(songinformation) | Window.IsVisible(musicinformation) | Window.IsVisible(progressdialog)">
						</animation>
						<include>MediaListView</include>
						<include>MediaLineView</include>
						<include>MediaThumbViewMedium</include>
						<include>MediaThumbViewMediumPreview</include>
						<include>MediaThumbViewLarge</include>
						<include>MediaPreviewPaneThumb</include>
					</control>
				</control>
				<control type="group">
					<animation type="Conditional" condition="ControlGroup(9110).IsVisible | ControlGroup(9200).IsVisible | ControlGroup(9300).IsVisible | ControlGroup(9400).IsVisible | ControlGroup(9500).IsVisible | ControlGroup(9600).IsVisible | ControlGroup(9700).IsVisible">
						<effect type="slide" start="0,0" end="-222,0" time="120"/>
					</animation>
					<include>Common_Main_Menu_Button</include>
					<include>Common_Browse_Menu_Button</include>
					<control type="group">
						<posx>1271</posx>
						<posy>102</posy>
						<width>220</width>
						<height>608</height>
						<control type="group">
							<control type="grouplist" id="9110">
								<animation type="Conditional" condition="ControlGroup(9200).IsVisible | ControlGroup(9300).IsVisible | ControlGroup(9400).IsVisible | ControlGroup(9500).IsVisible | ControlGroup(9600).IsVisible | ControlGroup(9700).IsVisible">
									<effect type="fade" start="100" end="0" time="180"/>
									<effect type="slide" start="0,0" end="220,0" time="120"/>
								</animation>
								<posx>0</posx>
								<posy>0</posy>
								<width>220</width>
								<height>610</height>
								<itemgap>0</itemgap>
								<pagecontrol>-</pagecontrol>
								<orientation>vertical</orientation>
								<onup>-</onup>
								<ondown>-</ondown>
								<onleft>-</onleft>
								<onright>-</onright>
								<control type="group">
									<description>view button</description>
									<width>220</width>
									<height>74</height>
									<control type="button" id="9111">
										<posx>0</posx>
										<posy>0</posy>
										<width>220</width>
										<height>74</height>
										<texturenofocus>menu_top.png</texturenofocus>
										<texturefocus>menu_top_on.png</texturefocus>
										<onclick>SetFocus(9310)</onclick>
										<onright>-</onright>
										<onup>-</onup>
										<ondown>3</ondown>
										<onleft>SetFocus(50)</onleft>
									</control>
									<control type="image">
										<visible>!Control.HasFocus(9111)</visible>
										<posx>0</posx>
										<posy>0</posy>
										<width>74</width>
										<height>74</height>
										<texture>icon_menu_view.png</texture>
										<colordiffuse>grey</colordiffuse>
									</control>
									<control type="image">
										<visible>Control.HasFocus(9111)</visible>
										<posx>0</posx>
										<posy>0</posy>
										<width>74</width>
										<height>74</height>
										<texture>icon_menu_view.png</texture>
										<colordiffuse>green</colordiffuse>
									</control>
									<control type="label">
										<visible>!Control.HasFocus(9111)</visible>
										<posx>66</posx>
										<posy>0</posy>
										<width>144</width>
										<height>74</height>
										<aligny>center</aligny>
										<label>$LOCALIZE[31133]</label>
										<font>font23</font>
										<textcolor>grey</textcolor>
									</control>
									<control type="label">
										<visible>Control.HasFocus(9111)</visible>
										<posx>66</posx>
										<posy>0</posy>
										<width>144</width>
										<height>74</height>
										<aligny>center</aligny>
										<label>$LOCALIZE[31133]</label>
										<font>font23</font>
										<textcolor>green</textcolor>
										<scroll>true</scroll>
									</control>
								</control>
								<control type="group">
									<description>sort button</description>
									<width>220</width>
									<height>74</height>
									<control type="button" id="3">
										<posx>0</posx>
										<posy>0</posy>
										<width>220</width>
										<height>74</height>
										<font>-</font>
										<texturenofocus>menu_center.png</texturenofocus>
										<texturefocus>menu_center_on.png</texturefocus>
										<onright>-</onright>
										<onup>9111</onup>
										<ondown>4</ondown>
										<onleft>SetFocus(50)</onleft>
									</control>
									<control type="image">
										<visible>!Control.HasFocus(3)</visible>
										<posx>0</posx>
										<posy>0</posy>
										<width>74</width>
										<height>74</height>
										<texture>icon_menu_sort.png</texture>
										<colordiffuse>grey</colordiffuse>
									</control>
									<control type="image">
										<visible>Control.HasFocus(3)</visible>
										<posx>0</posx>
										<posy>0</posy>
										<width>74</width>
										<height>74</height>
										<texture>icon_menu_sort.png</texture>
										<colordiffuse>green</colordiffuse>
									</control>
									<control type="label">
										<visible>!Control.HasFocus(3)</visible>
										<posx>66</posx>
										<posy>0</posy>
										<width>144</width>
										<height>74</height>
										<aligny>center</aligny>
										<label>$INFO[Container.SortMethod]</label>
										<font>font23</font>
										<textcolor>grey</textcolor>
									</control>
									<control type="label">
										<visible>Control.HasFocus(3)</visible>
										<posx>66</posx>
										<posy>0</posy>
										<width>144</width>
										<height>74</height>
										<aligny>center</aligny>
										<label>$INFO[Container.SortMethod]</label>
										<font>font23</font>
										<textcolor>green</textcolor>
										<scroll>true</scroll>
									</control>
								</control>
								<control type="group">
									<description>order button</description>
									<width>220</width>
									<height>74</height>
									<control type="togglebutton" id="4">
										<posx>0</posx>
										<posy>0</posy>
										<width>220</width>
										<height>74</height>
										<label>584</label>
										<altlabel>585</altlabel>
										<font>-</font>
										<texturenofocus>menu_center.png</texturenofocus>
										<texturefocus>menu_center_on.png</texturefocus>
										<alttexturenofocus>menu_center.png</alttexturenofocus>
										<alttexturefocus>menu_center_on.png</alttexturefocus>
										<onright>-</onright>
										<onup>3</onup>
										<ondown>-</ondown>
										<onleft>SetFocus(50)</onleft>
									</control>
									<control type="image">
										<visible>!Control.HasFocus(4)</visible>
										<posx>13</posx>
										<posy>13</posy>
										<width>48</width>
										<height>48</height>
										<texture>icon_a2z.png</texture>
										<colordiffuse>grey</colordiffuse>
									</control>
									<control type="image">
										<visible>Control.HasFocus(4)</visible>
										<posx>13</posx>
										<posy>13</posy>
										<width>48</width>
										<height>48</height>
										<texture>icon_a2z.png</texture>
										<colordiffuse>green</colordiffuse>
									</control>
									<control type="label">
										<visible>!Control.HasFocus(4)</visible>
										<posx>66</posx>
										<posy>0</posy>
										<width>144</width>
										<height>74</height>
										<aligny>center</aligny>
										<label>$INFO[Control.GetLabel(4)]</label>
										<font>font23</font>
										<textcolor>grey</textcolor>
									</control>
									<control type="label">
										<visible>Control.HasFocus(4)</visible>
										<posx>66</posx>
										<posy>0</posy>
										<width>144</width>
										<height>74</height>
										<aligny>center</aligny>
										<label>$INFO[Control.GetLabel(4)]</label>
										<font>font23</font>
										<textcolor>green</textcolor>
										<scroll>true</scroll>
									</control>
								</control>
								<control type="group">
									<width>220</width>
									<height>74</height>
									<control type="button">
										<posx>0</posx>
										<posy>0</posy>
										<width>220</width>
										<height>74</height>
										<texturenofocus>menu_center.png</texturenofocus>
										<texturefocus>menu_center.png</texturefocus>
										<onclick>-</onclick>
									</control>
								</control>
								<control type="group">
									<width>220</width>
									<height>74</height>
									<control type="button">
										<posx>0</posx>
										<posy>0</posy>
										<width>220</width>
										<height>74</height>
										<texturenofocus>menu_center.png</texturenofocus>
										<texturefocus>menu_center.png</texturefocus>
										<onclick>-</onclick>
									</control>
								</control>
								<control type="group">
									<width>220</width>
									<height>74</height>
									<control type="button">
										<posx>0</posx>
										<posy>0</posy>
										<width>220</width>
										<height>74</height>
										<texturenofocus>menu_center.png</texturenofocus>
										<texturefocus>menu_center.png</texturefocus>
										<onclick>-</onclick>
									</control>
								</control>
								<control type="group">
									<width>220</width>
									<height>74</height>
									<control type="button">
										<posx>0</posx>
										<posy>0</posy>
										<width>220</width>
										<height>74</height>
										<texturenofocus>menu_center.png</texturenofocus>
										<texturefocus>menu_center.png</texturefocus>
										<onclick>-</onclick>
									</control>
								</control>
								<control type="group">
									<width>220</width>
									<height>90</height>
									<control type="button">
										<posx>0</posx>
										<posy>0</posy>
										<width>220</width>
										<height>90</height>
										<texturenofocus>menu_bottom.png</texturenofocus>
										<texturefocus>menu_bottom.png</texturefocus>
										<onclick>-</onclick>
									</control>
								</control>
							</control>
							<include>Common_View_Menu</include>
						</control>
					</control>
				</control>
			</control>
		</control>
	</controls>
</window>