<window id="25">
	<defaultcontrol always="true">9999</defaultcontrol>
	<allowoverlay>yes</allowoverlay>
	<views>50,51,52,53,54,55</views>
	<controls>
		<control type="button" id="9999">
			<posx>-10</posx>
			<posy>-10</posy>
			<width>1</width>
			<height>1</height>
			<font>-</font>
			<onfocus>XBMC.RunScript(script.tvtunes,backend=True&amp;loop=False)</onfocus>
			<onfocus>SetFocus(50)</onfocus>
			<texturenofocus>-</texturenofocus>
			<texturefocus>-</texturefocus>
			<visible>Skin.HasSetting(EnableTVTunes) + System.HasAddon(script.tvtunes)</visible>
		</control>
		<control type="button" id="9999">
			<posx>-10</posx>
			<posy>-10</posy>
			<width>1</width>
			<height>1</height>
			<font>-</font>
			<onfocus>SetFocus(50)</onfocus>
			<texturenofocus>-</texturenofocus>
			<texturefocus>-</texturefocus>
			<visible>!Skin.HasSetting(EnableTVTunes) | !System.HasAddon(script.tvtunes)</visible>
		</control>
		<include>Common_Background</include>
		<control type="group">
			<include>Common_Browse_Background_Top</include>
			<include>Main_Menu_Slide_Animation</include>
			<control type="group">
				<control type="group">
					<include>Main_Menu_Fade_Animation</include>
					<animation type="Conditional" condition="Window.IsVisible(movieinformation)">
						<effect type="fade" start="100" end="0" time="200"/>
					</animation>
					<description>First Page Video/Music/Photos/Applications</description>
					<posx>32</posx>
					<posy>54</posy>
					<width>1216</width>
					<height>32</height>
					<control type="image" id="110">
						<description>page header tab icon</description>
						<include>Common_Title_Image</include>
						<texture>icon_video.png</texture>
					</control>
					<control type="label">
						<description>header label</description>
						<include>Common_Title_Label</include>
						<label>$LOCALIZE[20314]</label>
						<visible>!Container.Content(movies) + !Container.Content(tvshows) + !Container.Content(Seasons) + !Container.Content(episodes) + !Container.Content(musicvideos) + !SubString(Container.FolderPath,addons)</visible>
					</control>
					<control type="label">
						<description>header label</description>
						<include>Common_Title_Label</include>
						<label>$LOCALIZE[342]</label>
						<visible>Container.Content(movies)</visible>
					</control>
					<control type="label">
						<description>header label</description>
						<include>Common_Title_Label</include>
						<label>$LOCALIZE[20343]</label>
						<visible>Container.Content(tvshows)</visible>
					</control>
					<control type="label">
						<description>header label</description>
						<include>Common_Title_Label</include>
						<label>$LOCALIZE[20343], $INFO[ListItem.TVShowTitle]</label>
						<visible>Container.Content(Seasons) + !IsEmpty(ListItem.TVShowTitle)</visible>
					</control>
					<control type="label">
						<description>header label</description>
						<include>Common_Title_Label</include>
						<label>$LOCALIZE[20343]</label>
						<visible>Container.Content(Seasons) + IsEmpty(ListItem.TVShowTitle)</visible>
					</control>
					<control type="label">
						<description>header label</description>
						<include>Common_Title_Label</include>
						<label>$LOCALIZE[20343], $INFO[ListItem.TVShowTitle], $LOCALIZE[20373] $INFO[ListItem.Season]</label>
						<visible>Container.Content(episodes) + !IsEmpty(ListItem.TVShowTitle) + !IsEmpty(ListItem.Season)</visible>
					</control>
					<control type="label">
						<description>header label</description>
						<include>Common_Title_Label</include>
						<label>$LOCALIZE[20343], $INFO[ListItem.TVShowTitle]</label>
						<visible>Container.Content(episodes) + !IsEmpty(ListItem.TVShowTitle) + IsEmpty(ListItem.Season)</visible>
					</control>
					<control type="label">
						<description>header label</description>
						<include>Common_Title_Label</include>
						<label>$LOCALIZE[20343]</label>
						<visible>Container.Content(episodes) + IsEmpty(ListItem.TVShowTitle) + IsEmpty(ListItem.Season)</visible>
					</control>
					<control type="label">
						<description>header label</description>
						<include>Common_Title_Label</include>
						<label>$LOCALIZE[20389]</label>
						<visible>Container.Content(musicvideos)</visible>
					</control>
					<control type="label">
						<description>header label</description>
						<include>Common_Title_Label</include>
						<label>$LOCALIZE[1037]</label>
						<visible>SubString(Container.FolderPath,addons)</visible>
					</control>
					<control type="group">
						<description>time group</description>
						<posx>600</posx>
						<posy>-34</posy>
						<include>Common_Clock</include>
					</control>
					<control type="label">
						<description>header label</description>
						<include>Common_Item_Num_Label</include>
					</control>
				</control>
				<control type="group">
					<animation type="Conditional" condition="ControlGroup(9110).IsVisible | ControlGroup(9200).IsVisible | ControlGroup(9300).IsVisible | ControlGroup(9400).IsVisible | ControlGroup(9500).IsVisible | ControlGroup(9600).IsVisible | ControlGroup(9700).IsVisible">
						<effect type="fade" start="100" end="90" time="180"/>
						<effect type="slide" start="0,0" end="-222,0" time="120"/>
					</animation>
					<include>Common_Browse_Background_Bottom</include>
					<control type="group">
						<include>Window_Fade_Animation</include>
						<animation type="Conditional" condition="Window.IsVisible(custom_51_main_menu.xml) | ControlGroup(9110).HasFocus | ControlGroup(9200).HasFocus | ControlGroup(9300).HasFocus | ControlGroup(9400).HasFocus | ControlGroup(9500).HasFocus | ControlGroup(9600).HasFocus | ControlGroup(9700).HasFocus" reversible="true">
							<effect type="fade" start="100" end="50" time="180"/>
						</animation>
						<animation type="Conditional" condition="Window.IsVisible(movieinformation) | Window.IsVisible(progressdialog)">
						</animation>
						<include>MediaListView</include>
						<include>MediaLineView</include>
						<include>MediaThumbViewMedium</include>
						<include>MediaThumbViewMediumPreview</include>
						<include>MediaBannerView</include>
						<include>MediaThumbViewLarge</include>
						<include>MediaPreviewPaneThumb</include>
					</control>
					<control type="label" id="18">
						<posx>120</posx>
						<posy>340</posy>
						<width>700</width>
						<font>light34b</font>
						<textcolor>white</textcolor>
					</control>
				</control>
				<control type="group">
					<animation type="Conditional" condition="ControlGroup(9110).IsVisible | ControlGroup(9200).IsVisible | ControlGroup(9300).IsVisible | ControlGroup(9400).IsVisible | ControlGroup(9500).IsVisible | ControlGroup(9600).IsVisible | ControlGroup(9700).IsVisible">
						<effect type="slide" start="0,0" end="-222,0" time="120"/>
					</animation>
					<include>Common_Main_Menu_Button</include>
					<include>Common_Browse_Menu_Button</include>
					<control type="group">
						<posx>1271</posx>
						<posy>102</posy>
						<width>220</width>
						<height>608</height>
						<control type="group">
							<control type="grouplist" id="9110">
								<animation type="Conditional" condition="ControlGroup(9200).IsVisible | ControlGroup(9300).IsVisible | ControlGroup(9400).IsVisible | ControlGroup(9500).IsVisible | ControlGroup(9600).IsVisible | ControlGroup(9700).IsVisible">
									<effect type="fade" start="100" end="0" time="180"/>
									<effect type="slide" start="0,0" end="220,0" time="120"/>
								</animation>
								<posx>0</posx>
								<posy>0</posy>
								<width>220</width>
								<height>610</height>
								<itemgap>0</itemgap>
								<pagecontrol>-</pagecontrol>
								<orientation>vertical</orientation>
								<onup>-</onup>
								<ondown>-</ondown>
								<onleft>-</onleft>
								<onright>-</onright>
								<control type="group">
									<description>view button</description>
									<width>220</width>
									<height>74</height>
									<control type="button" id="9111">
										<posx>0</posx>
										<posy>0</posy>
										<width>220</width>
										<height>74</height>
										<texturenofocus>menu_top.png</texturenofocus>
										<texturefocus>menu_top_on.png</texturefocus>
										<onclick>SetFocus(9310)</onclick>
										<onright>-</onright>
										<onup>-</onup>
										<ondown>3</ondown>
										<onleft>SetFocus(50)</onleft>
									</control>
									<control type="image">
										<visible>!Control.HasFocus(9111)</visible>
										<posx>0</posx>
										<posy>0</posy>
										<width>74</width>
										<height>74</height>
										<texture>icon_menu_view.png</texture>
										<colordiffuse>grey</colordiffuse>
									</control>
									<control type="image">
										<visible>Control.HasFocus(9111)</visible>
										<posx>0</posx>
										<posy>0</posy>
										<width>74</width>
										<height>74</height>
										<texture>icon_menu_view.png</texture>
										<colordiffuse>green</colordiffuse>
									</control>
									<control type="label">
										<visible>!Control.HasFocus(9111)</visible>
										<posx>66</posx>
										<posy>0</posy>
										<width>144</width>
										<height>74</height>
										<aligny>center</aligny>
										<label>$LOCALIZE[31133]</label>
										<font>font23</font>
										<textcolor>grey</textcolor>
									</control>
									<control type="label">
										<visible>Control.HasFocus(9111)</visible>
										<posx>66</posx>
										<posy>0</posy>
										<width>144</width>
										<height>74</height>
										<aligny>center</aligny>
										<label>$LOCALIZE[31133]</label>
										<font>font23</font>
										<textcolor>green</textcolor>
										<scroll>true</scroll>
									</control>
								</control>
								<control type="group">
									<description>sort button</description>
									<visible>Control.IsEnabled(3)</visible>
									<width>220</width>
									<height>74</height>
									<control type="button" id="3">
										<posx>0</posx>
										<posy>0</posy>
										<width>220</width>
										<height>74</height>
										<font>-</font>
										<texturenofocus>menu_center.png</texturenofocus>
										<texturefocus>menu_center_on.png</texturefocus>
										<onright>-</onright>
										<onup>9111</onup>
										<ondown>4</ondown>
										<onleft>SetFocus(50)</onleft>
									</control>
									<control type="image">
										<visible>!Control.HasFocus(3)</visible>
										<posx>0</posx>
										<posy>0</posy>
										<width>74</width>
										<height>74</height>
										<texture>icon_menu_sort.png</texture>
										<colordiffuse>grey</colordiffuse>
									</control>
									<control type="image">
										<visible>Control.HasFocus(3)</visible>
										<posx>0</posx>
										<posy>0</posy>
										<width>74</width>
										<height>74</height>
										<texture>icon_menu_sort.png</texture>
										<colordiffuse>green</colordiffuse>
									</control>
									<control type="label">
										<visible>!Control.HasFocus(3)</visible>
										<posx>66</posx>
										<posy>0</posy>
										<width>144</width>
										<height>74</height>
										<aligny>center</aligny>
										<label>$INFO[Container.SortMethod]</label>
										<font>font23</font>
										<textcolor>grey</textcolor>
									</control>
									<control type="label">
										<visible>Control.HasFocus(3)</visible>
										<posx>66</posx>
										<posy>0</posy>
										<width>144</width>
										<height>74</height>
										<aligny>center</aligny>
										<label>$INFO[Container.SortMethod]</label>
										<font>font23</font>
										<textcolor>green</textcolor>
										<scroll>true</scroll>
									</control>
								</control>
								<control type="group">
									<description>order button</description>
									<visible>Control.IsEnabled(4)</visible>
									<width>220</width>
									<height>74</height>
									<control type="togglebutton" id="4">
										<posx>0</posx>
										<posy>0</posy>
										<width>220</width>
										<height>74</height>
										<label>584</label>
										<altlabel>585</altlabel>
										<font>-</font>
										<texturenofocus>menu_center.png</texturenofocus>
										<texturefocus>menu_center_on.png</texturefocus>
										<alttexturenofocus>menu_center.png</alttexturenofocus>
										<alttexturefocus>menu_center_on.png</alttexturefocus>
										<onright>-</onright>
										<onup>3</onup>
										<ondown>8</ondown>
										<onleft>SetFocus(50)</onleft>
									</control>
									<control type="image">
										<visible>!Control.HasFocus(4)</visible>
										<posx>13</posx>
										<posy>13</posy>
										<width>48</width>
										<height>48</height>
										<texture>icon_a2z.png</texture>
										<colordiffuse>grey</colordiffuse>
									</control>
									<control type="image">
										<visible>Control.HasFocus(4)</visible>
										<posx>13</posx>
										<posy>13</posy>
										<width>48</width>
										<height>48</height>
										<texture>icon_a2z.png</texture>
										<colordiffuse>green</colordiffuse>
									</control>
									<control type="label">
										<visible>!Control.HasFocus(4)</visible>
										<posx>66</posx>
										<posy>0</posy>
										<width>144</width>
										<height>74</height>
										<aligny>center</aligny>
										<label>$INFO[Control.GetLabel(4)]</label>
										<font>font23</font>
										<textcolor>grey</textcolor>
									</control>
									<control type="label">
										<visible>Control.HasFocus(4)</visible>
										<posx>66</posx>
										<posy>0</posy>
										<width>144</width>
										<height>74</height>
										<aligny>center</aligny>
										<label>$INFO[Control.GetLabel(4)]</label>
										<font>font23</font>
										<textcolor>green</textcolor>
										<scroll>true</scroll>
									</control>
								</control>
								<control type="group">
									<description>Search button</description>
									<width>220</width>
									<height>74</height>
									<control type="button" id="8">
										<posx>0</posx>
										<posy>0</posy>
										<width>220</width>
										<height>74</height>
										<font>-</font>
										<texturenofocus>menu_center.png</texturenofocus>
										<texturefocus>menu_center_on.png</texturefocus>
										<onright>-</onright>
										<onup>4</onup>
										<ondown>19</ondown>
										<onleft>SetFocus(50)</onleft>
									</control>
									<control type="image">
										<visible>!Control.HasFocus(8)</visible>
										<posx>13</posx>
										<posy>13</posy>
										<width>48</width>
										<height>48</height>
										<texture>icon_menu_search.png</texture>
										<colordiffuse>grey</colordiffuse>
									</control>
									<control type="image">
										<visible>Control.HasFocus(8)</visible>
										<posx>13</posx>
										<posy>13</posy>
										<width>48</width>
										<height>48</height>
										<texture>icon_menu_search.png</texture>
										<colordiffuse>green</colordiffuse>
									</control>
									<control type="label">
										<visible>!Control.HasFocus(8)</visible>
										<posx>66</posx>
										<posy>0</posy>
										<width>144</width>
										<height>74</height>
										<aligny>center</aligny>
										<label>137</label>
										<font>font23</font>
										<textcolor>grey</textcolor>
									</control>
									<control type="label">
										<visible>Control.HasFocus(8)</visible>
										<posx>66</posx>
										<posy>0</posy>
										<width>144</width>
										<height>74</height>
										<aligny>center</aligny>
										<label>137</label>
										<font>font23</font>
										<textcolor>green</textcolor>
										<scroll>true</scroll>
									</control>
								</control>
								<control type="group">
									<description>filter button</description>
									<width>220</width>
									<height>74</height>
									<control type="button" id="19">
										<posx>0</posx>
										<posy>0</posy>
										<width>220</width>
										<height>74</height>
										<font>-</font>
										<texturenofocus>menu_center.png</texturenofocus>
										<texturefocus>menu_center_on.png</texturefocus>
										<onright>-</onright>
										<onup>8</onup>
										<ondown>17</ondown>
										<onleft>SetFocus(50)</onleft>
									</control>
									<control type="image">
										<visible>!Control.HasFocus(19)</visible>
										<posx>0</posx>
										<posy>0</posy>
										<width>74</width>
										<height>74</height>
										<texture>icon_menu_filter.png</texture>
										<colordiffuse>grey</colordiffuse>
									</control>
									<control type="image">
										<visible>Control.HasFocus(19)</visible>
										<posx>0</posx>
										<posy>0</posy>
										<width>74</width>
										<height>74</height>
										<texture>icon_menu_filter.png</texture>
										<colordiffuse>green</colordiffuse>
									</control>
									<control type="label">
										<visible>!Control.HasFocus(19) + IsEmpty(Window.Property(filter))</visible>
										<posx>66</posx>
										<posy>0</posy>
										<width>144</width>
										<height>74</height>
										<aligny>center</aligny>
										<label>587</label>
										<font>font23</font>
										<textcolor>grey</textcolor>
									</control>
									<control type="label">
										<visible>Control.HasFocus(19) + IsEmpty(Window.Property(filter))</visible>
										<posx>66</posx>
										<posy>0</posy>
										<width>144</width>
										<height>74</height>
										<aligny>center</aligny>
										<label>587</label>
										<font>font23</font>
										<textcolor>green</textcolor>
										<scroll>true</scroll>
									</control>
									<control type="label">
										<visible>!Control.HasFocus(19) + !IsEmpty(Window.Property(filter))</visible>
										<posx>66</posx>
										<posy>0</posy>
										<width>144</width>
										<height>74</height>
										<aligny>center</aligny>
										<label>$INFO[Window.Property(filter)]</label>
										<font>font23</font>
										<textcolor>grey</textcolor>
									</control>
									<control type="label">
										<visible>Control.HasFocus(19) + !IsEmpty(Window.Property(filter))</visible>
										<posx>66</posx>
										<posy>0</posy>
										<width>144</width>
										<height>74</height>
										<aligny>center</aligny>
										<label>$INFO[Window.Property(filter)]</label>
										<font>font23</font>
										<textcolor>green</textcolor>
										<scroll>true</scroll>
									</control>
								</control>
								<control type="group">
									<description>flatten button</description>
									<width>220</width>
									<height>74</height>
									<control type="radiobutton" id="17">
										<posx>0</posx>
										<posy>0</posy>
										<width>220</width>
										<height>74</height>
										<font>-</font>
										<texturenofocus>menu_center.png</texturenofocus>
										<texturefocus>menu_center_on.png</texturefocus>
										<textureradiofocus>-</textureradiofocus>
										<textureradionofocus>-</textureradionofocus>
										<onright>-</onright>
										<onup>19</onup>
										<ondown>14</ondown>
										<onleft>SetFocus(50)</onleft>
									</control>
									<control type="image">
										<visible>!Control.HasFocus(17)</visible>
										<posx>0</posx>
										<posy>0</posy>
										<width>74</width>
										<height>74</height>
										<texture>icon_menu_flatten.png</texture>
										<colordiffuse>grey</colordiffuse>
									</control>
									<control type="image">
										<visible>Control.HasFocus(17)</visible>
										<posx>0</posx>
										<posy>0</posy>
										<width>74</width>
										<height>74</height>
										<texture>icon_menu_flatten.png</texture>
										<colordiffuse>green</colordiffuse>
									</control>
									<control type="label">
										<visible>!Control.HasFocus(17) + !SubString(Control.GetLabel(17),*)</visible>
										<posx>66</posx>
										<posy>0</posy>
										<width>144</width>
										<height>74</height>
										<aligny>center</aligny>
										<label>20411</label>
										<font>font23</font>
										<textcolor>grey</textcolor>
									</control>
									<control type="label">
										<visible>Control.HasFocus(17) + !SubString(Control.GetLabel(17),*)</visible>
										<posx>66</posx>
										<posy>0</posy>
										<width>144</width>
										<height>74</height>
										<aligny>center</aligny>
										<label>20411</label>
										<font>font23</font>
										<textcolor>green</textcolor>
										<scroll>true</scroll>
									</control>
									<control type="label">
										<visible>!Control.HasFocus(17) + SubString(Control.GetLabel(17),*)</visible>
										<posx>66</posx>
										<posy>0</posy>
										<width>144</width>
										<height>74</height>
										<aligny>center</aligny>
										<label>31132</label>
										<font>font23</font>
										<textcolor>grey</textcolor>
									</control>
									<control type="label">
										<visible>Control.HasFocus(17) + SubString(Control.GetLabel(17),*)</visible>
										<posx>66</posx>
										<posy>0</posy>
										<width>144</width>
										<height>74</height>
										<aligny>center</aligny>
										<label>31132</label>
										<font>font23</font>
										<textcolor>green</textcolor>
										<scroll>true</scroll>
									</control>
								</control>
								<control type="group">
									<description>unwatched button</description>
									<width>220</width>
									<height>74</height>
									<control type="togglebutton" id="14">
										<posx>0</posx>
										<posy>0</posy>
										<width>220</width>
										<height>74</height>
										<label>16100</label>
										<altlabel>16101</altlabel>
										<font>-</font>
										<texturenofocus>menu_center.png</texturenofocus>
										<texturefocus>menu_center_on.png</texturefocus>
										<alttexturenofocus>menu_center.png</alttexturenofocus>
										<alttexturefocus>menu_center_on.png</alttexturefocus>
										<onright>-</onright>
										<onup>17</onup>
										<ondown>-</ondown>
										<onleft>SetFocus(50)</onleft>
									</control>
									<control type="image">
										<visible>!Control.HasFocus(14)</visible>
										<posx>0</posx>
										<posy>0</posy>
										<width>74</width>
										<height>74</height>
										<texture>icon_menu_watched.png</texture>
										<colordiffuse>grey</colordiffuse>
									</control>
									<control type="image">
										<visible>Control.HasFocus(14)</visible>
										<posx>0</posx>
										<posy>0</posy>
										<width>74</width>
										<height>74</height>
										<texture>icon_menu_watched.png</texture>
										<colordiffuse>green</colordiffuse>
									</control>
									<control type="label">
										<visible>!Control.HasFocus(14)</visible>
										<posx>66</posx>
										<posy>0</posy>
										<width>144</width>
										<height>74</height>
										<aligny>center</aligny>
										<label>$INFO[Control.GetLabel(14)]</label>
										<font>font23</font>
										<textcolor>grey</textcolor>
									</control>
									<control type="label">
										<visible>Control.HasFocus(14)</visible>
										<posx>66</posx>
										<posy>0</posy>
										<width>144</width>
										<height>74</height>
										<aligny>center</aligny>
										<label>$INFO[Control.GetLabel(14)]</label>
										<font>font23</font>
										<textcolor>green</textcolor>
										<scroll>true</scroll>
									</control>
								</control>
								<control type="group">
									<visible>!Control.IsEnabled(3)</visible>
									<width>220</width>
									<height>74</height>
									<control type="button">
										<posx>0</posx>
										<posy>0</posy>
										<width>220</width>
										<height>74</height>
										<texturenofocus>menu_center.png</texturenofocus>
										<texturefocus>menu_center.png</texturefocus>
										<onclick>-</onclick>
									</control>
								</control>
								<control type="group">
									<visible>!Control.IsEnabled(4)</visible>
									<width>220</width>
									<height>74</height>
									<control type="button">
										<posx>0</posx>
										<posy>0</posy>
										<width>220</width>
										<height>74</height>
										<texturenofocus>menu_center.png</texturenofocus>
										<texturefocus>menu_center.png</texturefocus>
										<onclick>-</onclick>
									</control>
								</control>
								<control type="group">
									<visible>!Control.IsEnabled(7)</visible>
									<width>220</width>
									<height>90</height>
									<control type="button">
										<posx>0</posx>
										<posy>0</posy>
										<width>220</width>
										<height>90</height>
										<texturenofocus>menu_bottom.png</texturenofocus>
										<texturefocus>menu_bottom.png</texturefocus>
										<onclick>-</onclick>
									</control>
								</control>
							</control>
							<include>Common_View_Menu</include>
						</control>
					</control>
				</control>
			</control>
		</control>
	</controls>
</window>