<window id="34">
	<defaultcontrol>2</defaultcontrol>
	<allowoverlay>no</allowoverlay>
	<controls>
		<include>Common_Background</include>
		<control type="group">
			<include>Common_Browse_Background_Top</include>
			<include>Common_Browse_Background_Bottom</include>
			<include>Main_Menu_Slide_Animation</include>
			<control type="group">
				<include>Main_Menu_Fade_Animation</include>
				<posx>32</posx>
				<posy>54</posy>
				<width>1216</width>
				<height>32</height>
				<control type="image">
					<description>page header tab icon</description>
					<include>Common_Title_Image</include>
					<texture>icon_settings.png</texture>
				</control>
				<control type="label">
					<description>header label</description>
					<include>Common_Title_Label</include>
					<label>10034</label>
				</control>
				<control type="group">
					<description>time group</description>
					<posx>600</posx>
					<posy>-34</posy>
					<include>Common_Clock</include>
				</control>
			</control>
			<control type="group">
				<include>Main_Menu_Fade_Animation</include>
				<include>Window_Fade_Animation</include>
				<control type="radiobutton" id="4">
					<description>Default RadioButton</description>
					<posx>70</posx>
					<posy>206</posy>
					<height>44</height>
					<font>font21</font>
					<textcolor>white</textcolor>
					<focusedcolor>black</focusedcolor>
					<disabledcolor>disabled</disabledcolor>
					<label>20096</label>
					<texturefocus>line_frame_device_white.png</texturefocus>
					<texturenofocus>line_frame_device_black1.png</texturenofocus>
					<textoffsetx>20</textoffsetx>
					<textureradiofocus>settings_radio_button_selected.png</textureradiofocus>
					<textureradionofocus>settings_radio_button.png</textureradionofocus>
					<pulseonselect>false</pulseonselect>
					<radioposy>9</radioposy>
					<radiowidth>26</radiowidth>
					<radioheight>26</radioheight>
					<onleft>ActivateWindow(51)</onleft>
					<onright>2</onright>
					<onup>-</onup>
					<ondown>-</ondown>
				</control>
				<control type="panel" id="2">
					<posx>320</posx>
					<posy>206</posy>
					<width>588</width>
					<height>441</height>
					<onleft>4</onleft>
					<onright>90</onright>
					<onup>-</onup>
					<ondown>-</ondown>
					<viewtype label="">list</viewtype>
					<pagecontrol>90</pagecontrol>
					<scrolltime>200</scrolltime>
					<orientation>vertical</orientation>
					<itemlayout height="147" width="588">
						<control type="image">
							<posx>2</posx>
							<posy>2</posy>
							<height>143</height>
							<width>584</width>
							<texture>list_frame_device.png</texture>
						</control>
						<control type="image">
							<posx>451</posx>
							<posy>9</posy>
							<width>128</width>
							<height>128</height>
							<info>ListItem.Icon</info>
						</control>
						<control type="label">
							<posx>28</posx>
							<posy>18</posy>
							<height>147</height>
							<width>418</width>
							<aligny>top</aligny>
							<align>left</align>
							<font>light28</font>
							<textcolor>green</textcolor>
							<wrapmultiline>true</wrapmultiline>
							<info>ListItem.Label</info>
						</control>
						<control type="label">
							<posx>28</posx>
							<posy>60</posy>
							<width>530</width>
							<height>40</height>
							<font>font18</font>
							<textcolor>white</textcolor>
							<wrapmultiline>true</wrapmultiline>
							<label>$INFO[ListItem.Label2,Last Login - ]</label>
						</control>
					</itemlayout>
					<focusedlayout height="147" width="588">
						<control type="image">
							<posx>2</posx>
							<posy>2</posy>
							<height>143</height>
							<width>584</width>
							<visible>!Control.HasFocus(2)</visible>
							<texture>list_frame_device.png</texture>
						</control>
						<control type="image">
							<posx>0</posx>
							<posy>0</posy>
							<height>147</height>
							<width>588</width>
							<visible>Control.HasFocus(2)</visible>
							<texture>list_frame_device_white.png</texture>
							<include>List_Item_Visible_Animation</include>
						</control>
						<control type="image">
							<posx>451</posx>
							<posy>9</posy>
							<width>128</width>
							<height>128</height>
							<info>ListItem.Icon</info>
						</control>
						<control type="label">
							<posx>28</posx>
							<posy>18</posy>
							<height>147</height>
							<width>418</width>
							<aligny>top</aligny>
							<align>left</align>
							<font>light28</font>
							<textcolor>black</textcolor>
							<wrapmultiline>true</wrapmultiline>
							<info>ListItem.Label</info>
						</control>
						<control type="label">
							<posx>28</posx>
							<posy>60</posy>
							<width>418</width>
							<height>40</height>
							<font>font18</font>
							<textcolor>black</textcolor>
							<wrapmultiline>true</wrapmultiline>
							<label>$INFO[ListItem.Label2,$LOCALIZE[31049] - ]</label>
						</control>
					</focusedlayout>
				</control>
				<control type="scrollbar" id="90">
					<description>scroll bar indicator for lists</description>
					<posx>913</posx>
					<posy>206</posy>
					<width>12</width>
					<height>441</height>
					<onleft>2</onleft>
					<texturesliderbackground border="0,8,0,8">scrollbar_vertical_bg.png</texturesliderbackground>
					<texturesliderbar border="4,8,4,8">scrollbar_vertical_nib.png</texturesliderbar>
					<texturesliderbarfocus border="4,8,4,8">scrollbar_vertical_nib_on.png</texturesliderbarfocus>
					<orientation>vertical</orientation>
					<showonepage>false</showonepage>
				</control>
			</control>
			<include>Common_Main_Menu_Button</include>
		</control>
	</controls>
</window>