﻿<window id="2007">
	<controls>
		<control type="group">
			<posx>95</posx>
			<posy>210</posy>
			<width>300</width>
			<height>300</height>
			<animation effect="fade" time="400" delay="400">Hidden</animation>
			<visible allowhiddenfocus="true">Control.HasFocus(400)</visible>
			<control type="image">
				<posx>110</posx>
				<posy>110</posy>
				<width>80</width>
				<height>80</height>
				<colordiffuse>55FFFFFF</colordiffuse>
				<texture>grey.png</texture>
			</control>
			<control type="image">
				<posx>115</posx>
				<posy>115</posy>
				<width>70</width>
				<height>70</height>
				<colordiffuse>DDFFFFFF</colordiffuse>
				<texture>black.png</texture>
			</control>
			<control type="button" id="400">
				<posx>120</posx>
				<posy>120</posy>
				<width>60</width>
				<height>60</height>
				<label>-</label>
				<texturefocus>button-focus.png</texturefocus>
				<texturenofocus>button-focus.png</texturenofocus>
				<onclick>PreviousPicture</onclick>
				<hitrect x="0" y="0" w="300" h="300" />
			</control>
			<control type="image">
				<posx>120</posx>
				<posy>120</posy>
				<width>60</width>
				<height>60</height>
				<texture>osd_control_skip_back_on.png</texture>
			</control>
		</control>
		<control type="group">
			<posx>490</posx>
			<posy>40</posy>
			<width>300</width>
			<height>300</height>
			<animation effect="fade" time="400" delay="400">Hidden</animation>
			<visible allowhiddenfocus="true">Control.HasFocus(401)</visible>
			<control type="image">
				<posx>110</posx>
				<posy>110</posy>
				<width>80</width>
				<height>80</height>
				<colordiffuse>55FFFFFF</colordiffuse>
				<texture>grey.png</texture>
			</control>
			<control type="image">
				<posx>115</posx>
				<posy>115</posy>
				<width>70</width>
				<height>70</height>
				<colordiffuse>DDFFFFFF</colordiffuse>
				<texture>black.png</texture>
			</control>
			<control type="togglebutton" id="401">
				<posx>120</posx>
				<posy>120</posy>
				<width>60</width>
				<height>60</height>
				<label>Play</label>
				<altlabel>Pause</altlabel>
				<font>-</font>
				<texturefocus>button-focus.png</texturefocus>
				<texturenofocus>button-focus.png</texturenofocus>
				<alttexturefocus>button-focus.png</alttexturefocus>
				<alttexturenofocus>button-focus.png</alttexturenofocus>
				<onclick>Pause</onclick>
				<hitrect x="0" y="0" w="300" h="300" />
			</control>
			<control type="image">
				<posx>120</posx>
				<posy>120</posy>
				<width>60</width>
				<height>60</height>
				<texture>osd_control_pause_on.png</texture>
				<visible>StringCompare(Control.GetLabel(401),Play)</visible>
			</control>
			<control type="image">
				<posx>120</posx>
				<posy>120</posy>
				<width>60</width>
				<height>60</height>
				<texture>osd_control_play_on.png</texture>
				<visible>StringCompare(Control.GetLabel(401),Pause)</visible>
			</control>
		</control>
		<control type="group">
			<posx>490</posx>
			<posy>380</posy>
			<width>300</width>
			<height>300</height>
			<animation effect="fade" time="400" delay="400">Hidden</animation>
			<visible allowhiddenfocus="true">Control.HasFocus(402)</visible>
			<control type="image">
				<posx>110</posx>
				<posy>110</posy>
				<width>80</width>
				<height>80</height>
				<colordiffuse>55FFFFFF</colordiffuse>
				<texture>grey.png</texture>
			</control>
			<control type="image">
				<posx>115</posx>
				<posy>115</posy>
				<width>70</width>
				<height>70</height>
				<colordiffuse>DDFFFFFF</colordiffuse>
				<texture>black.png</texture>
			</control>
			<control type="button" id="402">
				<posx>120</posx>
				<posy>120</posy>
				<width>60</width>
				<height>60</height>
				<label>-</label>
				<texturefocus>button-focus.png</texturefocus>
				<texturenofocus>button-focus.png</texturenofocus>
				<onclick>Stop</onclick>
				<hitrect x="0" y="0" w="300" h="300" />
			</control>
			<control type="image">
				<posx>120</posx>
				<posy>120</posy>
				<width>60</width>
				<height>60</height>
				<texture>osd_control_stop_on.png</texture>
			</control>
		</control>
		<control type="group">
			<posx>885</posx>
			<posy>210</posy>
			<width>300</width>
			<height>300</height>
			<animation effect="fade" time="400" delay="400">Hidden</animation>
			<visible allowhiddenfocus="true">Control.HasFocus(403)</visible>
			<control type="image">
				<posx>110</posx>
				<posy>110</posy>
				<width>80</width>
				<height>80</height>
				<colordiffuse>55FFFFFF</colordiffuse>
				<texture>grey.png</texture>
			</control>
			<control type="image">
				<posx>115</posx>
				<posy>115</posy>
				<width>70</width>
				<height>70</height>
				<colordiffuse>DDFFFFFF</colordiffuse>
				<texture>black.png</texture>
			</control>
			<control type="button" id="403">
				<posx>120</posx>
				<posy>120</posy>
				<width>60</width>
				<height>60</height>
				<label>-</label>
				<texturefocus>button-focus.png</texturefocus>
				<texturenofocus>button-focus.png</texturenofocus>
				<onclick>NextPicture</onclick>
				<hitrect x="0" y="0" w="300" h="300" />
			</control>
			<control type="image">
				<posx>120</posx>
				<posy>120</posy>
				<width>60</width>
				<height>60</height>
				<texture>osd_control_skip_forward_on.png</texture>
			</control>
		</control>
		<control type="group">
			<posx>0</posx>
			<posy>0</posy>
			<visible>Player.ShowInfo</visible>
			<control type="image">
				<visible>!IsEmpty(slideshow.filename)</visible>
				<posx>0</posx>
				<posy>-135</posy>
				<width>1280</width>
				<height>190</height>
				<texture>osd_background_center.png</texture>
			</control>
			<control type="label">
				<posx>20</posx>
				<posy>5</posy>
				<width>1100</width>
				<height>40</height>
				<align>left</align>
				<aligny>top</aligny>
				<haspath>false</haspath>
				<font>font30</font>
				<textcolor>white</textcolor>
				<label>$INFO[slideshow.filename]</label>
			</control>
			<control type="label">
				<posx>1260</posx>
				<posy>5</posy>
				<width>160</width>
				<height>40</height>
				<align>right</align>
				<aligny>top</aligny>
				<font>font28</font>
				<textcolor>white</textcolor>
				<label>$INFO[slideshow.slideindex]</label>
			</control>
		</control>
	</controls>
</window>
