<window id="129">
	<defaultcontrol always="true">15</defaultcontrol>
	<controls>
		<include>Dialog_Popup_Background</include>
		<control type="group">
			<include>Dialog_Popup_Animation</include>
			<posx>317</posx>
			<posy>217</posy>
			<control type="image">
				<description>dialog background</description>
				<posx>0</posx>
				<posy>0</posy>
				<width>660</width>
				<height>286</height>
				<texture>dialog_background.png</texture>
			</control>
			<control type="label">
				<description>heading label</description>
				<posx>25</posx>
				<posy>30</posy>
				<width>475</width>
				<height>30</height>
				<align>left</align>
				<aligny>center</aligny>
				<font>light28</font>
				<label>21421</label>
				<textcolor>white</textcolor>
			</control>
			<control type="label" id="0">
				<description>Rule match label</description>
				<posx>25</posx>
				<posy>90</posy>
				<width>770</width>
				<font>font23</font>
				<aligny>center</aligny>
				<align>left</align>
				<textcolor>green</textcolor>
				<label>21422</label>
			</control>

			<control type="group" id="9001">
				<control type="spincontrolex" id="15">
					<description>Rule Field</description>
					<posx>25</posx>
					<posy>110</posy>
					<width>300</width>
					<height>44</height>
					<texturefocus>line_frame_device_white.png</texturefocus>
					<texturenofocus>line_frame_device_black1.png</texturenofocus>
					<textureup>scroll_up.png</textureup>
					<texturedown>scroll_down.png</texturedown>
					<textureupfocus>settings_arrow_button_up.png</textureupfocus>
					<texturedownfocus>settings_arrow_button_down.png</texturedownfocus>
					<font>font21</font>
					<textcolor>white</textcolor>
					<focusedcolor>black</focusedcolor>
					<disabledcolor>disabled</disabledcolor>
					<textoffsetx>20</textoffsetx>
					<aligny>center</aligny>
					<reverse>yes</reverse>
					<pulseonselect>false</pulseonselect>
					<onright>16</onright>
					<onleft>-</onleft>
					<onup>-</onup>
					<ondown>17</ondown>
				</control>
				<control type="spincontrolex" id="16">
					<description>Rule operator</description>
					<posx>335</posx>
					<posy>110</posy>
					<width>300</width>
					<height>44</height>
					<texturefocus>line_frame_device_white.png</texturefocus>
					<texturenofocus>line_frame_device_black1.png</texturenofocus>
					<textureup>scroll_up.png</textureup>
					<texturedown>scroll_down.png</texturedown>
					<textureupfocus>settings_arrow_button_up.png</textureupfocus>
					<texturedownfocus>settings_arrow_button_down.png</texturedownfocus>
					<font>font21</font>
					<textcolor>white</textcolor>
					<focusedcolor>black</focusedcolor>
					<disabledcolor>disabled</disabledcolor>
					<textoffsetx>20</textoffsetx>
					<aligny>center</aligny>
					<reverse>yes</reverse>
					<pulseonselect>false</pulseonselect>
					<onright>-</onright>
					<onleft>15</onleft>
					<onup>-</onup>
					<ondown>17</ondown>
				</control>
			</control>
			<control type="button" id="17">
				<description>Value Button</description>
				<posx>25</posx>
				<posy>164</posy>
				<width>426</width>
				<height>44</height>
				<align>left</align>
				<aligny>center</aligny>
				<selectedcolor>black</selectedcolor>
				<textcolor>black</textcolor>
				<disabledcolor>grey</disabledcolor>
				<textoffsetx>10</textoffsetx>
				<aligny>center</aligny>
				<texturefocus border="10">keyboard_input_field_on.png</texturefocus>
				<texturenofocus border="10">keyboard_input_field_off.png</texturenofocus>
				<onup>9001</onup>
				<onleft>-</onleft>
				<onright>20</onright>
				<ondown>9000</ondown>
			</control>
			<control type="button" id="20">
				<description>Add Rule Button</description>
				<posx>473</posx>
				<posy>165</posy>
				<width>38</width>
				<height>38</height>
				<align>left</align>
				<aligny>top</aligny>
				<textoffsetx>40</textoffsetx>
				<textoffsety>0</textoffsety>
				<textcolor>grey</textcolor>
				<focusedcolor>green</focusedcolor>
				<texturefocus>media_action_icon_browse_on.png</texturefocus>
				<texturenofocus>media_action_icon_browse.png</texturenofocus>
				<font>font23</font>
				<label>1024</label>
				<onup>9001</onup>
				<onleft>17</onleft>
				<onright>-</onright>
				<ondown>9000</ondown>
			</control>
			<control type="label">
				<visible>Control.HasFocus(20)</visible>
				<posx>513</posx>
				<posy>165</posy>
				<width>144</width>
				<height>38</height>
				<label>1024</label>
				<font>font23</font>
				<textcolor>green</textcolor>
			</control>

			<control type="grouplist" id="9000">
				<posx>25</posx>
				<posy>228</posy>
				<width>500</width>
				<height>33</height>
				<onup>17</onup>
				<ondown>-</ondown>
				<itemgap>10</itemgap>
				<orientation>horizontal</orientation>
				<control type="button" id="19">
					<description>Cancel Button</description>
					<width>33</width>
					<height>33</height>
					<texturefocus>icon_cancel_on.png</texturefocus>
					<texturenofocus>icon_cancel.png</texturenofocus>
					<font>-</font>
					<onleft>-</onleft>
					<hitrect x="0" y="0" w="100" h="33" />
				</control>
				<control type="label" id="21">
					<visible>!Control.HasFocus(19)</visible>
					<width min="0" max="200">auto</width>
					<height>33</height>
					<label>222</label>
					<font>font23</font>
					<textcolor>grey</textcolor>
				</control>
				<control type="label" id="22">
					<visible>Control.HasFocus(19)</visible>
					<width min="0" max="200">auto</width>
					<height>33</height>
					<label>222</label>
					<font>font23</font>
					<textcolor>green</textcolor>
				</control>
				<control type="label" id="23">
					<width>4</width>
					<height>33</height>
				</control>
				<control type="button" id="18">
					<description>OK Button</description>
					<width>33</width>
					<height>33</height>
					<texturefocus>icon_ok_on.png</texturefocus>
					<texturenofocus>icon_ok.png</texturenofocus>
					<font>-</font>
					<onright>-</onright>
					<hitrect x="0" y="0" w="100" h="33" />
				</control>
				<control type="label" id="24">
					<visible>!Control.HasFocus(18)</visible>
					<width min="0" max="200">auto</width>
					<height>33</height>
					<label>186</label>
					<font>font23</font>
					<textcolor>grey</textcolor>
				</control>
				<control type="label" id="25">
					<visible>Control.HasFocus(18)</visible>
					<width min="0" max="200">auto</width>
					<height>33</height>
					<label>186</label>
					<font>font23</font>
					<textcolor>green</textcolor>
				</control>
			</control>
		</control>
	</controls>
</window>