<window>
	<defaultcontrol always="true">10</defaultcontrol>
	<allowoverlay>no</allowoverlay>
	<controls>
		<control type="button" id="10">
			<onfocus>RunScript(script.randomitems,limit=6&amp;unplayed=True&amp;albums=True)</onfocus>
			<onfocus>ReplaceWindow(Home)</onfocus>
			<texturenofocus>-</texturenofocus>
			<texturefocus>-</texturefocus>
			<visible>!Skin.HasSetting(AltHomeStyle) | [!IsEmpty(Skin.String(HomeItemName_1)) + !IsEmpty(Skin.String(HomeItemName_2)) + !IsEmpty(Skin.String(HomeItemName_3)) + !IsEmpty(Skin.String(HomeItemName_4)) + !IsEmpty(Skin.String(HomeItemName_5)) + !IsEmpty(Skin.String(HomeItemName_6))]</visible>
		</control>
		<control type="button" id="10">
			<onfocus>ReplaceWindow(Home)</onfocus>
			<texturenofocus>-</texturenofocus>
			<texturefocus>-</texturefocus>
			<visible>Skin.HasSetting(AltHomeStyle)</visible>
		</control>
	</controls>
</window>