﻿<window id="2005">
	<defaultcontrol>-</defaultcontrol>
	<controls>
		<control type="group">
			<animation effect="fade" time="200">VisibleChange</animation>
			<animation effect="slide" end="0,255" condition="Skin.HasSetting(HighOSD)">Conditional</animation>
			<posx>83</posx>
			<posy>10</posy>
			<control type="image" id="0">
				<description>background image overlay</description>
				<posx>0</posx>
				<posy>0</posy>
				<width>1114</width>
				<height>166</height>
				<texture>osd_background_center.png</texture>
			</control>
			<control type="label" id="10">
				<description>row 1 label</description>
				<posx>25</posx>
				<posy>10</posy>
				<width>1064</width>
				<label>-</label>
				<font>font17</font>
				<align>left</align>
			</control>
			<control type="label" id="11">
				<description>row 2 label</description>
				<posx>25</posx>
				<posy>50</posy>
				<width>1064</width>
				<label>-</label>
				<font>font17</font>
				<align>left</align>
			</control>
			<control type="label" id="12">
				<description>row 3 label</description>
				<posx>25</posx>
				<posy>90</posy>
				<width>1064</width>
				<label>-</label>
				<font>font17</font>
				<align>left</align>
			</control>
		</control>
	</controls>
</window>
