﻿<window id="123">
	<defaultcontrol>5</defaultcontrol>
	<allowoverlay>no</allowoverlay>
	<controls>
		<control type="group">
			<include>Window_Fade_Animation</include>
			<animation type="Conditional" condition="Window.IsVisible(SliderDialog) | Window.IsVisible(FileBrowser)">
				<effect type="fade" start="100" end="0" time="200"/>
			</animation>
			<posx>83</posx>
			<posy>10</posy>
			<width>1114</width>
			<height>497</height>
			<control type="image">
				<description>browse background</description>
				<posx>0</posx>
				<posy>0</posy>
				<width>1114</width>
				<height>497</height>
				<texture>osd_settings_background.png</texture>
			</control>
			<control type="group">
				<description>First Page Video/Music/Photos/Applications</description>
				<posx>22</posx>
				<posy>44</posy>
				<width>1000</width>
				<height>32</height>
				<control type="image">
					<description>page header tab icon</description>
					<include>Common_Title_Image</include>
					<texture>icon_settings.png</texture>
				</control>
				<control type="label" id="2">
					<description>header label</description>
					<include>Common_Title_Label</include>
					<label>-</label>
				</control>
				<control type="group">
					<description>time group</description>
					<posx>470</posx>
					<posy>-34</posy>
					<include>Common_Clock</include>
				</control>
			</control>
			<control type="group">
				<posx>22</posx>
				<posy>60</posy>
				<control type="label">
					<description>Exit label</description>
					<posx>130</posx>
					<posy>20</posy>
					<width>800</width>
					<height>44</height>
					<font>font21</font>
					<label>31062</label>
					<align>left</align>
					<aligny>center</aligny>
					<textcolor>yellow</textcolor>
					<visible>Skin.HasSetting(RemoteCloseMessage)</visible>
				</control>
				<control type="button">
					<posx>130</posx>
					<posy>20</posy>
					<width>800</width>
					<height>44</height>
					<font>font21</font>
					<label>31060</label>
					<textcolor>yellow</textcolor>
					<focusedcolor>red</focusedcolor>
					<texturefocus>-</texturefocus>
					<texturenofocus>-</texturenofocus>
					<onclick>Close</onclick>
					<visible>Skin.HasSetting(MouseCloseMessage)</visible>
				</control>
				<control type="grouplist" id="5">
					<description>control area</description>
					<posx>130</posx>
					<posy>63</posy>
					<width>800</width>
					<height>354</height>
					<itemgap>0</itemgap>
					<pagecontrol>90</pagecontrol>
					<onleft>-</onleft>
					<onright>90</onright>
					<onup>-</onup>
					<ondown>-</ondown>
				</control>
				<control type="button" id="7">
					<description>Default Button</description>
					<posx>0</posx>
					<posy>0</posy>
					<height>44</height>
					<font>font21</font>
					<textcolor>white</textcolor>
					<focusedcolor>black</focusedcolor>
					<disabledcolor>disabled</disabledcolor>
					<textoffsetx>20</textoffsetx>
					<texturefocus>line_frame_device_white.png</texturefocus>
					<texturenofocus>line_frame_device_black1.png</texturenofocus>
					<pulseonselect>false</pulseonselect>
					<onleft>Close</onleft>
				</control>
				<control type="radiobutton" id="8">
					<description>Default RadioButton</description>
					<posx>0</posx>
					<posy>0</posy>
					<height>44</height>
					<font>font21</font>
					<textcolor>white</textcolor>
					<focusedcolor>black</focusedcolor>
					<disabledcolor>disabled</disabledcolor>
					<texturefocus>line_frame_device_white.png</texturefocus>
					<texturenofocus>line_frame_device_black1.png</texturenofocus>
					<textoffsetx>20</textoffsetx>
					<textureradiofocus>settings_radio_button_selected.png</textureradiofocus>
					<textureradionofocus>settings_radio_button.png</textureradionofocus>
					<pulseonselect>false</pulseonselect>
					<radioposy>9</radioposy>
					<radiowidth>26</radiowidth>
					<radioheight>26</radioheight>
					<onleft>Close</onleft>
				</control>
				<control type="spincontrolex" id="9">
					<description>Default SpinControlex</description>
					<posx>0</posx>
					<posy>0</posy>
					<height>44</height>
					<texturefocus>line_frame_device_white.png</texturefocus>
					<texturenofocus>line_frame_device_black1.png</texturenofocus>
					<textureup>scroll_up.png</textureup>
					<texturedown>scroll_down.png</texturedown>
					<textureupfocus>settings_arrow_button_up.png</textureupfocus>
					<texturedownfocus>settings_arrow_button_down.png</texturedownfocus>
					<font>font21</font>
					<textcolor>white</textcolor>
					<focusedcolor>black</focusedcolor>
					<disabledcolor>disabled</disabledcolor>
					<textoffsetx>20</textoffsetx>
					<aligny>center</aligny>
					<reverse>yes</reverse>
					<pulseonselect>false</pulseonselect>
					<onleft>Close</onleft>
				</control>
				<control type="sliderex" id="10">
					<description>Default Slider</description>
					<posx>0</posx>
					<posy>0</posy>
					<height>44</height>
					<texturefocus>line_frame_device_white.png</texturefocus>
					<texturenofocus>line_frame_device_black1.png</texturenofocus>
					<sliderwidth>150</sliderwidth>
					<sliderheight>20</sliderheight>
					<texturesliderbar>osd_slider_bg.png</texturesliderbar>
					<textureslidernib border="1">osd_slider_nibNF.png</textureslidernib>
					<textureslidernibfocus border="1">osd_slider_nib.png</textureslidernibfocus>
					<pulseonselect>no</pulseonselect>
					<font>font21</font>
					<textcolor>white</textcolor>
					<focusedcolor>black</focusedcolor>
					<disabledcolor>disabled</disabledcolor>
					<textoffsetx>20</textoffsetx>
					<aligny>center</aligny>
					<onleft>Close</onleft>
				</control>
				<control type="image" id="11">
					<description>separator image</description>
					<height>2</height>
					<texture>line_divider.png</texture>
				</control>
				<control type="scrollbar" id="90">
					<description>scroll bar indicator for lists</description>
					<posx>934</posx>
					<posy>63</posy>
					<width>12</width>
					<height>354</height>
					<onleft>5</onleft>
					<texturesliderbackground border="0,8,0,8">scrollbar_vertical_bg.png</texturesliderbackground>
					<texturesliderbar border="4,8,4,8">scrollbar_vertical_nib.png</texturesliderbar>
					<texturesliderbarfocus border="4,8,4,8">scrollbar_vertical_nib_on.png</texturesliderbarfocus>
					<orientation>vertical</orientation>
					<showonepage>false</showonepage>
				</control>
			</control>
		</control>
	</controls>
</window>
