﻿<includes>
	<include name="MediaLineView">
		<control type="group">
			<visible>Control.IsVisible(50)</visible>
			<control type="button" id="97">
				<posx>-10</posx>
				<posy>-10</posy>
				<height>1</height>
				<width>1</width>
				<texturefocus>-</texturefocus>
				<onfocus>SetFocus(62)</onfocus>
				<visible>IntegerGreaterThan(Container(50).NumPages,1)</visible>
			</control>
			<control type="button" id="97">
				<posx>-10</posx>
				<posy>-10</posy>
				<height>1</height>
				<width>1</width>
				<texturefocus>-</texturefocus>
				<onfocus>SetFocus(9111)</onfocus>
				<visible>!IntegerGreaterThan(Container(50).NumPages,1)</visible>
			</control>
			<control type="list" id="50">
				<posx>48</posx>
				<posy>120</posy>
				<width>776</width>
				<height>572</height>
				<onleft>ActivateWindow(51)</onleft>
				<onright>97</onright>
				<onup>50</onup>
				<ondown>50</ondown>
				<scrolltime>200</scrolltime>
				<viewtype label="536">List</viewtype>
				<pagecontrol>62</pagecontrol>
				<orientation>vertical</orientation>
				<preloaditems>2</preloaditems>
				<itemlayout height="44">
					<control type="image">
						<posx>0</posx>
						<posy>0</posy>
						<width>776</width>
						<height>44</height>
						<texture>line_frame_device_black1.png</texture>
					</control>
					<control type="image">
						<posx>752</posx>
						<posy>14</posy>
						<width>18</width>
						<height>18</height>
						<texture>icon_plus.png</texture>
						<visible>IsEmpty(ListItem.Thumb) + IsEmpty(ListItem.Label2)</visible>
					</control>
					<control type="group">
						<visible>!Container.Content(Episodes) + !Container.Content(Albums) + !Container.Content(Songs)</visible>
						<control type="label">
							<posx>15</posx>
							<posy>0</posy>
							<width>653</width>
							<height>44</height>
							<font>font21sq</font>
							<aligny>center</aligny>
							<label>$INFO[ListItem.Title]</label>
							<textcolor>white</textcolor>
							<selectedcolor>blue</selectedcolor>
							<visible>!Container.Content(MusicVideos)</visible>
						</control>
						<control type="label">
							<posx>15</posx>
							<posy>0</posy>
							<width>653</width>
							<height>44</height>
							<font>font21sq</font>
							<aligny>center</aligny>
							<label>$INFO[ListItem.Artist,, - ]$INFO[ListItem.Title]</label>
							<textcolor>white</textcolor>
							<selectedcolor>blue</selectedcolor>
							<visible>Container.Content(MusicVideos)</visible>
						</control>
						<control type="label">
							<posx>15</posx>
							<posy>0</posy>
							<width>700</width>
							<height>44</height>
							<font>font21sq</font>
							<aligny>center</aligny>
							<label>$INFO[ListItem.Label]</label>
							<textcolor>white</textcolor>
							<selectedcolor>blue</selectedcolor>
							<visible>IsEmpty(ListItem.Title)</visible>
						</control>
						<control type="label">
							<posx>744</posx>
							<posy>0</posy>
							<width>653</width>
							<height>44</height>
							<font>font21sq</font>
							<align>right</align>
							<aligny>center</aligny>
							<label>$INFO[ListItem.Label2]</label>
							<animation effect="slide" end="-54,0" condition="Skin.HasSetting(ResolutionFlags) + !IsEmpty(ListItem.VideoResolution)">Conditional</animation>
						</control>
						<control type="image">
							<posx>700</posx>
							<posy>12</posy>
							<width>42</width>
							<height>24</height>
							<texture>$INFO[ListItem.VideoResolution,flagging/resolution/,.png]</texture>
							<visible>Skin.HasSetting(ResolutionFlags) + !IsEmpty(ListItem.VideoResolution)</visible>
						</control>
						<control type="image">
							<posx>750</posx>
							<posy>12</posy>
							<width>24</width>
							<height>24</height>
							<info>ListItem.Overlay</info>
							<visible>Skin.HasSetting(WatchedStatus)</visible>
						</control>
					</control>
					<control type="group">
						<visible>Container.Content(Albums)</visible>
						<control type="label">
							<posx>15</posx>
							<posy>0</posy>
							<width>638</width>
							<height>44</height>
							<font>font21sq</font>
							<aligny>center</aligny>
							<label>$INFO[ListItem.Album] [COLOR medgrey]$LOCALIZE[31070][/COLOR] $INFO[ListItem.Artist]</label>
							<textcolor>white</textcolor>
							<selectedcolor>blue</selectedcolor>
							<visible>!IsEmpty(ListItem.Album)</visible>
						</control>
						<control type="label">
							<posx>15</posx>
							<posy>0</posy>
							<width>638</width>
							<height>44</height>
							<font>font21sq</font>
							<aligny>center</aligny>
							<label>$INFO[ListItem.Label]</label>
							<textcolor>white</textcolor>
							<selectedcolor>blue</selectedcolor>
							<visible>IsEmpty(ListItem.Album)</visible>
						</control>
						<control type="image">
							<posx>662</posx>
							<posy>14</posy>
							<width>98</width>
							<height>20</height>
							<aspectratio>keep</aspectratio>
							<info>ListItem.StarRating</info>
						</control>
					</control>
					<control type="group">
						<visible>Container.Content(Episodes)</visible>
						<control type="label">
							<posx>15</posx>
							<posy>0</posy>
							<width>653</width>
							<height>44</height>
							<font>font21sq</font>
							<aligny>center</aligny>
							<label>$LOCALIZE[20359] $INFO[ListItem.Episode]: $INFO[ListItem.Title]</label>
							<textcolor>white</textcolor>
							<selectedcolor>blue</selectedcolor>
							<visible>!IsEmpty(ListItem.Episode)</visible>
						</control>
						<control type="label">
							<posx>744</posx>
							<posy>0</posy>
							<width>653</width>
							<height>44</height>
							<font>font21sq</font>
							<align>right</align>
							<aligny>center</aligny>
							<label>$INFO[ListItem.TVShowTitle]</label>
							<textcolor>white</textcolor>
							<selectedcolor>blue</selectedcolor>
							<animation effect="slide" end="-54,0" condition="Skin.HasSetting(ResolutionFlags) + !IsEmpty(ListItem.VideoResolution)">Conditional</animation>
							<visible>!IsEmpty(ListItem.Episode) + SubString(Container.FolderPath,videodb://5/)</visible>
						</control>
						<control type="label">
							<posx>15</posx>
							<posy>0</posy>
							<width>653</width>
							<height>44</height>
							<font>font21sq</font>
							<aligny>center</aligny>
							<label>$INFO[ListItem.Label]</label>
							<textcolor>white</textcolor>
							<selectedcolor>blue</selectedcolor>
							<visible>IsEmpty(ListItem.Episode)</visible>
						</control>
						<control type="image">
							<posx>700</posx>
							<posy>12</posy>
							<width>42</width>
							<height>24</height>
							<texture>$INFO[ListItem.VideoResolution,flagging/resolution/,.png]</texture>
							<visible>Skin.HasSetting(ResolutionFlags)</visible>
						</control>
						<control type="image">
							<posx>750</posx>
							<posy>12</posy>
							<width>24</width>
							<height>24</height>
							<info>ListItem.Overlay</info>
							<visible>Skin.HasSetting(WatchedStatus)</visible>
						</control>
					</control>
					<control type="group">
						<visible>Container.Content(Songs)</visible>
						<control type="label">
							<posx>15</posx>
							<posy>0</posy>
							<width>638</width>
							<height>44</height>
							<font>font21sq</font>
							<aligny>center</aligny>
							<label>$INFO[ListItem.TrackNumber,,. ]$INFO[ListItem.Title]</label>
							<textcolor>white</textcolor>
							<selectedcolor>blue</selectedcolor>
							<visible>!IsEmpty(ListItem.Title)</visible>
						</control>
						<control type="label">
							<posx>15</posx>
							<posy>0</posy>
							<width>638</width>
							<height>44</height>
							<font>font21sq</font>
							<aligny>center</aligny>
							<label>$INFO[ListItem.Label]</label>
							<textcolor>white</textcolor>
							<selectedcolor>blue</selectedcolor>
							<visible>IsEmpty(ListItem.Title)</visible>
						</control>
						<control type="image">
							<posx>662</posx>
							<posy>14</posy>
							<width>98</width>
							<height>20</height>
							<aspectratio>keep</aspectratio>
							<info>ListItem.StarRating</info>
						</control>
					</control>
				</itemlayout>
				<focusedlayout height="44">
					<control type="image">
						<posx>0</posx>
						<posy>0</posy>
						<width>776</width>
						<height>44</height>
						<texture>line_frame_device_black1.png</texture>
					</control>
					<control type="image">
						<posx>0</posx>
						<posy>0</posy>
						<width>776</width>
						<height>44</height>
						<texture>line_frame_device_white.png</texture>
						<animation effect="fade" time="200" reversible="false" tween="quadratic" easing="out">VisibleChange</animation>
					</control>
					<control type="image">
						<posx>750</posx>
						<posy>14</posy>
						<width>18</width>
						<height>18</height>
						<texture>icon_plus.png</texture>
						<visible>IsEmpty(ListItem.Thumb) + IsEmpty(ListItem.Label2)</visible>
					</control>
					<control type="group">
						<visible>!Container.Content(Episodes) + !Container.Content(Albums) + !Container.Content(Songs)</visible>
						<control type="label">
							<posx>15</posx>
							<posy>0</posy>
							<width>653</width>
							<height>44</height>
							<font>font21sq</font>
							<aligny>center</aligny>
							<label>$INFO[ListItem.Title]</label>
							<textcolor>black</textcolor>
							<selectedcolor>black</selectedcolor>
							<scroll>true</scroll>
							<visible>!Container.Content(MusicVideos)</visible>
						</control>
						<control type="label">
							<posx>15</posx>
							<posy>0</posy>
							<width>653</width>
							<height>44</height>
							<font>font21sq</font>
							<aligny>center</aligny>
							<label>$INFO[ListItem.Artist,, - ]$INFO[ListItem.Title]</label>
							<textcolor>black</textcolor>
							<selectedcolor>black</selectedcolor>
							<scroll>true</scroll>
							<visible>Container.Content(MusicVideos)</visible>
						</control>
						<control type="label">
							<posx>15</posx>
							<posy>0</posy>
							<width>700</width>
							<height>44</height>
							<font>font21sq</font>
							<aligny>center</aligny>
							<label>$INFO[ListItem.Label]</label>
							<textcolor>black</textcolor>
							<selectedcolor>black</selectedcolor>
							<visible>IsEmpty(ListItem.Title)</visible>
							<scroll>true</scroll>
						</control>
						<control type="label">
							<posx>744</posx>
							<posy>0</posy>
							<width>653</width>
							<height>44</height>
							<font>font21sq</font>
							<align>right</align>
							<aligny>center</aligny>
							<textcolor>black</textcolor>
							<selectedcolor>black</selectedcolor>
							<label>$INFO[ListItem.Label2]</label>
							<animation effect="slide" end="-54,0" condition="Skin.HasSetting(ResolutionFlags) + !IsEmpty(ListItem.VideoResolution)">Conditional</animation>
						</control>
						<control type="image">
							<posx>700</posx>
							<posy>12</posy>
							<width>42</width>
							<height>24</height>
							<texture>$INFO[ListItem.VideoResolution,flagging/resolution/,.png]</texture>
							<visible>Skin.HasSetting(ResolutionFlags) + !IsEmpty(ListItem.VideoResolution)</visible>
						</control>
						<control type="image">
							<posx>750</posx>
							<posy>12</posy>
							<width>24</width>
							<height>24</height>
							<info>ListItem.Overlay</info>
							<visible>Skin.HasSetting(WatchedStatus)</visible>
						</control>
					</control>
					<control type="group">
						<visible>Container.Content(Albums)</visible>
						<control type="label">
							<posx>15</posx>
							<posy>0</posy>
							<width>638</width>
							<height>44</height>
							<font>font21sq</font>
							<aligny>center</aligny>
							<label>$INFO[ListItem.Album] [COLOR darkgrey]$LOCALIZE[31070][/COLOR] $INFO[ListItem.Artist]</label>
							<textcolor>black</textcolor>
							<selectedcolor>black</selectedcolor>
							<visible>!IsEmpty(ListItem.Album)</visible>
							<scroll>true</scroll>
						</control>
						<control type="label">
							<posx>15</posx>
							<posy>0</posy>
							<width>638</width>
							<height>44</height>
							<font>font21sq</font>
							<aligny>center</aligny>
							<label>$INFO[ListItem.Label]</label>
							<textcolor>black</textcolor>
							<selectedcolor>black</selectedcolor>
							<visible>IsEmpty(ListItem.Album)</visible>
							<scroll>true</scroll>
						</control>
						<control type="image">
							<posx>662</posx>
							<posy>14</posy>
							<width>98</width>
							<height>20</height>
							<aspectratio>keep</aspectratio>
							<info>ListItem.StarRating</info>
						</control>
					</control>
					<control type="group">
						<visible>Container.Content(Episodes)</visible>
						<control type="label">
							<posx>15</posx>
							<posy>0</posy>
							<width>653</width>
							<height>44</height>
							<font>font21sq</font>
							<aligny>center</aligny>
							<label>$LOCALIZE[20359] $INFO[ListItem.Episode]: $INFO[ListItem.Title]</label>
							<textcolor>black</textcolor>
							<selectedcolor>black</selectedcolor>
							<visible>!IsEmpty(ListItem.Episode)</visible>
							<scroll>true</scroll>
						</control>
						<control type="label">
							<posx>744</posx>
							<posy>0</posy>
							<width>653</width>
							<height>44</height>
							<font>font21sq</font>
							<align>right</align>
							<aligny>center</aligny>
							<label>$INFO[ListItem.TVShowTitle]</label>
							<textcolor>black</textcolor>
							<selectedcolor>black</selectedcolor>
							<animation effect="slide" end="-54,0" condition="Skin.HasSetting(ResolutionFlags) + !IsEmpty(ListItem.VideoResolution)">Conditional</animation>
							<visible>!IsEmpty(ListItem.Episode) + SubString(Container.FolderPath,videodb://5/)</visible>
						</control>
						<control type="label">
							<posx>15</posx>
							<posy>0</posy>
							<width>653</width>
							<height>44</height>
							<font>font21sq</font>
							<aligny>center</aligny>
							<label>$INFO[ListItem.Label]</label>
							<textcolor>black</textcolor>
							<selectedcolor>black</selectedcolor>
							<visible>IsEmpty(ListItem.Episode)</visible>
							<scroll>true</scroll>
						</control>
						<control type="image">
							<posx>700</posx>
							<posy>12</posy>
							<width>42</width>
							<height>24</height>
							<texture>$INFO[ListItem.VideoResolution,flagging/resolution/,.png]</texture>
							<visible>Skin.HasSetting(ResolutionFlags)</visible>
						</control>
						<control type="image">
							<posx>750</posx>
							<posy>12</posy>
							<width>24</width>
							<height>24</height>
							<info>ListItem.Overlay</info>
							<visible>Skin.HasSetting(WatchedStatus)</visible>
						</control>
					</control>
					<control type="group">
						<visible>Container.Content(Songs)</visible>
						<control type="label">
							<posx>15</posx>
							<posy>0</posy>
							<width>638</width>
							<height>44</height>
							<font>font21sq</font>
							<aligny>center</aligny>
							<label>$INFO[ListItem.TrackNumber,,. ]$INFO[ListItem.Title]</label>
							<textcolor>black</textcolor>
							<selectedcolor>black</selectedcolor>
							<visible>!IsEmpty(ListItem.Title)</visible>
							<scroll>true</scroll>
						</control>
						<control type="label">
							<posx>15</posx>
							<posy>0</posy>
							<width>638</width>
							<height>44</height>
							<font>font21sq</font>
							<aligny>center</aligny>
							<label>$INFO[ListItem.Label]</label>
							<textcolor>black</textcolor>
							<selectedcolor>black</selectedcolor>
							<visible>IsEmpty(ListItem.Title)</visible>
							<scroll>true</scroll>
						</control>
						<control type="image">
							<posx>662</posx>
							<posy>14</posy>
							<width>98</width>
							<height>20</height>
							<aspectratio>keep</aspectratio>
							<info>ListItem.StarRating</info>
						</control>
					</control>
				</focusedlayout>
			</control>
			<control type="group">
				<visible>Container.Scrolling</visible>
				<animation effect="fade" time="100" delay="400">Visible</animation>
				<animation effect="fade" time="300">Hidden</animation>
				<posx>386</posx>
				<posy>356</posy>
				<width>100</width>
				<height>100</height>
				<control type="image">
					<posx>0</posx>
					<posy>0</posy>
					<width>100</width>
					<height>100</height>
					<texture>scroll_background.png</texture>
				</control>
				<control type="label">
					<posx>0</posx>
					<posy>0</posy>
					<width>100</width>
					<height>100</height>
					<align>center</align>
					<aligny>center</aligny>
					<label>$INFO[ListItem.SortLetter]</label>
					<textcolor>white</textcolor>
					<font>font48b</font>
				</control>
			</control>
			<control type="scrollbar" id="62">
				<description>scroll bar indicator for lists</description>
				<visible>!system.getbool(input.enablemouse)</visible>
				<posx>832</posx>
				<posy>120</posy>
				<width>12</width>
				<height>572</height>
				<onleft>50</onleft>
				<onright>SetFocus(9111)</onright>
				<texturesliderbackground border="0,8,0,8">scrollbar_vertical_bg.png</texturesliderbackground>
				<texturesliderbar border="4,8,4,8">scrollbar_vertical_nib.png</texturesliderbar>
				<texturesliderbarfocus border="4,8,4,8">scrollbar_vertical_nib_on.png</texturesliderbarfocus>
				<orientation>vertical</orientation>
				<showonepage>false</showonepage>
			</control>
			<control type="group">
				<visible>system.getbool(input.enablemouse) + IntegerGreaterThan(Container(50).NumPages,1)</visible>
				<control type="button">
					<posx>832</posx>
					<posy>120</posy>
					<width>24</width>
					<height>24</height>
					<onclick>PageUp(62)</onclick>
					<texturefocus>settings_arrow_button_up.png</texturefocus>
					<texturenofocus>scroll_up.png</texturenofocus>
				</control>
				<control type="scrollbar" id="62">
					<description>scroll bar indicator for lists</description>
					<posx>832</posx>
					<posy>150</posy>
					<width>12</width>
					<height>512</height>
					<onleft>50</onleft>
					<onright>SetFocus(9111)</onright>
					<texturesliderbackground border="0,8,0,8">scrollbar_vertical_bg.png</texturesliderbackground>
					<texturesliderbar border="4,8,4,8">scrollbar_vertical_nib.png</texturesliderbar>
					<texturesliderbarfocus border="4,8,4,8">scrollbar_vertical_nib_on.png</texturesliderbarfocus>
					<orientation>vertical</orientation>
					<showonepage>false</showonepage>
				</control>
				<control type="button">
					<posx>832</posx>
					<posy>668</posy>
					<width>24</width>
					<height>24</height>
					<onclick>PageDown(62)</onclick>
					<texturefocus>settings_arrow_button_down.png</texturefocus>
					<texturenofocus>scroll_down.png</texturenofocus>
				</control>
			</control>
		</control>
	</include>
</includes>