﻿<includes>
	<include name="MediaListView">
		<control type="group">
			<visible>Control.IsVisible(53)</visible>
			<control type="button" id="96">
				<posx>-10</posx>
				<posy>-10</posy>
				<height>1</height>
				<width>1</width>
				<texturefocus>-</texturefocus>
				<onfocus>SetFocus(60)</onfocus>
				<visible>IntegerGreaterThan(Container(53).NumPages,1)</visible>
			</control>
			<control type="button" id="96">
				<posx>-10</posx>
				<posy>-10</posy>
				<height>1</height>
				<width>1</width>
				<texturefocus>-</texturefocus>
				<onfocus>SetFocus(9111)</onfocus>
				<visible>!IntegerGreaterThan(Container(53).NumPages,1)</visible>
			</control>
			<control type="panel" id="53">
				<posx>44</posx>
				<posy>116</posy>
				<width>1176</width>
				<height>588</height>
				<onleft>ActivateWindow(51)</onleft>
				<onright>96</onright>
				<onup>53</onup>
				<ondown>53</ondown>
				<scrolltime>200</scrolltime>
				<viewtype label="536">List</viewtype>
				<pagecontrol>60</pagecontrol>
				<orientation>vertical</orientation>
				<preloaditems>2</preloaditems>
				<itemlayout width="588" height="147">
					<control type="image">
						<posx>2</posx>
						<posy>2</posy>
						<width>584</width>
						<height>143</height>
						<texture>list_frame_device.png</texture>
					</control>
					<control type="image">
						<posx>11</posx>
						<posy>12</posy>
						<width>123</width>
						<height>123</height>
						<info>ListItem.Thumb</info>
						<bordersize>4</bordersize>
						<bordertexture>info_cover_border.png</bordertexture>
						<visible>!Container.Content(Episodes) + !Container.Content(Seasons) + !Container.Content(Artists) + !Container.Content(Songs) + !SubString(Container.FolderPath,addons) + !IsEmpty(ListItem.Thumb)</visible>
					</control>
					<control type="image">
						<posx>11</posx>
						<posy>12</posy>
						<width>123</width>
						<height>123</height>
						<info>ListItem.Thumb</info>
						<bordersize>4</bordersize>
						<bordertexture>info_cover_border.png</bordertexture>
						<visible>[Container.Content(Seasons) | Container.Content(Artists) | Container.Content(Songs)] + !IsEmpty(ListItem.Thumb)</visible>
					</control>
					<control type="image">
						<posx>11</posx>
						<posy>12</posy>
						<width>184</width>
						<height>123</height>
						<info>ListItem.Thumb</info>
						<bordersize>4</bordersize>
						<bordertexture>info_cover_border.png</bordertexture>
						<visible>Container.Content(Episodes) + !IsEmpty(ListItem.Thumb)</visible>
					</control>
					<control type="image">
						<posx>11</posx>
						<posy>12</posy>
						<width>123</width>
						<height>123</height>
						<texture background="true" fallback="DefaultAddon.png">$INFO[ListItem.Thumb]</texture>
						<bordersize>4</bordersize>
						<bordertexture>info_cover_border.png</bordertexture>
						<visible>SubString(Container.FolderPath,addons) + !IsEmpty(ListItem.Thumb)</visible>
					</control>
					<control type="image">
						<posx>11</posx>
						<posy>12</posy>
						<width>123</width>
						<height>123</height>
						<info>ListItem.ActualIcon</info>
						<visible>IsEmpty(ListItem.Thumb)</visible>
					</control>
					<control type="image">
						<posx>552</posx>
						<posy>12</posy>
						<width>28</width>
						<height>16</height>
						<texture>$INFO[ListItem.VideoResolution,flagging/resolution/,.png]</texture>
						<visible>Skin.HasSetting(ResolutionFlags) + !IsEmpty(ListItem.VideoResolution)</visible>
					</control>
					<control type="image">
						<posx>556</posx>
						<posy>112</posy>
						<width>24</width>
						<height>24</height>
						<info>ListItem.Overlay</info>
						<visible>Skin.HasSetting(WatchedStatus)</visible>
					</control>
					<control type="group">
						<visible>!Container.Content(Movies) + !Container.Content(TVShows) + !Container.Content(Seasons) + !Container.Content(Episodes) + !Container.Content(MusicVideos) + !Container.Content(Artists) + !Container.Content(Albums) + !Container.Content(Songs) + !Window.IsVisible(pictures)</visible>
						<control type="label">
							<posx>144</posx>
							<posy>10</posy>
							<width>410</width>
							<height>75</height>
							<font>font21sq</font>
							<info>ListItem.Title</info>
							<textcolor>white</textcolor>
							<selectedcolor>blue</selectedcolor>
						</control>
						<control type="label">
							<posx>144</posx>
							<posy>10</posy>
							<width>410</width>
							<height>75</height>
							<font>font21sq</font>
							<info>ListItem.Label</info>
							<textcolor>white</textcolor>
							<selectedcolor>blue</selectedcolor>
							<visible>IsEmpty(ListItem.Title)</visible>
						</control>
						<control type="textbox">
							<posx>144</posx>
							<posy>44</posy>
							<width>410</width>
							<height>75</height>
							<font>font18</font>
							<aligny>top</aligny>
							<info>ListItem.Label2</info>
							<textcolor>medgrey</textcolor>
							<selectedcolor>blue</selectedcolor>
							<visible>!IsEmpty(ListItem.Title)</visible>
							<autoscroll>False</autoscroll>
						</control>
						<control type="textbox">
							<posx>144</posx>
							<posy>44</posy>
							<width>410</width>
							<height>75</height>
							<font>font18</font>
							<aligny>top</aligny>
							<info>ListItem.Property(Addon.Description)</info>
							<textcolor>medgrey</textcolor>
							<selectedcolor>blue</selectedcolor>
							<visible>SubString(Container.FolderPath,addons)</visible>
							<autoscroll>False</autoscroll>
						</control>
					</control>
					<control type="group">
						<visible>Container.Content(Movies) | Container.Content(TVShows) | Container.Content(Seasons)</visible>
						<control type="label">
							<posx>144</posx>
							<posy>10</posy>
							<width>400</width>
							<height>75</height>
							<font>font21sq</font>
							<info>ListItem.Title</info>
							<textcolor>white</textcolor>
							<selectedcolor>blue</selectedcolor>
						</control>
						<control type="label">
							<posx>144</posx>
							<posy>10</posy>
							<width>400</width>
							<height>75</height>
							<font>font21sq</font>
							<info>ListItem.Label</info>
							<textcolor>white</textcolor>
							<selectedcolor>blue</selectedcolor>
							<visible>IsEmpty(ListItem.Title)</visible>
						</control>
						<control type="textbox">
							<description>plot outline</description>
							<posx>144</posx>
							<posy>44</posy>
							<width>410</width>
							<height>75</height>
							<font>font18</font>
							<aligny>top</aligny>
							<info>ListItem.PlotOutline</info>
							<textcolor>medgrey</textcolor>
							<selectedcolor>blue</selectedcolor>
							<autoscroll>False</autoscroll>
						</control>
						<control type="textbox">
							<description>plot</description>
							<posx>144</posx>
							<posy>44</posy>
							<width>410</width>
							<height>75</height>
							<font>font18</font>
							<aligny>top</aligny>
							<info>ListItem.Plot</info>
							<textcolor>medgrey</textcolor>
							<selectedcolor>blue</selectedcolor>
							<visible>IsEmpty(ListItem.PlotOutline)</visible>
							<autoscroll>False</autoscroll>
						</control>
					</control>
					<control type="group">
						<visible>Container.Content(Episodes)</visible>
						<control type="label">
							<posx>210</posx>
							<posy>10</posy>
							<width>344</width>
							<height>75</height>
							<font>font21sq</font>
							<label>$LOCALIZE[20359] $INFO[ListItem.Episode]: $INFO[ListItem.Title]</label>
							<textcolor>white</textcolor>
							<selectedcolor>blue</selectedcolor>
							<visible>!IsEmpty(ListItem.Title) + !SubString(Container.FolderPath,videodb://5/)</visible>
						</control>
						<control type="label">
							<posx>210</posx>
							<posy>10</posy>
							<width>344</width>
							<height>75</height>
							<font>font21sq</font>
							<label>$INFO[ListItem.Episode]: $INFO[ListItem.Title]$INFO[ListItem.TVShowTitle, - ]</label>
							<textcolor>white</textcolor>
							<selectedcolor>blue</selectedcolor>
							<visible>!IsEmpty(ListItem.Title) + SubString(Container.FolderPath,videodb://5/)</visible>
						</control>
						<control type="label">
							<posx>210</posx>
							<posy>10</posy>
							<width>348</width>
							<height>75</height>
							<font>font21sq</font>
							<info>ListItem.Label</info>
							<textcolor>white</textcolor>
							<selectedcolor>blue</selectedcolor>
							<visible>IsEmpty(ListItem.Title)</visible>
						</control>
						<control type="textbox">
							<description>plot outline</description>
							<posx>210</posx>
							<posy>44</posy>
							<width>348</width>
							<height>75</height>
							<font>font18</font>
							<aligny>top</aligny>
							<info>ListItem.PlotOutline</info>
							<textcolor>medgrey</textcolor>
							<selectedcolor>blue</selectedcolor>
							<autoscroll>False</autoscroll>
						</control>
						<control type="textbox">
							<description>plot</description>
							<posx>210</posx>
							<posy>44</posy>
							<width>348</width>
							<height>75</height>
							<font>font18</font>
							<aligny>top</aligny>
							<info>ListItem.Plot</info>
							<textcolor>medgrey</textcolor>
							<selectedcolor>blue</selectedcolor>
							<visible>IsEmpty(ListItem.PlotOutline)</visible>
							<autoscroll>False</autoscroll>
						</control>
					</control>
					<control type="group">
						<visible>Container.Content(MusicVideos)</visible>
						<control type="label">
							<description>Title by Artist</description>
							<posx>144</posx>
							<posy>10</posy>
							<width>400</width>
							<height>75</height>
							<font>font21sq</font>
							<label>$INFO[ListItem.Artist,, - ]$INFO[ListItem.Title]</label>
							<textcolor>white</textcolor>
							<selectedcolor>blue</selectedcolor>
						</control>
						<control type="label">
							<description>Album by Artist</description>
							<posx>144</posx>
							<posy>10</posy>
							<width>400</width>
							<height>75</height>
							<font>font21sq</font>
							<info>ListItem.Label</info>
							<textcolor>white</textcolor>
							<selectedcolor>blue</selectedcolor>
							<visible>IsEmpty(ListItem.Title)</visible>
						</control>
					</control>
					<control type="group">
						<visible>Container.Content(Artists)</visible>
						<control type="label">
							<description>Artist</description>
							<posx>144</posx>
							<posy>10</posy>
							<width>410</width>
							<height>75</height>
							<font>font21sq</font>
							<label>$INFO[ListItem.Artist]</label>
							<textcolor>white</textcolor>
							<selectedcolor>blue</selectedcolor>
						</control>
						<control type="label">
							<posx>144</posx>
							<posy>10</posy>
							<width>410</width>
							<height>75</height>
							<font>font21sq</font>
							<info>ListItem.Label</info>
							<textcolor>white</textcolor>
							<selectedcolor>blue</selectedcolor>
							<visible>IsEmpty(ListItem.Artist)</visible>
						</control>
						<control type="textbox">
							<description>plot outline</description>
							<posx>144</posx>
							<posy>44</posy>
							<width>410</width>
							<height>75</height>
							<font>font18</font>
							<aligny>top</aligny>
							<info>ListItem.Property(Artist_Description)</info>
							<textcolor>medgrey</textcolor>
							<selectedcolor>blue</selectedcolor>
							<autoscroll>False</autoscroll>
						</control>
					</control>
					<control type="group">
						<visible>Container.Content(Albums)</visible>
						<control type="label">
							<description>Album by Artist</description>
							<posx>144</posx>
							<posy>10</posy>
							<width>410</width>
							<height>75</height>
							<font>font21sq</font>
							<label>$INFO[ListItem.Album] [COLOR medgrey]$LOCALIZE[31070][/COLOR] $INFO[ListItem.Artist]</label>
							<textcolor>white</textcolor>
							<selectedcolor>blue</selectedcolor>
							<visible>!IsEmpty(ListItem.Album)</visible>
						</control>
						<control type="label">
							<description>Album by Artist</description>
							<posx>144</posx>
							<posy>10</posy>
							<width>410</width>
							<height>75</height>
							<font>font21sq</font>
							<info>ListItem.Label</info>
							<textcolor>white</textcolor>
							<selectedcolor>blue</selectedcolor>
							<visible>IsEmpty(ListItem.Album)</visible>
						</control>
						<control type="textbox">
							<description>plot outline</description>
							<posx>144</posx>
							<posy>44</posy>
							<width>410</width>
							<height>75</height>
							<font>font18</font>
							<aligny>top</aligny>
							<info>ListItem.Property(Album_Description)</info>
							<textcolor>medgrey</textcolor>
							<selectedcolor>blue</selectedcolor>
							<autoscroll>False</autoscroll>
						</control>
					</control>
					<control type="group">
						<visible>Container.Content(Songs)</visible>
						<control type="label">
							<posx>144</posx>
							<posy>10</posy>
							<width>410</width>
							<height>75</height>
							<font>font21sq</font>
							<label>$LOCALIZE[554] $INFO[ListItem.TrackNumber]: $INFO[ListItem.Title]</label>
							<textcolor>white</textcolor>
							<selectedcolor>blue</selectedcolor>
							<visible>!IsEmpty(ListItem.Title)</visible>
						</control>
						<control type="label">
							<posx>144</posx>
							<posy>10</posy>
							<width>410</width>
							<height>75</height>
							<font>font21sq</font>
							<info>ListItem.Label</info>
							<textcolor>white</textcolor>
							<selectedcolor>blue</selectedcolor>
							<visible>IsEmpty(ListItem.Title)</visible>
						</control>
						<control type="label">
							<description>Duration</description>
							<posx>144</posx>
							<posy>44</posy>
							<width>410</width>
							<height>75</height>
							<font>font18</font>
							<aligny>top</aligny>
							<label>$INFO[ListItem.Duration,, $LOCALIZE[12391]]</label>
							<textcolor>medgrey</textcolor>
							<selectedcolor>blue</selectedcolor>
						</control>
						<control type="image">
							<posx>144</posx>
							<posy>82</posy>
							<width>107</width>
							<height>22</height>
							<aspectratio>keep</aspectratio>
							<info>ListItem.StarRating</info>
						</control>
					</control>
					<control type="group">
						<visible>Window.IsVisible(pictures)</visible>
						<control type="label">
							<posx>144</posx>
							<posy>10</posy>
							<width>410</width>
							<height>75</height>
							<font>font21sq</font>
							<info>ListItem.Title</info>
							<textcolor>white</textcolor>
							<selectedcolor>blue</selectedcolor>
						</control>
						<control type="label">
							<posx>144</posx>
							<posy>10</posy>
							<width>410</width>
							<height>75</height>
							<font>font21sq</font>
							<info>ListItem.Label</info>
							<textcolor>white</textcolor>
							<selectedcolor>blue</selectedcolor>
							<visible>IsEmpty(ListItem.Title)</visible>
						</control>
						<control type="label">
							<description>Resolution</description>
							<posx>144</posx>
							<posy>44</posy>
							<width>410</width>
							<height>75</height>
							<font>font18</font>
							<aligny>top</aligny>
							<info>ListItem.PictureResolution</info>
							<textcolor>medgrey</textcolor>
							<selectedcolor>blue</selectedcolor>
						</control>
					</control>
				</itemlayout>
				<focusedlayout width="588" height="147">
					<control type="image">
						<posx>2</posx>
						<posy>2</posy>
						<width>584</width>
						<height>143</height>
						<texture>list_frame_device.png</texture>
					</control>
					<control type="image">
						<posx>0</posx>
						<posy>0</posy>
						<width>588</width>
						<height>147</height>
						<texture>list_frame_device_white.png</texture>
						<animation type="Focus">
							<effect type="fade" start="60" time="120"/>
							<effect type="zoom" start="99,97" center="auto" time="120" delay="60"/>
						</animation>
					</control>
					<control type="image">
						<posx>11</posx>
						<posy>12</posy>
						<width>123</width>
						<height>123</height>
						<info>ListItem.Thumb</info>
						<bordersize>4</bordersize>
						<bordertexture>info_cover_border.png</bordertexture>
						<visible>!Container.Content(Episodes) + !Container.Content(Seasons) + !Container.Content(Artists) + !Container.Content(Songs) + !SubString(Container.FolderPath,addons) + !IsEmpty(ListItem.Thumb)</visible>
					</control>
					<control type="image">
						<posx>11</posx>
						<posy>12</posy>
						<width>123</width>
						<height>123</height>
						<info>ListItem.Thumb</info>
						<bordersize>4</bordersize>
						<bordertexture>info_cover_border.png</bordertexture>
						<visible>[Container.Content(Seasons) | Container.Content(Artists) | Container.Content(Songs)] + !IsEmpty(ListItem.Thumb)</visible>
					</control>
					<control type="image">
						<posx>11</posx>
						<posy>12</posy>
						<width>184</width>
						<height>123</height>
						<info>ListItem.Thumb</info>
						<bordersize>4</bordersize>
						<bordertexture>info_cover_border.png</bordertexture>
						<visible>Container.Content(Episodes) + !IsEmpty(ListItem.Thumb)</visible>
					</control>
					<control type="image">
						<posx>11</posx>
						<posy>12</posy>
						<width>123</width>
						<height>123</height>
						<texture background="true" fallback="DefaultAddon.png">$INFO[ListItem.Thumb]</texture>
						<bordersize>4</bordersize>
						<bordertexture>info_cover_border.png</bordertexture>
						<visible>SubString(Container.FolderPath,addons) + !IsEmpty(ListItem.Thumb)</visible>
					</control>
					<control type="image">
						<posx>11</posx>
						<posy>12</posy>
						<width>123</width>
						<height>123</height>
						<info>ListItem.ActualIcon</info>
						<visible>IsEmpty(ListItem.Thumb)</visible>
					</control>
					<control type="image">
						<posx>552</posx>
						<posy>12</posy>
						<width>28</width>
						<height>16</height>
						<texture>$INFO[ListItem.VideoResolution,flagging/resolution/,.png]</texture>
						<visible>Skin.HasSetting(ResolutionFlags) + !IsEmpty(ListItem.VideoResolution)</visible>
					</control>
					<control type="image">
						<posx>556</posx>
						<posy>112</posy>
						<width>24</width>
						<height>24</height>
						<info>ListItem.Overlay</info>
						<visible>Skin.HasSetting(WatchedStatus)</visible>
					</control>
					<control type="group">
						<visible>!Container.Content(Movies) + !Container.Content(TVShows) + !Container.Content(Seasons) + !Container.Content(Episodes) + !Container.Content(MusicVideos) + !Container.Content(Artists) + !Container.Content(Albums) + !Container.Content(Songs) + !Window.IsVisible(pictures)</visible>
						<control type="label">
							<posx>144</posx>
							<posy>10</posy>
							<width>410</width>
							<height>75</height>
							<font>font21sq</font>
							<info>ListItem.Title</info>
							<textcolor>black</textcolor>
							<selectedcolor>black</selectedcolor>
						</control>
						<control type="label">
							<posx>144</posx>
							<posy>10</posy>
							<width>410</width>
							<height>75</height>
							<font>font21sq</font>
							<info>ListItem.Label</info>
							<textcolor>black</textcolor>
							<selectedcolor>black</selectedcolor>
							<scroll>true</scroll>
							<visible>IsEmpty(ListItem.Title)</visible>
						</control>
						<control type="textbox">
							<posx>144</posx>
							<posy>44</posy>
							<width>410</width>
							<height>75</height>
							<font>font18</font>
							<aligny>top</aligny>
							<info>ListItem.Label2</info>
							<textcolor>black</textcolor>
							<selectedcolor>black</selectedcolor>
							<visible>!IsEmpty(ListItem.Title)</visible>
						</control>
						<control type="textbox">
							<posx>144</posx>
							<posy>44</posy>
							<width>410</width>
							<height>75</height>
							<font>font18</font>
							<aligny>top</aligny>
							<info>ListItem.Property(Addon.Description)</info>
							<textcolor>black</textcolor>
							<selectedcolor>black</selectedcolor>
							<visible>SubString(Container.FolderPath,addons)</visible>
						</control>
					</control>
					<control type="group">
						<visible>Container.Content(Movies) | Container.Content(TVShows) | Container.Content(Seasons)</visible>
						<control type="label">
							<posx>144</posx>
							<posy>10</posy>
							<width>400</width>
							<height>75</height>
							<font>font21sq</font>
							<info>ListItem.Title</info>
							<textcolor>black</textcolor>
							<selectedcolor>black</selectedcolor>
							<scroll>true</scroll>
						</control>
						<control type="label">
							<posx>144</posx>
							<posy>10</posy>
							<width>400</width>
							<height>75</height>
							<font>font21sq</font>
							<info>ListItem.Label</info>
							<textcolor>black</textcolor>
							<selectedcolor>black</selectedcolor>
							<scroll>true</scroll>
							<visible>IsEmpty(ListItem.Title)</visible>
						</control>
						<control type="textbox">
							<description>plot outline</description>
							<posx>144</posx>
							<posy>44</posy>
							<width>410</width>
							<height>75</height>
							<font>font18</font>
							<aligny>top</aligny>
							<info>ListItem.PlotOutline</info>
							<textcolor>black</textcolor>
							<selectedcolor>black</selectedcolor>
						</control>
						<control type="textbox">
							<description>plot</description>
							<posx>144</posx>
							<posy>44</posy>
							<width>410</width>
							<height>75</height>
							<font>font18</font>
							<aligny>top</aligny>
							<info>ListItem.Plot</info>
							<textcolor>black</textcolor>
							<selectedcolor>black</selectedcolor>
							<visible>IsEmpty(ListItem.PlotOutline)</visible>
						</control>
					</control>
					<control type="group">
						<visible>Container.Content(Episodes)</visible>
						<control type="label">
							<posx>210</posx>
							<posy>10</posy>
							<width>338</width>
							<height>75</height>
							<font>font21sq</font>
							<label>$LOCALIZE[20359] $INFO[ListItem.Episode]: $INFO[ListItem.Title]</label>
							<textcolor>black</textcolor>
							<selectedcolor>black</selectedcolor>
							<scroll>true</scroll>
							<visible>!IsEmpty(ListItem.Title) + !SubString(Container.FolderPath,videodb://5/)</visible>
						</control>
						<control type="label">
							<posx>210</posx>
							<posy>10</posy>
							<width>338</width>
							<height>75</height>
							<font>font21sq</font>
							<label>$INFO[ListItem.Episode]: $INFO[ListItem.Title]$INFO[ListItem.TVShowTitle, - ]</label>
							<textcolor>black</textcolor>
							<selectedcolor>black</selectedcolor>
							<scroll>true</scroll>
							<visible>!IsEmpty(ListItem.Title) + SubString(Container.FolderPath,videodb://5/)</visible>

						</control>
						<control type="label">
							<posx>210</posx>
							<posy>10</posy>
							<width>348</width>
							<height>75</height>
							<font>font21sq</font>
							<info>ListItem.Label</info>
							<textcolor>black</textcolor>
							<selectedcolor>black</selectedcolor>
							<scroll>true</scroll>
							<visible>IsEmpty(ListItem.Title)</visible>
						</control>
						<control type="textbox">
							<description>plot outline</description>
							<posx>210</posx>
							<posy>44</posy>
							<width>348</width>
							<height>75</height>
							<font>font18</font>
							<aligny>top</aligny>
							<info>ListItem.PlotOutline</info>
							<textcolor>black</textcolor>
							<selectedcolor>black</selectedcolor>
						</control>
						<control type="textbox">
							<description>plot</description>
							<posx>210</posx>
							<posy>44</posy>
							<width>348</width>
							<height>75</height>
							<font>font18</font>
							<aligny>top</aligny>
							<info>ListItem.Plot</info>
							<textcolor>black</textcolor>
							<selectedcolor>black</selectedcolor>
							<visible>IsEmpty(ListItem.PlotOutline)</visible>
						</control>
					</control>
					<control type="group">
						<visible>Container.Content(MusicVideos)</visible>
						<control type="label">
							<description>Title by Artist</description>
							<posx>144</posx>
							<posy>10</posy>
							<width>400</width>
							<height>75</height>
							<font>font21sq</font>
							<label>$INFO[ListItem.Artist,, - ]$INFO[ListItem.Title]</label>
							<textcolor>black</textcolor>
							<selectedcolor>black</selectedcolor>
							<scroll>true</scroll>
							<visible>!IsEmpty(ListItem.Title)</visible>
						</control>
						<control type="label">
							<description>Album by Artist</description>
							<posx>144</posx>
							<posy>10</posy>
							<width>400</width>
							<height>75</height>
							<font>font21sq</font>
							<label>$INFO[ListItem.Label]</label>
							<textcolor>black</textcolor>
							<selectedcolor>black</selectedcolor>
							<visible>IsEmpty(ListItem.Title)</visible>
						</control>
					</control>
					<control type="group">
						<visible>Container.Content(Artists)</visible>
						<control type="label">
							<description>Artist</description>
							<posx>144</posx>
							<posy>10</posy>
							<width>410</width>
							<height>75</height>
							<font>font21sq</font>
							<label>$INFO[ListItem.Artist]</label>
							<textcolor>black</textcolor>
							<selectedcolor>black</selectedcolor>
							<scroll>true</scroll>
						</control>
						<control type="label">
							<posx>144</posx>
							<posy>10</posy>
							<width>410</width>
							<height>75</height>
							<font>font21sq</font>
							<info>ListItem.Label</info>
							<textcolor>black</textcolor>
							<selectedcolor>black</selectedcolor>
							<visible>IsEmpty(ListItem.Artist)</visible>
						</control>
						<control type="textbox">
							<description>plot outline</description>
							<posx>144</posx>
							<posy>44</posy>
							<width>410</width>
							<height>75</height>
							<font>font18</font>
							<aligny>top</aligny>
							<info>ListItem.Property(Artist_Description)</info>
							<textcolor>black</textcolor>
							<selectedcolor>black</selectedcolor>
						</control>
					</control>
					<control type="group">
						<visible>Container.Content(Albums)</visible>
						<control type="label">
							<description>Album by Artist</description>
							<posx>144</posx>
							<posy>10</posy>
							<width>410</width>
							<height>75</height>
							<font>font21sq</font>
							<label>$INFO[ListItem.Album] [COLOR darkgrey]$LOCALIZE[31070][/COLOR] $INFO[ListItem.Artist]</label>
							<textcolor>black</textcolor>
							<selectedcolor>black</selectedcolor>
							<scroll>true</scroll>
							<visible>!IsEmpty(ListItem.Album)</visible>
						</control>
						<control type="label">
							<description>Album by Artist</description>
							<posx>144</posx>
							<posy>10</posy>
							<width>410</width>
							<height>75</height>
							<font>font21sq</font>
							<label>$INFO[ListItem.Label]</label>
							<textcolor>black</textcolor>
							<selectedcolor>black</selectedcolor>
							<visible>IsEmpty(ListItem.Album)</visible>
						</control>
						<control type="textbox">
							<description>plot outline</description>
							<posx>144</posx>
							<posy>44</posy>
							<width>410</width>
							<height>75</height>
							<font>font18</font>
							<aligny>top</aligny>
							<info>ListItem.Property(Album_Description)</info>
							<textcolor>black</textcolor>
							<selectedcolor>black</selectedcolor>
						</control>
					</control>
					<control type="group">
						<visible>Container.Content(Songs)</visible>
						<control type="label">
							<posx>144</posx>
							<posy>10</posy>
							<width>410</width>
							<height>75</height>
							<font>font21sq</font>
							<label>$LOCALIZE[554] $INFO[ListItem.TrackNumber]: $INFO[ListItem.Title]</label>
							<textcolor>black</textcolor>
							<selectedcolor>black</selectedcolor>
							<visible>!IsEmpty(ListItem.Title)</visible>
						</control>
						<control type="label">
							<posx>144</posx>
							<posy>10</posy>
							<width>410</width>
							<height>75</height>
							<font>font21sq</font>
							<info>ListItem.Label</info>
							<textcolor>black</textcolor>
							<selectedcolor>black</selectedcolor>
							<visible>IsEmpty(ListItem.Title)</visible>
						</control>
						<control type="label">
							<description>Duration</description>
							<posx>144</posx>
							<posy>44</posy>
							<width>410</width>
							<height>75</height>
							<font>font18</font>
							<aligny>top</aligny>
							<label>$INFO[ListItem.Duration,, $LOCALIZE[12391]]</label>
							<textcolor>black</textcolor>
							<selectedcolor>black</selectedcolor>
						</control>
						<control type="image">
							<posx>144</posx>
							<posy>82</posy>
							<width>107</width>
							<height>22</height>
							<aspectratio>keep</aspectratio>
							<info>ListItem.StarRating</info>
						</control>
					</control>
					<control type="group">
						<visible>Window.IsVisible(pictures)</visible>
						<control type="label">
							<posx>144</posx>
							<posy>10</posy>
							<width>410</width>
							<height>75</height>
							<font>font21sq</font>
							<info>ListItem.Title</info>
							<textcolor>black</textcolor>
							<selectedcolor>black</selectedcolor>
							<scroll>true</scroll>
						</control>
						<control type="label">
							<posx>144</posx>
							<posy>10</posy>
							<width>410</width>
							<height>75</height>
							<font>font21sq</font>
							<info>ListItem.Label</info>
							<textcolor>black</textcolor>
							<selectedcolor>black</selectedcolor>
							<visible>IsEmpty(ListItem.Title)</visible>
							<scroll>true</scroll>
						</control>
						<control type="label">
							<description>Resolution</description>
							<posx>144</posx>
							<posy>44</posy>
							<width>410</width>
							<height>75</height>
							<font>font18</font>
							<aligny>top</aligny>
							<info>ListItem.PictureResolution</info>
							<textcolor>black</textcolor>
							<selectedcolor>black</selectedcolor>
							<scroll>true</scroll>
						</control>
					</control>
				</focusedlayout>
			</control>
			<control type="group">
				<visible>Container.Scrolling</visible>
				<animation effect="fade" time="100" delay="400">Visible</animation>
				<animation effect="fade" time="300">Hidden</animation>
				<posx>582</posx>
				<posy>360</posy>
				<width>100</width>
				<height>100</height>
				<control type="image">
					<posx>0</posx>
					<posy>0</posy>
					<width>100</width>
					<height>100</height>
					<texture>scroll_background.png</texture>
				</control>
				<control type="label">
					<posx>0</posx>
					<posy>0</posy>
					<width>100</width>
					<height>100</height>
					<align>center</align>
					<aligny>center</aligny>
					<label>$INFO[ListItem.SortLetter]</label>
					<textcolor>white</textcolor>
					<font>font48b</font>
				</control>
			</control>
			<control type="scrollbar" id="60">
				<description>scroll bar indicator for lists</description>
				<visible>!system.getbool(input.enablemouse)</visible>
				<posx>1224</posx>
				<posy>112</posy>
				<width>12</width>
				<height>588</height>
				<onleft>50</onleft>
				<onright>SetFocus(9111)</onright>
				<texturesliderbackground border="0,8,0,8">scrollbar_vertical_bg.png</texturesliderbackground>
				<texturesliderbar border="4,8,4,8">scrollbar_vertical_nib.png</texturesliderbar>
				<texturesliderbarfocus border="4,8,4,8">scrollbar_vertical_nib_on.png</texturesliderbarfocus>
				<orientation>vertical</orientation>
				<showonepage>false</showonepage>
			</control>
			<control type="group">
				<visible>system.getbool(input.enablemouse) + IntegerGreaterThan(Container(53).NumPages,1)</visible>
				<control type="button">
					<posx>1224</posx>
					<posy>112</posy>
					<width>24</width>
					<height>24</height>
					<onclick>PageUp(60)</onclick>
					<texturefocus>settings_arrow_button_up.png</texturefocus>
					<texturenofocus>scroll_up.png</texturenofocus>
				</control>
				<control type="scrollbar" id="60">
					<description>scroll bar indicator for lists</description>
					<posx>1224</posx>
					<posy>142</posy>
					<width>12</width>
					<height>528</height>
					<onleft>50</onleft>
					<onright>SetFocus(9111)</onright>
					<texturesliderbackground border="0,8,0,8">scrollbar_vertical_bg.png</texturesliderbackground>
					<texturesliderbar border="4,8,4,8">scrollbar_vertical_nib.png</texturesliderbar>
					<texturesliderbarfocus border="4,8,4,8">scrollbar_vertical_nib_on.png</texturesliderbarfocus>
					<orientation>vertical</orientation>
					<showonepage>false</showonepage>
				</control>
				<control type="button">
					<posx>1224</posx>
					<posy>676</posy>
					<width>24</width>
					<height>24</height>
					<onclick>PageDown(60)</onclick>
					<texturefocus>settings_arrow_button_down.png</texturefocus>
					<texturenofocus>scroll_down.png</texturenofocus>
				</control>
			</control>
		</control>
	</include>
</includes>