<?xml version="1.0" encoding="UTF-8" standalone="yes"?>
<!-- These are just examples of how the script can be called from with in the skin --> 

<!-- Calling the script to download extrafanart for just one movie/tvshow --> 
	<item id="10">
		<description>Get Extrafanart</description>
		<label>$LOCALIZE[31316]</label>
		<onclick>XBMC.RunScript(script.extrafanartdownloader, mediatype=tvshow, medianame=$INFO[ListItem.TVShowTitle])</onclick>
		<visible>Container.Content(tvshows)+system.hasaddon(script.extrafanartdownloader)</visible>
	</item>
	<item id="11">
		<description>Get Extrafanart</description>
		<label>$LOCALIZE[31316]</label>
		<onclick>XBMC.RunScript(script.extrafanartdownloader, mediatype=movie, medianame=$INFO[ListItem.Title])</onclick>
		<visible>Container.Content(movies)+system.hasaddon(script.extrafanartdownloader)</visible>
	</item>
		  
  
 <!-- Showing off the extrafanart as a slideshow -->
	<control type="multiimage">
		<posx>715</posx>
		<posy>404</posy>
		<width>360</width>
		<height>202</height>
		<fadetime>1500</fadetime>
		<timeperimage>4000</timeperimage>
		<randomize>true</randomize>
		<aspectratio align="center">scale</aspectratio>
		<imagepath background="true">$INFO[ListItem.FileNameAndPath,,extrafanart]</imagepath>
		<visible>Container.Content(tvshows)+Container(5000).HasFocus(10)</visible>
	</control>
	<control type="multiimage">
		<posx>715</posx>
		<posy>404</posy>
		<width>360</width>
		<height>202</height>
		<fadetime>1500</fadetime>
		<timeperimage>4000</timeperimage>
		<randomize>true</randomize>
		<aspectratio align="center">scale</aspectratio>
		<imagepath background="true">$INFO[ListItem.Path,,extrafanart]</imagepath>
		<visible>Container.Content(movies)+Container(5000).HasFocus(11)</visible>
	</control>