<?xml version="1.0" encoding="UTF-8" standalone="yes"?>
<addon id="metadata.tvdb.com"
       name="The TVDB"
       version="1.4.4"
       provider-name="Team XBMC">
  <requires>
    <import addon="xbmc.metadata" version="1.0"/>
  </requires>
  <extension point="xbmc.metadata.scraper.tvshows"
             language="multi"
             library="tvdb.xml"
             cachepersistence="00:15"/>
  <extension point="xbmc.addon.metadata">
    <summary lang="af">Gaan haal TV vertoning metadata vanaf TheTVDB.com</summary>
    <summary lang="be">Fetch TV show metadata from TheTVDB.com</summary>
    <summary lang="bg">Изтегля информация за ТВ Сериали от TheTVDB.com</summary>
    <summary lang="cs">Získat metadata televizního pořadu z TheTVDB.com</summary>
    <summary lang="da">Hent metadata til TV-serier fra TheTVDB.com</summary>
    <summary lang="de">Scraper für Fernsehserien von TheTVDB.com</summary>
    <summary lang="el">Λήψη μετα-δεδομένων σειρών από το TVDB.com</summary>
    <summary lang="en">Fetch TV show metadata from TheTVDB.com</summary>
    <summary lang="es">Recuperar metadatos de series de TV en TheTVDB.com</summary>
    <summary lang="es_AR">Recuperar metadatos de series de TV en TheTVDB.com</summary>
    <summary lang="es_MX">Obtener metadata de Series desde TheTVDB.com</summary>
    <summary lang="fi">Nouda TV-ohjelmien tietoja TheTVDB.com -sivustolta</summary>
    <summary lang="fr">Collecter les métadonnées des séries TV depuis TheTVDB.com</summary>
    <summary lang="gl">Obter os metadatos das series de TV dende TheTVDB.com</summary>
    <summary lang="he">הבא מידע </summary>
    <summary lang="hu">TV műsor információk a TheTVDB.com-ról</summary>
    <summary lang="is">Sækja Sjónvarpsþátta lýsigögn frá TheTVDB.com</summary>
    <summary lang="it">Scarica informazioni programma TV da TheTVDB.com</summary>
    <summary lang="ja">TheTVDB.com からTV番組メタデータを取得</summary>
    <summary lang="ko">TheTVDB.com 에서 TV 쇼 정보 가져오기</summary>
    <summary lang="lt">Parsiųsti TV šou (serialo) metaduomenis iš TheTVDB.com</summary>
    <summary lang="mk">Превземи ТВ шоу метаподаток од TVDB.com</summary>
    <summary lang="nl">Seriemetadata ophalen van TheTVDB.com</summary>
    <summary lang="pl">Pobieraj dane o serialach TV z TheTVDB.com</summary>
    <summary lang="pt">Obtenha dados para séries TV de TVDB.com</summary>
    <summary lang="pt_BR">Obtenha dados dos seriados do TheTVDB.com</summary>
    <summary lang="ro">Obţineţi datele despre seriale de la TheTVDB.com</summary>
    <summary lang="ru">Загрузка информации о ТВ-шоу с TheTVDB.com</summary>
    <summary lang="se">Skrapa för TV-seriemetadata från TVDB.com</summary>
    <summary lang="sk">Získať metadáta o televíznej relácii zo stránky TheTVDB.com</summary>
    <summary lang="sl">Prenesite informacije o TV serijah z TheTVDB.com</summary>
    <summary lang="sv">Hämta TV-seriemetadata från TVDB.com</summary>
    <summary lang="th">เรียกข้อมูลหลักของรายการทีวี จาก TheTVDB.com</summary>
    <summary lang="uk">Отримання відомостей про серіали із TheTVDB.com</summary>
    <summary lang="zh">从TheTVDB.com获取电视剧集信息</summary>
    <summary lang="zh_TW">從 TheTVDB.com 取得電視節目資訊</summary>
    <description lang="af">TheTVDB.com is 'n TV Skraper. Die werf is 'n massiewe oop databasis wat deur enige iemand verander kan word en bevat vol meta data vir baie vertonings in verskillende tale. Alle inhoud en prente op die werf is bygedra deur sy gebruikers vir sy gebruikers en het 'n hoë standaard van kwaliteit. Die databasis skema en webruimte is oopbron onder die GPL.</description>
    <description lang="be">TheTVDB.com is a TV Scraper. The site is a massive open database that can be modified by anybody and contains full meta data for many shows in different languages. All content and images on the site have been contributed by their users for users and have a high standard or quality. The database schema and website are open source under the GPL.</description>
    <description lang="bg">TheTVDB.com предоставя информация за ТВ Сериали. Сайтът представлява една огромна, безплатна и отворена база от данни. Всеки може да редактира (наличната информация) или да добавя нова. Съдържа подробни данни за много сериали и на различни езици. Цялото съдържание на сайта и публикуваните изображения са предоставени от потребители за потребителите. Съдържанието на сайтът и базата от данни е с отворен код под лиценза GPL.</description>
    <description lang="cs">TheTVDB.com je zdroj metadat pro televizní pořady. Stránka je masivní otevřená databáze, kterou může kdokoliv upravovat a obsahuje veškerá metadata v různých jazycích k mnoha pořadům. Všechen obsah a obrázky jsou poskytnuty uživateli pro uživatele a mají vysokou kvalitu. Návrhový vzor databáze a webová stránka jsou svobodný software licencovaný pod GPL.</description>
    <description lang="da">TheTVDB.com er en TV-scraper. Siden er en massiv åben database, som alle kan modificere, og den indeholder fyldestgørende metadata for mange serier på forskellige sprog. Alt indhold og alle billeder på siden er tilføjet af brugere og har en høj standard eller kvalitet. Databasens model og webside er open source under GPL.</description>
    <description lang="de">TheTVDB.com ist ein Scraper für TV-Serien. Die Seite hat eine riesige offene Datenbank, welche von jedem geändert werden kann. Sie enthält weitreichende Meta-Daten für viele TV-Serien in verschiedenen Sprachen. Alle Inhalte und Bilder dieser Seite stammen von User für User und haben eine hohe Qualität. Das Datenbankschema und die Webseite sind OpenSource unter dem GPL-Recht</description>
    <description lang="el">Το TVDB.com είναι ένα Scraper Τηλεόρασης. Η ιστοσελίδα είναι μία τεράστια ανοικτή βάση δεδομένων η οποία μπορεί να τροποποιηθεί από τον καθένα και περιέχει πλήρη μετα-δεδομένα για πολλές σειρές σε διάφορες γλώσσες. Όλο το περιεχόμενο και οι εικόνες στην ιστοσελίδα προέρχονται από τους χρήστες του, και έχουν υψηλά πρότυπα ποιότητας. Το σχήμα της βάσης δεδομένων και της ιστοσελίδας είναι ανοικτού κώδικα υπό το GPL.</description>
    <description lang="en">TheTVDB.com is a TV Scraper. The site is a massive open database that can be modified by anybody and contains full meta data for many shows in different languages. All content and images on the site have been contributed by their users for users and have a high standard or quality. The database schema and website are open source under the GPL.</description>
    <description lang="es">TheTVDB.com es un scraper de TV. El sitio es una enorme base de datos abierta que puede ser modificada por cualquiera y que contiene metadatos completos de muchas series en diferentes idiomas. Todos los contenidos e imágenes del sitio han sido aportados por sus usuarios y tienen una alta calidad. El esquema de base de datos y sitio web son de código abierto bajo la licencia GPL.</description>
    <description lang="es_AR">TheTVDB.com es un scraper de TV. El sitio es una enorme base de datos abierta que puede ser modificada por cualquiera y que contiene metadatos completos de muchas series en diferentes idiomas. Todos los contenidos e imágenes del sitio han sido aportados por sus usuarios y tienen una alta calidad. El esquema de base de datos y sitio web son de código abierto bajo la licencia GPL.</description>
    <description lang="es_MX">TheTVDB.com es un scraper de series de TV. Este sitio es una base de datos masiva y abierta que puede ser modicada por cualquiera y contiene metadata completa para muchas series en diferentes lenguajes. Todo el contenido e imágenes del sitio han sido contribuidos por sus usuarios para usuarios, los cuales tienen un alto estándar de calidad. El esquema de la base de datos y el sitio web son de código abierto bajo GPL.</description>
    <description lang="fi">TheTVDB.com on TV-ohjelmatietojen lataaja. Sivusto on massiivinen avoin tietokanta, jonka tietoja kaikki pystyy muokkaamaan ja se sisältää täydet tiedot monista TV-ohjelmista usealla eri kielellä. Kaikki sivuston sisältö ja kuvat on korkealaatuisia ja käyttäjien lahjoittamia. Tietokanta ja sivusto ovat GPL-lisenssin alaisia.</description>
    <description lang="fr">TheTVDB.com est un collecteur TV. Le site est une immense base de données libre pouvant être modifiée par tout le monde et contenant toutes les informations de nombreuses séries en différentes langues. Les informations et images du site proviennent de contributions d'utilisateurs pour les usagers et sont d'excellentes qualités. Le schéma de la base de données et le site Web sont en open source sous licence GPL.</description>
    <description lang="gl">TheTVDB.com é un Scraper de TV. O sitio é unha enorme base de datos aberta que calquera pode modificar e contén todos os metadatos de centos de series en diferentes idiomas. Todo o contido e imaxes do sitio foi proporcionado polos seus usuarios e amosa un grande estándar de calidade. O esquema da base de datos e o sitio web son de código aberto baixo licenza GPL.</description>
    <description lang="he">TheTVDB.com הוא סקרייפר עבור תוכניות טלוויזיה. אתר זה הוא מסד נתונים פתוח עצום אשר כל אחד יכול לערוך ומכיל פרטים מלאים להרבה תוכניות טלוויזיה בשפות שונות. כל התכנים והתמונות באתר נתרמו ע"י המשתמשים שלה עבור משתמשים וישנו סטנדרט גבוה או איכות גבוהה. תכנית המסד נתונית והאתר הם בקוד פתוח תחת ה-GPL.</description>
    <description lang="hu">A TheTVDB.com egy TV műsor leolvasó. Az oldal egy hatalmas adatbázis amit bárki szabadon módosíthat és rengeteg TV műsor adatait tartalmazza különböző nyelveken. A minőségi tartalom és képanyag ezen az oldalon felhasználóktól származik más felhasználók számára. Az adatbázisstruktúra és a weblap nyílt forráskódú a GPL licenc alatt.</description>
    <description lang="it">TheTVDB.com è uno scraper di programmi TV. Questo sito è un enorme database che può essere modificato da chiunque, e contiene tutte le informazioni di molti show in varie lingue. Tutti i contenuti e le immagini sul sito sono stati forniti dagli utenti, ed hanno un alto standard di qualità. Lo schema del database e il sito internet sono open source sotto licenza GPL.</description>
    <description lang="ja">TheTVDB.com は TV スクレーパーです。本サイトは強力でオープンなデータベースで、誰もが追加修正可能です。テレビ番組のメタデータは多くの言語で提供されています。番組情報や画像データはユーザにより提供され、そのクオリティは非常に高いものです。データベーススキーマと web サイトは GPL ライセンスのオープンソースです。</description>
    <description lang="ko">TheTVDB.com 은 TV 자료수집기입니다. 위 사이트는 이용자가 직접 수정할 수 있으며 다양한 언어의 완전한 메타 데이터를 포함하는 방대한 오픈 데이터베이스입니다. 사이트의 모든 콘텐츠와 이미지들은 사이트 이용자들이 다른 이용자들을 위해 제공한 것이며 높은 품질을 가지고 있습니다. 웹사이트와 데이터베이스 스키마는 GLP 오픈소스입니다.</description>
    <description lang="lt">TheTVDB.com yra TV Scraper. Ši svetainė yra didžiulė atvira duomenų bazė, kuria gali pakeisti bet kas ir kurioje visa meta duomenis bazė daugelo šou įvairiomis kalbomis. Visas svetainės turinys atnaujinamas/papyldomasvartotojų ir turi aukštą kokybės standartą. Duomenų bazės ir svetainės yra atviro kodo pagal GPL standartą.</description>
    <description lang="mk">TheTVDB.com is a TV Scraper. The site is a massive open database that can be modified by anybody and contains full meta data for many shows in different languages. All content and images on the site have been contributed by their users for users and have a high standard or quality. The database schema and website are open source under the GPL.</description>
    <description lang="nl">TheTVDB.com is een seriescraper. De site is een gigantische open databank die iedereen kan aanpassen en uitbreiden, en biedt metadata aan voor TV-series in verschillende talen. Alle inhoud en afbeeldingen zijn afkomstig van gebruikers en moeten een grondige kwaliteitscontrole doorstaan. Het databankschema en de websitecode zijn vrijgegeven onder de open source GPL-licentie.</description>
    <description lang="pl">TheTVDB.com jest scraperem TV. Ten serwis jest ogromną, wielojęzykową i otwartą bazą danych o serialach, którą może edytować każdy. Zawartość tego serwisu została dostarczona przez użytkowników, dla użytkowników. Dostępne materiały są najwyższej jakości.</description>
    <description lang="pt">O TheTVDB.com é um scraper para séries TV. O site é uma gigantesca base de dados livre que pode ser alterada por qualquer pessoa e contém informação em várias línguas. Todos os conteúdos do site foram enviados por utilizadores e têm um elevado padrão de qualidade. A base de dados e o site funcionam sob uma licença GPL de software livre.</description>
    <description lang="pt_BR">TheTVDB.com é um scraper de seriados. O site é um enorme banco de dados aberto que pode ser modificado por qualquer pessoa e contém metadados completos de muitos seriados em diferentes idiomas. Todos os conteúdos e imagens no site foram contribuições de usuários para usuários e têm um alto padrão de qualidade. O esquema do banco de dados e do site são de código aberto sob a licença GPL.</description>
    <description lang="ro">TheTVDB.com este un colectore TV. Site-ul este o bază de date masivă, deschisă, ce poate fi modificată de oricine şi conţine date complete despre multe seriale în diferite limbi. Tot conţinutul site-ului a fost contribuit de către utilizatori pentru utilizatori şi are un standard de caliate înalt. Schema bazei de date şi site-ul au sursele libere sub licenţă GPL.</description>
    <description lang="ru">TheTVDB.com — это инфоресурс для сериалов. Сайт представляет собой огромную открытую базу данных, в которую может вносить данные любой пользователь и которая содержит полные мета-данные для многих сериалов на различных языках. Всё содержимое и изображения на сайте были выложены его пользователями для других пользователей и имеют высокий уровень качества. Структура базы данных и веб-сайт созданы с открытым исходным кодом по лицензии GPL.</description>
    <description lang="se">TVDB.com är en TV-skrapa. Sajten är en massiv öppen databas som kan ändras av vem som helst och innehåller full metadata för mängder av serier på olika språk. Allt innehåll och bilder på sajten har bidragits av användare för användare och har en hög standard eller kvalitet. Databasschemat och webbsidan är licensierat som GPL.</description>
    <description lang="sk">TheTVDB.com je zdroj získavania dát ohľadom TV. Táto stránka je obrovskou otvorenou databázou, ktorú môže upravovať ktokoľvek a obsahuje úplne metadáta pre mnoho relácií v rôznych jazykoch. Všetok obsah a obrázky na stránke bol dodaný samotnými používateľmi pre používateľov a udržuje si vysoký štandard a kvalitu. Schéma databázy a webová stránka sú dostupné vo forme open source v súlade s licenciou GPL.</description>
    <description lang="sl">TheTVDB.com je ponudnik informacij o TV serijah. Stran je masovna odprta baza podatkov, ki jo lahko dopolni kdorkoli, in vsebuje informacije o najrazličnejših TV serijah v več jezikih. Vsa vsebina in slike so bile dodane s strani uporabnikov in imajo visok nivo kvalitete. Shema baze in spletna stran sta odprtokodni pod GPL.</description>
    <description lang="sv">TVDB.com är en TV-skrapa. Sajten är en massiv öppen databas som kan bli modifierad av vem som helst och innehåller all metadata för många serier på olika språk. Allt innehåll och bilder på sidan har bidragits av användare för användare och har hög standard eller kvalitet. Databasschemat och sidan är öppen källkod licensierat under GPL.</description>
    <description lang="th">TheTVDB.com เป็นตัวดึงข้อมูลทีวี เว็บไซต์เป็นฐานข้อมูลเปิดขนาดใหญ่ที่สามารถแก้ไขได้โดยทุกคนและมีข้อมูลขั้นสูงเต็มรูปแบบ สำหรับหลาย ๆ รายการ ในแต่ละภาษาที่แตกต่างกัน เนื้อหาและรูปภาพทั้งหมดในเว็บไซต์ ได้รับการสนับสนุนโดยผู้ใช้เพื่อผู้ใช้ มีคุณภาพและมาตรฐานที่สูง schemaของฐานข้อมูลและเว็บไซต์ได้เปิดภายใต้ GPL</description>
    <description lang="zh">TheTVDB.com是一个电视刮削器。该网站是一个巨大的开放式数据库，任何人都可以修改，包含多语言的许多电视剧集资料。网站设定了高品质标准，所有图片和内容都由用户提供。数据库结构和网站均在GPL许可下开源。</description>
    <platform>all</platform>
  </extension>
</addon>
