<?xml version="1.0" encoding="UTF-8" standalone="yes"?>
<addon id="plugin.video.vevo"
       name="VEVO"
       version="0.7.1"
       provider-name="BlueCop">
  <requires>
    <import addon="xbmc.python" version="1.0"/>
    <import addon="script.module.beautifulsoup" version="3.0.8"/>
    <import addon="script.module.demjson" version="1.4"/>
    <import addon="script.module.mechanize" version="0.2.5"/>
  </requires>
  <extension point="xbmc.python.pluginsource"
            library="default.py">
  <provides>video audio</provides>
  </extension>
  <extension point="xbmc.addon.metadata">
    <summary>Music Videos from VEVO</summary>
    <description>Music Videos from VEVO</description>
    <platform>all</platform>
  </extension>
</addon>
