<?xml version="1.0" encoding="UTF-8" standalone="yes"?>
<addon id="plugin.video.itunes_podcasts" name="Apple iTunes Podcasts" version="1.0.1" provider-name="Tristan Fischer (sphere@dersphere.de)">
    <requires>
        <import addon="xbmc.python" version="2.0"/>
        <import addon="script.module.simplejson" version="2.0.10"/>
        <import addon="script.module.xbmcswift2" version="1.2.0"/>
        <import addon="script.module.feedparser" version="0.5.7"/>
    </requires>
    <extension point="xbmc.python.pluginsource" library="addon.py">
        <provides>video audio</provides>
    </extension>
    <extension point="xbmc.addon.metadata">
        <language></language>
        <platform>all</platform>
        <summary lang="de">Apple iTunes Podcast Browser</summary>
        <summary lang="en">Apple iTunes Podcast Browser</summary>
        <description lang="de">Dieses Add-on ermöglicht das durchsuchen von tausenden kostenlosen Podcasts.[CR]Es bieted Video- und Audio-Podcasts - je aufgeteilt auf über 60 Genre. Auch ist es möglich nach Podcasts zu suchen.[CR]Außerdem ist es möglich eine "Meine Podcasts"-Liste über das Kontext-Menu zu verwalten.</description>
        <description lang="en">This add-on lets you browse and search for thousands of free Podcasts.[CR]It provides both, audio and video podcasts - each devided into over 60 genres. You can also search for specific podcasts by name.[CR]It is also possible to manage a "My Podcasts" list via context-menu.</description>
    </extension>
</addon>
