<?xml version="1.0" encoding="UTF-8" standalone="yes"?>
<addon id="script.module.gmusicapi"
       name="gmusicapi"
       version="2012.11.09"
       provider-name="Valentin-Costel Hăloiu">
  <requires>
    <import addon="xbmc.python" version="2.0"/>
    <import addon="script.module.validictory" version="0.8.3"/>
    <import addon="script.module.decorator" version="3.3.3"/>
    <import addon="script.module.mutagen" version="1.20.0"/>
    <import addon="script.module.protobuf" version="2.4.2"/>
    <import addon="script.module.chardet" version="2.1.1"/>
  </requires>
  <extension point="xbmc.python.module"
             library="lib" />
  <extension point="xbmc.addon.metadata">
    <summary>An unofficial API for Google Music</summary>
    <description>Packed for XBMC from https://github.com/simon-weber/Unofficial-Google-Music-API</description>
    <license>BSD</license>
    <platform>all</platform>
  </extension>
</addon>
