<?xml version="1.0" encoding="UTF-8"?>
<addon id="plugin.video.topdocumentaryfilms_com" name="TopDocumentaryFilms.com" version="1.0.0" provider-name="AddonScriptorDE">
    <requires>
        <import addon="xbmc.python" version="2.0"/>
        <import addon="plugin.video.youtube" version="3.0.0"/>
        <import addon="plugin.video.vimeo" version="2.3.0"/>
    </requires>
    <extension point="xbmc.python.pluginsource" library="default.py">
        <provides>video</provides>
    </extension>
    <extension point="xbmc.addon.metadata">
        <platform>all</platform>
        <summary lang="en">Watch documentaries from TopDocumentaryFilms.com</summary>
        <language>en</language>
        <description lang="en">Watch documentaries from TopDocumentaryFilms.com</description>
    <platform>all</platform>
    </extension>
</addon>
