<?xml version="1.0" encoding="UTF-8" standalone="yes"?>
<addon id="plugin.video.gametrailers" name="GameTrailers" version="1.4" provider-name="Dan Dar3 &lt;dan.dar33@gmail.com&gt;">
	<requires>
		<import addon="xbmc.python"                 version="1.0"    />
		<import addon="script.module.beautifulsoup" version="3.0.8"  />
		<import addon="script.module.simplejson"    version="2.0.10" />
	</requires>
	
	<extension point="xbmc.python.pluginsource" library="addon.py">
		<provides>video</provides>
	</extension>
	
	<extension point="xbmc.addon.metadata">
		<platform>all</platform>
		<summary>Watch videos from GameTrailers.com</summary>
		<description>Watch videos from GameTrailers.com</description>
	</extension>
</addon>