<?xml version="1.0" encoding="utf-8"?>
    <defaults>
        <icons>
            <icon url="/category/avgn/" image="avgn.png"/>
            <icon url="/category/boardjames/" image="boardJ.png"/>
            <icon url="/category/ykwb/" image="ykwbs.png"/>
        </icons>
        <excludeUrls>
            <url>/fanstuff/</url>
            <url>/full-list-of-avgn-videos/</url>
            <url>/fan-art-page</url>
            <url>/2011/01/19/avgn-iphone-game-texting-of-the-bread/</url>
            <url>/2010/03/10/avgn-game-over-2-by-gavin-maclean/</url>
            <url>/2009/08/17/avgn-ko-boxing/</url>
            <url>/2009/01/19/11909-avgn-game-over-by-gavin-maclean/</url>
            <url>/2008/08/03/the-avgn-in-pixel-land-blast-by-kevin-berryman/</url>
            <url>/2008/02/25/the-angry-video-game-by-eric-ruth/</url>
            <url>/fan-songs-page</url>
            <url>/category/avgn/avgn-collection/</url>
            <url>/2007/03/22/game-collection/</url>
            <url>http://www.screwattackstore.com/avgntshirts.html</url>
            <url>http://cinemassacre.com/category/site-2/featuredarticles/</url>
            <url>http://cinemassacre.com/donate/</url>
            <url>http://cinemassacre.com/faq/</url>
            <url>http://cinemassacre.com/links/</url>
            <url>http://cinemassacre.com/partners/</url>
            <url>/terms-of-service/</url>
            <url>http://cinemassacre.com/contact/</url>
        </excludeUrls>
    </defaults>
