<window type="window" id="14000">
    <allowoverlay>no</allowoverlay>
    <controls>
        <control type="group">
            <control type="image">
                <description>Black Background</description>
                <posx>0</posx>
                <posy>0</posy>
                <width>1280</width>
                <height>720</height>
                <texture>black.png</texture>
            </control>
			<control type="label" id="102">
                <description>Visibility-Placeholder</description>
                <posx>0</posx>
                <posy>0</posy>
                <width>0</width>
                <height>0</height>
            </control>
            <control type="image" id="101">
                <description>The spinning animation in the background</description>
                <posx>607</posx>
                <posy>327</posy>
                <width>66</width>
                <height>66</height>
                <texture>loader.gif</texture>
            </control>
            <control type="list" id="100">
                <description>Main list of Images</description>
                <posx>0</posx>
                <posy>0</posy>
                <width>1280</width>
                <height>720</height>
                <scrolltime>200</scrolltime>
                <orientation>horizontal</orientation>
                <preloaditems>10</preloaditems>
                <itemlayout width="1280" height="720">
                    <control type="image">
                        <description>The spinning animation in the background</description>
                        <posx>607</posx>
                        <posy>327</posy>
                        <width>66</width>
                        <height>66</height>
                        <texture>loader.gif</texture>
                    </control>
                    <control type="largeimage">
                        <description>The Picture in ratio scale</description>
                        <posx>0</posx>
                        <posy>0</posy>
                        <width>1280</width>
                        <height>720</height>
                        <fadetime>200</fadetime>
                        <texture background="true">$INFO[ListItem.Icon]</texture>
                        <aspectratio>scale</aspectratio>
                        <visible>StringCompare(ListItem.Property(aspectratio),scale)</visible>
                    </control>
                    <control type="largeimage">
                        <description>The Picture in ratio keep</description>
                        <posx>0</posx>
                        <posy>0</posy>
                        <width>1280</width>
                        <height>720</height>
                        <fadetime>200</fadetime>
                        <texture background="true">$INFO[ListItem.Icon]</texture>
                        <aspectratio>keep</aspectratio>
                        <visible>StringCompare(ListItem.Property(aspectratio),keep)</visible>
                    </control>
                    <control type="label">
                        <description>Label for the Source title</description>
                        <posx>20</posx>
                        <posy>10</posy>
                        <width>320</width>
                        <height>20</height>
                        <align>left</align>
                        <aligny>center</aligny>
                        <label>$INFO[ListItem.Property(Album)]</label>
                        <textcolor>FFDDDDDD</textcolor>
                        <visible>Control.IsVisible(102)</visible>
                        <font>font13</font>
                    </control>
                    <control type="label">
                        <description>Label for Album or Picture title</description>
                        <posx>640</posx>
                        <posy>10</posy>
                        <width>640</width>
                        <height>20</height>
                        <align>center</align>
                        <aligny>center</aligny>
                        <label>$INFO[ListItem.Label]</label>
                        <textcolor>FFDDDDDD</textcolor>
                        <visible>Control.IsVisible(102)</visible>
                        <font>font13</font>
                    </control>
                    <control type="label">
                        <description>Label (x/y)</description>
                        <posx>1260</posx>
                        <posy>10</posy>
                        <width>320</width>
                        <height>20</height>
                        <align>right</align>
                        <aligny>center</aligny>
                        <label>($INFO[ListItem.Property(duration)])</label>
                        <textcolor>FFDDDDDD</textcolor>
                        <visible>Control.IsVisible(102)</visible>
                        <font>font13</font>
                    </control>
                </itemlayout>
                <focusedlayout width="1280" height="720">
                    <control type="image">
                        <description>The spinning animation in the background</description>
                        <posx>607</posx>
                        <posy>327</posy>
                        <width>66</width>
                        <height>66</height>
                        <texture>loader.gif</texture>
                    </control>
                    <control type="largeimage">
                        <description>The Picture in ratio scale</description>
                        <posx>0</posx>
                        <posy>0</posy>
                        <width>1280</width>
                        <height>720</height>
                        <fadetime>200</fadetime>
                        <texture background="true">$INFO[ListItem.Icon]</texture>
                        <aspectratio>scale</aspectratio>
                        <visible>StringCompare(ListItem.Property(aspectratio),scale)</visible>
                    </control>
                    <control type="largeimage">
                        <description>The Picture in ratio keep</description>
                        <posx>0</posx>
                        <posy>0</posy>
                        <width>1280</width>
                        <height>720</height>
                        <fadetime>200</fadetime>
                        <texture background="true">$INFO[ListItem.Icon]</texture>
                        <aspectratio>keep</aspectratio>
                        <visible>StringCompare(ListItem.Property(aspectratio),keep)</visible>
                    </control>
                    <control type="image">
                        <description>Background for the Headline</description>
                        <posx>0</posx>
                        <posy>0</posy>
                        <width>1280</width>
                        <height>64</height>
                        <texture border="0,0,20,0">HeaderBack.png</texture>
                        <colordiffuse>AAFFFFFF</colordiffuse>
                        <visible>Control.IsVisible(102)</visible>
                        <animation effect="fade" time="200">VisibleChange</animation>
                    </control>
                    <control type="label">
                        <description>Label for the Source title</description>
                        <posx>20</posx>
                        <posy>10</posy>
                        <width>480</width>
                        <height>20</height>
                        <align>left</align>
                        <aligny>center</aligny>
                        <label>$INFO[ListItem.Property(Album)]</label>
                        <textcolor>FFDDDDDD</textcolor>
                        <visible>Control.IsVisible(102)</visible>
                        <font>font13</font>
                        <animation effect="fade" time="200">VisibleChange</animation>
                    </control>
                    <control type="label">
                        <description>Label for Album or Picture title</description>
                        <posx>640</posx>
                        <posy>10</posy>
                        <width>640</width>
                        <height>20</height>
                        <align>center</align>
                        <aligny>center</aligny>
                        <label>$INFO[ListItem.Label]</label>
                        <textcolor>FFDDDDDD</textcolor>
                        <visible>Control.IsVisible(102)</visible>
                        <font>font13</font>
                        <animation effect="fade" time="200">VisibleChange</animation>
                    </control>
                    <control type="label">
                        <description>Label (x/y)</description>
                        <posx>1260</posx>
                        <posy>10</posy>
                        <width>320</width>
                        <height>20</height>
                        <align>right</align>
                        <aligny>center</aligny>
                        <label>($INFO[ListItem.Property(duration)])</label>
                        <textcolor>FFDDDDDD</textcolor>
                        <visible>Control.IsVisible(102)</visible>
                        <font>font13</font>
                        <animation effect="fade" time="200">VisibleChange</animation>
                    </control>
                    <control type="image">
                        <description>Arrow left</description>
                        <animation type="Focus">
                            <effect type="slide" start="-50,0" end="0" time="100" delay="2000"/>
                            <effect type="fade" start="0" end="100" time="100" delay="2000"/>
                        </animation>
                        <posx>10</posx>
                        <posy>320</posy>
                        <width>80</width>
                        <height>80</height>
                        <texture>left.png</texture>
                        <visible>ListItem.Property(show_info) + Container(100).HasPrevious</visible>
                        <animation effect="fade" time="200">VisibleChange</animation>
                    </control>
                    <control type="image">
                        <description>Arrow right</description>
                        <animation type="Focus">
                            <effect type="slide" start="50,0" end="0" time="100" delay="2000"/>
                            <effect type="fade" start="0" end="100" time="100" delay="2000"/>
                        </animation>
                        <posx>1190</posx>
                        <posy>320</posy>
                        <width>80</width>
                        <height>80</height>
                        <texture>right.png</texture>
                        <visible>ListItem.Property(show_info) + Container(100).HasNext</visible>
                        <animation effect="fade" time="200">VisibleChange</animation>
                    </control>
                    <control type="image">
                        <description>Background for description</description>
                        <animation type="Focus">
                            <effect type="fade" start="0" end="100" time="100" delay="2000"/>
                        </animation>
                        <posx>0</posx>
                        <posy>450</posy>
                        <width>1280</width>
                        <height>270</height>
                        <texture>DescriptionBack.png</texture>
                        <visible>Control.IsVisible(102)</visible>
                        <animation effect="fade" time="200">VisibleChange</animation>
                    </control>
                    <control type="textbox">
                        <description>Description Text</description>
                        <animation type="Focus">
                            <effect type="fade" start="0" end="100" time="100" delay="2000"/>
                        </animation>
                        <posx>20</posx>
                        <posy>560</posy>
                        <width>1240</width>
                        <height>150</height>
                        <font>font28</font>
                        <align>left</align>
                        <aligny>top</aligny>
                        <autoscroll delay="5000" time="2500" repeat="10000">Control.HasFocus(100)</autoscroll>
                        <wrapmultiline>true</wrapmultiline>
                        <label>$INFO[ListItem.Label2]</label>
                        <textcolor>white</textcolor>
                        <visible>Control.IsVisible(102)</visible>
                        <animation effect="fade" time="200">VisibleChange</animation>
                    </control>
                </focusedlayout>
            </control>
        </control>
    </controls>
</window>
