<window>
	<defaultcontrol>102</defaultcontrol>
	<coordinates>
		<system>1</system>
		<posx>0</posx>
		<posy>0</posy>
	</coordinates>
	<controls>
		<control type="group">
			<posx>40</posx>
			<posy>21</posy>
			<control type="image" id="101">
				<posx>0</posx>
				<posy>0</posy>
				<width>1200</width>
				<height>700</height>
				<texture border="40">webviewer-default-panel.png</texture>
			</control>
			<control type="image" id="102">
				<posx>15</posx>
				<posy>15</posy>
				<width>1170</width>
				<height>645</height>
				<aspectratio>keep</aspectratio>
			</control>
			<control type="button">
		        <description>Close Overlay</description>
		        <posx>0</posx>
				<posy>0</posy>
				<width>1200</width>
				<height>700</height>
		        <texturefocus>webviewer-transparent.png</texturefocus>
		        <texturenofocus>webviewer-transparent.png</texturenofocus>
		        <onclick>PreviousMenu</onclick>
	      	</control>
		</control>
	</controls>
</window>
