<?xml version="1.0" encoding="UTF-8" standalone="yes"?>
<addon id="plugin.video.pitchfork"
       name="Pitchfork"
       version="1.1.0"
       provider-name="maruchan">
  <requires>
    <import addon="xbmc.python" version="1.0"/>
    <import addon="script.module.beautifulsoup" version="3.0.8"/>
  </requires>
  <extension point="xbmc.python.pluginsource"
             library="default.py">
    <provides>video</provides>
  </extension>
  <extension point="xbmc.addon.metadata">
    <platform>all</platform>
    <minversion>29000</minversion>
    <summary>Watch videos from Pitchfork</summary>
    <description>Pitchfork is an Internet publication devoted to music criticism and commentary, music news, and artist interviews.  It covers indie rock, electronic, pop, hip hop, dance, folk, jazz, metal, and experimental music.</description>
  </extension>
</addon>
