<?xml version="1.0" encoding="UTF-8"?>
<addon id="plugin.video.videovideo.dk" version="2.0.2" name="videovideo.dk HD" provider-name="twinther [tommy@winther.nu]">
    <requires>
        <import addon="xbmc.python" version="2.0"/>
        <import addon="script.module.simplejson" version="2.0.10"/>
        <import addon="script.module.buggalo" version="1.0.1"/>
    </requires>
    <extension point="xbmc.python.pluginsource" library="addon.py">
        <provides>video</provides>
    </extension>
    <extension point="xbmc.addon.metadata">
        <summary lang="en">720p HD video from newz Media ApS</summary>
        <summary lang="da">720p HD video fra newz Media ApS</summary>
        <description lang="en">videovideo.dk is overall video platform for all sites belonging to newz Media ApS, including filmz.dk and railgun.newz.dk[CR][CR]If you have comments or suggestions for this addon, please feel free to participate in the debate on my blog at http://tommy.winther.nu</description>
        <description lang="da">videovideo.dk er overordnet videoplatform for alle sites tilhørende newz Media ApS, heriblandt filmz.dk og railgun.newz.dk[CR][CR]Har du kommentarer, ris eller ros til denne addon er du velkommen til at deltage i debatten på min blog på http://tommy.winther.nu</description>
        <license>GPL 2.0</license>
        <platform>all</platform>
        <language>da</language>
    </extension>
</addon>
