<?xml version="1.0" encoding="UTF-8" standalone="yes"?>
<addon id="plugin.video.zoneminder"
       version="1.1.1"
       name="ZoneMinder"
       provider-name="Mark Honeychurch (markhoney)">
  <requires>
    <import addon="xbmc.python" version="1.0"/>
  </requires>
  <extension point="xbmc.python.pluginsource" library="default.py">
    <provides>video</provides>
  </extension>
  <extension point="xbmc.addon.metadata">
    <platform>all</platform>
    <summary lang="en">View cameras on ZoneMinder Linux CCTV server</summary>
    <description lang="en">This addon allows you to connect to a ZoneMinder server and view the output of any camera attached to the server. Plain and hashed authentication are supported.</description>
  </extension>
</addon>