<?xml version="1.0" encoding="UTF-8" standalone="yes"?>
<addon id="plugin.video.wimp" name="Wimp.com" version="2.0.0" provider-name="Tristan Fischer (sphere@dersphere.de)">
    <requires>
        <import addon="xbmc.python" version="2.0"/>
        <import addon="script.module.simplejson" version="2.0.10"/>
        <import addon="script.module.xbmcswift2" version="1.2.0"/>
    </requires>
    <extension point="xbmc.python.pluginsource" library="addon.py">
        <provides>video</provides>
    </extension>
    <extension point="xbmc.addon.metadata">
        <language>en</language>
        <platform>all</platform>
        <summary lang="en">Wimp.com - Family Friendly Videos</summary>
        <description lang="en">A collection of the best online videos. Our editors make sure clips added are family friendly.</description>
    </extension>
</addon>
