<?xml version="1.0" encoding="UTF-8" standalone="yes"?>
<addon id="plugin.video.projectfreetv"
       name="Project Free TV"
       version="0.0.8"
       provider-name="Eldorado">
  <requires>
    <import addon="xbmc.python" version="1.0"/>
    <import addon="script.module.urlresolver" version="0.0.1"/>
    <import addon="script.module.t0mm0.common" version="0.0.3"/>
  </requires>
  <extension point="xbmc.python.pluginsource" library="default.py">
        <provides>video</provides>
  </extension>
  <extension point="xbmc.addon.metadata">
    <summary lang="en"></summary>
    <description lang="en">Visit www.xbmchub.com for support.</description>
    <platform>all</platform>
  </extension>
</addon>
