<?xml version="1.0" encoding="UTF-8" standalone="yes"?>
<addon id="plugin.audio.icecast"
       name="Icecast"
       version="11.0.2"
       provider-name="Assen Totin">
  <requires>
    <import addon="xbmc.python" version="2.0"/>
    <!-- <import addon="script.module.pysqlite" version="2.5.6"/> -->
  </requires>
  <extension point="xbmc.python.pluginsource"
            library="default.py">
        <provides>audio</provides>
  </extension>
  <extension point="xbmc.addon.metadata">
    <platform>all</platform>
    <summary lang="en">Icecast</summary>
    <description lang="en">IceCast Radio offers thousands of free Internet radio stations from DJs and broadcasters around the world</description>
  </extension>
</addon>
