<!--
# The contents of this file are subject to the Mozilla Public License
# Version 1.1 (the "License"); you may not use this file except in
# compliance with the License. You may obtain a copy of the License at
# http://www.mozilla.org/MPL/
#
# Software distributed under the License is distributed on an "AS IS"
# basis, WITHOUT WARRANTY OF ANY KIND, either express or implied. See the
# License for the specific language governing rights and limitations
# under the License.
#
# The Original Code is plugin.games.xbmame.
#
# The Initial Developer of the Original Code is Olivier LODY aka Akira76.
# Portions created by the XBMC team are Copyright (C) 2003-2010 XBMC.
# All Rights Reserved.
-->

<window id="30320">
    <defaultcontrol always="true">30321</defaultcontrol>
    <allowoverlay>yes</allowoverlay>

    <coordinates>
        <system>1</system>
        <posx>490</posx>
        <posy>300</posy>
    </coordinates>
    <controls>
        <control type="image" id="30322">
            <posx>0</posx>
            <posy>0</posy>
            <width>1</width>
            <height>1</height>
            <texture border="8">bar2.png</texture>
        </control>
        <control type="image" id="30323">
            <posx>8</posx>
            <posy>8</posy>
            <width>1</width>
            <height>1</height>
            <aspectratio>center</aspectratio>
            <texture>bg.png</texture>
        </control>
        <control type="image" id="30324">
            <posx>8</posx>
            <posy>8</posy>
            <width>1</width>
            <height>1</height>
            <texture border="16">bevel.png</texture>
        </control>
        <control type="list" id="30321">
            <posx>16</posx>
            <posy>16</posy>
            <width>288</width>
            <height>180</height>
            <alignx>left</alignx>
            <aligny>top</aligny>
            <onleft>30502</onleft>
            <onright>30502</onright>
            <onup>30501</onup>
            <ondown>30501</ondown>
            <viewtype>list</viewtype>
            <orientation>vertical</orientation>
            <scrolltime>100</scrolltime>
            <itemlayout width="288" height="32">
                <control type="label">
                    <posx>144</posx>
                    <posy>0</posy>
                    <width>288</width>
                    <height>32</height>
                    <font>font13</font>
                    <label>$INFO[ListItem.Label]</label>
                    <align>center</align>
                    <aligny>center</aligny>
                    <textcolor>FFB2D4F5</textcolor>
                </control>
            </itemlayout>
            <focusedlayout width="288" height="32">
                <control type="image">
                    <width>288</width>
                    <height>32</height>
                    <posx>0</posx>
                    <posy>0</posy>
                    <texture border="2">select.png</texture>
                </control>
                <control type="label">
                    <posx>144</posx>
                    <posy>0</posy>
                    <width>288</width>
                    <height>32</height>
                    <font>font24</font>
                    <label>$INFO[ListItem.Label]</label>
                    <align>center</align>
                    <aligny>center</aligny>
                    <textcolor>white</textcolor>
                </control>
            </focusedlayout>
        </control>
    </controls>
</window>
