<?xml version="1.0" encoding="windows-1252"?>
<!--
# The contents of this file are subject to the Mozilla Public License
# Version 1.1 (the "License"); you may not use this file except in
# compliance with the License. You may obtain a copy of the License at
# http://www.mozilla.org/MPL/
#
# Software distributed under the License is distributed on an "AS IS"
# basis, WITHOUT WARRANTY OF ANY KIND, either express or implied. See the
# License for the specific language governing rights and limitations
# under the License.
#
# The Original Code is plugin.games.xbmame.
#
# The Initial Developer of the Original Code is Olivier LODY aka Akira76.
# Portions created by the XBMC team are Copyright (C) 2003-2010 XBMC.
# All Rights Reserved.
-->
<window id="30300" type="window">
    <defaultcontrol always="true">30301</defaultcontrol>
    <allowoverlay>yes</allowoverlay>
    <coordinates>
        <system>1</system>
        <posx>0</posx>
        <posy>0</posy>
    </coordinates>
    <controls>
        <control type="image">
            <posx>0</posx>
            <posy>0</posy>
            <width>1280</width>
            <height>720</height>
            <texture border="40">bg.png</texture>
        </control>
        <control type="image">
            <posx>481</posx>
            <posy>30</posy>
            <width>317</width>
            <height>80</height>
            <texture>logo-mame.png</texture>
        </control>
        <control type="image">
            <width>1240</width>
            <height>562</height>
            <posx>10</posx>
            <posy>140</posy>
            <texture border="16">bevel.png</texture>
        </control>
        <control type="panel" id="30301">
            <posx>20</posx>
            <posy>150</posy>
            <width>1220</width>
            <height>532</height>
            <onleft>30302</onleft>
            <onright>30</onright>
            <onup>30301</onup>
            <ondown>30301</ondown>
            <scrolltime>100</scrolltime>
            <viewtype label="536">icon</viewtype>
            <pagecontrol>30</pagecontrol>
            <itemlayout height="266" width="234">
                <control type="image">
                    <posx>16</posx>
                    <posy>16</posy>
                    <width>192</width>
                    <height>192</height>
                    <info>ListItem.Icon</info>
                </control>
                <control type="label">
                    <posx>117</posx>
                    <posy>239</posy>
                    <width>202</width>
                    <height>22</height>
                    <font>font13</font>
                    <selectedcolor>green</selectedcolor>
                    <align>center</align>
                    <aligny>center</aligny>
                    <info>ListItem.Label</info>
                </control>
            </itemlayout>
            <focusedlayout height="266" width="234">
                <control type="image">
                    <width>234</width>
                    <height>234</height>
                    <posx>5</posx>
                    <posy>5</posy>
                    <texture border="2">select.png</texture>
                </control>
                <control type="image">
                    <posx>10</posx>
                    <posy>10</posy>
                    <width>224</width>
                    <height>224</height>
                    <info>ListItem.Icon</info>
                </control>
                <control type="label">
                    <posx>117</posx>
                    <posy>239</posy>
                    <width>202</width>
                    <height>22</height>
                    <font>font13</font>
                    <selectedcolor>green</selectedcolor>
                    <align>center</align>
                    <aligny>center</aligny>
                    <info>ListItem.Label</info>
                </control>
            </focusedlayout>
        </control>
        <control type="image">
                <posx>1248</posx>
                <posy>140</posy>
                <width>32</width>
                <height>562</height>
                <texture border="0,16,0,16">bevel.png</texture>
                    <visible>Control.IsVisible(30)</visible>
            </control>
        <control type="scrollbar" id="30">
            <posx>1256</posx>
            <height>544</height>
            <posy>148</posy>
            <width>16</width>
            <texturesliderbar border="0,32,0,32">vbar_disabled.png</texturesliderbar>
            <texturesliderbarfocus border="0,32,0,32">vbar_enabled.png</texturesliderbarfocus>
            <pulseonselect>false</pulseonselect>
            <onup>30</onup>
            <ondown>30</ondown>
            <onleft>30301</onleft>
            <onright>30302</onright>
            <showonepage>false</showonepage>
            <orientation>vertical</orientation>
        </control>
<!--        <control type="group" id="30398">
            <control type="label">
                <posx>20</posx>
                <posy>50</posy>
                <width>432</width>
                <align>center</align>
                <aligny>center</aligny>
                <height>30</height>
                <textcolor>FFB2D4F5</textcolor>
                <label>Building game list</label>
            </control>
            <control type="image">
                <posx>20</posx>
                <posy>80</posy>
                <width>432</width>
                <height>32</height>
                <texture border="16,0,16,0">bglist.png</texture>
            </control>
            <control type="image" id="30399">
                <posx>28</posx>
                <posy>88</posy>
                <width>0</width>
                <height>16</height>
                <texture border="8,0,8,0">bar.png</texture>
            </control>
        </control> -->
    </controls>
</window>
