<?xml version="1.0" encoding="UTF-8" standalone="yes"?>
<addon id="plugin.video.trailer.addict"
       name="Trailer Addict"
       version="1.0.8"
       provider-name="stacked">
  <requires>
    <import addon="xbmc.python" version="2.0"/>
	<import addon="script.module.buggalo" version="1.1.2"/>
  </requires>
  <extension point="xbmc.python.pluginsource"
            library="default.py">
        <provides>video</provides>
  </extension>
  <extension point="xbmc.addon.metadata">
    <summary lang="en">Trailer Addict: Your Daily Dose of Hi-Res Movie Trailers</summary>
    <description lang="en">Watch movie trailers for upcoming, new and classic films.</description>
    <platform>all</platform>
	<language>en</language>
  </extension>
</addon>
