<?xml version="1.0" encoding="UTF-8" standalone="yes"?>
<addon id="plugin.audio.mp3search"
       name="MP3 Search"
       version="0.1.0"
       provider-name="ghua@seznam.cz">
  <requires>
    <import addon="xbmc.python" version="2.0"/>
  </requires>
  <extension point="xbmc.python.pluginsource"
             provides="audio"
             library="default.py">
    <provides>audio</provides>
  </extension>
  <extension point="xbmc.addon.metadata">
    <language></language>
    <summary lang="en">Search and play mp3's </summary>
    <description lang="en">Search and play mp3's</description>
    <disclaimer></disclaimer>
    <platform>all</platform>
  </extension>
</addon>
