<?xml version="1.0" encoding="UTF-8" standalone="yes"?>
<addon id="metadata.universal"
       name="Universal Scraper"
       version="1.9.0"
       provider-name="Olympia, Team XBMC">
  <requires>
    <import addon="xbmc.metadata" version="1.0"/>
    <import addon="metadata.common.themoviedb.org" version="2.4.0"/>
    <import addon="metadata.common.movieposterdb.com" version="1.0.5"/>
    <import addon="metadata.common.imdb.com" version="2.2.3"/>
    <import addon="metadata.common.impa.com" version="1.0.3"/>
    <import addon="metadata.common.hdtrailers.net" version="1.0.7"/>
    <import addon="metadata.common.youtubetrailers" version="1.0.4"/>
    <import addon="metadata.common.rt.com" version="1.3.0"/>
    <import addon="metadata.common.ofdb.de" version="1.0.0"/>
    <import addon="metadata.common.trakt.tv" version="1.0.0"/>
    <import addon="metadata.common.port.hu" version="1.0.0"/>
  </requires>
  <extension point="xbmc.metadata.scraper.movies"
             language="en"
             library="universal.xml"/>
  <extension point="xbmc.addon.metadata">
    <summary lang="en">Universal Movie Scraper</summary>
    <description lang="en">This scraper collecting information from the following supported sites: IMDb, TMDb, Rotten Tomatoes, Trakt.tv, OFDb.de. It always does the initial search on TMDb, but following that it can be set field by field that from which site you want that specific information.</description>
    <platform>all</platform>
  </extension>
</addon>
