<?xml version="1.0" encoding="UTF-8" standalone="yes"?>
<addon id="plugin.video.previewnetworks" name="PreviewNetworks Video Trailers" version="2.0.2" provider-name="nmazz64">
    <requires>
        <import addon="xbmc.python" version="1.0"/>
    </requires>
    <extension point="xbmc.python.pluginsource" library="addon.py">
        <provides>video</provides>
    </extension>
    <extension point="xbmc.addon.metadata">
        <platform>all</platform>
        <minversion>31632</minversion>
        <summary lang="en">Watch current movie trailers from PreviewNetworks.</summary>
        <summary lang="it">Visualizza anteprime films da PreviewNetworks</summary>
        <description lang="en">Watch movie trailers from http://www.previewnetworks.com/.[CR][CR] Set your country in "option" for select your area.</description>
        <description lang="it">Visualizza le anteprime video fornite da PreviewNetworks - http://www.previewnetworks.com/.[CR][CR] Scegli nelle "impostazioni" la "nazione" per una selezione territoriale dei video.</description>
        <disclaimer lang="en">You can list newest, now, coming and also select trailers from title and genre.</disclaimer>
        <disclaimer lang="it">E' possibile elencare le anteprime più recenti, quelle in arrivo, selezionarle per genere o ricercarle per titolo.</disclaimer>
    </extension>
</addon>
