<?xml version="1.0" encoding="UTF-8" standalone="yes"?>
<addon id="plugin.video.joeroganexperience" name="Joe Rogan Experience" version="0.2.1" provider-name="Lex Toumbourou (lexandstuff)">
  <requires>
    <import addon="xbmc.python" version="1.0"/>
    <import addon="script.module.beautifulsoup" version="3.0.8"/>
	<import addon="xbmc.gui"/>
	<import addon="xbmc.plugin"/>
  </requires>
  <extension point="xbmc.python.pluginsource" library="addon.py">
    <provides>video</provides>
  </extension>
  <extension point="xbmc.addon.metadata">
    <platform>all</platform>
    <summary>View the Joe Rogan Experience videos on Ustream</summary>
    <description>Written by @lexandstuff. RSS Feeds 4 Life</description>
  </extension>
</addon>
