<?xml version="1.0" encoding="UTF-8" standalone="yes"?>
<addon id="script.playalbum" name="Play Album Script" version="0.0.6" provider-name="ronie">
	<requires>
		<import addon="xbmc.python" version="2.0"/>
		<import addon="script.module.simplejson" version="2.0.10"/>
	</requires>
	<extension point="xbmc.python.library" library="default.py" />
	<extension point="xbmc.addon.metadata">
		<language/>
		<summary lang="en">Play Album Script</summary>
		<description lang="en">Script will play a full album when executed in the album info dialog.</description>
		<platform>all</platform>
	</extension>
</addon>
