<?xml version="1.0" encoding="UTF-8"?>
<addon id="plugin.video.dailymotion_com" name="DailyMotion.com" version="1.0.7" provider-name="AddonScriptorDE">
    <requires>
        <import addon="xbmc.python" version="2.0"/>
    </requires>
    <extension point="xbmc.python.pluginsource" library="default.py">
        <provides>video</provides>
    </extension>
    <extension point="xbmc.addon.metadata">
        <platform>all</platform>
        <summary lang="en">Movies, TV, Music, User-Clips, 3D and Livestreams</summary>
        <language></language>
        <description lang="en">Movies, TV, Music, User-Clips, 3D and Livestreams</description>
        <disclaimer lang="en">Some parts of this addon may not be legal in your country of residence - please check with your local laws before installing.</disclaimer>
    </extension>
</addon>
