<?xml version="1.0" encoding="utf-8"?>
<scraper name="epguides.com">
  <NfoUrl dest="3">
    <RegExp input="$$1" output="&lt;url&gt;\1&lt;/url&gt;" dest="3">
      <expression noclean="1" trim="1">http://(?:www\.)?epguides\.com/[^/]+)</expression>
    </RegExp>
  </NfoUrl>

  <CreateSearchUrl dest="3">
    <RegExp input="$$1" output="&lt;url&gt;http://www.google.com/cse?hl=en&q=allintitle%3A&q=site%3Aepguides.com&q=\1&lt;/url&gt;" dest="3">
      <RegExp input="$$2" output="%20(\1)" dest="4">
        <expression clear="yes">(.+)</expression>
      </RegExp>
      <expression noclean="1" />
    </RegExp>
  </CreateSearchUrl>
  
  <GetSearchResults dest="8">
    <RegExp input="$$7" output="&lt;?xml version=&quot;1.0&quot; encoding=&quot;iso-8859-1&quot; standalone=&quot;yes&quot;?&gt;&lt;results sorted=&quot;yes&quot;&gt;\1&lt;/results&gt;" dest="8">
      <RegExp input="$$1" output="&lt;entity&gt;&lt;title&gt;\2&lt;/title&gt;&lt;url&gt;http://epguides.com/\1&lt;/url&gt;&lt;id&gt;\2&lt;/id&gt;&lt;/entity&gt;" dest="7">
        <expression repeat="yes">&lt;a class=&quot;l&quot; href=&quot;http://epguides\.com/([^/&quot;]+).*?&gt;([^\(]+)</expression>
      </RegExp>
      <expression noclean="1" />
    </RegExp>
  </GetSearchResults>
  
  <GetDetails dest="7">
    <RegExp input="$$5" output="&lt;details&gt;\1&lt;/details&gt;" dest="7">
      <!--
      <RegExp input="$$1" output="&lt;plot&gt;\1&lt;/plot&gt;" dest="5+">
        <expression>&lt;div id=&quot;blurb&quot;&gt;(.*?)&lt;/div&gt;</expression>
      </RegExp>
      -->
      <RegExp input="$$1" output="&lt;episodeguide&gt;&lt;url&gt;$$3&lt;/url&gt;&lt;/episodeguide&gt;" dest="5+">
        <expression noclean="1" />
      </RegExp>
      <RegExp input="$$2" output="\1" dest="2">
        <expression encode="1" clear="yes">(.+)</expression>
      </RegExp>
      <RegExp input="$$1" output="&lt;url cache=&quot;$$2-TVDBLink&quot; function=&quot;GetTVDBId&quot;&gt;http://www.thetvdb.com/api/GetSeries.php?seriesname=$$2&lt;/url&gt;" dest="5+">
        <expression />
      </RegExp>
      <RegExp input="$$1" output="&lt;url cache=&quot;$$2-TVDBLink&quot; function=&quot;GetTVDBLink&quot;&gt;http://www.thetvdb.com/api/GetSeries.php?seriesname=$$2&lt;/url&gt;" dest="5+">
        <expression />
      </RegExp>
      <expression noclean="1" />
    </RegExp>
  </GetDetails>
  
  <GetTVDBId dest="6">
    <RegExp input="$$1" output="&lt;details&gt;&lt;id&gt;\1&lt;/id&gt;&lt;/details&gt;" dest="6">
      <expression>&lt;seriesid&gt;([0-9]*)&lt;/seriesid&gt;</expression>
    </RegExp>
  </GetTVDBId>
  
  <GetTVDBLink dest="6">
    <RegExp input="$$1" output="&lt;details&gt;&lt;url cache=&quot;\1-TVDB&quot; function=&quot;GetTVDBStuff&quot;&gt;http://www.thetvdb.com/api/1D62F2F90030C444/series/\1/all/$INFO[language].zip&lt;/url&gt;&lt;/details&gt;" dest="6">
      <expression>&lt;seriesid&gt;([0-9]*)&lt;/seriesid&gt;</expression>
    </RegExp>
  </GetTVDBLink>
  
  <GetTVDBStuff dest="7">
    <RegExp input="$$4" output="&lt;?xml version=&quot;1.0&quot; encoding=&quot;utf-8&quot; standalone=&quot;yes&quot;?&gt;&lt;details&gt;\1&lt;/details&gt;" dest="7">
      <RegExp input="$$1" output="&lt;plot&gt;\1&lt;/plot&gt;" dest="4">
        <expression noclean="1">&lt;Overview&gt;([^&lt;]*)&lt;/Overview&gt;</expression>
      </RegExp>
      <RegExp input="$$1" output="&lt;mpaa&gt;\1&lt;/mpaa&gt;" dest="4+">
        <expression>&lt;ContentRating&gt;([^&lt;]*)&lt;/ContentRating&gt;</expression>
      </RegExp>
      <RegExp input="$$1" output="&lt;premiered&gt;\1&lt;/premiered&gt;" dest="4+">
        <expression>&lt;FirstAired&gt;([^&lt;]*)&lt;/FirstAired&gt;</expression>
      </RegExp>
      <RegExp input="$$1" output="&lt;rating&gt;\1&lt;/rating&gt;" dest="4+">
        <expression>&lt;Rating&gt;([^&lt;]*)&lt;/Rating&gt;</expression>
      </RegExp>
      <RegExp input="$$1" output="&lt;studio&gt;\1&lt;/studio&gt;" dest="4+">
        <expression>&lt;Network&gt;([^&lt;]*)&lt;/Network&gt;</expression>
      </RegExp>
      <RegExp input="$$1" output="&lt;title&gt;\1&lt;/title&gt;" dest="4+">
        <expression>&lt;SeriesName&gt;([^&lt;]*)&lt;/SeriesName&gt;</expression>
      </RegExp>
      <RegExp input="$$1" output="\1" dest="10">
        <expression noclean="1">&lt;Genre&gt;([^&lt;]*)&lt;/Genre&gt;</expression>
      </RegExp>
      <RegExp input="$$10" output="&lt;genre&gt;\1&lt;/genre&gt;" dest="4+">
        <expression repeat="yes">([^\|]*)\|</expression>
      </RegExp>
      <RegExp input="$$10" output="&lt;genre&gt;\1&lt;/genre&gt;" dest="4+">
        <expression repeat="yes">([^,]*),</expression>
      </RegExp>
      <RegExp input="$$10" output="&lt;genre&gt;\1&lt;/genre&gt;" dest="4+">
        <expression>([^\|,]+)$</expression>
      </RegExp>
      <!-- actors with thumbs -->
      <RegExp input="$$1" output="&lt;actor&gt;&lt;name&gt;\2&lt;/name&gt;&lt;role&gt;\3&lt;/role&gt;&lt;thumb&gt;http://thetvdb.com/banners/\1&lt;/thumb&gt;&lt;/actor&gt;" dest="4+">
        <expression repeat="yes" noclean="1,2,3">&lt;Actor&gt;.*?&lt;Image&gt;([^&lt;]+)&lt;/Image&gt;.*?&lt;Name&gt;([^&lt;]*)&lt;/Name&gt;.*?&lt;Role&gt;([^&lt;]*)</expression>
      </RegExp>
      <!-- actors without thumbs -->
      <RegExp input="$$1" output="&lt;actor&gt;&lt;name&gt;\2&lt;/name&gt;&lt;role&gt;\3&lt;/role&gt;&lt;/actor&gt;" dest="4+">
        <expression repeat="yes" noclean="1,2,3">&lt;Actor&gt;.*?&lt;Image&gt;([^&lt;]*)&lt;/Image&gt;.*?&lt;Name&gt;([^&lt;]*)&lt;/Name&gt;.*?&lt;Role&gt;([^&lt;]*)</expression>
      </RegExp>
      <RegExp conditional="posters" output="&lt;thumb&gt;http://thetvdb.com/banners/\1&lt;/thumb&gt;" dest="4+">
        <expression repeat="yes">&lt;BannerPath&gt;([^&lt;]*)&lt;/BannerPath&gt;[^&lt;]*&lt;BannerType&gt;poster&lt;/BannerType&gt;</expression>
      </RegExp>
      <RegExp input="$$2" output="&lt;thumb&gt;http://thetvdb.com/banners/\1&lt;/thumb&gt;" dest="4+">
        <expression repeat="yes">&lt;BannerPath&gt;([^&lt;]*)&lt;/BannerPath&gt;[^&lt;]*&lt;BannerType&gt;series&lt;/BannerType&gt;[^&lt;]*&lt;BannerType2&gt;graphical&lt;/BannerType2&gt;[^&lt;]*&lt;Language&gt;$INFO[language]&lt;/Language&gt;</expression>
      </RegExp>
      <RegExp input="$$2" output="&lt;thumb&gt;http://thetvdb.com/banners/\1&lt;/thumb&gt;" dest="4+">
        <expression repeat="yes">&lt;BannerPath&gt;([^&lt;]*)&lt;/BannerPath&gt;[^&lt;]*&lt;BannerType&gt;series&lt;/BannerType&gt;[^&lt;]*&lt;BannerType2&gt;graphical&lt;/BannerType2&gt;[^&lt;]*&lt;Language&gt;((?!$INFO[language])[a-z])*&lt;/Language&gt;</expression>
      </RegExp>
      <RegExp input="$$2" output="&lt;thumb&gt;http://thetvdb.com/banners/\1&lt;/thumb&gt;" dest="4+">
        <expression repeat="yes">&lt;BannerPath&gt;([^&lt;]*)&lt;/BannerPath&gt;[^&lt;]*&lt;BannerType&gt;series&lt;/BannerType&gt;[^&lt;]*&lt;BannerType2&gt;text&lt;/BannerType2&gt;[^&lt;]*&lt;Language&gt;$INFO[language]&lt;/Language&gt;</expression>
      </RegExp>
      <RegExp input="$$1" output="&lt;thumb&gt;http://thetvdb.com/banners/\1&lt;/thumb&gt;" dest="4+">
        <expression repeat="yes">&lt;BannerPath&gt;([^&lt;]*)&lt;/BannerPath&gt;[^&lt;]*&lt;BannerType&gt;series&lt;/BannerType&gt;[^&lt;]*&lt;BannerType2&gt;text&lt;/BannerType2&gt;[^&lt;]*&lt;Language&gt;((?!$INFO[language])[a-z])*&lt;/Language&gt;</expression>
      </RegExp>
      <RegExp input="$$1" output="&lt;thumb&gt;http://thetvdb.com/banners/\1&lt;/thumb&gt;" dest="4+">
        <expression repeat="yes">&lt;BannerPath&gt;([^&lt;]*)&lt;/BannerPath&gt;[^&lt;]*&lt;BannerType&gt;series&lt;/BannerType&gt;[^&lt;]*&lt;BannerType2&gt;blank&lt;/BannerType2&gt;[^&lt;]*&lt;Language&gt;&lt;/Language&gt;</expression>
      </RegExp>
      <RegExp input="$$1" output="&lt;thumb type=&quot;season&quot; season=&quot;\2&quot;&gt;http://thetvdb.com/banners/\1&lt;/thumb&gt;" dest="4+">
        <expression repeat="yes">&lt;BannerPath&gt;([^&lt;]*)&lt;/BannerPath&gt;[^&lt;]*&lt;BannerType&gt;season&lt;/BannerType&gt;[^&lt;]*&lt;BannerType2&gt;season&lt;/BannerType2&gt;[^&lt;]*&lt;Language&gt;$INFO[language]&lt;/Language&gt;[^&lt;]*[^S]*Season&gt;([0-9]+)&lt;/Season&gt;</expression>
      </RegExp>
      <RegExp input="$$1" output="&lt;thumb type=&quot;season&quot; season=&quot;\3&quot;&gt;http://thetvdb.com/banners/\1&lt;/thumb&gt;" dest="4+">
        <expression repeat="yes">&lt;BannerPath&gt;([^&lt;]*)&lt;/BannerPath&gt;[^&lt;]*&lt;BannerType&gt;season&lt;/BannerType&gt;[^&lt;]*&lt;BannerType2&gt;season&lt;/BannerType2&gt;[^&lt;]*&lt;Language&gt;((?!$INFO[language])[a-z])*&lt;/Language&gt;[^&lt;]*[^S]*Season&gt;([0-9]+)&lt;/Season&gt;</expression>
      </RegExp>
      <RegExp input="$$1" output="&lt;thumb type=&quot;season&quot; season=&quot;\2&quot;&gt;http://thetvdb.com/banners/\1&lt;/thumb&gt;" dest="4+">
        <expression repeat="yes">&lt;BannerPath&gt;([^&lt;]*)&lt;/BannerPath&gt;[^&lt;]*&lt;BannerType&gt;season&lt;/BannerType&gt;[^&lt;]*&lt;BannerType2&gt;seasonwide&lt;/BannerType2&gt;[^&lt;]*&lt;Language&gt;$INFO[language]&lt;/Language&gt;[^&lt;]*[^S]*Season&gt;([0-9]+)&lt;/Season&gt;</expression>
      </RegExp>
      <RegExp input="$$1" output="&lt;thumb type=&quot;season&quot; season=&quot;\3&quot;&gt;http://thetvdb.com/banners/\1&lt;/thumb&gt;" dest="4+">
        <expression repeat="yes">&lt;BannerPath&gt;([^&lt;]*)&lt;/BannerPath&gt;[^&lt;]*&lt;BannerType&gt;season&lt;/BannerType&gt;[^&lt;]*&lt;BannerType2&gt;seasonwide&lt;/BannerType2&gt;[^&lt;]*&lt;Language&gt;((?!$INFO[language])[a-z])*&lt;/Language&gt;[^&lt;]*[^S]*Season&gt;([0-9]+)&lt;/Season&gt;</expression>
      </RegExp>
      <RegExp input="$$1" conditional="!posters" output="&lt;thumb&gt;http://thetvdb.com/banners/\1&lt;/thumb&gt;" dest="4+">
        <expression repeat="yes">&lt;BannerPath&gt;([^&lt;]*)&lt;/BannerPath&gt;[^&lt;]*&lt;BannerType&gt;poster&lt;/BannerType&gt;</expression>
      </RegExp>
      <RegExp input="$$1" output="&lt;thumb type=&quot;season&quot; season=&quot;-1&quot;&gt;http://thetvdb.com/banners/\1&lt;/thumb&gt;" dest="4+">
        <expression repeat="yes">&lt;BannerPath&gt;([^&lt;]*)&lt;/BannerPath&gt;[^&lt;]*&lt;BannerType&gt;poster&lt;/BannerType&gt;</expression>
      </RegExp>
      <RegExp input="$$7" output="&lt;fanart url=&quot;http://thetvdb.com/banners/&quot;&gt;\1&lt;/fanart&gt;" dest="4+">
        <RegExp input="$$1" output="&lt;thumb dim=&quot;\2&quot; colors=&quot;\3&quot; preview=&quot;_cache/\1&quot;&gt;\1&lt;/thumb&gt;" dest="7+">
          <expression repeat="yes">&lt;BannerPath&gt;([^&lt;]*)&lt;/BannerPath&gt;[^&lt;]*&lt;BannerType&gt;fanart&lt;/BannerType&gt;[^&lt;]*&lt;BannerType2&gt;([^&lt;]*)&lt;/BannerType2&gt;[^&lt;]*&lt;Colors&gt;([^&lt;]*)&lt;/Colors&gt;[^&lt;]*&lt;Language&gt;$INFO[language]&lt;/Language&gt;</expression>
        </RegExp>
        <RegExp input="$$1" output="&lt;thumb dim=&quot;\2&quot; colors=&quot;\3&quot; preview=&quot;_cache/\1&quot;&gt;\1&lt;/thumb&gt;" dest="7+">
          <expression repeat="yes">&lt;BannerPath&gt;([^&lt;]*)&lt;/BannerPath&gt;[^&lt;]*&lt;BannerType&gt;fanart&lt;/BannerType&gt;[^&lt;]*&lt;BannerType2&gt;([^&lt;]*)&lt;/BannerType2&gt;[^&lt;]*&lt;Colors&gt;([^&lt;]*)&lt;/Colors&gt;[^&lt;]*&lt;Language&gt;((?!$INFO[language])[a-z])*&lt;/Language&gt;</expression>
        </RegExp>
        <expression noclean="1"/>
      </RegExp>
      <expression noclean="1"/>
    </RegExp>
  </GetTVDBStuff>
  
  <GetEpisodeList dest="3">
    <RegExp input="$$5" output="&lt;episodeguide&gt;\1&lt;/episodeguide&gt;" dest="3">
      <RegExp input="$$1" output="&lt;episode&gt;&lt;title&gt;\4&lt;/title&gt;&lt;url&gt;\3/printable?nogs=1&amp;screencap=1&amp;season=\1&lt;/url&gt;&lt;epnum&gt;\2&lt;/epnum&gt;&lt;id&gt;\2&lt;/id&gt;&lt;season&gt;\1&lt;/season&gt;&lt;/episode&gt;" dest="5+">
        <expression repeat="yes">([0-9]+) *- *([0-9]+).*?&lt;a .*?href=['&quot;](http://www\.[a-z]+\.com/[^/]+)/[^&gt;]+&gt;([^&lt;]+)</expression>
      </RegExp>
      <expression noclean="1"/>
    </RegExp>
  </GetEpisodeList>
  
  <GetEpisodeDetails dest="3">
    <RegExp input="$$4" output="&lt;details&gt;\1&lt;/details&gt;" dest="3">
      <RegExp input="$$1" output="\2" dest="5">
        <expression noclean="2">[0-9]+x($$2|0$$2|\?\?) -(.*?&lt;/div&gt;.*?&lt;/div&gt;)</expression>
      </RegExp>
      <RegExp input="$$5" output="&lt;title&gt;\1&lt;/title&gt;" dest="4+">
        <expression trim="1">^([^&lt;]+)</expression>
      </RegExp>
      <RegExp input="$$5" output="&lt;writer&gt;\1&lt;/writer&gt;" dest="4+">
        <expression>Writer:.*?&lt;a .*?&gt;(.*?)&lt;/a&gt;</expression>
      </RegExp>
      <RegExp input="$$5" output="&lt;director&gt;\1&lt;/director&gt;" dest="4+">
        <expression>Director:.*?&lt;a .*?&gt;(.*?)&lt;/a&gt;</expression>
      </RegExp>
      <RegExp input="$$5" output="&lt;plot&gt;\1&lt;/plot&gt;" dest="4+">
        <expression trim="1">&lt;/div&gt;(.*)</expression>
      </RegExp>
      <RegExp input="$$5" output="&lt;thumb&gt;\1&lt;/thumb&gt;" dest="4+">
        <expression noclean="1">&lt;img src=&quot;([^&quot;]+)&quot;</expression>
      </RegExp>
      <expression noclean="1" />
    </RegExp>
  </GetEpisodeDetails>
</scraper>
