<?xml version="1.0" encoding="utf-8"?>
<scraper framework="1.1" date="2011-02-17">
	<NfoUrl dest="3">
		<RegExp input="$$1" output="http://ws.audioscrobbler.com/2.0/?method=album.getinfo&amp;album=\2&amp;artist=\1&amp;api_key=71e468a84c1f40d4991ddccc46e40f1b&amp;lang=$INFO[lastfmlanguage]" dest="3">
			<expression>(http://www.last.fm/music/([^/]*)/(.*))</expression>
		</RegExp>
	</NfoUrl>
	<CreateAlbumSearchUrl dest="3">
		<RegExp input="$$1" output="&lt;url&gt;http://ws.audioscrobbler.com/2.0/?method=album.search&amp;album=\1&amp;artist=$$2&amp;api_key=71e468a84c1f40d4991ddccc46e40f1b&lt;/url&gt;" dest="3">
			<expression/>
		</RegExp>
	</CreateAlbumSearchUrl>
	<GetAlbumSearchResults dest="8">
		<RegExp input="$$5" output="&lt;results&gt;\1&lt;/results&gt;" dest="8">
			<RegExp input="$$1" output="&lt;entity&gt;&lt;artist&gt;\2&lt;/artist&gt;&lt;title&gt;\1&lt;/title&gt;&lt;url cache=&quot;lastfmalbum-\2-\1.xml&quot;&gt;http://ws.audioscrobbler.com/2.0/?method=album.getinfo&amp;album=\4&amp;artist=\3&amp;api_key=71e468a84c1f40d4991ddccc46e40f1b&amp;lang=$INFO[lastfmlanguage]&lt;/url&gt;&lt;/entity&gt;" dest="5+">
				<expression repeat="yes" fixchars="4">&lt;album&gt;.*?&lt;name&gt;([^&lt;]*)&lt;/name&gt;.*?&lt;artist&gt;([^&lt;]*)&lt;/artist&gt;.*?&lt;url&gt;http://www.last.fm/music/([^/]+)/(.*?)&lt;/url&gt;</expression>
			</RegExp>
			<expression noclean="1"/>
		</RegExp>
	</GetAlbumSearchResults>
	<GetAlbumDetails dest="3">
		<RegExp input="$$5" output="&lt;?xml version=&quot;1.0&quot; encoding=&quot;UTF-8&quot;?&gt;&lt;details&gt;\1&lt;/details&gt;" dest="3">
			<RegExp input="$$1" output="\1" dest="7">
				<expression>&lt;artist&gt;(.*?)&lt;/artist&gt;</expression>
			</RegExp>
			<RegExp input="$$1" output="\1" dest="8">
				<expression>&lt;name&gt;(.*?)&lt;/name&gt;</expression>
			</RegExp>
			<RegExp input="$$7" output="&lt;artist&gt;\1&lt;/artist&gt;" dest="5">
				<expression noclean="1" />
			</RegExp>
			<RegExp input="$$8" output="&lt;title&gt;\1&lt;/title&gt;" dest="5+">
				<expression noclean="1" />
			</RegExp>
			<RegExp input="$$1" output="&lt;chain function=&quot;GetLastFMAlbumTitleByAlbumAndArtist&quot;&gt;$$8::$$7::$$8::$$7&lt;/chain&gt;" dest="5+">
				<expression noclean="1" />
			</RegExp>
			<RegExp input="$$1" output="&lt;chain function=&quot;GetLastFMAlbumArtistByAlbumAndArtist&quot;&gt;$$8::$$7::$$8::$$7&lt;/chain&gt;" dest="5+">
				<expression noclean="1" />
			</RegExp>
			<RegExp input="$$1" output="&lt;chain function=&quot;GetLastFMAlbumDateByAlbumAndArtist&quot;&gt;$$8::$$7::$$8::$$7&lt;/chain&gt;" dest="5+">
				<expression noclean="1" />
			</RegExp>
			<RegExp input="$$1" output="&lt;chain function=&quot;GetLastFMAlbumTracksByAlbumAndArtist&quot;&gt;$$8::$$7::$$8::$$7&lt;/chain&gt;" dest="5+">
				<expression noclean="1" />
			</RegExp>
			<RegExp input="$$1" output="&lt;chain function=&quot;GetLastFMAlbumReviewByAlbumAndArtist&quot;&gt;$$8::$$7::$$8::$$7&lt;/chain&gt;" dest="5+">
				<expression noclean="1" />
			</RegExp>
			<RegExp input="$$1" output="&lt;chain function=&quot;GetLastFMAlbumThumbs&quot;&gt;$$8::$$7::$$8::$$7&lt;/chain&gt;" dest="5+">
				<expression noclean="1" />
			</RegExp>
			<expression noclean="1"/>
		</RegExp>
	</GetAlbumDetails>
</scraper>
