<?xml version="1.0" encoding="utf-8"?>
<window id="5000">
    <allowoverlay>no</allowoverlay>
    <defaultcontrol always="false">4000</defaultcontrol>
    <coordinates>
        <system>1</system>
        <posx>0</posx>
        <posy>0</posy>
    </coordinates>
    <controls>
        <!-- visibility markers -->
        <control type="label" id="5000">
            <description>visibility marker for video group</description>
        </control>
        <control type="label" id="5001">
            <description>visibility marker for photo group</description>
        </control>
        <control type="label" id="5002">
            <description>visibility marker for correct graphics</description>
        </control>
        <control type="label" id="5003">
            <description>visibility marker for incorrect group</description>
        </control>
        <control type="label" id="5004">
            <description>visibility marker for quote group</description>
        </control>
        <control type="label" id="5005">
            <description>visibility marker for loading image</description>
        </control>
        <control type="label" id="5006">
            <description>visibility marker for three photos group</description>
        </control>
        <control type="label" id="5007">
            <description>visibility marker for cover image</description>
        </control>

        <!-- Background -->
        <control type="largeimage" id="4500">
            <description>Background</description>
            <posx>0</posx>
            <posy>0</posy>
            <width>1280</width>
            <height>720</height>
            <texture>quiz-background-movie.jpg</texture>
            <fadetime>1000</fadetime>
        </control>

        <!-- photo group -->
        <control type="group">
            <posx>473</posx>
            <posy>24</posy>
            <width>336</width>
            <height>452</height>
            <visible>!Control.IsVisible(5001)</visible>
            <animation effect="fade" start="100" end="0" time="1000">Hidden</animation>
            <animation effect="fade" start="0" end="100" delay="1000" time="500">Visible</animation>

            <control type="image">
                <posx>0</posx>
                <posy>0</posy>
                <width>336</width>
                <height>452</height>
                <texture>quiz-photo-background.png</texture>
            </control>
            <control type="image" id="4400">
                <posx>10</posx>
                <posy>10</posy>
                <width>316</width>
                <height>432</height>
                <aspectratio>keep</aspectratio>
            </control>
        </control>

        <!-- video group -->
        <control type="group">
            <posx>246</posx>
            <posy>24</posy>
            <width>788</width>
            <height>452</height>
            <visible>!Control.IsVisible(5000)</visible>
            <animation effect="slide" end="0,-500" time="1000">Hidden</animation>
            <animation effect="slide" start="0,-500" time="1000" delay="1000">Visible</animation>

            <control type="image">
                <posx>0</posx>
                <posy>0</posy>
                <width>788</width>
                <height>452</height>
                <texture>quiz-video-background.png</texture>
            </control>

            <control type="videowindow" id="2">
                <posx>15</posx>
                <posy>15</posy>
                <width>758</width>
                <height>422</height>
            </control>

            <control type="label" id="4800">
                <posx>0</posx>
                <posy>206</posy>
                <width>788</width>
                <height>40</height>
                <font>font30</font>
                <textcolor>ffffffff</textcolor>
                <label>File not found</label>
                <align>center</align>
                <aligny>center</aligny>
            </control>

        </control>

        <!-- quote group -->
        <control type="group">
            <posx>0</posx>
            <posy>0</posy>
            <width>1280</width>
            <height>720</height>
            <visible>!Control.IsVisible(5004)</visible>
            <animation effect="fade" start="100" end="0" time="1000">Hidden</animation>
            <animation effect="fade" start="0" end="100" time="1000">Visible</animation>

            <control type="image">
                <posx>0</posx>
                <posy>0</posy>
                <width>1280</width>
                <height>720</height>
                <texture>quiz-background-quote.jpg</texture>
            </control>
            <control type="textbox" id="4600">
                <posx>270</posx>
                <posy>260</posy>
                <width>700</width>
                <height>250</height>
                <textcolor>ff000000</textcolor>
                <font>font30</font>
                <wrapmultiline>true</wrapmultiline>
                <autoscroll time="3600" delay="6000" repeat="6000">true</autoscroll>
            </control>
        </control>

        <!-- three photos group -->
        <control type="group" id="4700">
            <posx>0</posx>
            <posy>0</posy>
            <width>1280</width>
            <height>720</height>
            <visible>!Control.IsVisible(5006)</visible>

            <control type="image">
                <posx>0</posx>
                <posy>0</posy>
                <width>1280</width>
                <height>720</height>
                <texture>quiz-background-3photos.jpg</texture>
            </control>

            <control type="image">
                <posx>275</posx>
                <posy>95</posy>
                <width>235</width>
                <height>370</height>
                <texture>quiz-background-glass.png</texture>
            </control>
            <control type="image" id="4701">
                <description>photo #1</description>
                <posx>275</posx>
                <posy>95</posy>
                <width>235</width>
                <height>330</height>
                <aspectratio>keep</aspectratio>
                <fadetime>1000</fadetime>
                <visible>Control.IsVisible(4700)</visible>
                <animation effect="fade" start="100" end="0" time="1000">Hidden</animation>
                <animation effect="fade" start="0" end="100" time="500">Visible</animation>
            </control>
            <control type="label" id="4711">
                <posx>275</posx>
                <posy>425</posy>
                <width>235</width>
                <height>40</height>
                <font>font13</font>
                <textcolor>ffffffff</textcolor>
                <align>center</align>
                <aligny>center</aligny>
                <scroll>true</scroll>
            </control>

            <control type="image">
                <posx>525</posx>
                <posy>95</posy>
                <width>235</width>
                <height>370</height>
                <texture>quiz-background-glass.png</texture>
            </control>
            <control type="image" id="4702">
                <description>photo #2</description>
                <posx>525</posx>
                <posy>95</posy>
                <width>235</width>
                <height>330</height>
                <aspectratio>keep</aspectratio>
                <fadetime>1000</fadetime>
                <visible>Control.IsVisible(4700)</visible>
                <animation effect="fade" start="100" end="0" delay="250" time="1000">Hidden</animation>
                <animation effect="fade" start="0" end="100" delay="250" time="500">Visible</animation>
            </control>
            <control type="label" id="4712">
                <posx>525</posx>
                <posy>425</posy>
                <width>235</width>
                <height>40</height>
                <font>font13</font>
                <textcolor>ffffffff</textcolor>
                <align>center</align>
                <aligny>center</aligny>
                <scroll>true</scroll>
            </control>

            <control type="image">
                <posx>775</posx>
                <posy>95</posy>
                <width>235</width>
                <height>370</height>
                <font>font13</font>
                <texture>quiz-background-glass.png</texture>
            </control>
            <control type="image" id="4703">
                <description>photo #3</description>
                <posx>775</posx>
                <posy>95</posy>
                <width>235</width>
                <height>330</height>
                <aspectratio>keep</aspectratio>
                <fadetime>1000</fadetime>
                <visible>Control.IsVisible(4700)</visible>
                <animation effect="fade" start="100" end="0" delay="500" time="1000">Hidden</animation>
                <animation effect="fade" start="0" end="100" delay="500" time="500">Visible</animation>
            </control>
            <control type="label" id="4713">
                <posx>775</posx>
                <posy>425</posy>
                <width>235</width>
                <height>40</height>
                <textcolor>ffffffff</textcolor>
                <align>center</align>
                <aligny>center</aligny>
                <scroll>true</scroll>
            </control>
        </control>

        <!--<control type="image">-->
            <!--<description>Loading glasspane</description>-->
            <!--<posx>0</posx>-->
            <!--<posy>245</posy>-->
            <!--<width>1280</width>-->
            <!--<height>64</height>-->
            <!--<texture>quiz-background-glass.png</texture>-->
            <!--<visible>Control.IsVisible(5005)</visible>-->
            <!--<animation effect="fade" start="0" end="100" time="500" delay="500">Visible</animation>-->
            <!--<animation effect="fade" start="100" end="0" time="500">Hidden</animation>-->
        <!--</control>-->
        <control type="progress" id="4020">
            <description>Loading glasspane</description>
            <posx>0</posx>
            <posy>245</posy>
            <width>1280</width>
            <height>64</height>
            <texturebg>quiz-background-glass.png</texturebg>
            <lefttexture />
            <midtexture>quiz-background-glass.png</midtexture>
            <righttexture />
            <visible>Control.IsVisible(5005)</visible>
            <animation effect="fade" start="0" end="100" time="500" delay="500">Visible</animation>
            <animation effect="fade" start="100" end="0" time="500">Hidden</animation>
        </control>
        <control type="label">
            <description>Loading text</description>
            <posx>470</posx>
            <posy>245</posy>
            <width>340</width>
            <height>64</height>
            <align>center</align>
            <aligny>center</aligny>
            <font>font30</font>
            <textcolor>ffffffff</textcolor>
            <label>$ADDON[script.moviequiz 30008]</label>
            <visible>Control.IsVisible(5005)</visible>
            <animation type="Visible" reversible="false">
                <effect type="fade" start="0" end="100" time="500" delay="500" />
                <effect type="slide" start="-100,0" end="0,0" time="500" delay="500" />
            </animation>
            <animation type="Hidden" reversible="false">
                <effect type="fade" start="100" end="0" time="500"/>
                <effect type="slide" start="0,0" end="100,0" time="500" />
            </animation>
        </control>

        <control type="group">
            <description>score, etc.</description>
            <posx>10</posx>
            <posy>500</posy>
            <width>230</width>
            <height>210</height>
            <animation type="WindowOpen">
                <effect type="slide" start="-250,0" time="500" />
            </animation>

            <control type="image">
                <description>Glasspane for question and answers</description>
                <posx>0</posx>
                <posy>0</posy>
                <width>230</width>
                <height>210</height>
                <texture>quiz-background-glass.png</texture>
            </control>

            <control type="label" id="4100">
                <description>Score label</description>
                <posx>10</posx>
                <posy>10</posy>
                <width>150</width>
                <height>40</height>
                <label>$ADDON[script.moviequiz 30001]</label>
                <textcolor>ffffffff</textcolor>
                <font>font13</font>
            </control>
            <control type="label" id="4101">
                <description>Points</description>
                <posx>210</posx>
                <posy>10</posy>
                <width>100</width>
                <height>40</height>
                <label>0.0</label>
                <textcolor>ffffffff</textcolor>
                <font>font13</font>
                <align>right</align>
            </control>

            <control type="label" id="4102">
                <description>Question value label</description>
                <posx>10</posx>
                <posy>50</posy>
                <width>150</width>
                <height>40</height>
                <label>$ADDON[script.moviequiz 30002]</label>
                <textcolor>ffffffff</textcolor>
                <font>font13</font>
            </control>
            <control type="label" id="4103">
                <description>Question value</description>
                <posx>210</posx>
                <posy>50</posy>
                <width>50</width>
                <height>40</height>
                <label>10.0</label>
                <textcolor>ffffffff</textcolor>
                <font>font13</font>
                <align>right</align>
            </control>

            <control type="label" id="4104">
                <description>Game type information</description>
                <posx>10</posx>
                <posy>90</posy>
                <width>210</width>
                <height>40</height>
                <textcolor>ffffffff</textcolor>
                <font>font13</font>
            </control>

            <control type="button" id="4010">
                <description>Replay video</description>
                <posx>0</posx>
                <posy>170</posy>
                <width>115</width>
                <height>40</height>
                <textcolor>ffffffff</textcolor>
                <font>font13</font>
                <texturefocus>quiz-button-background.png</texturefocus>
                <texturenofocus />
                <label>$ADDON[script.moviequiz 30011]</label>
                <align>center</align>
                <onright>4011</onright>
                <enable>!Control.IsVisible(5000) + !Control.IsVisible(4800)</enable>
            </control>
            <control type="button" id="4011">
                <description>Exit quiz</description>
                <posx>115</posx>
                <posy>170</posy>
                <width>115</width>
                <height>40</height>
                <textcolor>ffffffff</textcolor>
                <font>font13</font>
                <texturefocus>quiz-button-background.png</texturefocus>
                <texturenofocus/>
                <label>$ADDON[script.moviequiz 30012]</label>
                <align>center</align>
                <onleft>4010</onleft>
                <onright>4000</onright>
            </control>

        </control>

        <control type="group">
            <description>Question and answers</description>
            <posx>250</posx>
            <posy>500</posy>
            <width>1020</width>
            <height>210</height>
            <animation type="WindowOpen">
                <effect type="slide" start="0,220" time="500" />
            </animation>

            <control type="image">
                <description>Correct answer</description>
                <posx>0</posx>
                <posy>0</posy>
                <width>1020</width>
                <height>210</height>
                <texture>quiz-white-square.png</texture>
                <colordiffuse>aa00ff00</colordiffuse>
                <visible>!Control.IsVisible(5002)</visible>
                <animation effect="fade" start="100" end="0" time="1000">Hidden</animation>
            </control>
            <control type="image">
                <description>Wrong answer</description>
                <posx>0</posx>
                <posy>0</posy>
                <width>1020</width>
                <height>210</height>
                <texture>quiz-white-square.png</texture>
                <colordiffuse>aaff0000</colordiffuse>
                <visible>!Control.IsVisible(5003)</visible>
                <animation effect="fade" start="100" end="0" time="1000">Hidden</animation>
            </control>
            <control type="image">
                <description>Glasspane for question and answers</description>
                <posx>0</posx>
                <posy>0</posy>
                <width>1020</width>
                <height>210</height>
                <texture>quiz-background-glass.png</texture>
            </control>

            <control type="label" id="4300">
                <description>Question ?</description>
                <posx>0</posx>
                <posy>0</posy>
                <width>820</width>
                <height>40</height>
                <textoffsetx>16</textoffsetx>
                <textoffsety>4</textoffsety>
                <textcolor>ffffffff</textcolor>
                <font>font13</font>
                <scroll>true</scroll>
            </control>

            <!-- Answer buttons -->
            <control type="button" id="4000">
                <description>Answer 1</description>
                <posx>0</posx>
                <posy>40</posy>
                <width>1020</width>
                <height>40</height>
                <textoffsetx>55</textoffsetx>
                <textcolor>ffffffff</textcolor>
                <font>font13</font>
                <texturefocus>quiz-button-background.png</texturefocus>
                <texturenofocus />
                <scroll>true</scroll>
                <onup>4003</onup>
                <ondown>4001</ondown>
                <onleft>4011</onleft>
            </control>
            <control type="image">
                <description>One</description>
                <posx>5</posx>
                <posy>40</posy>
                <width>40</width>
                <height>40</height>
                <texture>quiz-one.png</texture>
                <visible>Control.IsVisible(4000)</visible>
            </control>
            <control type="button" id="4001">
                <description>Answer 2</description>
                <posx>0</posx>
                <posy>80</posy>
                <width>1020</width>
                <height>40</height>
                <textoffsetx>55</textoffsetx>
                <textcolor>ffffffff</textcolor>
                <font>font13</font>
                <scroll>true</scroll>
                <texturefocus>quiz-button-background.png</texturefocus>
                <texturenofocus />
                <onup>4000</onup>
                <ondown>4002</ondown>
                <onleft>4011</onleft>
            </control>
            <control type="image">
                <description>Two</description>
                <posx>5</posx>
                <posy>80</posy>
                <width>40</width>
                <height>40</height>
                <texture>quiz-two.png</texture>
                <visible>Control.IsVisible(4001)</visible>
            </control>
            <control type="button" id="4002">
                <description>Answer 3</description>
                <posx>0</posx>
                <posy>120</posy>
                <width>1020</width>
                <height>40</height>
                <textoffsetx>55</textoffsetx>
                <textcolor>ffffffff</textcolor>
                <font>font13</font>
                <scroll>true</scroll>
                <texturefocus>quiz-button-background.png</texturefocus>
                <texturenofocus />
                <onup>4001</onup>
                <ondown>4003</ondown>
                <onleft>4011</onleft>
            </control>
            <control type="image">
                <description>Three</description>
                <posx>5</posx>
                <posy>120</posy>
                <width>40</width>
                <height>40</height>
                <texture>quiz-three.png</texture>
                <visible>Control.IsVisible(4002)</visible>
            </control>
            <control type="button" id="4003">
                <description>Answer 4</description>
                <posx>0</posx>
                <posy>160</posy>
                <width>1020</width>
                <height>40</height>
                <textoffsetx>55</textoffsetx>
                <textcolor>ffffffff</textcolor>
                <font>font13</font>
                <scroll>true</scroll>
                <texturefocus>quiz-button-background.png</texturefocus>
                <texturenofocus />
                <onup>4002</onup>
                <ondown>4000</ondown>
                <onleft>4011</onleft>
            </control>
            <control type="image">
                <description>Four</description>
                <posx>5</posx>
                <posy>160</posy>
                <width>40</width>
                <height>40</height>
                <texture>quiz-four.png</texture>
                <visible>Control.IsVisible(4003)</visible>
            </control>
        </control>

        <control type="image" id="4200">
            <description>cover image</description>
            <posx>1070</posx>
            <posy>440</posy>
            <width>173</width>
            <height>260</height>
            <aspectratio>keep</aspectratio>
            <fadetime>500</fadetime>
            <visible>!Control.IsVisible(5007)</visible>
            <animation effect="slide" start="200,0" time="500">Visible</animation>
            <animation effect="slide" end="200,0" time="500">Hidden</animation>
        </control>
    </controls>
</window>