<?xml version="1.0" encoding="utf-8"?>
<window id="5001" type="dialog">
    <allowoverlay>no</allowoverlay>
    <defaultcontrol always="false">4001</defaultcontrol>
    <coordinates>
        <system>1</system>
        <posx>0</posx>
        <posy>0</posy>
    </coordinates>
    <animation effect="fade" start="100" end="0" time="500">WindowClose</animation>
    <controls>
        <!-- Background -->
        <control type="image">
            <posx>0</posx>
            <posy>0</posy>
            <width>1280</width>
            <height>720</height>
            <texture>quiz-filmstrip-background.jpg</texture>
        </control>

        <control type="multiimage">
            <posx>290</posx>
            <posy>118</posy>
            <width>701</width>
            <height>486</height>
            <visible>true</visible>
            <imagepath>countdown</imagepath>
            <timeperimage>100</timeperimage>
            <fadetime>66</fadetime>
            <pauseatend>0</pauseatend>
            <randomize>false</randomize>
            <loop>yes</loop>
            <aspectratio>stretch</aspectratio>
        </control>

        <control type="multiimage">
            <posx>520</posx>
            <posy>170</posy>
            <width>209</width>
            <height>335</height>
            <visible>true</visible>
            <imagepath>digits</imagepath>
            <timeperimage>800</timeperimage>
            <fadetime>200</fadetime>
            <pauseatend>0</pauseatend>
            <randomize>false</randomize>
            <loop>yes</loop>
            <aspectratio>stretch</aspectratio>
        </control>

        <control type="label">
            <posx>0</posx>
            <posy>520</posy>
            <width>1280</width>
            <height>40</height>
            <align>center</align>
            <label>$ADDON[script.moviequiz 30008]</label>
            <textcolor>ff000000</textcolor>
            <font>font30</font>
        </control>

    </controls>
</window>