<?xml version="1.0" encoding="UTF-8" standalone="yes"?>
<addon id="plugin.video.pinkbike"
       name="PinkBike"
       version="0.0.5"
       provider-name="Popeye">
  <requires>
    <import addon="xbmc.python" version="1.0"/>
    <import addon="script.module.beautifulsoup" version="3.0.8"/>
  </requires>
  <extension point="xbmc.python.pluginsource" library="default.py">
        <provides>video</provides>
  </extension>
  <extension point="xbmc.addon.metadata">
    <platform>all</platform>
    <summary>Watch videos from PinkBike</summary>
    <description>Browse and play videos from mountain bike community pinkbike.com</description>
  </extension>
</addon>