﻿<?xml version="1.0" encoding="UTF-8" standalone="yes"?>
<addon id="weather.worldweatheronline"
       name="World Weather Online"
       version="1.0.8"
       provider-name="Team XBMC">
  <requires>
    <import addon="xbmc.python" version="2.0"/>
  </requires>
  <extension point="xbmc.python.weather"
             library="default.py" />
  <extension point="xbmc.addon.metadata">
    <summary lang="en">Weather information from http://www.worldweatheronline.com</summary>
    <summary lang="zh">来自http://www.worldweatheronline.com的天气信息</summary>
    <description lang="en">World Weather Online provides global weather forecast and weather content for websites, businesses and travel industry. They specialize in worldwide City and Town, Sailing, Hill and Mountain, Ski and Sports weather. They cover over 2 million worldwide cities. Their weather forecast is trusted and used from SME's to large corporate clients.</description>
    <description lang="zh">世界天气在线提供全球气象预报和网站、商务和旅游业气象信息。特别专注于世界各地的城镇、航海、登山、滑雪和体育天气预报。覆盖全球超过200万的城市。预报信息被从中小企业到大型企业客户所信赖和使用。</description>
    <platform>all</platform>
  </extension>
</addon>