<?xml version="1.0" encoding="UTF-8"?>
<addon 
	id="skin.metropolis"
	version="2.0.2"
	name="Metropolis"
	provider-name="Amra">
	<requires>
		<import addon="xbmc.gui" version="3.00"/>
		<import addon="script.artwork.downloader" version="1.0.8"/>
		<import addon="script.favourites" version="2.0.0"/>
		<import addon="script.randomitems" version="2.0.0"/>
		<import addon="script.watchlist" version="0.1.7"/>
		<import addon="script.tv.show.next.aired" version="3.0.0"/>
	</requires>
	<extension
		point="xbmc.gui.skin"
		defaultthemename="textures.xbt"
		debugging="false"
		effectslowdown="0.75">
		<res width="1280" height="720" aspect="16:9" default="true" folder="720p" />
	</extension>

	<extension point="xbmc.addon.metadata">
		<platform>all</platform>
		<minversion app="xbmc">33035</minversion>
		<summary>Updated for Eden, a Mix of Retro and Modern. Original Metropolis skin by Amra - continued by Stoli</summary>
		<summary lang="es">Actualización para Eden, una mezcla de Retro y Moderno. Amra, autor original de Metrópolis - continuado por Stoli</summary>
		<summary lang="fr">Mise à jour pour Eden, un mélange de Rétro et de Moderne. Thème originel de Metropolis par Amra - continué par Stoli</summary>
		<description>Metropolis is designed to show as much media info as possible with easy to read text and icons. All while trying to keep the skin smooth and simple to use for all family members with multiple themes and customizable menus and views. Credit to Hitcher for Alaska Revisited which was used as a base for Metropolis.</description>
		<description lang="es">Metrópolis está diseñada para mostrar en lo posible toda la información multimedia y facilitar la lectura de textos e iconos. Todo ello procurando mantener una piel suave y de fácil uso para todos los miembros de la familia, con múltiples temas, vistas y menús personalizables. Agradecimientos a Hitcher autor de la piel Alaska Revisited, la cual se uso como base para Metrópolis.</description>
		<description lang="fr">Metropolis est conçu pour afficher le plus d'informations multimédia possible avec des icônes et du texte facile à lire. Tout en essayant de conserver douceur et simplicité afin de pouvoir être utilisé par tous les membres de la famille. Intègre de multiples thèmes, des vues et menus personnalisables. Les crédits vont à Hitcher pour Alaska Revisited utilisé comme base pour Metropolis.</description>
	</extension>
</addon>
