<?xml version="1.0" encoding="UTF-8" standalone="yes"?>
<addon id="plugin.video.offene_kanaele" name="Offene Kanaele" version="1.0"
provider-name="OK Fan">
  <requires>
    <import addon="xbmc.python" version="2.0"/>
    <import addon="script.module.xbmcswift" version="0.2.0"/>
  </requires>
  <extension point="xbmc.python.pluginsource" library="addon.py">
    <provides>video</provides>
  </extension>
  <extension point="xbmc.addon.metadata">
    <language>de</language>
    <platform>all</platform>
    <summary lang="en">Watch livestreams from German public-access TV stations</summary>
    <description lang="en">"Public-access television is a form of non-commercial mass media where ordinary people can create content television programming which is cablecast through cable TV specialty channels." (Source: http://en.wikipedia.org/wiki/Public-access_television). This add-on delivers video content from public-access channels in German language.</description>
    <summary lang="de">Livestreams deutschsprachiger Offener Kanaele</summary>
    <description lang="de">Offene Kanäle sind nicht-kommerzielle TV-Sender, deren Programm von normalen Bürgern (bzw. Zuschauern) gestaltet wird. Sie sind in der Regel regional ausgerichtet und im Kabelnetz einzelner Städte empfangbar. Mit diesem Add-On können die Livestreams deutschsprachiger Sender betrachtet werden.</description>    
  </extension>
</addon>
