<?xml version="1.0" encoding="UTF-8"?>
<addon id="plugin.video.euronews_com" name="euronews.com" version="1.0.1" provider-name="AddonScriptorDE">
    <requires>
        <import addon="xbmc.python" version="2.0"/>
    </requires>
    <extension point="xbmc.python.pluginsource" library="default.py">
        <provides>video</provides>
    </extension>
    <extension point="xbmc.addon.metadata">
        <platform>all</platform>
        <summary lang="en">Livestream and latest news videos from euronews.com | Available languages: English, Greek, French, German, Italian, Spanish, Portuguese, Polish, Russian, Ukrainian, Turkish, Arabic and Persian</summary>
        <language></language>
        <description lang="en">Livestream and latest news videos from euronews.com | Available languages: English, Greek, French, German, Italian, Spanish, Portuguese, Polish, Russian, Ukrainian, Turkish, Arabic and Persian</description>
        <disclaimer lang="en">Some parts of this addon may not be legal in your country of residence - please check with your local laws before installing.</disclaimer>
    </extension>
</addon>
