<window>
	<defaultcontrol always="true">1501</defaultcontrol>
	<allowoverlays>false</allowoverlays>
	<controls>
	<!-- static content -->
		<control type="image">
			<posx>0</posx>
			<posy>0</posy>
			<width>1280</width>
			<height>720</height>
			<texture>log-background.jpg</texture>
		</control>
		<control type="image">
			<posx>0</posx>
			<posy>592</posy>
			<width>1280</width>
			<height>128</height>
			<texture>log-floor.png</texture>
		</control>
		<control type="image">
			<posx>1096</posx>
			<posy>0</posy>
			<width>184</width>
			<height>28</height>
			<texture>log-breadcrumb.png</texture>
		</control>
		<control type="group">
			<animation type="WindowOpen" reversible="false">
				<effect type="zoom" start="80" end="100" center="640,360" easing="out" tween="back" time="500" delay="300" />
				<effect type="fade" start="0" end="100" time="500" delay="300" />
			</animation>
			<animation type="WindowClose" reversible="false">
				<effect type="zoom" start="100" end="80" center="640,360" easing="in" tween="back" time="500" />
				<effect type="fade" start="100" end="0" time="500" />
			</animation>
			<control type="image">
				<posx>132</posx>
				<posy>54</posy>
				<width>1016</width>
				<height>588</height>
				<texture>log-panel.png</texture>
			</control>
			<control type="image">
				<posx>148</posx>
				<posy>158</posy>
				<width>254</width>
				<height>50</height>
				<texture>log-logo.png</texture>
			</control>
			<control type="image">
				<posx>150</posx>
				<posy>250</posy>
				<width>238</width>
				<height>238</height>
				<texture>log-icon.png</texture>
			</control>
			<control type="label">
				<description>label</description>
				<posx>600</posx>
				<posy>100</posy>
				<width>380</width>
				<height>20</height>
				<label>[B]XBMC DEBUG LOG[/B]</label>
				<font>font20</font>
				<align>center</align>
				<textcolor>FF009CFF</textcolor>
				<shadowcolor>00000000</shadowcolor>
			</control>
            <control type="label" id="180">
				<description>Status label</description>
				<posx>420</posx>
				<posy>480</posy>
				<width>680</width>
				<height>45</height>
				<font>font20</font>
				<align>center</align>
				<textcolor>FF009CFF</textcolor>
				<shadowcolor>00000000</shadowcolor>
                <wrapmultiline>true</wrapmultiline>
			</control>           
			<control type="group" id="9000">
				<animation effect="fade" time="300">Visible</animation>
				<animation effect="fade" time="300">Hidden</animation>

				<control type="button" id="1096">
					<description>pastebinit</description>
					<posx>888</posx>
					<posy>562</posy>
					<width>200</width>
					<height>34</height>
					<texturefocus border="5">log-button-focus.png</texturefocus>
					<texturenofocus border="5">log-button-nofocus.png</texturenofocus>
					<label>[B]$LOCALIZE[SCRIPT613][/B]</label>
					<font>font12_title</font>
					<textcolor>FFFFFFFF</textcolor>
					<align>center</align>
					<aligny>center</aligny>
					<pulseonselect>true</pulseonselect>
					<onup>9001</onup>
					<ondown>9001</ondown>
					<onleft>1097</onleft>
					<onright>1098</onright>
				</control>
				<control type="button" id="1097">
					<description>next</description>
					<posx>666</posx>
					<posy>562</posy>
					<width>200</width>
					<height>34</height>
					<texturefocus border="5">log-button-focus.png</texturefocus>
					<texturenofocus border="5">log-button-nofocus.png</texturenofocus>
					<label>[B]$LOCALIZE[SCRIPT615][/B]</label>
					<font>font12_title</font>
					<textcolor>FFFFFFFF</textcolor>
					<align>center</align>
					<aligny>center</aligny>
					<pulseonselect>true</pulseonselect>
					<onup>9001</onup>
					<ondown>9001</ondown>
					<onleft>1098</onleft>
					<onright>1096</onright>
				</control>
				<control type="button" id="1098">
					<description>exit</description>
					<posx>444</posx>
					<posy>562</posy>
					<width>200</width>
					<height>34</height>
					<texturefocus border="5">log-button-focus.png</texturefocus>
					<texturenofocus border="5">log-button-nofocus.png</texturenofocus>
					<label>[B]$LOCALIZE[SCRIPT614][/B]</label>
					<font>font12_title</font>
					<textcolor>FFFFFFFF</textcolor>
					<align>center</align>
					<aligny>center</aligny>
					<pulseonselect>true</pulseonselect>
					<onup>9001</onup>
					<ondown>9001</ondown>
					<onleft>1096</onleft>
					<onright>1097</onright>
				</control>                
			</control>
			<control type="group" id="9001">
			<!-- page 1 -->

				<control type="radiobutton" id="1501">
					<description>xbmc.log</description>
					<posx>460</posx>
					<posy>300</posy>
					<width>400</width>
					<height>34</height>
					<texturefocus border="0,2,0,2">log-list-focus.png</texturefocus>
					<texturenofocus border="0,2,0,2">log-list-nofocus.png</texturenofocus>
					<textureradioon>log-radiobutton-focus.png</textureradioon>
					<textureradiooff>log-radiobutton-nofocus.png</textureradiooff>
					<label>[B]$LOCALIZE[SCRIPT610][/B]</label>
					<font>font13</font>
					<textcolor>88FFFFFF</textcolor>
					<focusedcolor>FFFFFFFF</focusedcolor>
					<align>left</align>
					<aligny>center</aligny>
					<textoffsetx>50</textoffsetx>
					<radioposx>10</radioposx>
					<pulseonselect>true</pulseonselect>
					<onup>1503</onup>
					<ondown>1502</ondown>
					<onleft>1098</onleft>
					<onright>1098</onright>
				</control>
                <control type="label" id="2501">
                    <description>label</description>
                    <posx>888</posx>
                    <posy>302</posy>
                    <width>100</width>
                    <height>20</height>
                    <font>font20</font>
                    <align>center</align>
                    <textcolor>FF009CFF</textcolor>
                    <shadowcolor>00000000</shadowcolor>
                </control>
                <control type="radiobutton" id="1502">
					<description>crashlog</description>
					<posx>460</posx>
					<posy>340</posy>
					<width>400</width>
					<height>34</height>
					<texturefocus border="0,2,0,2">log-list-focus.png</texturefocus>
					<texturenofocus border="0,2,0,2">log-list-nofocus.png</texturenofocus>
					<textureradioon>log-radiobutton-focus.png</textureradioon>
					<textureradiooff>log-radiobutton-nofocus.png</textureradiooff>
					<label>[B]$LOCALIZE[SCRIPT611][/B]</label>
					<font>font13</font>
					<textcolor>88FFFFFF</textcolor>
					<focusedcolor>FFFFFFFF</focusedcolor>
					<align>left</align>
					<aligny>center</aligny>
					<textoffsetx>50</textoffsetx>
					<radioposx>10</radioposx>
					<pulseonselect>true</pulseonselect>
					<onup>1501</onup>
					<ondown>1503</ondown>
					<onleft>1098</onleft>
					<onright>1098</onright>
				</control>
                <control type="label" id="2502">
                    <description>label</description>
                    <posx>888</posx>
                    <posy>342</posy>
                    <width>100</width>
                    <height>20</height>
                    <font>font20</font>
                    <align>center</align>
                    <textcolor>FF009CFF</textcolor>
                    <shadowcolor>00000000</shadowcolor>
                </control>
                <control type="radiobutton" id="1503">
					<description>log_old</description>
					<posx>460</posx>
					<posy>380</posy>
					<width>400</width>
					<height>34</height>
					<texturefocus border="0,2,0,2">log-list-focus.png</texturefocus>
					<texturenofocus border="0,2,0,2">log-list-nofocus.png</texturenofocus>
					<textureradioon>log-radiobutton-focus.png</textureradioon>
					<textureradiooff>log-radiobutton-nofocus.png</textureradiooff>
					<label>[B]$LOCALIZE[SCRIPT612][/B]</label>
					<font>font13</font>
					<textcolor>88FFFFFF</textcolor>
					<focusedcolor>FFFFFFFF</focusedcolor>
					<align>left</align>
					<aligny>center</aligny>
					<textoffsetx>50</textoffsetx>
					<radioposx>10</radioposx>
					<pulseonselect>true</pulseonselect>
					<onup>1502</onup>
					<ondown>1501</ondown>
					<onleft>1098</onleft>
					<onright>1098</onright>
				</control>
                <control type="label" id="2503">
                    <description>label</description>
                    <posx>888</posx>
                    <posy>382</posy>
                    <width>100</width>
                    <height>20</height>
                    <font>font20</font>
                    <align>center</align>
                    <textcolor>FF009CFF</textcolor>
                    <shadowcolor>00000000</shadowcolor>
                </control>
            </control>    
		</control>
	</controls>
</window>
