<?xml version="1.0" encoding="UTF-8" standalone="yes"?>
<addon id="script.cu.lyrics"
       name="CU Lyrics"
       version="2.0.6"
       provider-name="Amet">
  <requires>
    <import addon="xbmc.python" version="2.0"/>
  </requires>
  <extension point="xbmc.python.lyrics"
             library="default.py" />
  <extension point="xbmc.addon.metadata">
    <summary lang="bg">CU лирики</summary>
    <summary lang="en">CU Lyrics</summary>
    <summary lang="hu">CU Lyrics dalszöveg</summary>
    <summary lang="de">CU Lyrics</summary> 
    <description lang="bg">Търси, сваля и изобразява лирики от LyricWIKI.org. Свалените лирики се записват в userdata/addon_data.Lyrics. OSD бутонът трябва да е активиран и да е зададен път към CU лириките от Настройки -> Облик -> Скриптове</description>
    <description lang="en">Search, download and display lyrics from LyricWIKI.org. Downloaded lyrics will be saved in userdata/addon_data.Lyrics button on OSD needs to be activated and path set to CU Lyrics under Settings-> Skin-> Scripts </description>
    <description lang="hu">Dalszövegek keresése letöltése, megjelenítése a LyricWIKI.org webhelyről. A letöltött dalszövegek a userdata/addon_data mappába kerülnek. A dalszöveg OSD gombot aktiválni kell az elérési út megadásával a Beállítások -> Skin -> Szkriptek alatt.</description>
    <description lang="de">Suche, downloade und zeige Lyrics von LyricWIKI.org. Heruntergeladene Lyrics werden in userdata/addon_data gespeichert. Der Lyrics-Button muss im OSD aktiviert werden und der Pfad zu CU Lyrics muss in den Einstellungen spezifiziert werden.</description>
    <platform>all</platform>
  </extension>
</addon>
