<?xml version="1.0" encoding="UTF-8" standalone="yes"?>
<addon id="plugin.video.raiclick"
       name="RaiClick"
       version="1.1.1"
       provider-name="Angeloxx">
  <requires>
  <import addon="xbmc.python" version="1.0"/>
  </requires>
  <extension point="xbmc.python.pluginsource"
            library="default.py">
        <provides>video</provides>
  </extension>
  <extension point="xbmc.addon.metadata">
    <platform>all</platform>
    <summary>RaiClick video plugin</summary>
    <description>Plugin that let's you to browse and play videos from RaiClick!</description>
    <disclaimer>Some parts of this addon may not be legal in your country of residence - please check with your local laws before installing.</disclaimer>
  </extension>
</addon>
