<?xml version="1.0" encoding="UTF-8" standalone="yes"?>

<!--
# The contents of this file are subject to the Mozilla Public License
# Version 1.1 (the "License"); you may not use this file except in
# compliance with the License. You may obtain a copy of the License at
# http://www.mozilla.org/MPL/
#
# Software distributed under the License is distributed on an "AS IS"
# basis, WITHOUT WARRANTY OF ANY KIND, either express or implied. See the
# License for the specific language governing rights and limitations
# under the License.
#
# The Original Code is plugin.games.xbmame.
#
# The Initial Developer of the Original Code is Olivier LODY aka Akira76.
# Portions created by the XBMC team are Copyright (C) 2003-2010 XBMC.
# All Rights Reserved.
-->

<addon id="plugin.games.xbmame" name="MAME Frontend" version="1.2.3" provider-name="Akira76">
    <requires>
        <import addon="xbmc.python" version="1.0"/>
        <import addon="script.module.pysqlite" version="2.5.6"/>
    </requires>
    <extension point="xbmc.python.pluginsource" library="xbmame.py">
        <provides>executable</provides>
    </extension>
    <extension point="xbmc.addon.metadata">
        <platform>all</platform>
        <summary lang="en">Allows to use XBMC as a frontend to mame</summary>
        <description lang="en">Deprecated plugin</description>
    </extension>
</addon>
