<window>
  <defaultcontrol>101</defaultcontrol>
  <backgroundcolor>0</backgroundcolor>
  <coordinates>
    <system>1</system>
    <posx>0</posx>
    <posy>0</posy>
  </coordinates>
  <animation effect="fade" time="250">WindowOpen</animation>
  <animation effect="fade" time="250">WindowClose</animation>
  <controls>
    <control type="group">
      <posx>150</posx>
      <posy>75</posy>
      <control type="image">
        <posx>0</posx>
        <posy>0</posy>
        <width>1635</width>
        <height>900</height>
        <colordiffuse>EE666666</colordiffuse>
        <texture border="70">default-panel.png</texture>
      </control>

      <control type="label" id="100">
        <description>textarea</description>
        <posx>300</posx>
        <posy>90</posy>
        <width>1035</width>
        <height>60</height>
        <font>font18</font>
        <textcolor>white</textcolor>
        <aligny>center</aligny>
        <align>center</align>
        <wrapmultiline>true</wrapmultiline>
      </control>
      
      <control type="label" id="101">
        <description>textarea</description>
        <posx>1590</posx>
        <posy>90</posy>
        <width>300</width>
        <height>60</height>
        <font>font18</font>
        <textcolor>white</textcolor>
        <aligny>center</aligny>
        <align>right</align>
        <label>(0) tags</label>
      </control>
      <control type="button" id="102">
        <description>OK button</description>
        <posx>45</posx>
        <posy>780</posy>
        <width>450</width>
        <height>60</height>
        <font>font18</font>
        <textcolor>white</textcolor>
        <aligny>center</aligny>
        <align>center</align>
        <label>OK</label>
        <onleft>120</onleft>
      <onright>103</onright>
      </control>
      <control type="button" id="103">
        <description>Cancel button</description>
        <posx>540</posx>
        <posy>780</posy>
        <width>450</width>
        <height>60</height>
        <font>font18</font>
        <textcolor>white</textcolor>
        <aligny>center</aligny>
        <align>center</align>
        <label>Cancel</label>
        <onleft>102</onleft>
        <onright>104</onright>
      </control>
      <control type="radiobutton" id="104">
        <description>Cancel button</description>
        <posx>1035</posx>
        <posy>780</posy>
        <width>555</width>
        <height>60</height>
        <font>font18</font>
        <textcolor>white</textcolor>
        <aligny>center</aligny>
        <align>center</align>
        <label>Match all</label>
        <onleft>103</onleft>
        <onright>122</onright>
      </control>      
      <control type="label" id="105">
        <description>textarea</description>
        <posx>105</posx>
        <posy>180</posy>
        <width>472</width>
        <height>54</height>
        <font>font18</font>
        <textcolor>white</textcolor>
        <aligny>center</aligny>
        <align>left</align>
        <label>Tags</label>
      </control>
      <control type="label" id="106">
        <description>textarea</description>
        <posx>660</posx>
        <posy>180</posy>
        <width>471</width>
        <height>54</height>
        <font>font18</font>
        <textcolor>white</textcolor>
        <aligny>center</aligny>
        <align>left</align>
        <label>Content</label>
      </control> 
      
      <control type="image">
        <posx>30</posx>
        <posy>165</posy>
        <width>1590</width>
        <height>3</height>
        <texture>GMseparator.png</texture>
      </control>
      
      <control type="image">
        <posx>30</posx>
        <posy>248</posy>
        <width>1590</width>
        <height>3</height>
        <texture>GMseparator.png</texture>
      </control>
      <control type="image">
        <posx>30</posx>
        <posy>765</posy>
        <width>1590</width>
        <height>3</height>
        <texture>GMseparator.png</texture>
      </control>
      <control type="image">
        <posx>30</posx>
        <posy>773</posy>
        <width>1590</width>
        <height>3</height>
        <texture>GMseparator.png</texture>
      </control>      
      <control type="image">
        <posx>30</posx>
        <posy>848</posy>
        <width>1590</width>
        <height>3</height>
        <texture>GMseparator.png</texture>
      </control> 
      <control type="image">
        <posx>30</posx>
        <posy>855</posy>
        <width>1590</width>
        <height>3</height>
        <texture>GMseparator.png</texture>
      </control>      

      
      <!-- ** Required ** Do not change <id> or <type> -->
      <control type="list" id="120">
        <posx>45</posx>
        <posy>270</posy>
        <width>533</width>
        <height>480</height>
        <onleft>102</onleft>
        <onright>122</onright>
        <viewtype label="535">list</viewtype>
        <pagecontrol>121</pagecontrol>
        <scrolltime>200</scrolltime>

        <itemlayout height="38">
          <control type="image">
            <posx>0</posx>
            <posy>54</posy>
            <width>473</width>
            <height>2</height>
            <texture border="10">default-list-nofocus.png</texture>
          </control>         

          <control type="label">
            <posx>15</posx>
            <posy>0</posy>
            <width>473</width>
            <height>42</height>
            <font>font18</font>
            <aligny>top</aligny>
            <textcolor>white</textcolor>
            <selectedcolor>green</selectedcolor>
            <align>left</align>
            <info>ListItem.Label</info>
          </control>

        </itemlayout>
        <focusedlayout height="38">
          <control type="image">
            <posx>0</posx>
            <posy>0</posy>
            <width>473</width>
            <height>42</height>
            <texture border="10">default-list-focus.png</texture>
            <visible>Control.HasFocus(120)</visible>
          </control>
          
          <control type="label">
            <posx>15</posx>
            <posy>0</posy>
            <width>473</width>
            <height>42</height>
            <font>font18</font>
            <aligny>top</aligny>
            <textcolor>white</textcolor>
            <selectedcolor>green</selectedcolor>
            <align>left</align>
            <info>ListItem.Label</info>
          </control>
          

        </focusedlayout>
      </control>
      <control type="group">
        <posx>525</posx>
        <posy>270</posy>
        <control type="scrollbar" id="121">
          <description>scroll bar indicator for lists</description>
          <posx>0</posx>
          <posy>0</posy>
          <width>18</width>
          <height>480</height>
          <texturesliderbackground border="6">default-scroll_back.png</texturesliderbackground>
          <texturesliderbar border="6">default-scroll_mid.png</texturesliderbar>
          <texturesliderbarfocus border="6">default-scroll_mid.png</texturesliderbarfocus>
          <textureslidernib>-</textureslidernib>
          <textureslidernibfocus>-</textureslidernibfocus>
          <orientation>vertical</orientation>
          <showonepage>false</showonepage>
          <visible>Control.IsVisible(120)</visible>
        </control>
      </control>
      
      <control type="list" id="122">
        <posx>570</posx>
        <posy>270</posy>
        <width>1020</width>
        <height>480</height>
        <onleft>120</onleft>
        <onright>102</onright>
        <viewtype label="535">list</viewtype>
        <pagecontrol>123</pagecontrol>
        <scrolltime>200</scrolltime>

        <itemlayout height="38">
          <control type="image">
            <posx>0</posx>
            <posy>54</posy>
            <width>101</width>
            <height>3</height>
            <texture border="10">default-list-nofocus.png</texture>
          </control>

          <control type="image">
            <posx>15</posx>
            <posy>0</posy>
            <width>75</width>
            <height>42</height>
            <texture border="10">$INFO[ListItem.Property(checked)]</texture>
          </control>          
          
          <control type="label">
            <posx>90</posx>
            <posy>0</posy>
            <width>923</width>
            <height>42</height>
            <font>font18</font>
            <aligny>top</aligny>
            <textcolor>white</textcolor>
            <selectedcolor>green</selectedcolor>
            <align>left</align>
            <info>ListItem.Label2</info>
          </control>
          


        </itemlayout>
        <focusedlayout height="38">
          <control type="image">
            <posx>0</posx>
            <posy>0</posy>
            <width>1005</width>
            <height>42</height>
            <texture border="10">default-list-focus.png</texture>
            <visible>Control.HasFocus(122)</visible>
          </control>

          <control type="image">
            <posx>15</posx>
            <posy>0</posy>
            <width>75</width>
            <height>42</height>
            <texture border="10">$INFO[ListItem.Property(checked)]</texture>
          </control>
          
          <control type="label">
            <posx>90</posx>
            <posy>0</posy>
            <width>923</width>
            <height>42</height>
            <font>font18</font>
            <aligny>top</aligny>
            <textcolor>white</textcolor>
            <selectedcolor>green</selectedcolor>
            <align>left</align>
            <info>ListItem.Label2</info>
          </control>

        </focusedlayout>
      </control>
      <control type="group">
        <posx>1583</posx>
        <posy>270</posy>
        <control type="scrollbar" id="123">
          <description>scroll bar indicator for lists</description>
          <posx>0</posx>
          <posy>0</posy>
          <width>18</width>
          <height>480</height>
          <texturesliderbackground border="6">default-scroll_back.png</texturesliderbackground>
          <texturesliderbar border="6">default-scroll_mid.png</texturesliderbar>
          <texturesliderbarfocus border="6">default-scroll_mid.png</texturesliderbarfocus>
          <textureslidernib>-</textureslidernib>
          <textureslidernibfocus>-</textureslidernibfocus>
          <orientation>vertical</orientation>
          <showonepage>false</showonepage>
          <visible>Control.IsVisible(122)</visible>
        </control>
      </control>

    </control>
  </controls>
</window>
