<?xml version="1.0" encoding="UTF-8" standalone="yes"?>
<addon id="plugin.video.weather.channel"
       name="The Weather Channel"
       version="0.0.2"
       provider-name="divingmule">
  <requires>
    <import addon="xbmc.python" version="1.0"/>
	<import addon="script.module.beautifulsoup" version="3.0.8"/>
	<import addon="script.module.simplejson"/>
  </requires>
  <extension point="xbmc.python.pluginsource"
            library="default.py">
        <provides>video</provides>
  </extension>
  <extension point="xbmc.addon.metadata">
    <summary>TheWeatherChannel.com/videos</summary>
    <description>Videos from The Weather Channel.com</description>
    <platform>all</platform>
  </extension>
</addon>
