<window id="5100">
	<defaultcontrol>5110</defaultcontrol>
	<include>dialogeffect</include>
	<coordinates>
		<system>1</system>
		<posx>440</posx>
		<posy>200</posy>
	</coordinates>
	<controls>
		<control type="image">
			<description>background top image</description>
			<posx>0</posx>
			<posy>-65</posy>
			<width>400</width>
			<height>65</height>
			<texture border="60,60,60,0">rcb-DialogContextTop.png</texture>
		</control>
		<control type="button" id="5101">
			<description>Close Window button</description>
			<posx>320</posx>
			<posy>-30</posy>
			<width>40</width>
			<height>30</height>
			<label>-</label>
			<font>-</font>
			<texturefocus>rcb-DialogCloseButton-focus.png</texturefocus>
			<texturenofocus>rcb-DialogCloseButton.png</texturenofocus>
			<onleft>5110</onleft>
			<onright>5110</onright>
			<onup>5116</onup>
			<ondown>5110</ondown>
			<visible>system.getbool(input.enablemouse)</visible>
		</control>
		<control type="image">
			<description>background image</description>
			<posx>0</posx>
			<posy>0</posy>
			<width>400</width>
			<height>402</height>
			<texture border="45,0,45,0">rcb-DialogContextMiddle.png</texture>
		</control>
		<control type="image">
			<description>background bottom image</description>
			<posx>0</posx>
			<posy>402</posy>
			<width>400</width>
			<texture border="45,0,45,49">rcb-DialogContextBottom.png</texture>
		</control>
		<control type="button" id="5110">
			<description>button import games</description>
			<posx>34</posx>
			<posy>-</posy>
			<width>328</width>
			<height>38</height>
			<font>fontContextMenu</font>
			<align>center</align>
			<textcolor>0x88FFFFFF</textcolor>
			<focusedcolor>0xFFFFFFFF</focusedcolor>
			<texturefocus border="5">rcb-button-focus.png</texturefocus>
			<texturenofocus border="5">rcb-button-nofocus.png</texturenofocus>
			<label>Import Games</label>
			<onup>5101</onup>
			<ondown>5111</ondown>
		</control>
		<control type="button" id="5111">
			<description>button add rom collection</description>
			<posx>34</posx>
			<posy>38</posy>
			<width>328</width>
			<height>38</height>
			<font>fontContextMenu</font>
			<align>center</align>
			<textcolor>0x88FFFFFF</textcolor>
			<focusedcolor>0xFFFFFFFF</focusedcolor>
			<texturefocus border="5">rcb-button-focus.png</texturefocus>
			<texturenofocus border="5">rcb-button-nofocus.png</texturenofocus>
			<label>Add Rom Collection</label>
			<onup>5110</onup>
			<ondown>5112</ondown>
		</control>
		<control type="button" id="5112">
			<description>button edit rom collection</description>
			<posx>34</posx>
			<posy>76</posy>
			<width>328</width>
			<height>38</height>
			<font>fontContextMenu</font>
			<align>center</align>
			<textcolor>0x88FFFFFF</textcolor>
			<focusedcolor>0xFFFFFFFF</focusedcolor>
			<texturefocus border="5">rcb-button-focus.png</texturefocus>
			<texturenofocus border="5">rcb-button-nofocus.png</texturenofocus>
			<label>Edit Rom Collection</label>
			<onup>5111</onup>
			<ondown>5117</ondown>
		</control>
		<control type="button" id="5117">
			<description>button edit offline scraper</description>
			<posx>34</posx>
			<posy>114</posy>
			<width>328</width>
			<height>38</height>
			<font>fontContextMenu</font>
			<align>center</align>
			<textcolor>0x88FFFFFF</textcolor>
			<focusedcolor>0xFFFFFFFF</focusedcolor>
			<texturefocus border="5">rcb-button-focus.png</texturefocus>
			<texturenofocus border="5">rcb-button-nofocus.png</texturenofocus>
			<label>Edit Offline Scrapers</label>
			<onup>5112</onup>
			<ondown>5113</ondown>
		</control>
		<control type="button" id="5113">
			<description>button edit command</description>
			<posx>34</posx>
			<posy>152</posy>
			<width>328</width>
			<height>38</height>
			<font>fontContextMenu</font>
			<align>center</align>
			<textcolor>0x88FFFFFF</textcolor>
			<focusedcolor>0xFFFFFFFF</focusedcolor>
			<texturefocus border="5">rcb-button-focus.png</texturefocus>
			<texturenofocus border="5">rcb-button-nofocus.png</texturenofocus>
			<label>Edit Game Command</label>
			<onup>5117</onup>
			<ondown>5118</ondown>
		</control>
		
		<control type="button" id="5118">
			<description>button game as favorite</description>
			<posx>34</posx>
			<posy>190</posy>
			<width>328</width>
			<height>38</height>
			<font>fontContextMenu</font>
			<align>center</align>
			<textcolor>0x88FFFFFF</textcolor>
			<focusedcolor>0xFFFFFFFF</focusedcolor>
			<texturefocus border="5">rcb-button-focus.png</texturefocus>
			<texturenofocus border="5">rcb-button-nofocus.png</texturenofocus>
			<label>Add Game To Favorites</label>
			<onup>5113</onup>
			<ondown>5119</ondown>
		</control>
		<control type="button" id="5119">
			<description>button selection as favorite</description>
			<posx>34</posx>
			<posy>228</posy>
			<width>328</width>
			<height>38</height>
			<font>fontContextMenu</font>
			<align>center</align>
			<textcolor>0x88FFFFFF</textcolor>
			<focusedcolor>0xFFFFFFFF</focusedcolor>
			<texturefocus border="5">rcb-button-focus.png</texturefocus>
			<texturenofocus border="5">rcb-button-nofocus.png</texturenofocus>
			<label>Add Selection To Favorites</label>
			<onup>5118</onup>
			<ondown>5120</ondown>
		</control>
		
		<control type="button" id="5120">
			<description>button export nfo files</description>
			<posx>34</posx>
			<posy>264</posy>
			<width>328</width>
			<height>38</height>
			<font>fontContextMenu</font>
			<align>center</align>
			<textcolor>0x88FFFFFF</textcolor>
			<focusedcolor>0xFFFFFFFF</focusedcolor>
			<texturefocus border="5">rcb-button-focus.png</texturefocus>
			<texturenofocus border="5">rcb-button-nofocus.png</texturenofocus>
			<label>Export game database (nfo files)</label>
			<onup>5119</onup>
			<ondown>5114</ondown>
		</control>
		
		<control type="button" id="5114">
			<description>button delete rom</description>
			<posx>34</posx>
			<posy>302</posy>
			<width>328</width>
			<height>38</height>
			<font>fontContextMenu</font>
			<align>center</align>
			<textcolor>0x88FFFFFF</textcolor>
			<focusedcolor>0xFFFFFFFF</focusedcolor>
			<texturefocus border="5">rcb-button-focus.png</texturefocus>
			<texturenofocus border="5">rcb-button-nofocus.png</texturenofocus>
			<label>Delete Game</label>
			<onup>5120</onup>
			<ondown>5115</ondown>
		</control>
		<control type="button" id="5115">
			<description>button delete rom collection</description>
			<posx>34</posx>
			<posy>340</posy>
			<width>328</width>
			<height>38</height>
			<font>fontContextMenu</font>
			<align>center</align>
			<textcolor>0x88FFFFFF</textcolor>
			<focusedcolor>0xFFFFFFFF</focusedcolor>
			<texturefocus border="5">rcb-button-focus.png</texturefocus>
			<texturenofocus border="5">rcb-button-nofocus.png</texturenofocus>
			<label>Delete Rom Collection</label>
			<onup>5114</onup>
			<ondown>5116</ondown>
		</control>
		<control type="button" id="5116">
			<description>button clean database</description>
			<posx>34</posx>
			<posy>378</posy>
			<width>328</width>
			<height>38</height>
			<font>fontContextMenu</font>
			<align>center</align>
			<textcolor>0x88FFFFFF</textcolor>
			<focusedcolor>0xFFFFFFFF</focusedcolor>
			<texturefocus border="5">rcb-button-focus.png</texturefocus>
			<texturenofocus border="5">rcb-button-nofocus.png</texturenofocus>
			<label>Clean Database</label>
			<onup>5115</onup>
			<ondown>5101</ondown>
		</control>
	</controls>
</window>