<?xml version="1.0" encoding="UTF-8" standalone="yes"?>
<addon id="script.playlists" name="Playlists Script" version="0.1.1" provider-name="ronie">
	<requires>
		<import addon="xbmc.python" version="2.0"/>
		<import addon="script.module.elementtree" version="1.2.7"/>
	</requires>
	<extension point="xbmc.python.library" library="default.py"/>
	<extension point="xbmc.addon.metadata">
		<summary lang="en">Playlist script</summary>
		<description lang="en">Creates a list of available Video or Music playlists</description>
		<platform>all</platform>
	</extension>
</addon>
