<?xml version="1.0" encoding="UTF-8" standalone="yes"?>
<addon
	id="plugin.video.retrowaretv"
	version="1.1.5"
	name="Retroware TV"
	provider-name="dethfeet">
<requires>
	<import addon="xbmc.python" version="2.0"/>
    <import addon="plugin.video.bliptv" version="0.4.0"/>
    <import addon="plugin.video.youtube" version="0.4.0"/>
</requires>
<extension point="xbmc.python.pluginsource"
		library="default.py">
	<provides>video</provides>
</extension>
<extension point="xbmc.addon.metadata">
	<language>en</language>
	<platform>all</platform>
	<summary>Watch videos from Retroware TV</summary>
	<description>Retroware TV is a classic video games show and website. We will take a look back and discuss those classic games that make Retro Gaming so great. Home to some of the best classic gaming shows on the information superhighway (see, totally retro)</description>
</extension>
</addon>
