<?xml version="1.0" encoding="UTF-8" standalone="yes"?>
<addon id="plugin.video.collegehumor" name="CollegeHumor" version="2.0.0" provider-name="Tristan Fischer (sphere@dersphere.de)">
  <requires>
    <import addon="xbmc.python" version="2.0"/>
    <import addon="script.module.beautifulsoup" version="3.0.8"/>
    <import addon="script.module.xbmcswift" version="0.2.0"/>
    <import addon="plugin.video.youtube" version="3.1.0" />
  </requires>
  <extension point="xbmc.python.pluginsource" library="addon.py">
    <provides>video</provides>
  </extension>
  <extension point="xbmc.addon.metadata">
    <language>en</language>
    <platform>all</platform>
    <summary lang="en">Watch videos from www.collegehumor.com</summary>
    <description lang="en">CollegeHumor finds funny videos from all over the internet plus some original videos that they made themself.</description>
  </extension>
</addon>
