<?xml version="1.0" encoding="UTF-8"?>
<scraper framework="1.1" date="2012-02-19">
	<NfoUrl dest="3">
		<RegExp input="$$1" output="&lt;url&gt;http://akas.imdb.com/title/tt\1/&lt;/url&gt;&lt;id&gt;tt\1&lt;/id&gt;" dest="3">
			<expression clear="yes" noclean="1">imdb....?/Title\?([0-9]*)</expression>
		</RegExp>
		<RegExp input="$$1" output="&lt;url&gt;http://akas.imdb.com/title/tt\1/&lt;/url&gt;&lt;id&gt;tt\1&lt;/id&gt;" dest="3+">
			<expression noclean="1">imdb....?/title/tt([0-9]*)</expression>
		</RegExp>
	</NfoUrl>
	<CreateSearchUrl dest="3" SearchStringEncoding="iso-8859-1">
		<RegExp input="$$1" output="&lt;url&gt;http://akas.imdb.com/find?s=tt;q=\1$$4&lt;/url&gt;" dest="3">
			<RegExp input="$$2" output="%20(\1)" dest="4">
				<expression clear="yes">(.+)</expression>
			</RegExp>
			<expression noclean="1"/>
		</RegExp>
	</CreateSearchUrl>
	<GetSearchResults dest="8">
		<RegExp input="$$5" output="&lt;?xml version=&quot;1.0&quot; encoding=&quot;iso-8859-1&quot; standalone=&quot;yes&quot;?&gt;&lt;results&gt;\1&lt;/results&gt;" dest="8">
			<RegExp input="$$1" output="\1" dest="7">
				<expression clear="yes">/title/([t0-9]*)/(combined|faq|releaseinfo|vote)</expression>
			</RegExp>
			<RegExp input="$$1" output="&lt;entity&gt;&lt;title&gt;\1&lt;/title&gt;&lt;year&gt;\2&lt;/year&gt;&lt;url cache=&quot;$$7-main.html&quot;&gt;http://akas.imdb.com/title/$$7/&lt;/url&gt;&lt;id&gt;$$7&lt;/id&gt;&lt;/entity&gt;" dest="5">
				<expression clear="yes" noclean="1">&lt;meta name=&quot;title&quot; content=&quot;(?:&amp;#x22;)?([^&quot;]*?)(?:&amp;#x22;)? \([^\(]*?([0-9]{4})\)</expression>
			</RegExp>
			<RegExp input="$$1" output="&lt;entity&gt;&lt;title&gt;\2&lt;/title&gt;&lt;year&gt;\1&lt;/year&gt;&lt;url cache=&quot;$$7-main.html&quot;&gt;http://akas.imdb.com/title/$$7/&lt;/url&gt;&lt;id&gt;$$7&lt;/id&gt;&lt;/entity&gt;" dest="5+">
				<expression fixchars="2" noclean="1">&lt;meta name=&quot;title&quot; content=&quot;(?:&amp;#x22;)?[^&quot;]*?(?:&amp;#x22;)? \([^\(]*?([0-9]{4})\).*?Also Known As:&lt;/h4&gt;([^\n]*)</expression>
			</RegExp>
			<RegExp input="$$1" output="\1" dest="4">
				<expression noclean="1">(&gt;&lt;a href=&quot;/title.*)</expression>
			</RegExp>
			<RegExp input="$$4" output="&lt;entity&gt;&lt;title&gt;\2&lt;/title&gt;&lt;year&gt;\3&lt;/year&gt;&lt;url cache=&quot;\1-main.html&quot;&gt;http://akas.imdb.com/title/\1/&lt;/url&gt;&lt;id&gt;\1&lt;/id&gt;&lt;/entity&gt;" dest="5+">
				<expression repeat="yes" noclean="1,2">&gt;&lt;a href=&quot;/title/([t0-9]*)/[^&gt;]*&gt;(?:&amp;#x22;)?([^&lt;]*?)(?:&amp;#x22;)?&lt;/a&gt; *\([^\(]*?([0-9]{4})</expression>
			</RegExp>
			<RegExp input="$$4" output="&lt;entity&gt;&lt;title&gt;\4&lt;/title&gt;&lt;year&gt;\3&lt;/year&gt;&lt;url cache=&quot;\1-main.html&quot;&gt;http://akas.imdb.com/title/\1/&lt;/url&gt;&lt;id&gt;\1&lt;/id&gt;&lt;/entity&gt;" dest="5+">
				<expression repeat="yes" noclean="1,2">&gt;&lt;a href=&quot;/title/([t0-9]*)/[^&gt;]*&gt;(?:&amp;#x22;)?([^&lt;]*?)(?:&amp;#x22;)?&lt;/a&gt; *\([^\(]*?([0-9]{4})\)(?:\s\(V\))?\s*&lt;p class=&quot;find-aka&quot;&gt;aka\s&quot;([^&quot;]*).*?International\s&lt;</expression>
			</RegExp>
			<expression clear="yes" noclean="1"/>
		</RegExp>
	</GetSearchResults>
	<GetDetails dest="3">
		<RegExp input="$$5" output="&lt;details&gt;\1&lt;/details&gt;" dest="3">
			<RegExp input="$$2" output="&lt;id&gt;\1&lt;/id&gt;" dest="5">
				<expression/>
			</RegExp>
			<RegExp input="$$1" output="&lt;originaltitle&gt;\2&lt;/originaltitle&gt;" dest="5+">
				<expression>&lt;meta name=&quot;title&quot; content=&quot;(IMDb - )?(?:&amp;#x22;)?([^&quot;]*?)(?:&amp;#x22;)? \([^\(]*?([0-9]{4})\)</expression>
			</RegExp>
			<RegExp input="$$2" output="&lt;chain function=&quot;GetIMDBAKATitlesById&quot;&gt;\1&lt;/chain&gt;" dest="5+">
				<expression>(tt[t0-9]*)</expression>
			</RegExp>
			<RegExp input="$$1" output="&lt;year&gt;\2&lt;/year&gt;" dest="5+">
				<expression>&lt;meta name=&quot;title&quot; content=&quot;([^&quot;]*?) \([^\(]*?([0-9]{4})\)</expression>
			</RegExp>
			<RegExp input="$$1" output="&lt;top250&gt;\1&lt;/top250&gt;" dest="5+">
				<expression>Top 250 #([0-9]*)&lt;/</expression>
			</RegExp>
			<RegExp input="$$2" output="&lt;chain function=&quot;GetIMDBUSACert&quot;&gt;$$2&lt;/chain&gt;" dest="5+">
				<expression/>
			</RegExp>
			<RegExp input="$$1" output="&lt;tagline&gt;\1&lt;/tagline&gt;" dest="5+">
				<expression>&lt;h4[^&gt;]*?&gt;Taglines:&lt;/h4&gt;\n?([^&lt;]*)</expression>
			</RegExp>
			<RegExp input="$$1" output="&lt;runtime&gt;\1&lt;/runtime&gt;" dest="5+">
				<expression trim="1">&lt;h4[^&gt;]*?&gt;Runtime:&lt;/h4&gt;[^0-9]*([0-9]+)</expression>
			</RegExp>
			<RegExp input="$$2" output="&lt;chain function=&quot;GetIMDBRatingById&quot;&gt;$$2&lt;/chain&gt;" dest="5+">
				<expression/>
			</RegExp>
			<RegExp input="$$2" output="&lt;chain function=&quot;GetIMDBGenresById&quot;&gt;$$2&lt;/chain&gt;" dest="5+">
				<expression/>
			</RegExp>
			<RegExp input="$$1" output="&lt;country&gt;\1&lt;/country&gt;" dest="5+">
				<expression repeat="yes">"/country/[^&gt;]+&gt;([^&lt;]+)&lt;/a&gt;</expression>
			</RegExp>
			<RegExp input="$$1" output="&lt;studio&gt;\1&lt;/studio&gt;" dest="5+">
				<expression>"/company/[^&gt;]+&gt;([^&lt;]+)&lt;/a&gt;</expression>
			</RegExp>
			<RegExp input="$$1" output="&lt;outline&gt;\1&lt;/outline&gt;&lt;plot&gt;\1&lt;/plot&gt;" dest="5+">
				<expression fixchars="1" trim="1">&lt;p&gt;\n?&lt;p itemprop=&quot;description&quot;&gt;([^&lt;]+)&lt;/p&gt;</expression>
			</RegExp>
			<RegExp input="$$2" output="&lt;chain function=&quot;GetIMDBPlotById&quot;&gt;$$2&lt;/chain&gt;" dest="5+">
				<expression/>
			</RegExp>
			<RegExp conditional="!fullcredits" input="$$2" output="&lt;chain function=&quot;GetIMDBScaledCastById&quot;&gt;$$2&lt;/chain&gt;" dest="5+">
				<expression/>
			</RegExp>
			<RegExp conditional="!fullcredits" input="$$2" output="&lt;chain function=&quot;GetIMDBDirectorsById&quot;&gt;$$2&lt;/chain&gt;" dest="5+">
				<expression/>
			</RegExp>
			<RegExp conditional="!fullcredits" input="$$2" output="&lt;chain function=&quot;GetIMDBWritersById&quot;&gt;$$2&lt;/chain&gt;" dest="5+">
				<expression/>
			</RegExp>
			<RegExp conditional="fullcredits" input="$$2" output="&lt;chain function=&quot;GetIMDBScaledFullCastById&quot;&gt;$$2&lt;/chain&gt;" dest="5+">
				<expression/>
			</RegExp>
			<RegExp conditional="fullcredits" input="$$2" output="&lt;chain function=&quot;GetIMDBFullDirectorsById&quot;&gt;$$2&lt;/chain&gt;" dest="5+">
				<expression/>
			</RegExp>
			<RegExp conditional="fullcredits" input="$$2" output="&lt;chain function=&quot;GetIMDBFullWritersById&quot;&gt;$$2&lt;/chain&gt;" dest="5+">
				<expression/>
			</RegExp>
			<RegExp conditional="tmdbset" input="$$2" output="&lt;chain function=&quot;GetTMDBSetByIdChain&quot;&gt;$$2&lt;/chain&gt;" dest="5+">
				<expression />
			</RegExp>
			<RegExp conditional="tmdbthumbs" input="$$2" output="&lt;chain function=&quot;GetTMDBThumbsByIdChain&quot;&gt;$$2&lt;/chain&gt;" dest="5+">
				<expression/>
			</RegExp>
			<RegExp conditional="impawards" input="$$2" output="&lt;chain function=&quot;GetIMPAThumbsById&quot;&gt;$$2&lt;/chain&gt;" dest="5+">
				<expression/>
			</RegExp>
			<RegExp conditional="movieposterdb" input="$$2" output="&lt;chain function=&quot;GetMoviePosterDBThumbs&quot;&gt;$$2&lt;/chain&gt;" dest="5+">
				<expression/>
			</RegExp>
			<RegExp conditional="fanart" input="$$2" output="&lt;chain function=&quot;GetTMDBFanartByIdChain&quot;&gt;$$2&lt;/chain&gt;" dest="5+">
				<expression/>
			</RegExp>
			<RegExp conditional="ytrailer" input="$$1" output="&lt;chain function=&quot;GetYoutubeTrailer&quot;&gt;$$6=$$9&lt;/chain&gt;" dest="5+">
				<RegExp input="$$1" output="\2" dest="6">
					<expression>&lt;meta name=&quot;title&quot; content=&quot;(IMDb - )?(?:&amp;#x22;)?([^&quot;]*?)(?:&amp;#x22;)? \([^\(]*?([0-9]{4})\)</expression>
				</RegExp>
				<RegExp input="$$1" output="\2" dest="9">
					<expression>&lt;meta name=&quot;title&quot; content=&quot;([^&quot;]*?) \([^\(]*?([0-9]{4})\)</expression>
				</RegExp>
				<expression/>
			</RegExp>
			<RegExp conditional="tmdbtrailer" input="$$2" output="&lt;chain function=&quot;GetTMDBTrailerByIdChain&quot;&gt;$$2&lt;/chain&gt;" dest="5+">
				<expression/>
			</RegExp>
			<RegExp input="$INFO[TrailerQ]" output="&lt;chain function=&quot;GetHDTrailersnet480p&quot;&gt;$$6&lt;/chain&gt;" dest="5+">
				<RegExp input="$$1" output="\1" dest="6">
					<expression>&lt;meta name=&quot;title&quot; content=&quot;(?:&amp;#x22;)?([^&quot;]*?)(?:&amp;#x22;)? \([^\(]*?([0-9]{4})\)</expression>
				</RegExp>
				<expression>480p</expression>
			</RegExp>
			<RegExp input="$INFO[TrailerQ]" output="&lt;chain function=&quot;GetHDTrailersnet720p&quot;&gt;$$6&lt;/chain&gt;" dest="5+">
				<RegExp input="$$1" output="\1" dest="6">
					<expression>&lt;meta name=&quot;title&quot; content=&quot;(?:&amp;#x22;)?([^&quot;]*?)(?:&amp;#x22;)? \([^\(]*?([0-9]{4})\)</expression>
				</RegExp>
				<expression>720p</expression>
			</RegExp>
			<RegExp input="$INFO[TrailerQ]" output="&lt;chain function=&quot;GetHDTrailersnet1080p&quot;&gt;$$6&lt;/chain&gt;" dest="5+">
				<RegExp input="$$1" output="\1" dest="6">
					<expression>&lt;meta name=&quot;title&quot; content=&quot;(?:&amp;#x22;)?([^&quot;]*?)(?:&amp;#x22;)? \([^\(]*?([0-9]{4})\)</expression>
				</RegExp>
				<expression>1080p</expression>
			</RegExp>
			<RegExp input="$$2" output="&lt;chain function=&quot;GetIMDBThumbsById&quot;&gt;$$2&lt;/chain&gt;" dest="5+">
				<expression/>
			</RegExp>
			<expression noclean="1"/>
		</RegExp>
	</GetDetails>
</scraper>
