<?xml version="1.0" encoding="UTF-8" standalone="yes"?>
<addon id="plugin.video.cinemassacre" name="cinemassacre" version="0.1.3" provider-name="dethfeet, Kr0nZ">
  <requires>
    <import addon="xbmc.python" version="2.0"/>
    <import addon="xbmc.gui" version="2.11"/>
    <import addon="plugin.video.youtube" version="2.9.1"/>
    <import addon="plugin.video.bliptv" version="0.4.0"/>
  </requires>
  <extension point="xbmc.python.pluginsource" library="default.py">
    <provides>video</provides>
  </extension>
  <extension point="xbmc.addon.metadata">
    <summary lang="en">cinemassacre.com</summary>
    <description lang="en">Home of the Angry Video Game Nerd, Monster Madness, movie reviews, top 10's, and commentary, retro and classic videos</description>
    <platform>all</platform>
    <language>en</language>
  </extension>
</addon>

