<?xml version="1.0" encoding="UTF-8" standalone="yes"?>
<addon id="metadata.common.imdb.com"
       name="IMDB common scraper functions"
       version="2.6.1"
       provider-name="Team XBMC">
  <requires>
    <import addon="xbmc.metadata" version="1.0"/>
  </requires>
  <extension point="xbmc.metadata.scraper.library"
             library="imdb.xml"/>
  <extension point="xbmc.addon.metadata">
    <platform>all</platform>
    <minversion>20000</minversion>
    <summary lang="bg">Библиотека за сваляне на инф. от IMDB</summary>
    <summary lang="en">IMDB Scraper Library</summary>
    <summary lang="fi">IMDB elokuvatietojen lataaja</summary>
    <summary lang="hu">IMDB leolvasó-könyvtár</summary>
    <summary lang="kr">IMDB 스크래퍼 라이브러리</summary>
    <summary lang="nl">IMDB Scraper Bibliotheek</summary>
    <summary lang="pl">Scraper IMDb</summary>
    <summary lang="pt">Scraper de filmes IMDb</summary>
    <summary lang="se">Skrapa för IMDB</summary>
    <description lang="bg">Сваля информация за филми от www.imdb.com</description>
    <description lang="en">Download Movie information from www.imdb.com</description>
    <description lang="fi">Lataa elokuvatietoja osoitteesta www.imdb.com</description>
    <description lang="hu">Film információk letöltése a www.imdb.com webhelyről</description>
    <description lang="kr">www.imdb.com 에서 영화 정보 다운로드</description>
    <description lang="nl">Download film informatie van www.imdb.com</description>
    <description lang="pl">Pobieraj informacje o filmach z www.imdb.com</description>
    <description lang="pt">Descarregar informação de filmes de www.imdb.com</description>
    <description lang="se">Ladda ner filminformation från www.imdb.com</description>
  </extension>
</addon>
