<?xml version="1.0" encoding="UTF-8" standalone="yes"?>
<addon
	id="plugin.video.escapistmagazine"
	name="The Escapist"
	version="0.1.6"
	provider-name="Mike Cronce"
>
	<requires>
		<import addon="xbmc.python" version="1.0" />
		<import addon="script.module.beautifulsoup" version="3.0.8" />
	</requires>
	<extension point="xbmc.python.pluginsource" library="default.py">
		<provides>video</provides>
	</extension>
	<extension point="xbmc.addon.metadata">
		<platform>all</platform>
		<summary>The Escapist video plugin</summary>
		<description>Plugin that lets you browse and play videos from The Escapist website</description>
		<disclaimer>Some parts of this addon may not be legal in your country of residence - please check with your local laws before installing.</disclaimer>
		<broken>The Escapist may have altered their browser detection - if this is the case, trying to use the plugin will result in being blocked from watching videos on The Escapist website.  Please be patient while we work on a fix.</broken>
	</extension>
</addon>
