<?xml version="1.0" encoding="UTF-8" standalone="yes"?>
<addon id="plugin.program.mceremote"
       name="MCERemote"
       version="2.0.1"
       provider-name="John Rennie">
  <requires>
    <import addon="xbmc.python" version="2.0"/>
    <import addon="xbmc.gui" version="2.11"/>
  </requires>
  <extension point="xbmc.python.pluginsource" library="default.py">
    <provides>executable</provides>
  </extension>
  <extension point="xbmc.addon.metadata">
    <platform>windx</platform>
    <summary>MCE Remote configuration</summary>
    <description>This addon allows you to configure a Microsoft MCE remote, or any compatible remote using the eHome driver. The addon appears under the Programs heading on the Home page as "MCERemote".</description>
  </extension>
</addon>
