<?xml version="1.0" encoding="UTF-8"?>
<addon
	id="skin.xeebo"
	version="4.0.5"
	name="XeeBo"
	provider-name="Hitcher">
	<requires>
		<import addon="xbmc.gui" version="3.00"/>
		<import addon="script.playalbum" version="0.0.6"/>
		<import addon="script.watchlist" version="0.0.4"/>
		<import addon="script.favourites" version="3.1.0"/>
		<import addon="script.randomitems" version="3.0.2"/>
		<import addon="script.globalsearch" version="0.1.5"/>
		<import addon="script.artwork.downloader" version="1.0.3"/>
		<import addon="script.tv.show.next.aired" version="3.0.2"/>
	</requires>
	<extension
		point="xbmc.gui.skin"
		defaultthemename="Textures.xbt"
		effectslowdown="1.00"
		debugging="false">
		<res width="1280" height="720" aspect="16:9" default="true" folder="720p" />
	</extension>
	<extension point="xbmc.addon.metadata">
		<platform>all</platform>
		<minversion app="xbmc">28000</minversion>
		<summary>Boxee style skin</summary>
		<description>Designed for ease of use with remote, mouse or touchscreen.[CR][CR]Supports -[CR][CR]Cinema Experience / Extra Artwork / Global Search / PVR / TV Next Aired / TV Tunes / Watchlist / Weather Plus</description>
		<disclaimer>Originally coded by Wir3d/Jezz_X</disclaimer>
	</extension>
</addon>
