﻿<?xml version="1.0" encoding="UTF-8"?>
<addon
  id="webinterface.awxi"
  version="0.5.4"
  name="AWXi"
  provider-name="MKay, Mizaki et al">
  <requires>
    <import addon="xbmc.gui" version="3.00"/>
	<import addon="xbmc.json" version="4.00"/>
  </requires>
  <extension
    point="xbmc.gui.webinterface"/>
  <extension point="xbmc.addon.metadata">
	<language>en de fr ru pl cn</language>
    <summary lang="en">AWXi - Ajax based Webinterface for XBMC</summary>
    <summary lang="de">AWXi - Ajax basiertes Webinterface fuer XBMC</summary>
    <summary lang="pl">AWXi - oparty na Ajaxie Interfejs WWW dla XBMC</summary>
    <summary lang="zh">AWXi - 基于Ajax的XBMC Web界面</summary>
    <description lang="en">You can use this webinterface to control the Audio/Video Section of XBMC: play/pause/stop/skip, show artists/albums/movies/tv shows and play them or add them to the playlist. It's designed for use on PCs or laptops with a browser like FireFox which supports JavaScript.

Minimum requirements: XBMC Eden 
Tested Browsers:
   - FireFox
   - Chromium
   - Internet Explorer 9
Not supported: Internet Explorer 6

Hint: You may need to clear your browser-cache before you open the new installed/updated webinterface in your browser.</description>
    <description lang="de">Mit diesem Webinterface laesst sich die Audio- und Video-Sektion von XBMC steuern: play/pause/stop/skip, sowie Anzeigen/Abspielen von Interpreten/Alben/Filmen/Serien. Es wurde fuer den Einsatz an einem PC oder Laptop mit einem JavaScript-faehigen Browser wie FireFox entwickelt.

Mindestvoraussetzung: XBMC Eden
Getestete Browser:
   - FireFox
   - Chromium
   - Internet Explorer 9
Nicht unterstuetzt: Internet Explorer 6

Hinweis: Sie muessen Ihren Browser-Cache leeren bevor Sie das neu installierte/aktualisierte Webinterface in Ihrem Browser laden.</description>
    <description lang="pl">Ten Interfejs WWW pozwala kontrolować wybór, dodawanie do kolejki i proces odtwarzania zasobów audio / wideo, a wszystko to przy pomocy wygodnego interfejsu prezentującego zasoby multimedialne przy użyciu miniatur filmów, seriali tv, wykonawców i albumów muzycznych. AWXi został zaprojektowany do użytkowania na komputerach osobistych lub notebookach w przeglądarce obsługującej JavaScript, takiej jak FireFox.

Minimalne wymagania: XBMC Eden 
Przetestowane przeglądarki internetowe:
   - FireFox
   - Chrome
   - Internet Explorer 9
Nie obsługiwane: Internet Explorer 6

Wskazówka: Po instalacji / aktualizacji, przed uruchomieniem AWX może być konieczne wyczyszczenie cache przeglądarki.</description>
    <description lang="zh">你可以使用此Web界面控制XBMC音/视频：播放/暂停/停止/跳过，显示艺术家/专辑/电影/剧集并播放或加入播放列表。用于台式机或便携机上支持JavaScript的浏览器，如FireFox。[CR][CR]最低要求：XBMC (pre) Eden[CR]测试浏览器：[CR]   - FireFox[CR]   - Chromium[CR]   - Internet Explorer 9[CR]不支持：Internet Explorer 6[CR][CR]提示：当你在浏览器打开新安装或升级的Web界面前，可能需要先清除浏览器缓存。</description>
    <platform>all</platform>
  </extension>
</addon>
