﻿<?xml version="1.0" encoding="UTF-8" standalone="yes"?>
<addon
  id="plugin.image.mypicsdb" version="1.0.0" name="My Pictures Database" provider-name="Alexsolex, Xycl, MikeBZH44">
  <requires>
    <import addon="xbmc.python" version="2.0"/>
    <import addon="script.module.dialogaddonscan" version="1.1.0"/>
    <import addon="script.module.simplejson"    version="2.0.10" optional="true"/>
    <import addon="script.common.plugin.cache"  version="0.9.1"/>
  </requires>
    <extension point="xbmc.python.pluginsource" library="default.py">
        <provides>image</provides>
    </extension>
  <extension point="xbmc.addon.metadata">
    <platform>all</platform>
    <summary lang="en">Advanced Pictures manager</summary>
    <summary lang="fr">Gestion avancée de votre photothèque</summary>
    <summary lang="de">Datenbank gestützter Bildermanager</summary>
    <description lang="en">Manage your pictures as you do for musics and videos[CR]Then you'll be able to sort your pictures by day/month/year, keywords and much more</description>
    <description lang="fr">Gérez vos photos sous forme d'une base de donnée de la même manière que les médiathèques musique ou vidéos[CR]A vous le tri de vos photos par dates, par mots clés, et bien plus encore !!</description>
    <description lang="de">Verwalte deine Bilder, genau wie deine Musik oder Videos in einer Datenbank[CR]Dadurch lassen sich Bilder nach Tag/Monat/Jahr, Schlüsselwörtern und mehr sortieren</description>
    <description lang="nl">Beheer uw afbeeldingen zoals u doet voor muziek en videos.[CR]U bent zelf in staan om afbeeldingen te soteren op jaar/maand/dag of op trefwoorden.</description>
  </extension>
</addon>
