<?xml version="1.0" encoding="UTF-8" standalone="yes"?>
<addon id="plugin.video.topdoc"
       name="TopDocumentaryFilms"
       version="1.4.4"
       provider-name="nixa">
  <requires>
    <import addon="xbmc.python" version="1.0"/>
  </requires>
  <extension point="xbmc.python.pluginsource"
            library="default.py">
        <provides>video</provides>
  </extension>
  <extension point="xbmc.addon.metadata">
    <summary lang="en">Watch documentaries from topdocumentaryfilms.com</summary>
    <description lang="en">Place where you want to watch documentary shows covering various topics.</description>
     <platform>all</platform>
  </extension>
</addon>
