<?xml version="1.0" encoding="UTF-8" standalone="yes"?>
<addon id="metadata.filmaffinity.com"
       name="FilmAffinity"
       version="1.5.0"
       provider-name="hectorZiN + MaDDoGo + agjacome + Lechu">
<requires>
    <import addon="xbmc.metadata" version="1.0"/>
    <import addon="metadata.common.themoviedb.org" version="1.0"/>
    <import addon="metadata.common.movieposterdb.com" version="1.0"/>
    <import addon="metadata.common.impa.com" version="1.0"/>
    <import addon="metadata.common.imdb.com" version="1.0"/>
    <import addon="metadata.common.hdtrailers.net" version="1.0"/>
    <import addon="plugin.video.youtube" version="1.0"/>
</requires>
<extension point="xbmc.metadata.scraper.movies"
             language="es"
             library="filmaffinity.xml"/>
<extension point="xbmc.addon.metadata">
	<summary lang="en">FilmAffinity Movie Scraper</summary>
    <summary lang="hu">FilmAffinity filmadat leolvasó</summary>
    <summary lang="kr">FilmAffinity 영화 스크래퍼</summary>
    <summary lang="pl">Scraper filmów FilmAffinity</summary>
    <summary lang="pt">Scraper de filmes FilmAffinity</summary>
    <summary lang="es">Scraper de Películas de Filmaffinity</summary>
    <description lang="en">Download Movie information from www.filmaffinity.com</description>
    <description lang="hu">Film információk letöltése a www.filmaffinity.com-ról</description>
    <description lang="kr">www.filmaffinity.com 에서 영화 정보 다운로드</description>
    <description lang="pl">Pobieraj informacje o filmach z www.filmaffinity.com</description>
    <description lang="pt">Descarregar informação de filmes de www.filmaffinity.com</description>
    <description lang="es">Scraper que usa la versión española de Filmaffinity para descargar información de películas en español, ayudándose de varias páginas para ampliar la información. 
        Gracias a XBMCSPAIN por el soporte y ayudas, sin vosotros esto sería más complicado aún.</description>
	<disclaimer lang="es">Se recomienda configurar antes de usar.</disclaimer>
    <platform>all</platform>
</extension>
</addon>
