<?xml version="1.0" encoding="UTF-8" standalone="yes"?>
<addon id="plugin.video.espn.go"
       name="ESPN Go"
       version="0.0.3"
       provider-name="divingmule">
  <requires>
    <import addon="xbmc.python" version="2.0"/>
    <import addon="script.module.beautifulsoup" version="3.0.8"/>
  </requires>
  <extension point="xbmc.python.pluginsource"
            library="default.py">
        <provides>video</provides>
  </extension>
  <extension point="xbmc.addon.metadata">
    <summary>espn.go.com/video</summary>
    <description>With this add-on you can watch videos from ESPN.go.com/video</description>
    <platform>all</platform>
  </extension>
</addon>