<?xml version="1.0" encoding="UTF-8" standalone="yes"?>
<addon
	id="script.extrafanartdownloader"
	name="Extrafanart Downloader"
	version="0.2.1"
	provider-name="paddycarey, putneyj, Machine-Sanctum">
  <requires>
    <import addon="xbmc.python" version="1.0"/>
    <import addon="script.module.elementtree"/>
  </requires>
  <extension point="xbmc.python.script" library="default.py">
    <provides>executable</provides>
  </extension>
  <extension point="xbmc.addon.metadata">
    <summary lang="en">Downloads Artwork for TV shows and Movies in your library</summary>
    <description lang="en">
	Downloads Extrafanart, Extrathumbs for TV shows and Movies in your library.[CR]
    For this to work your skins needs to support these features.[CR]
	Remark:[CR]Each TV Show / Movie must have its own folder where an 'extrafanart' or 'extrathumbs' subfolder will be created.[CR]
	Artwork sources:[CR]TV Shows (thetvdb.com)[CR]Movies (themoviedb.org)[CR]
	Skin integration:[CR]See readme file
	</description>
    <platform>all</platform>
  </extension>
</addon>
