<?xml version="1.0" encoding="UTF-8" standalone="yes"?>
<addon id="plugin.video.radbox"
       name="Radbox"
       version="0.1.1"
       provider-name="Radbox Inc.">
  <requires>
    <import addon="xbmc.python" version="1.0"/>
    <import addon="script.module.beautifulsoup" version="3.0.8"/>
  </requires>
  <extension point="xbmc.python.pluginsource"
            library="default.py">
        <provides>video</provides>
  </extension>
  <extension point="xbmc.addon.metadata">
    <platform>all</platform>
    <summary>Radbox</summary>
    <description>Send web videos from your mobile or desktop to your TV using Radbox (http://radbox.me). Use Radbox to watch web videos later, or subscribe to your Twitter and Facebook video streams. This plugin plays your Radbox queue on XBMC.</description>
    <disclaimer>This addon requires CollegeHumor, Youtube and Vimeo plugin to work as intended.</disclaimer>
  </extension>
</addon>
