<?xml version="1.0" encoding="UTF-8" standalone="yes"?>
<addon id="plugin.video.jtv.archives"
       name="Jtv"
       version="0.3.6"
       provider-name="divingmule">
  <requires>
    <import addon="xbmc.python" version="2.0"/>
    <import addon="script.common.plugin.cache" version="1.0.0"/>
    <import addon="script.module.simplejson"/>
  </requires>
  <extension point="xbmc.python.pluginsource"
            library="default.py">
        <provides>video</provides>
  </extension>
  <extension point="xbmc.addon.metadata">
    <summary>Justin.tv</summary>
    <description>Watch live and archived videos from justin.tv</description>
    <platform>all</platform>
  </extension>
</addon>