<?xml version="1.0" encoding="UTF-8" standalone="yes"?>
<addon id="service.skin.widgets" name="Skin Widgets" version="0.0.19" provider-name="Martijn">
    <requires>
        <import addon="xbmc.addon" version="12.0.0"/>
        <import addon="xbmc.json" version="6.0.0"/>
        <import addon="xbmc.python" version="2.1.0"/>
        <import addon="script.module.simplejson" version="2.0.10"/>
    </requires>
    <extension point="xbmc.service" library="default.py" start="login"/>
    <extension point="xbmc.addon.metadata">
        <summary lang="be">Skin widgets</summary>
        <summary lang="da">Widgets til Skins</summary>
        <summary lang="de">Skin Widgets</summary>
        <summary lang="el">Widgets κελύφους</summary>
        <summary lang="en">Skin widgets</summary>
        <summary lang="es">Skin widgets</summary>
        <summary lang="fr">Skin widgets</summary>
        <summary lang="ko">스킨 위젯</summary>
        <summary lang="pl">Dodatki Skóry</summary>
        <summary lang="pt">Widgets para Skin</summary>
        <summary lang="pt_BR">Skin widgets</summary>
        <summary lang="sv">Skal widgetar</summary>
        <summary lang="zh">皮肤微件</summary>
        <description lang="be">Skin widgets</description>
        <description lang="da">Widgets til Skins</description>
        <description lang="de">Skin Widgets</description>
        <description lang="el">Widgets κελύφους</description>
        <description lang="en">Skin widgets</description>
        <description lang="es">Skin widgets</description>
        <description lang="fr">Skin widgets</description>
        <description lang="ko">스킨 위젯</description>
        <description lang="pl">Dodatki Skóry</description>
        <description lang="pt">Widgets para Skin</description>
        <description lang="pt_BR">Skin widgets</description>
        <description lang="sv">Skal widgetar</description>
        <description lang="zh">皮肤微件</description>
        <platform>all</platform>
    </extension>
</addon>
