<?xml version="1.0" encoding="UTF-8"?>
<addon id="plugin.video.chefkoch_de" name="Chefkoch.de" version="1.0.1" provider-name="AddonScriptorDE">
    <requires>
        <import addon="xbmc.python" version="2.0"/>
    </requires>
    <extension point="xbmc.python.pluginsource" library="default.py">
        <provides>video</provides>
    </extension>
    <extension point="xbmc.addon.metadata">
        <platform>all</platform>
        <summary lang="en">Cooking videos</summary>
        <summary lang="de">Video Kochrezepte</summary>
        <language>de</language>
        <description lang="en">Cooking videos</description>
        <description lang="de">Video Kochrezepte</description>
    <platform>all</platform>
    </extension>
</addon>
