<?xml version="1.0" encoding="UTF-8" standalone="yes"?>
<addon
    id="plugin.video.mmafighting"
    name="MMAFighting.com"
    version="0.0.2"
    provider-name="paddycarey"
    >
  <requires>
    <import addon="xbmc.python" version="2.0"/>
    <import addon="script.module.beautifulsoup"/>
    <import addon="script.common.plugin.cache" version="0.9.1"/>
  </requires>
  <extension point="xbmc.python.pluginsource" library="default.py">
    <provides>video</provides>
  </extension>
  <extension point="xbmc.addon.metadata">
    <summary lang="en">Browse and stream videos from MMAFighting.com</summary>
    <description lang="en">
        Browse and stream videos from MMAFighting.com
    </description>
    <disclaimer lang="en">All content is copyright MMAFighting.com.</disclaimer>
    <platform>all</platform>
  </extension>
</addon>
