<?xml version="1.0" encoding="UTF-8" standalone="yes"?>
<addon id="plugin.video.hdtrailers_net" name="HD-Trailers.net" version="0.1.1" provider-name="Tristan Fischer (sphere@dersphere.de)">
  <requires>
    <import addon="xbmc.python" version="2.0"/>
    <import addon="script.module.xbmcswift2" version="1.3.0"/>
    <import addon="script.module.beautifulsoup" version="3.0.8"/>
  </requires>
  <extension point="xbmc.python.pluginsource" library="addon.py">
    <provides>video</provides>
  </extension>
  <extension point="xbmc.addon.metadata">
    <language></language>
    <platform>all</platform>
    <summary lang="ar">المقاطع من مصادر مختلفة بنظام HD</summary>
    <summary lang="da">Trailer og klip fra adskillige kilder i HD</summary>
    <summary lang="de">Trailer und Clips aus verschiedenen Quellen in HD</summary>
    <summary lang="el">Διαφημιστικά και Αποσπάσματα από διάφορες πηγές σε υψηλή ποιότητα (HD)</summary>
    <summary lang="en">Trailer and Clips from several sources in HD</summary>
    <summary lang="hu">Ajánlók és videóklipek számos forrásból HD minőségben</summary>
    <summary lang="it">Trailer e Filmati da svariate fonti in HD</summary>
    <summary lang="ko">다양한 출처의 HD 예고편과 비디오 클립</summary>
    <summary lang="nl">Trailers en Clips van verschillende bronnen in HD</summary>
    <summary lang="no">Trailere og klipp fra flere kilder i HD</summary>
    <summary lang="pl">Zwiastuny i klipy z kilku źródeł w HD</summary>
    <summary lang="pt">Trailers e clipes de várias fontes em HD</summary>
    <summary lang="pt_BR">Trailers e Clipes de várias fontes em HD</summary>
    <summary lang="sk">Ukážky a klipy z rôznych zdrojov v HD kvalite</summary>
    <summary lang="sv">Trailers och klipp från flera olika källor i HD</summary>
    <description lang="ar">هذا البرنامج المساعد يوفر الوصول لمقاطع الفيلم من المصادر التالية:[CR]- apple.com[CR]- yahoo.com[CR]- youtube.com[CR]- moviefone.com[CR]- ign.com[CR]- hd-trailers.net[CR]- aol.com[CR] و غالبيتها متوفربـ480, 720 و 1080</description>
    <description lang="da">Denne Add-on giver adgang til filmtrailere og klip fra de følgende kilder:[CR]- apple.com[CR]- yahoo.com[CR]- youtube.com[CR]- moviefone.com[CR]- ign.com[CR]- hd-trailers.net[CR]- aol.com[CR]De fleste af dem er tilgængelige i 480p, 720p og 1080p</description>
    <description lang="de">Dieses Plugin bietet Zugriff auf verschiedene Film Trailer und Clips der folgenden Quellen:[CR]- apple.com[CR]- yahoo.com[CR]- youtube.com[CR]- moviefone.com[CR]- ign.com[CR]- hd-trailers.net[CR]- aol.com[CR]Die meisten sind verfügbar in 480p, 720p und 1080p</description>
    <description lang="el">Αυτό το Plugin σας παρέχει πρόσβαση σε Διαφημιστικά και Αποσπάσματα Ταινιών από τις ακόλουθες πηγές:[CR]- apple.com[CR]- yahoo.com[CR]- youtube.com[CR]- moviefone.com[CR]- ign.com[CR]- hd-trailers.net[CR]- aol.com[CR]Τα περισσότερα από αυτά είναι διαθέσιμα σε ανάλυση 480p, 720p και 1080p</description>
    <description lang="en">This Plugin provides access to Movie Trailers and Clips from the following sources:[CR]- apple.com[CR]- yahoo.com[CR]- youtube.com[CR]- moviefone.com[CR]- ign.com[CR]- hd-trailers.net[CR]- aol.com[CR]Most of them are available in 480p, 720p and 1080p</description>
    <description lang="hu">Ez a modul hozzáférést biztosít filmajánlókhoz és videóklipekhez a következő weboldalakról:[CR]- apple.com[CR]- yahoo.com[CR]- youtube.com[CR]- moviefone.com[CR]- ign.com[CR]- hd-trailers.net[CR]- aol.com[CR]Legtöbbjük elérhető 480p, 720p és 1080p felbontásban is</description>
    <description lang="it">This Plugin fornisce accesso a Trailer di Film e Filmati dalle seguenti fonti::[CR]- apple.com[CR]- yahoo.com[CR]- youtube.com[CR]- moviefone.com[CR]- ign.com[CR]- hd-trailers.net[CR]- aol.com[CR]la maggior parte di questi sono disponibili a 480p, 720p e 1080p</description>
    <description lang="ko">이 플러그인은 다음 소스의 영화 예고편과 비디오 클립을 제공합니다:[CR]- apple.com[CR]- yahoo.com[CR]- youtube.com[CR]- moviefone.com[CR]- ign.com[CR]- hd-trailers.net[CR]- aol.com[CR]대부분의 영상은 480p, 720p, 1080p 포맷을 지원합니다.</description>
    <description lang="no">Dette tillegget gir tilgang til Film trailere og klipp fra følgende kilder:[CR]- apple.com[CR]- yahoo.com[CR]- youtube.com[CR]- moviefone.com[CR]- ign.com[CR]- hd-trailers.net[CR]- aol.com[CR]De fleste er tilgjengelig i 480p, 720p and 1080p</description>
    <description lang="pl">Ten Plugin daje dostęp do zwiastunów filmowych i klipów z następujących źródeł:[CR]- apple.com[CR]- yahoo.com[CR]- youtube.com[CR]- moviefone.com[CR]- ign.com[CR]- hd-trailers.net[CR]- aol.com[CR]Większość z nich jest dostępna w 480p, 720p i 1080p</description>
    <description lang="pt">Este plugin permite-lhe ver trailers e clipes de filmes a partir das seguintes fontes:[CR]- apple.com[CR]- yahoo.com[CR]- youtube.com[CR]- moviefone.com[CR]- ign.com[CR]- hd-trailers.net[CR]- aol.com[CR]A maior parte deles está disponível em 480p, 720p and 1080p</description>
    <description lang="pt_BR">Este plugin fornece acesso a trailers de filmes e clipes das seguintes fontes:[CR]- apple.com[CR]- yahoo.com[CR]- youtube.com[CR]- moviefone.com[CR]- ign.com[CR]- hd-trailers.net[CR]- aol.com[CR]A maioria deles está disponível em 480p, 720p e 1080p</description>
    <description lang="sk">Tento doplnok poskytuje prístup k ukážkam filmov a ku klipom z týchto zdrojov:&#10; - apple.com&#10; - yahoo.com&#10; - youtube.com&#10; - moviefone.com&#10; - ign.com&#10; - hd-trailers.net&#10; - aol.com&#10;Väčšina z nich je dostupná v rozlíšení 480p, 720p a 1080p.</description>
    <description lang="sv">Detta plugin tillhandahåller trailers hämtade från följande källor:[CR]- apple.com[CR]- yahoo.com[CR]- youtube.com[CR]- moviefone.com[CR]- ign.com[CR]- hd-trailers.net[CR]- aol.com[CR]De flesta är tillgängliga i 480p, 720p and 1080p</description>
  </extension>
</addon>
