﻿<includes>
	<default type="label">
		<font>METF_ContextValue</font>
		<textcolor>TextNF</textcolor>
		<focusedcolor>TextFO</focusedcolor>
		<selectedcolor>TextFO</selectedcolor>
		<pulseonselect>false</pulseonselect>
		<scrollsuffix>    -    </scrollsuffix>
	</default>
	<default type="button">
		<align>center</align>
		<aligny>center</aligny>
		<font>METF_ContextValue</font>
		<textcolor>TextNF</textcolor>
		<focusedcolor>TextFO</focusedcolor>
		<selectedcolor>TextFO</selectedcolor>
		<pulseonselect>false</pulseonselect>
	</default>
	<default type="togglebutton">
		<pulseonselect>false</pulseonselect>
	</default>
	
	<default type="radiobutton">
		<posx>0</posx>
		<posy>0</posy>
		<width>300</width>
		<height>40</height>
		<align>center</align>
		<aligny>center</aligny>
		<font>METF_ContextValue</font>
		<label>-</label>
		<textcolor>TextNF</textcolor>
		<focusedcolor>DialogTextFO</focusedcolor>
		<disabledcolor>TextDisabled</disabledcolor>
		<radiowidth>30</radiowidth>
		<radioheight>30</radioheight>
		<texturenofocus border="2">keyboard/ButtonNF.png</texturenofocus>
		<texturefocus border="5">keyboard/ButtonFO.png</texturefocus>
		<textureradiofocus>keyboard/RadioButtonFO.png</textureradiofocus>
		<textureradionofocus>keyboard/RadioButtonNF.png</textureradionofocus>
		<textoffsetx>20</textoffsetx>
		<pulseonselect>false</pulseonselect>
	</default>
	
	<default type="spincontrolex">
		<pulseonselect>false</pulseonselect>
	</default>
	<default type="spincontrol">
		<pulseonselect>false</pulseonselect>
	</default>
	
	<default type="progress">
		<texturebg border="6">osd/ProgressBack.png</texturebg>
		<lefttexture>-</lefttexture>
		<midtexture border="6">osd/ProgressMid.png</midtexture>
		<righttexture>-</righttexture>
		<overlaytexture>-</overlaytexture>
	</default>
	
</includes>
