﻿<window id="101">
	<defaultcontrol always="true">10</defaultcontrol>
	<animation type="WindowOpen" reversible="false">
		<effect type="slide" start="0,-100" end="0,0" time="300" />
		<effect type="fade" start="0" end="100" time="300" />
	</animation>
	<animation type="WindowClose" reversible="false">
		<effect type="slide" start="0,0" end="0,-100" time="300" />
		<effect type="fade" start="100" end="0" time="300" />
	</animation>
	<coordinates>
		<posx>-30</posx>
		<posy>-15</posy>
	</coordinates>
	<controls>
		<animation effect="slide" end="0,-300" time="300" reversible="false" condition="Window.IsActive(musicscan)">Conditional</animation>
		<animation effect="slide" end="0,-300" time="300" reversible="false" condition="Window.IsActive(videoscan)">Conditional</animation>
		<!-- Background Panel -->
		<control type="image">
			<description>background image</description>
			<posx>0</posx>
			<posy>-10</posy>
			<width>1100</width>
			<height>67</height>
			<texture>dialogs/DialogBG_DropdownWide2.png</texture>
			<colordiffuse>DialogDropdownColor</colordiffuse>
		</control>
		
		<control type="label" id="2">
			<posx>310</posx>
			<posy>35</posy>
			<width>627</width>
			<height>51</height>
			<align>right</align>
			<font>METF_DialogSmall</font>
			<textcolor>clear</textcolor>
			<label>-</label>
			<scroll>true</scroll>
			<visible>false</visible>
		</control>
		
		<control type="progress" id="20">
			<description>Progress Bar</description>
			<posx>50</posx>
			<posy>24</posy>
			<width>175</width>
			<height>17</height>
			<texturebg>osd/osd_progress_back3.png</texturebg>
			<lefttexture>osd/osd_progress_left3.png</lefttexture>
			<midtexture>osd/osd_progress_mid3.png</midtexture>
			<righttexture>osd/osd_progress_right3.png</righttexture>
			<colordiffuse>DialogProgressBar</colordiffuse>
			<info>System.Progressbar</info>
		</control>
	
		<control type="grouplist">
			<posx>235</posx>
			<posy>16</posy>
			<width>835</width>
			<height>30</height>
			<align>left</align>
			<itemgap>10</itemgap>
			<orientation>horizontal</orientation>
			<control type="label" id="1">
				<description>Heading Label</description>
				<width min="25" max="835">auto</width>
				<height>30</height>
				<aligny>center</aligny>
				<font>METF_DialogSmallBold</font>
				<textcolor>DialogTextFO</textcolor>
			</control>
			<control type="label">
				<width min="25" max="835">auto</width>
				<height>30</height>
				<aligny>center</aligny>
				<label>-</label>
				<font>METF_DialogSmallBold</font>
				<textcolor>TextNF</textcolor>
				<label>$INFO[Control.GetLabel(2)]</label>
			</control>
		</control>
		<control type="button" id="10">
			<description>Cancel</description>
			<posx>-190</posx>
			<posy>-390</posy>
			<label>$LOCALIZE[222]</label>
			<texturefocus border="1">-</texturefocus>
			<texturenofocus border="1">-</texturenofocus>
			<onleft>10</onleft>
			<onright>10</onright>
			<onup>10</onup>
			<ondown>10</ondown>
		</control>
		<include condition="Skin.HasSetting(DebugMode)">Debug</include>
	</controls>
</window>
