<window id="146">
	<defaultcontrol always="true">9000</defaultcontrol>
	<include>Animation_OpenCloseFade</include>
	<coordinates>
		<system>1</system>
		<posx>0</posx>
		<posy>0</posy>
		<origin x="0" y="80" />
	</coordinates>
	<controls>
		<control type="group">
			<animation type="Conditional" condition="Window.IsActive(addonsettings) | Window.IsActive(yesnodialog)">
				<effect type="zoom" time="600" center="640,360" start="100" end="50" tween="cubic" easing="inout" />
				<effect type="fade" time="400" start="100" end="0" />
			</animation>
			<control type="group">
				<control type="label">
					<posx>460</posx>
					<posy>0</posy>
					<width>790</width>
					<height>38</height>
					<font>METF_TitleTextLarge</font>
					<textcolor>SettingsTitle</textcolor>
					<align>left</align>
					<aligny>center</aligny>
					<label>$INFO[ListItem.Property(Addon.Name)]</label>
				</control>
				<control type="label">
					<posx>460</posx>
					<posy>76</posy>
					<width>790</width>
					<height>38</height>
					<font>METF_ContextValue</font>
					<textcolor>SettingsDetail</textcolor>
					<align>left</align>
					<aligny>center</aligny>
					<label>[UPPERCASE]$LOCALIZE[146][/UPPERCASE] $INFO[ListItem.Property(Addon.Type)]</label>
				</control>
				<control type="label">
					<posx>460</posx>
					<posy>114</posy>
					<width>790</width>
					<height>38</height>
					<font>METF_ContextValue</font>
					<textcolor>SettingsDetail</textcolor>
					<align>left</align>
					<aligny>center</aligny>
					<label>[UPPERCASE]$LOCALIZE[21863]:[/UPPERCASE] $INFO[ListItem.Property(Addon.Creator)]</label>
				</control>
				<control type="label">
					<posx>460</posx>
					<posy>152</posy>
					<width>790</width>
					<height>38</height>
					<font>METF_ContextValue</font>
					<textcolor>SettingsDetail</textcolor>
					<align>left</align>
					<aligny>center</aligny>
					<label>[UPPERCASE]$LOCALIZE[24051][/UPPERCASE] $INFO[ListItem.Property(Addon.Version)]</label>
				</control>
				<control type="label">
					<posx>460</posx>
					<posy>190</posy>
					<width>790</width>
					<height>38</height>
					<font>METF_ContextValue</font>
					<textcolor>SettingsDetail</textcolor>
					<align>left</align>
					<aligny>center</aligny>
					<label>[UPPERCASE]$LOCALIZE[563]:[/UPPERCASE]</label>
				</control>
				<control type="grouplist">
					<posx>460</posx>
					<posy>198</posy>
					<width>790</width>
					<height>38</height>
					<itemgap>12</itemgap>
					<align>left</align>
					<orientation>horizontal</orientation>
					<control type="label">
						<width min="10" max="790">auto</width>
						<height>38</height>
						<font>METF_ContextValue</font>
						<textcolor>clear</textcolor>
						<align>left</align>
						<aligny>center</aligny>
						<label>[UPPERCASE]$LOCALIZE[563]:[/UPPERCASE]</label>
					</control>
					<control type="image">
						<width>110</width>
						<height>20</height>
						<align>left</align>
						<aligny>center</aligny>
						<texture>$INFO[ListItem.Property(Addon.StarRating)]</texture>
						<colordiffuse>MediaFlagDiffuse</colordiffuse>
					</control>
				</control>
				<control type="label">
					<posx>460</posx>
					<posy>228</posy>
					<width>790</width>
					<height>38</height>
					<font>METF_ContextValue</font>
					<textcolor>SettingsDetail</textcolor>
					<align>left</align>
					<aligny>center</aligny>
					<label>[UPPERCASE]$LOCALIZE[20037]:[/UPPERCASE] $INFO[ListItem.Property(Addon.Summary)]</label>
				</control>
				<control type="label">
					<posx>460</posx>
					<posy>271</posy>
					<width>790</width>
					<height>38</height>
					<font>METF_ContextValue</font>
					<textcolor>SettingsDetail</textcolor>
					<align>left</align>
					<aligny>center</aligny>
					<scroll>True</scroll>
					<label>[UPPERCASE]$LOCALIZE[24052]:[/UPPERCASE] $INFO[ListItem.Property(Addon.Disclaimer)]</label>
				</control>
				<control type="textbox" id="5">
					<description>Textarea</description>
					<posx>460</posx>
					<posy>314</posy>
					<width>790</width>
					<height>118</height>
					<font>METF_ContextValue</font>
					<textcolor>SettingsDetail</textcolor>
					<align>left</align>
					<aligny>top</aligny>
					<label>[UPPERCASE]$LOCALIZE[21821]:[/UPPERCASE] $INFO[ListItem.Property(Addon.Description)]</label>
					<autoscroll time="4000" delay="3000" repeat="5000">true</autoscroll>
				</control>
			</control>
			<control type="group" id="9000">
				<control type="button" id="6">
					<description>Enable</description>
					<include>SettingsLabelLeft</include>
					<posx>0</posx>
					<posy>76</posy>
					<label>24022</label>
					<onup>10</onup>
					<ondown>7</ondown>
					<onleft>Dialog.Close(addoninformation)</onleft>
					<onright>Dialog.Close(addoninformation)</onright>
				</control>
				<control type="button" id="7">
					<description>Disable</description>
					<include>SettingsLabelLeft</include>
					<posx>0</posx>
					<posy>114</posy>
					<label>24021</label>
					<onup>6</onup>
					<ondown>9</ondown>
					<onleft>Dialog.Close(addoninformation)</onleft>
					<onright>Dialog.Close(addoninformation)</onright>
				</control>
				<control type="button" id="9">
					<description>Settings</description>
					<include>SettingsLabelLeft</include>
					<posx>0</posx>
					<posy>152</posy>
					<label>24020</label>
					<onup>7</onup>
					<ondown>8</ondown>
					<onleft>Dialog.Close(addoninformation)</onleft>
					<onright>Dialog.Close(addoninformation)</onright>
				</control>
				<control type="button" id="8">
					<description>Update</description>
					<include>SettingsLabelLeft</include>
					<posx>0</posx>
					<posy>190</posy>
					<label>24069</label>
					<onup>9</onup>
					<ondown>10</ondown>
					<onleft>Dialog.Close(addoninformation)</onleft>
					<onright>Dialog.Close(addoninformation)</onright>
				</control>
				<control type="button" id="10">
					<description>Changelog</description>
					<include>SettingsLabelLeft</include>
					<posx>0</posx>
					<posy>228</posy>
					<label>24036</label>
					<onup>8</onup>
					<ondown>6</ondown>
					<onleft>Dialog.Close(addoninformation)</onleft>
					<onright>Dialog.Close(addoninformation)</onright>
				</control>
			</control>
		</control>
		<include condition="Skin.HasSetting(DebugMode)">Debug</include>
	</controls>
</window>
