﻿<window type="dialog" id="2001">
	<defaultcontrol>7001</defaultcontrol>
	<controls>
		<control type="button" id="7050">
			<texturefocus>-</texturefocus>
			<texturenofocus>-</texturenofocus>
			<onleft>PreviousMenu</onleft>
			<onright>50</onright>
			<onup>7001</onup>
			<ondown>7001</ondown>
			<onclick />
		</control>
		<control type="group">
			<posx>583</posx>
			<posy>55</posy>
			<include>Animation_CommonFade</include>
			<control type="group">
				<visible>!Container.Content(artists)</visible>
				<control type="fadelabel">
					<posy>22</posy>
					<width>664</width>
					<aligny>center</aligny>
					<scrollout>false</scrollout>
					<pauseatend>200</pauseatend>
					<scrollspeed>20</scrollspeed>
					<font>METF_TitleTextLarge</font>
					<textcolor>TitleText</textcolor>
					<info>ListItem.Album</info>
				</control>
				<control type="image">
					<posx>0</posx>
					<posy>66</posy>
					<width>183</width>
					<height>33</height>
					<aligny>center</aligny>
					<texture>$INFO[ListItem.StarRating]</texture>
					<colordiffuse>MediaFlagDiffuse</colordiffuse>
				</control>
				<control type="label">
					<posx>211</posx>
					<posy>47</posy>
					<width>141</width>
					<height>76</height>
					<align>center</align>
					<aligny>center</aligny>
					<font>METF_InfoTextLarger</font>
					<textcolor>TextNF</textcolor>
					<info>ListItem.Year</info>
				</control>
				<control type="label">
					<posx>374</posx>
					<posy>47</posy>
					<width>260</width>
					<height>76</height>
					<aligny>center</aligny>
					<font>METF_InfoTextLarger</font>
					<textcolor>TextNF</textcolor>
					<info>ListItem.Genre</info>
				</control>
				<control type="label">
					<posx>0</posx>
					<posy>140</posy>
					<width>150</width>
					<font>METF_InfoText</font>
					<textcolor>TextNF</textcolor>
					<aligny>center</aligny>
					<label>$LOCALIZE[557]:</label>
				</control>
				<control type="label">
					<posx>155</posx>
					<posy>140</posy>
					<width>520</width>
					<aligny>center</aligny>
					<font>METF_InfoTextLarger</font>
					<textcolor>TextNF</textcolor>
					<label fallback="161">$INFO[ListItem.Artist]</label>
				</control>
				<control type="label">
					<posx>0</posx>
					<posy>164</posy>
					<width>150</width>
					<aligny>center</aligny>
					<font>METF_InfoText</font>
					<textcolor>TextNF</textcolor>
					<label>$LOCALIZE[21899]:</label>
				</control>
				<control type="label">
					<posx>155</posx>
					<posy>164</posy>
					<width>520</width>
					<aligny>center</aligny>
					<font>METF_InfoTextLarger</font>
					<textcolor>TextNF</textcolor>
					<label fallback="161">$INFO[ListItem.Property(Album_Label)]</label>
				</control>
				<control type="label">
					<posx>0</posx>
					<posy>204</posy>
					<width>150</width>
					<aligny>center</aligny>
					<font>METF_InfoText</font>
					<textcolor>TextNF</textcolor>
					<label>$LOCALIZE[176]:</label>
				</control>
				<control type="textbox">
					<posx>155</posx>
					<posy>191</posy>
					<width>520</width>
					<height>68</height>
					<font>METF_InfoTextLarger</font>
					<textcolor>TextNF</textcolor>
					<label fallback="161">$INFO[ListItem.Property(Album_Style)]</label>
				</control>
				<control type="label">
					<posx>0</posx>
					<posy>290</posy>
					<width>664</width>
					<font>METF_InfoText</font>
					<textcolor>TextNF</textcolor>
					<label>$LOCALIZE[183]:</label>
				</control>
				<control type="textbox">
					<posx>155</posx>
					<posy>281</posy>
					<width>516</width>
					<height>130</height>
					<font>METF_InfoTextLarger</font>
					<textcolor>TextNF</textcolor>
					<label fallback="161">$INFO[ListItem.Property(Album_Description)]</label>
					<autoscroll time="4000" delay="12000" repeat="8000">Skin.HasSetting(AutoScroll)</autoscroll>
				</control>
			</control>
			<control type="group">
				<visible>Container.Content(artists)</visible>
				<control type="fadelabel">
					<width>664</width>
					<scrollout>false</scrollout>
					<pauseatend>200</pauseatend>
					<scrollspeed>20</scrollspeed>
					<font>METF_TitleTextLarge</font>
					<textcolor>TitleText</textcolor>
					<info>ListItem.Artist</info>
				</control>
				<control type="image">
					<posx>0</posx>
					<posy>66</posy>
					<width>183</width>
					<height>33</height>
					<aligny>center</aligny>
					<texture>$INFO[ListItem.StarRating]</texture>
					<colordiffuse>MediaFlagDiffuse</colordiffuse>
				</control>
				<control type="label">
					<posx>211</posx>
					<posy>47</posy>
					<width>141</width>
					<height>76</height>
					<align>center</align>
					<aligny>center</aligny>
					<font>METF_InfoTextLarger</font>
					<textcolor>TextNF</textcolor>
					<label fallback="?">$INFO[ListItem.Property(Artist_Born)]</label>
				</control>
				<control type="label">
					<posx>374</posx>
					<posy>47</posy>
					<width>260</width>
					<height>76</height>
					<aligny>center</aligny>
					<font>METF_InfoTextLarger</font>
					<textcolor>TextNF</textcolor>
					<info>ListItem.Property(Artist_Genre)</info>
				</control>
				<control type="label">
					<posx>0</posx>
					<posy>140</posy>
					<width>150</width>
					<font>METF_InfoText</font>
					<textcolor>TextNF</textcolor>
					<align>left</align>
					<aligny>center</aligny>
					<label>$LOCALIZE[21894]:</label>
				</control>
				<control type="label">
					<posx>155</posx>
					<posy>140</posy>
					<width>520</width>
					<align>left</align>
					<aligny>center</aligny>
					<font>METF_InfoTextLarger</font>
					<textcolor>TextNF</textcolor>
					<label fallback="161">$INFO[ListItem.Property(Artist_Formed)]</label>
				</control>
				<control type="label">
					<posx>0</posx>
					<posy>164</posy>
					<width>150</width>
					<aligny>center</aligny>
					<font>METF_InfoText</font>
					<textcolor>TextNF</textcolor>
					<label>$LOCALIZE[21896]:</label>
				</control>
				<control type="label">
					<posx>155</posx>
					<posy>164</posy>
					<width>520</width>
					<aligny>center</aligny>
					<font>METF_InfoTextLarger</font>
					<textcolor>TextNF</textcolor>
					<label fallback="161">$INFO[ListItem.Property(Artist_Disbanded)]</label>
				</control>
				<control type="label">
					<posx>0</posx>
					<posy>204</posy>
					<width>150</width>
					<aligny>center</aligny>
					<font>METF_InfoText</font>
					<textcolor>TextNF</textcolor>
					<label>$LOCALIZE[176]:</label>
				</control>
				<control type="textbox">
					<posx>155</posx>
					<posy>191</posy>
					<width>520</width>
					<height>68</height>
					<font>METF_InfoTextLarger</font>
					<textcolor>TextNF</textcolor>
					<label fallback="161">$INFO[ListItem.Property(Artist_Style)]</label>
				</control>
				<control type="label">
					<posx>0</posx>
					<posy>290</posy>
					<width>664</width>
					<aligny>center</aligny>
					<font>METF_InfoText</font>
					<textcolor>TextNF</textcolor>
					<label>$LOCALIZE[21887]:</label>
					<visible>!Control.IsVisible(50)</visible>
				</control>
				<control type="textbox">
					<posx>155</posx>
					<posy>281</posy>
					<width>516</width>
					<height>130</height>
					<font>METF_InfoTextLarger</font>
					<textcolor>TextNF</textcolor>
					<label fallback="161">$INFO[ListItem.Property(Artist_Description)]</label>
					<autoscroll time="4000" delay="12000" repeat="8000">Skin.HasSetting(AutoScroll)</autoscroll>
					<visible>!Control.IsVisible(50)</visible>
				</control>
			</control>
			<control type="panel" id="50">
				<posx>155</posx>
				<posy>281</posy>
				<width>516</width>
				<height>155</height>
				<onleft>7001</onleft>
				<onright>7001</onright>
				<onup>50</onup>
				<ondown>50</ondown>
				<onfocus>99</onfocus>
				<viewtype label="">list</viewtype>
				<pagecontrol>-</pagecontrol>
				<scrolltime>0</scrolltime>
				<orientation>vertical</orientation>
				<itemlayout height="26" width="516">
					<control type="label" id="99">
						<posx>10</posx>
						<posy>3</posy>
						<width>500</width>
						<height>20</height>
						<align>left</align>
						<aligny>center</aligny>
						<font>METF_InfoTextLarger</font>
						<textcolor>TextNF</textcolor>
						<label>$INFO[ListItem.TrackNumber,,. ]$INFO[ListItem.Label]</label>
					</control>
				</itemlayout>
				<focusedlayout height="26" width="516">
					<control type="image">
						<posx>2</posx>
						<posy>2</posy>
						<width>510</width>
						<height>24</height>
						<align>left</align>
						<aligny>center</aligny>
						<texture border="2">list/listfocus.png</texture>
					</control>
					<control type="label">
						<posx>10</posx>
						<posy>3</posy>
						<width>500</width>
						<height>20</height>
						<align>left</align>
						<aligny>center</aligny>
						<font>METF_InfoTextLarger</font>
						<textcolor>TextNF</textcolor>
						<scrollspeed>30</scrollspeed>
						<label>$INFO[ListItem.TrackNumber,,. ]$INFO[ListItem.Label]</label>
					</control>
					<control type="label">
						<posx>10</posx>
						<posy>3</posy>
						<width>500</width>
						<height>20</height>
						<align>left</align>
						<aligny>center</aligny>
						<font>METF_InfoTextLarger</font>
						<textcolor>ButtonText</textcolor>
						<scrollspeed>30</scrollspeed>
						<label>$INFO[ListItem.TrackNumber,,. ]$INFO[ListItem.Label]</label>
					</control>
				</focusedlayout>
			</control>
		</control>
		<control type="image">
			
			<include>Animation_CommonFade</include>
			<posx>60</posx>
			<posy>32</posy>
			<width>500</width>
			<height>360</height>
			<aspectratio align="right" aligny="center">keep</aspectratio>
			<texture fallback="DefaultThumb.png">$INFO[ListItem.Icon]</texture>
			<bordertexture border="8">border.png</bordertexture>
			<bordersize>4</bordersize>
		</control>
		<include>Global_ContextFilter</include>
		<control type="grouplist" id="7001">
			
			<include>DialogMenuVars_4</include>
			<posy>505</posy>
			<control type="button" id="5">
				<description>Review/Tracks</description>
				<label>$LOCALIZE[182]</label>
				<include>WindowMenuButton</include>
				<animation type="conditional" condition="!ControlGroup(7001).HasFocus(5)">
					<effect type="zoom" center="100,0" start="100" end="70" time="200" tween="cubic" easing="in" />
					<effect type="fade" start="100" end="75" time="200" />
				</animation>
			</control>
			<control type="button" id="6">
				<description>Refresh button</description>
				<label>$LOCALIZE[184]</label>
				<include>WindowMenuButton</include>
				<animation type="conditional" condition="!ControlGroup(7001).HasFocus(6)">
					<effect type="zoom" center="100,0" start="100" end="70" time="200" tween="cubic" easing="in" />
					<effect type="fade" start="100" end="75" time="200" />
				</animation>
			</control>
			<control type="button" id="10">
				<description>Thumb</description>
				<label>$LOCALIZE[31240]</label>
				<include>WindowMenuButton</include>
				<animation type="conditional" condition="!ControlGroup(7001).HasFocus(10)">
					<effect type="zoom" center="100,0" start="100" end="70" time="200" tween="cubic" easing="in" />
					<effect type="fade" start="100" end="75" time="200" />
				</animation>
			</control>
			<control type="button" id="12">
				<description>Get Fanart</description>
				<label>$LOCALIZE[20445]</label>
				<include>WindowMenuButton</include>
				<animation type="conditional" condition="!ControlGroup(7001).HasFocus(12)">
					<effect type="zoom" center="100,0" start="100" end="70" time="200" tween="cubic" easing="in" />
					<effect type="fade" start="100" end="75" time="200" />
				</animation>
			</control>
		</control>
		<control type="grouplist">
			<include>DialogMenuVars_4</include>
			<posy>480</posy>
			<control type="button" id="7040">
				<include>WindowMenuLabel</include>
				<label>$LOCALIZE[31113]</label>
				<animation type="conditional" condition="!ControlGroup(7001).HasFocus(5)">
					<effect type="zoom" center="100,30" start="100" end="70" time="200" tween="cubic" easing="in" />
					<effect type="fade" start="100" end="75" time="200" />
				</animation>
			</control>
			<control type="button" id="7041">
				<include>WindowMenuLabel</include>
				<label>$LOCALIZE[31114]</label>
				<animation type="conditional" condition="!ControlGroup(7001).HasFocus(6)">
					<effect type="zoom" center="100,30" start="100" end="70" time="200" tween="cubic" easing="in" />
					<effect type="fade" start="100" end="75" time="200" />
				</animation>
			</control>
			<control type="button" id="7042">
				<include>WindowMenuLabel</include>
				<label>$LOCALIZE[31115]</label>
				<animation type="conditional" condition="!ControlGroup(7001).HasFocus(10)">
					<effect type="zoom" center="100,30" start="100" end="70" time="200" tween="cubic" easing="in" />
					<effect type="fade" start="100" end="75" time="200" />
				</animation>
			</control>
			<control type="button" id="7043">
				<include>WindowMenuLabel</include>
				<label>$LOCALIZE[31115]</label>
				<animation type="conditional" condition="!ControlGroup(7001).HasFocus(12)">
					<effect type="zoom" center="100,30" start="100" end="70" time="200" tween="cubic" easing="in" />
					<effect type="fade" start="100" end="75" time="200" />
				</animation>
			</control>
		</control>
		<include condition="Skin.HasSetting(DebugGrid)">Object_DebugGrid</include>
		<include condition="Skin.HasSetting(DebugMode)">Debug</include>
	</controls>
</window>
