﻿<window type="dialog" id="2003">
	<defaultcontrol always="true">7003</defaultcontrol>
	<controls>
		<control type="button" id="7050">
			<texturefocus>-</texturefocus>
			<texturenofocus>-</texturenofocus>
			<onfocus>SendClick(MovieInformation,5)</onfocus>
			<onfocus>SetFocus(7003)</onfocus>
		</control>
		<control type="button" id="7051">
			<texturefocus>-</texturefocus>
			<texturenofocus>-</texturenofocus>
			<onfocus>SendClick(MovieInformation,5)</onfocus>
			<onfocus>SetFocus(50)</onfocus>
		</control>
		<control type="button" id="5">
			<label>-</label>
			<font>-</font>
			<onfocus>SetFocus(50)</onfocus>
		</control>
		<control type="group">
			<posx>360</posx>
			<posy>0</posy>
			<include>Animation_FadedByMenu</include>
			<include>Animation_CommonFade</include>
			<include>Animation_OpenCloseFade</include>
			<!-- Title -->
			<control type="fadelabel">
				<posx>-325</posx>
				<posy>20</posy>
				<width>970</width>
				<height>30</height>
				<aligny>center</aligny>
				<scrollout>false</scrollout>
				<pauseatend>200</pauseatend>
				<scrollspeed>20</scrollspeed>
				<font>METF_TitleTextLarge</font>
				<textcolor>TextNF</textcolor>
				<info>ListItem.Label</info>
				<visible>!Container.Content(episodes)</visible>
			</control>
			<control type="fadelabel">
				<posx>-325</posx>
				<posy>20</posy>
				<width>970</width>
				<height>30</height>
				<aligny>center</aligny>
				<scrollout>false</scrollout>
				<pauseatend>200</pauseatend>
				<scrollspeed>20</scrollspeed>
				<font>METF_TitleTextLarge</font>
				<textcolor>TextNF</textcolor>
				<!--
				<label>$INFO[ListItem.Season] x $INFO[ListItem.Label]</label>
				-->
				<label>$INFO[ListItem.Season]x$INFO[ListItem.Episode]$INFO[ListItem.Title,. ]</label>
				<visible>Container.Content(episodes)</visible>
			</control>
			<!-- Tagline -->
			<control type="label">
				<posx>-325</posx>
				<posy>55</posy>
				<width>840</width>
				<height>36</height>
				<align>left</align>
				<aligny>center</aligny>
				<font>METF_PlotText</font>
				<textcolor>TextNF</textcolor>
				<label>$INFO[ListItem.Tagline]</label>
				<visible>!IsEmpty(ListItem.Tagline) + !Container.Content(episodes)</visible>
			</control>
			<!-- TVShows Number of Episodes -->
			<control type="label">
				<posx>-325</posx>
				<posy>55</posy>
				<width>840</width>
				<height>36</height>
				<align>left</align>
				<aligny>center</aligny>
				<font>METF_InfoTextLarger</font>
				<textcolor>MediaDetailsEpisodes</textcolor>
				<label>$INFO[ListItem.Episode] $LOCALIZE[20161] $LOCALIZE[20360]</label>
				<visible>Container.Content(tvshows)</visible>
			</control>
			<!-- Episode Watched Status -->
			<control type="label">
				<posx>-325</posx>
				<posy>55</posy>
				<width>840</width>
				<height>36</height>
				<align>left</align>
				<aligny>center</aligny>
				<font>METF_InfoTextLarger</font>
				<textcolor>MediaDetailsEpisodes</textcolor>
				<label>$LOCALIZE[16102]</label>
				<visible>Container.Content(episodes) + StringCompare(ListItem.Overlay,OverlayWatched.png)</visible>
			</control>
			<!-- Genre -->
			<control type="label">
				<posx>-8</posx>
				<posy>100</posy>
				<width>515</width>
				<height>30</height>
				<align>left</align>
				<font>METF_InfoText</font>
				<textcolor>MediaDetailsGenre</textcolor>
				<label>$INFO[ListItem.Genre]</label>
				<visible>!IsEmpty(ListItem.Genre) + !Container.Content(episodes)</visible>
			</control>
			<!-- Episode Air Date -->
			<control type="label">
				<posx>-8</posx>
				<posy>100</posy>
				<width>515</width>
				<height>30</height>
				<align>left</align>
				<font>METF_InfoTextLarger</font>
				<textcolor>MediaDetailsInfo</textcolor>
				<label>$LOCALIZE[20416] $INFO[ListItem.Date]</label>
				<visible>!IsEmpty(ListItem.Date) + Container.Content(episodes)</visible>
			</control>
			<!-- MPAA Long Description -->
			<control type="textbox">
				<posx>-8</posx>
				<posy>489</posy>
				<width>515</width>
				<height>47</height>
				<align>left</align>
				<font>METF_MPAA</font>
				<textcolor>MPAADescription</textcolor>
				<label>$INFO[ListItem.mpaa]</label>
				<visible>[Container.Content(movies) + !IsEmpty(ListItem.mpaa) + ![StringCompare(ListItem.mpaa,Rated PG) | StringCompare(ListItem.mpaa,Rated PG-13) | StringCompare(ListItem.mpaa,Rated R) | StringCompare(ListItem.mpaa,Rated G) | StringCompare(ListItem.mpaa,Rated NC-17) | StringCompare(ListItem.mpaa,Rated TV-14) | StringCompare(ListItem.mpaa,Rated TV-G) | StringCompare(ListItem.mpaa,Rated TV-MA) | StringCompare(ListItem.mpaa,Rated TV-PG) | StringCompare(ListItem.mpaa,Rated TV-Y) | StringCompare(ListItem.mpaa,Rated TV-Y7)]] + !Skin.HasSetting(ShowVideoPath)</visible>
			</control>	 
			
			<control type="textbox">
				<posx>-8</posx>
				<posy>489</posy>
				<width>515</width>
				<height>47</height>
				<align>left</align>
				<font>METF_MPAA</font>
				<textcolor>MPAADescription</textcolor>
				<label>$INFO[ListItem.FilenameAndPath]</label>
				<visible>[Container.Content(movies) | Container.Content(videos) | Container.Content(episodes)] + Skin.HasSetting(ShowVideoPath)</visible>
			</control>	
			<control type="group">
				<posx>550</posx>
				<posy>225</posy>
				<visible>!Control.IsVisible(50)</visible>
				<!-- Director -->
				<control type="label">
					<posx>0</posx>
					<posy>76</posy>
					<width>340</width>
					<font>METF_InfoText</font>
					<textcolor>MediaDetailsInfo</textcolor>
					<align>center</align>
					<aligny>center</aligny>
					<label>$LOCALIZE[20339]</label>
				</control>
				<control type="label">
					<posx>0</posx>
					<posy>99</posy>
					<width>340</width>
					<align>center</align>
					<aligny>center</aligny>
					<font>METF_PlotText</font>
					<textcolor>TextNF</textcolor>
					<label fallback="161">$INFO[ListItem.Director]</label>
				</control>
				<!-- Cast -->
				<control type="label">
					<posx>0</posx>
					<posy>128</posy>
					<width>340</width>
					<align>center</align>
					<aligny>center</aligny>
					<font>METF_InfoText</font>
					<textcolor>MediaDetailsInfo</textcolor>
					<label>$LOCALIZE[344]</label>
				</control>
				<control type="textbox">
					<posx>0</posx>
					<posy>138</posy>
					<width>340</width>
					<height>143</height>
					<align>center</align>
					<font>METF_PlotText</font>
					<textcolor>TextNF</textcolor>
					<label fallback="161">$INFO[ListItem.Cast]</label>
					<visible>!Control.IsVisible(50)</visible>
				</control>
				<control type="label">
					<posx>0</posx>
					<posy>288</posy>
					<width>340</width>
					<height>25</height>
					<align>center</align>
					<font>METF_HelpText</font>
					<textcolor>HelpText</textcolor>
					<label>$LOCALIZE[31407]</label>
					<visible>!Control.IsVisible(50)+ !Skin.HasSetting(HideHelpText)</visible>
				</control>
			</control>
			<!-- Plot -->
			<control type="textbox">
				<posx>-8</posx>
				<posy>138</posy>
				<width>515</width>
				<height>339</height>
				<font>METF_PlotText</font>
				<textcolor>TextNF</textcolor>
				<label fallback="161">$INFO[ListItem.Plot]</label>
				<autoscroll time="4000" delay="16000" repeat="8000">Skin.HasSetting(AutoScroll)</autoscroll>
				<visible>!Control.IsVisible(50)</visible>
			</control>
			<!-- Cast -->
			<control type="panel" id="50">
				<posx>-8</posx>
				<posy>138</posy>
				<width>515</width>
				<height>336</height>
				<onleft>7050</onleft>
				<onright>7050</onright>
				<onup>50</onup>
				<ondown>50</ondown>
				<viewtype label="">list</viewtype>
				<pagecontrol>-</pagecontrol>
				<scrolltime>0</scrolltime>
				<orientation>vertical</orientation>
				<itemlayout height="24" width="515">
					<control type="label">
						<posx>0</posx>
						<posy>0</posy>
						<width>515</width>
						<height>24</height>
						<align>left</align>
						<aligny>center</aligny>
						<font>METF_InfoText</font>
						<textcolor>TextNF</textcolor>
						<label>$INFO[ListItem.Label]</label>
					</control>
				</itemlayout>
				<focusedlayout height="24" width="516">
					<control type="label">
						<posx>0</posx>
						<posy>0</posy>
						<width>515</width>
						<height>24</height>
						<align>left</align>
						<aligny>center</aligny>
						<font>METF_InfoText</font>
						<textcolor>TextFO</textcolor>
						<scrollspeed>30</scrollspeed>
						<label>[B]$INFO[ListItem.Label][/B]</label>
					</control>
				</focusedlayout>
			</control>
			<!-- Actor Images -->
			<control type="image">
				<posx>633</posx>
				<posy>301</posy>
				<width>168</width>
				<height>218</height>
				<texture>frames/ClassicFrame_Background.png</texture>
				<aspectratio align="center" aligny="center">stretch</aspectratio>
				<visible>Control.IsVisible(50)</visible>
			</control>
			<control type="image">
				<description>Actor image</description>
				<posx>635</posx>
				<posy>301</posy>
				<width>164</width>
				<height>218</height>
				<texture>$INFO[Container(50).Listitem.Icon]</texture>
				<aspectratio align="center" aligny="center">scale</aspectratio>
				<visible>Control.IsVisible(50) + !substring(Container(50).Listitem.Icon,default)</visible>
			</control>
			<control type="image">
				<description>Actor image</description>
				<posx>635</posx>
				<posy>301</posy>
				<width>164</width>
				<height>218</height>
				<texture>$INFO[Container(50).Listitem.Icon]</texture>
				<aspectratio align="center" aligny="center">scale</aspectratio>
				<visible>Control.IsVisible(50) + substring(Container(50).Listitem.Icon,default)</visible>
			</control>
			<control type="image">
				<posx>628</posx>
				<posy>285</posy>
				<width>180</width>
				<height>250</height>
				<texture background="true">frames/ClassicFrame_PosterSmall.png</texture>
				<aspectratio scalediffuse="false">scale</aspectratio>
				<visible>Control.IsVisible(50)</visible>
			</control>
		</control>
		
		<!-- Year and Duration -->
		<control type="grouplist">
			<posx>1025</posx>
			<posy>23</posy>
			<width>220</width>
			<height>30</height>
			<align>right</align>
			<itemgap>10</itemgap>
			<orientation>horizontal</orientation>
			<include>Animation_FadedByMenu</include>
			<include>Animation_CommonFade</include>
			<include>Animation_OpenCloseFade</include>
			<!-- Year -->
			<control type="label">
				<width min="25" max="220">auto</width>
				<height>30</height>
				<aligny>center</aligny>
				<font>METF_MediaDetailsSmall</font>
				<textcolor>MediaDetailsYear</textcolor>
				<label>$INFO[ListItem.Year]</label>
				<visible>!IsEmpty(ListItem.Year) + [Container.Content(tvshows) | Container.Content(movies)]</visible>
			</control>
			<!-- Bullet -->
			<control type="image">
				<width>8</width>
				<height>36</height>
				<texture>Dot.png</texture>
				<aspectratio align="center" aligny="center">keep</aspectratio>
				<colordiffuse>BulletDiffuse</colordiffuse>
				<visible>![IsEmpty(ListItem.Year) | IsEmpty(ListItem.Duration)] + Container.Content(movies)</visible>
			</control>
			<!-- Duration -->
			<control type="label">
				<width min="25" max="220">auto</width>
				<height>30</height>
				<aligny>center</aligny>
				<font>METF_MediaDetailsSmall</font>
				<textcolor>MediaDetailsDuration</textcolor>
				<label>$INFO[ListItem.Duration,, [LOWERCASE]$LOCALIZE[31299][/LOWERCASE]]</label>
				<visible>!IsEmpty(ListItem.Duration) + !SubString(ListItem.Duration,min) + [Container.Content(movies) | Container.Content(episodes)]</visible>
			</control>
			<control type="label">
				<width min="25" max="220">auto</width>
				<height>30</height>
				<aligny>center</aligny>
				<font>METF_MediaDetailsSmall</font>
				<textcolor>MediaDetailsDuration</textcolor>
				<label>$INFO[ListItem.Duration]</label>
				<visible>!IsEmpty(ListItem.Duration) + SubString(ListItem.Duration,min) + [Container.Content(movies) | Container.Content(episodes)]</visible>
			</control>
		</control>
		
		<!-- Control Buttons -->
		<control type="grouplist" id="7003">
			<include>Animation_FadedByMenu</include>
			<include>Animation_CommonFade</include>
			<include>Animation_OpenCloseFade</include>
			<posx>352</posx>
			<posy>555</posy>
			<width>515</width>
			<height>70</height>
			<itemgap>10</itemgap>
			<align>center</align>
			<orientation>horizontal</orientation>
			<onleft>7003</onleft>
			<onright>7003</onright>
			<onup>7051</onup>
			<ondown>Close</ondown>
			<ondown>SetFocus(55)</ondown>
			<!-- Play -->
			<control type="togglebutton" id="8">
				<include>VideoInfoButton</include>
				<texturenofocus>buttons/button_play.png</texturenofocus>
				<texturefocus>buttons/button_playFO.png</texturefocus>
				<include>Animation_ButtonFocus</include>
				<visible>Container.Content(episodes) | Container.Content(movies) | [Container.Content(movies) + SubString(Container.FolderPath,plugin)]</visible>
			</control>
			<!-- Cinema Experience -->
			<control type="button" id="19">
				<include>VideoInfoButton</include>
				<texturenofocus>buttons/button_cinema.png</texturenofocus>
				<texturefocus>buttons/button_cinemaFO.png</texturefocus>
				<onclick>Playlist.Clear</onclick>
				<onclick>Dialog.Close(MovieInformation)</onclick>
				<onclick>XBMC.RunScript(script.cinema.experience)</onclick>
				<include>Animation_ButtonFocus</include>
				<visible>Container.Content(movies) + system.hasaddon(script.cinema.experience) + !SubString(Container.FolderPath,plugin)</visible>
			</control>
			<!-- Trailer -->
			<control type="button" id="11">
				<include>VideoInfoButton</include>
				<texturenofocus>buttons/button_trailer.png</texturenofocus>
				<texturefocus>buttons/button_trailerFO.png</texturefocus>
				<include>Animation_ButtonFocus</include>
				<visible>!IsEmpty(ListItem.Trailer)</visible>
			</control>
			<!-- Thumb -->
			<control type="button" id="10">
				<include>VideoInfoButton</include>
				<texturenofocus>buttons/button_thumb.png</texturenofocus>
				<texturefocus>buttons/button_thumbFO.png</texturefocus>
				<include>Animation_ButtonFocus</include>
			</control>
			<!-- Fanart -->
			<control type="button" id="12">
				<include>VideoInfoButton</include>
				<texturenofocus>buttons/button_fanart.png</texturenofocus>
				<texturefocus>buttons/button_fanartFO.png</texturefocus>
				<include>Animation_ButtonFocus</include>
				<visible>!Container.Content(episodes)</visible>
			</control>
			<!-- Refresh -->
			<control type="button" id="6">
				<include>VideoInfoButton</include>
				<texturenofocus>buttons/button_refresh.png</texturenofocus>
				<texturefocus>buttons/button_refreshFO.png</texturefocus>
				<include>Animation_ButtonFocus</include>
			</control>
		</control>
		<!-- Control Button Text -->
		<control type="group">
			<include>Animation_FadedByMenu</include>
			<include>Animation_CommonFade</include>
			<include>Animation_OpenCloseFade</include>
			<control type="label">
				<description>Play</description>
				<include>VideoInfoButtonLabel</include>
				<label>$LOCALIZE[208]</label>
				<visible>ControlGroup(7003).HasFocus(8)</visible>
			</control>
			<control type="label">
				<description>Cinema Experience</description>
				<include>VideoInfoButtonLabel</include>
				<label>$LOCALIZE[31408]</label>
				<visible>ControlGroup(7003).HasFocus(19)</visible>
			</control>
			<control type="label">
				<description>Trailer</description>
				<include>VideoInfoButtonLabel</include>
				<label>$LOCALIZE[20410]</label>
				<visible>ControlGroup(7003).HasFocus(11)</visible>
			</control>
			<control type="label">
				<description>Thumb</description>
				<include>VideoInfoButtonLabel</include>
				<label>$LOCALIZE[13405]</label>
				<visible>ControlGroup(7003).HasFocus(10)</visible>
			</control>
			<control type="label">
				<description>Fanart</description>
				<include>VideoInfoButtonLabel</include>
				<label>$LOCALIZE[20413]</label>
				<visible>ControlGroup(7003).HasFocus(12)</visible>
			</control>
			<control type="label">
				<description>Refresh</description>
				<include>VideoInfoButtonLabel</include>
				<label>$LOCALIZE[184]</label>
				<visible>ControlGroup(7003).HasFocus(6)</visible>
			</control>
		</control>
		<control type="group">
			<control type="group">
				<include>Animation_FadedByMenu</include>
				<include>Animation_CommonFade</include>
				<include>Animation_OpenCloseFade</include>
				<visible>Window.IsActive(videolibrary) + [Container.Content(movies) | Container.Content(tvshows) | Container.Content(seasons) | Container.Content(episodes)]</visible>
				<!-- Default Poster Image -->
				<control type="image">
					<posx>35</posx>
					<posy>115</posy>
					<width>275</width>
					<height>404</height>
					<texture background="true" fallback="DefaultThumb.png">$INFO[ListItem.Icon]</texture>
					<aspectratio scalediffuse="false">stretch</aspectratio>
					<animation effect="zoom" center="auto" start="40" end="100" time="400" tween="cubic" easing="inout">WindowOpen</animation>
					<animation effect="fade" start="0" end="0" time="0">WindowClose</animation>
					<visible>!Container.Content(seasons) + !Container.Content(episodes)</visible>
				</control>
				<!-- Poster Image for TV Show Seasons and Episodes -->
				<control type="image">
					<posx>35</posx>
					<posy>115</posy>
					<width>275</width>
					<height>404</height>
					<texture background="true" fallback="home/tvshows.jpg">$INFO[ListItem.Property(SeasonThumb)]</texture>
					<aspectratio scalediffuse="false">stretch</aspectratio>
					<animation effect="zoom" center="auto" start="40" end="100" time="400" tween="cubic" easing="inout">WindowOpen</animation>
					<animation effect="fade" start="0" end="0" time="0">WindowClose</animation>
					<visible>!Container.Content(tvshows) + [Container.Content(seasons) | Container.Content(episodes)]</visible>
				</control>
				<!-- Frame for poster -->
				<control type="image">
					<posx>17</posx>
					<posy>92</posy>
					<width>309</width>
					<height>454</height>
					<texture>frames/ClassicFrame_Poster.png</texture>
					<aspectratio scalediffuse="false">stretch</aspectratio>
					<animation effect="zoom" center="auto" start="40" end="100" time="400" tween="cubic" easing="inout">WindowOpen</animation>
					<animation effect="fade" start="0" end="0" time="0">WindowClose</animation>
				</control>

				<!-- Default Fanart Image -->
				<control type="image">
					<posx>915</posx>
					<posy>79</posy>
					<width>324</width>
					<height>180</height>
					<texture fallback="home/movies.jpg">$INFO[ListItem.Property(Fanart_Image)]</texture>
					<aspectratio scalediffuse="false">scale</aspectratio>
					<visible>!Container.Content(episodes)</visible>
				</control>
				<!-- TV Show Episode Fanart Image -->
				<control type="image">
					<posx>915</posx>
					<posy>79</posy>
					<width>324</width>
					<height>180</height>
					<texture>$INFO[ListItem.Icon]</texture>
					<aspectratio aligny="top" scalediffuse="false">scale</aspectratio>
					<visible>Container.Content(episodes)</visible>
				</control>
				<!-- Frame for fanart -->
				<control type="image">
					<posx>894</posx>
					<posy>59</posy>
					<width>364</width>
					<height>220</height>
					<texture>frames/ClassicFrame_FanartSmall.png</texture>
					<aspectratio scalediffuse="false">scale</aspectratio>
					<visible>Container.Content(movies) | Container.Content(tvshows) | Container.Content(seasons) | Container.Content(episodes)</visible>
				</control>
			</control>
			<control type="group">
				<include>Animation_FadedByMenu</include>
				<include>Animation_CommonFade</include>
				<include>Animation_OpenCloseFade</include>
				<visible>!Window.IsActive(videolibrary)</visible>
				<!-- Icon Image for items NOT in Video Library -->
				<control type="image">
					<posx>35</posx>
					<posy>115</posy>
					<width>275</width>
					<height>404</height>
					<aspectratio align="right" aligny="center">keep</aspectratio>
					<texture fallback="DefaultThumb.png">$INFO[ListItem.Icon]</texture>
					<bordertexture border="8">border.png</bordertexture>
					<bordersize>4</bordersize>
				</control>
			</control>
		</control>

		<include condition="!Skin.HasSetting(ShowAllMediaFlags)">MediaInfo2</include>
		<include>Global_ContextFilter</include>
		<include condition="Skin.HasSetting(DebugGrid)">Object_DebugGrid</include>
		<include condition="Skin.HasSetting(DebugMode)">Debug</include>
	</controls>
</window>
