﻿<window type="buttonMenu" id="111">
	<defaultcontrol always="true">410</defaultcontrol>
	<animation type="WindowOpen" reversible="false">
		<effect type="zoom" start="80" end="100" center="auto" easing="out" tween="back" time="300" />
		<effect type="fade" start="0" end="100" time="300" />
	</animation>
	<animation type="WindowClose" reversible="false">
		<effect type="zoom" start="100" end="80" center="auto" easing="in" tween="back" time="300" />
		<effect type="fade" start="100" end="0" time="300" />
	</animation>
	<controls>
		<control type="group">
			<!-- Background Panel -->
			<control type="image">
				<description>background image</description>
				<posx>438</posx>
				<posy>65</posy>
				<width>404</width>
				<height>580</height>
				<texture>frames/Menu_Glass2b.png</texture>
				<colordiffuse>DialogBackgroundColor</colordiffuse>
			</control>
			<!-- Menu -->
			<control type="button" id="410">
				<onfocus>Dialog.Close(movieinformation)</onfocus>
				<onfocus>Dialog.Close(contextmenu)</onfocus>
				<onfocus>SetFocus(1)</onfocus>
			</control>
			<control type="grouplist" id="1">
				<posx>470</posx>
				<posy>120</posy>
				<onup>1</onup>
				<ondown>1</ondown>
				<onleft>Dialog.Close(shutdownmenu)</onleft>
				<onright>Dialog.Close(shutdownmenu)</onright>
				<orientation>vertical</orientation>
				<control type="togglebutton" id="3119">
					<description>Master mode button</description>
					<include>SettingsShutdownMenu</include>
					<label>20046</label>
					<altlabel>20045</altlabel>
					<onclick>xbmc.mastermode</onclick>
					<visible>System.HasLocks</visible>
				</control>
				<control type="button" id="3122">
					<description>LogOff Profile</description>
					<include>SettingsShutdownMenu</include>
					<label>$LOCALIZE[20126] $INFO[system.profilename]</label>
					<onclick>dialog.close(all,true)</onclick>
					<onclick>System.LogOff</onclick>
					<visible>System.HasLoginScreen</visible>
					<visible>System.Loggedon</visible>
				</control>
				<control type="button" id="3110">
					<description>Settings</description>
					<include>SettingsShutdownMenu</include>
					<label>$LOCALIZE[5]</label>
					<onclick>ActivateWindow(Settings)</onclick>
				</control>
				<control type="button" id="3111">
					<description>Filemanager</description>
					<include>SettingsShutdownMenu</include>
					<label>$LOCALIZE[31118]</label>
					<onclick>ActivateWindow(Filemanager)</onclick>
				</control>
				<control type="button" id="3112">
					<description>Favourites</description>
					<include>SettingsShutdownMenu</include>
					<label>$LOCALIZE[1036]</label>
					<onclick>ActivateWindow(Favourites)</onclick>
				</control>
				<control type="button" id="3113">
					<description>LogOff</description>
					<include>SettingsShutdownMenu</include>
					<label>$LOCALIZE[20126]</label>
					<onclick>dialog.close(all,true)</onclick>
					<onclick>System.LogOff</onclick>
				</control>
				<control type="button" id="3114">
					<include>SettingsShutdownMenu</include>
					<label>$LOCALIZE[13005]</label>
					<onclick>ShutDown()</onclick>
				</control>
				<control type="button" id="3121">
					<include>SettingsShutdownMenu</include>
					<label>$LOCALIZE[13013]</label>
					<onclick>Reset()</onclick>
					<visible>System.CanReboot</visible>
				</control>
				<control type="button" id="3115">
					<description>Shutdown Timer</description>
					<include>SettingsShutdownMenu</include>
					<label>$LOCALIZE[20144]</label>
					<onclick>AlarmClock(shutdowntimer,XBMC.Shutdown())</onclick>
					<visible>!System.HasAlarm(shutdowntimer)</visible>
				</control>
				<control type="button" id="3116">
					<description>Shutdown Timer</description>
					<include>SettingsShutdownMenu</include>
					<label>$LOCALIZE[20151]</label>
					<onclick>CancelAlarm(shutdowntimer)</onclick>
					<visible>System.HasAlarm(shutdowntimer)</visible>
				</control>
				<control type="button" id="3117">
					<description>System Info Button</description>
					<include>SettingsShutdownMenu</include>
					<label>$LOCALIZE[130]</label>
					<onclick>ActivateWindow(SystemInfo)</onclick>
				</control>
				<control type="button" id="3118">
					<description>Reload Skin</description>
					<include>SettingsShutdownMenu</include>
					<label>$LOCALIZE[20183]</label>
					<onclick>ReloadSkin()</onclick>
					<visible>Skin.HasSetting(DebugMode)</visible>
				</control>
				<control type="button" id="3120">
					<description>Profiles</description>
					<include>SettingsShutdownMenu</include>
					<label>$LOCALIZE[10034]</label>
					<onclick>ActivateWindow(Profiles)</onclick>
					<visible>System.IsLoggedOn</visible>
				</control>
			</control>
		</control>
		<!--
		<control type="group">
			<posx>30</posx>
			<posy>10</posy>
			<control type="label">
				<label>13005</label>
				<include>Global_HeadingSectionVars</include>
			</control>
			<include>Animation_SlideDownFadeOut</include>
		</control>
		-->
		<include condition="Skin.HasSetting(DebugGrid)">Object_DebugGrid</include>
		<include condition="Skin.HasSetting(DebugMode)">Debug</include>
	</controls>
</window>
