﻿<window id="135">
	<defaultcontrol>10</defaultcontrol>
	<allowoverlay>yes</allowoverlay>
	<controls>
		<control type="group">
			<include>Animation_OpenCloseFade</include>
			<posy>78</posy>
			<control type="label">
				<description>header label</description>
				<posx>460</posx>
				<posy>0</posy>
				<width>790</width>
				<height>38</height>
				<font>METF_TitleTextLarge</font>
				<textcolor>SettingsTitle</textcolor>
				<align>left</align>
				<aligny>center</aligny>
				<label>$LOCALIZE[658]</label>
			</control>
			<control type="image">
				<description>Icon Image</description>
				<posx>440</posx>
				<posy>48</posy>
				<width>200</width>
				<height>200</height>
				<texture fallback="DefaultAlbumCover.png">$INFO[ListItem.Icon]</texture>
				<bordertexture border="8">border.png</bordertexture>
				<bordersize>4</bordersize>
				<aspectratio align="center" aligny="center">keep</aspectratio>
			</control>
			<control type="image">
				<description>Star Rating</description>
				<posx>480</posx>
				<posy>258</posy>
				<width>122</width>
				<height>22</height>
				<texture>$INFO[ListItem.StarRating]</texture>
				<colordiffuse>MediaFlagDiffuse</colordiffuse>
			</control>
			<control type="group">
				<posx>640</posx>
				<posy>52</posy>
				<control type="label" id="20">
					<description>Title</description>
					<posx>0</posx>
					<posy>0</posy>
					<width>160</width>
					<label>[UPPERCASE]$LOCALIZE[179]:[/UPPERCASE]</label>
					<include>SettingsLabel</include>
				</control>
				<control type="label">
					<description>Title</description>
					<posx>120</posx>
					<posy>0</posy>
					<width>510</width>
					<label fallback="161">$INFO[ListItem.Title]</label>
					<include>SettingsLabel</include>
				</control>
				<control type="label">
					<description>Album</description>
					<posx>0</posx>
					<posy>38</posy>
					<width>160</width>
					<include>SettingsLabel</include>
					<label>[UPPERCASE]$LOCALIZE[558]:[/UPPERCASE]</label>
				</control>
				<control type="label">
					<description>Album</description>
					<posx>120</posx>
					<posy>38</posy>
					<width>510</width>
					<include>SettingsLabel</include>
					<label fallback="161">$INFO[ListItem.Album]</label>
				</control>
				<control type="label">
					<description>Artist</description>
					<posx>0</posx>
					<posy>76</posy>
					<width>160</width>
					<include>SettingsLabel</include>
					<label>[UPPERCASE]$LOCALIZE[557]:[/UPPERCASE]</label>
				</control>
				<control type="label">
					<description>Artist</description>
					<posx>120</posx>
					<posy>76</posy>
					<width>510</width>
					<include>SettingsLabel</include>
					<label fallback="161">$INFO[ListItem.Artist]</label>
				</control>
				<control type="label">
					<description>Genre</description>
					<posx>0</posx>
					<posy>114</posy>
					<width>160</width>
					<include>SettingsLabel</include>
					<label>[UPPERCASE]$LOCALIZE[515]:[/UPPERCASE]</label>
				</control>
				<control type="label">
					<description>Genre</description>
					<posx>120</posx>
					<posy>114</posy>
					<width>510</width>
					<include>SettingsLabel</include>
					<label fallback="161">$INFO[ListItem.Genre]</label>
				</control>
				<control type="label">
					<description>Year</description>
					<posx>0</posx>
					<posy>152</posy>
					<width>160</width>
					<include>SettingsLabel</include>
					<label>[UPPERCASE]$LOCALIZE[562]:[/UPPERCASE]</label>
				</control>
				<control type="label">
					<description>Year</description>
					<posx>120</posx>
					<posy>152</posy>
					<width>510</width>
					<include>SettingsLabel</include>
					<label fallback="161">$INFO[ListItem.Year]</label>
				</control>
			</control>
			<control type="grouplist" id="1">
				<posx>0</posx>
				<posy>38</posy>
				<width>380</width>
				<height>190</height>
				<itemgap>0</itemgap>
				<onright>50</onright>
				<onleft>50</onleft>
				<onup>1</onup>
				<ondown>1</ondown>
				<orientation>vertical</orientation>
				<control type="button" id="10">
					<description>Yes</description>
					<posy>0</posy>
					<include>SettingsLabelLeft</include>
					<label>$LOCALIZE[186]</label>
				</control>
				<control type="button" id="11">
					<description>No</description>
					<posy>38</posy>
					<include>SettingsLabelLeft</include>
					<label>$LOCALIZE[222]</label>
				</control>
				<control type="button" id="13">
					<description>Get Thumb</description>
					<posy>76</posy>
					<include>SettingsLabelLeft</include>
					<label>$LOCALIZE[13405]</label>
				</control>
				<control type="button" id="15">
					<description>Increase Rating</description>
					<posy>114</posy>
					<include>SettingsLabelLeft</include>
					<label>$LOCALIZE[31012]</label>
					<onclick>IncreaseRating</onclick>
				</control>
				<control type="button" id="14">
					<description>Decrease Rating</description>
					<posy>114</posy>
					<include>SettingsLabelLeft</include>
					<label>$LOCALIZE[31021]</label>
					<onclick>DecreaseRating</onclick>
				</control>
			</control>
			<include condition="Skin.HasSetting(DebugMode)">Debug</include>
		</control>
	</controls>
</window>
