﻿<window id="132">
	<defaultcontrol always="true">3</defaultcontrol>
	<include>Animation_OpenCloseFade</include>
	<coordinates>
		<system>1</system>
		<posx>0</posx>
		<posy>0</posy>
		<origin x="0" y="30" />
	</coordinates>
	<controls>
		<control type="label"  id="1">
			<description>Heading</description>
			<posx>460</posx>
			<posy>0</posy>
			<width>810</width>
			<height>38</height>
			<font>METF_TitleTextLarge</font>
			<textcolor>SettingsTitle</textcolor>
			<align>left</align>
			<aligny>center</aligny>
			<label>20333</label>
			<visible>!Window.IsActive(addonsettings)</visible>
		</control>
		<control type="spincontrolex" id="3">
			<description>Directory Content</description>
			<posx>440</posx>
			<posy>57</posy>
			<include>SettingsLabel</include>
			<label>20344</label>
			<onup>5</onup>
			<ondown>4</ondown>
			<onleft>28</onleft>
			<onright>28</onright>
			<visible>!Window.IsActive(addonsettings)</visible>
		</control>
		<control type="image">
			<description>Large Icon Image</description>
			<posx>440</posx>
			<posy>97</posy>
			<width>280</width>
			<height>200</height>
			<texture border="2">dialogback.png</texture>
			<colordiffuse>DialogBackgroundColour</colordiffuse>
			<bordertexture border="8">border.png</bordertexture>
			<bordersize>4</bordersize>
		</control>
		<control type="image">
			<description>Large Icon Image</description>
			<posx>462</posx>
			<posy>119</posy>
			<width>236</width>
			<height>156</height>
			<info>ListItem.Icon</info>
			<aspectratio align="center" aligny="center">keep</aspectratio>
		</control>
		<control type="list" id="4">
			<posx>740</posx>
			<posy>101</posy>
			<width>540</width>
			<height>190</height>
			<onup>3</onup>
			<ondown>5</ondown>
			<onleft>28</onleft>
			<onright>28</onright>
			<scrolltime>0</scrolltime>
			<visible>!Window.IsActive(addonsettings)</visible>
			<itemlayout height="38">
				<control type="label">
					<posx>10</posx>
					<width>510</width>
					<height>38</height>
					<aligny>center</aligny>
					<font>METF_ContextValue</font>
					<textcolor>SettingsDetail</textcolor>
					<selectedcolor>TextFO</selectedcolor>
					<info>ListItem.Label</info>
				</control>
			</itemlayout>
			<focusedlayout height="38">
				<control type="image">
					<posx>0</posx>
					<width>540</width>
					<height>38</height>
					<texture>ButtonFo.png</texture>
					<animation effect="fade" start="100" end="50" condition="!Control.HasFocus(4)">Conditional</animation>
				</control>
				<control type="label">
					<posx>10</posx>
					<width>510</width>
					<height>38</height>
					<aligny>center</aligny>
					<font>METF_ContextValue</font>
					<textcolor>ButtonText</textcolor>
					<selectedcolor>ButtonText</selectedcolor>
					<info>ListItem.Label</info>
				</control>
			</focusedlayout>
		</control>
		<control type="grouplist" id="5">
			<description>Control Area</description>
			<posx>440</posx>
			<posy>297</posy>
			<width>840</width>
			<height>380</height>
			<scrolltime>0</scrolltime>
			<itemgap>0</itemgap>
			<onleft>28</onleft>
			<onright>28</onright>
			<onup>4</onup>
			<ondown>3</ondown>
			<orientation>vertical</orientation>
			<visible>!Window.IsActive(addonsettings)</visible>
		</control>
		<control type="button" id="7">
			<description>Default Button</description>
			<include>SettingsLabel</include>
		</control>
		<control type="radiobutton" id="8">
			<description>Default Radio Button</description>
			<include>SettingsLabel</include>
		</control>
		<control type="button" id="6">
			<description>Settings</description>
			<posx>0</posx>
			<posy>120</posy>
			<height>38</height>
			<width>380</width>
			<align>right</align>
			<aligny>center</aligny>
			<textoffsetx>20</textoffsetx>
			<font>METF_ContextValue</font>
			<textcolor>SettingsDetail</textcolor>
			<focusedcolor>ButtonText</focusedcolor>
			<texturefocus>ButtonFo.png</texturefocus>
			<texturenofocus>-</texturenofocus>
			<pulseonselect>false</pulseonselect>
			<label>$LOCALIZE[5]</label>
			<onleft>3</onleft>
			<onright>3</onright>
			<onup>28</onup>
			<ondown>29</ondown>
			<visible>!Window.IsActive(addonsettings)</visible>
		</control>
		<control type="button" id="29">
			<description>Cancel</description>
			<posx>0</posx>
			<posy>158</posy>
			<height>38</height>
			<width>380</width>
			<align>right</align>
			<aligny>center</aligny>
			<textoffsetx>20</textoffsetx>
			<font>METF_ContextValue</font>
			<textcolor>SettingsDetail</textcolor>
			<focusedcolor>ButtonText</focusedcolor>
			<texturefocus>ButtonFo.png</texturefocus>
			<texturenofocus>-</texturenofocus>
			<pulseonselect>false</pulseonselect>
			<label>$LOCALIZE[222]</label>
			<onleft>3</onleft>
			<onright>3</onright>
			<onup>6</onup>
			<ondown>28</ondown>
			<visible>!Window.IsActive(addonsettings)</visible>
		</control>
		<control type="button" id="28">
			<description>Ok</description>
			<posx>0</posx>
			<posy>196</posy>
			<height>38</height>
			<width>380</width>
			<align>right</align>
			<aligny>center</aligny>
			<textoffsetx>20</textoffsetx>
			<font>METF_ContextValue</font>
			<textcolor>SettingsDetail</textcolor>
			<focusedcolor>ButtonText</focusedcolor>
			<texturefocus>ButtonFo.png</texturefocus>
			<texturenofocus>-</texturenofocus>
			<pulseonselect>false</pulseonselect>
			<label>$LOCALIZE[186]</label>
			<onleft>3</onleft>
			<onright>3</onright>
			<onup>29</onup>
			<ondown>6</ondown>
			<visible>!Window.IsActive(addonsettings)</visible>
		</control>
		<include condition="Skin.HasSetting(DebugMode)">Debug</include>
	</controls>
</window>
