﻿<window id="2002">
	<defaultcontrol always="true">11</defaultcontrol>
	<animation type="WindowOpen" reversible="false">
		<effect type="zoom" start="80" end="100" center="auto" easing="out" tween="back" time="300" />
		<effect type="fade" start="0" end="100" time="300" />
	</animation>
	<animation type="WindowClose" reversible="false">
		<effect type="zoom" start="100" end="80" center="auto" easing="in" tween="back" time="300" />
		<effect type="fade" start="100" end="0" time="300" />
	</animation>
	<controls>
		<control type="group">
			<posx>320</posx>
			<posy>150</posy>
			<control type="image">
				<description>Background Panel</description>
				<posx>0</posx>
				<posy>0</posy>
				<width>640</width>
				<height>300</height>
				<texture>frames/Dialog_Glass2Panel.png</texture>
				<colordiffuse>DialogBackgroundColor</colordiffuse>
			</control>
			<control type="label" id="1">
				<description>Heading</description>
				<posx>50</posx>
				<posy>45</posy>
				<width>530</width>
				<height>30</height>
				<font>METF_Menu</font>
				<textcolor>DialogTextFO</textcolor>
				<align>left</align>
				<aligny>center</aligny>
				<label>-</label>
			</control>
			<control type="label" id="2">
				<description>Line 1</description>
				<posx>50</posx>
				<posy>85</posy>
				<width>530</width>
				<height>30</height>
				<font>METF_InfoText</font>
				<textcolor>TextNF</textcolor>
				<align>left</align>
				<aligny>center</aligny>
				<label>-</label>
			</control>
			<control type="label" id="3">
				<description>Line 2</description>
				<posx>50</posx>
				<posy>115</posy>
				<width>530</width>
				<height>30</height>
				<font>METF_InfoText</font>
				<textcolor>TextNF</textcolor>
				<align>left</align>
				<aligny>center</aligny>
				<label>-</label>
			</control>
			<control type="label" id="4">
				<description>Line 3</description>
				<posx>50</posx>
				<posy>145</posy>
				<width>530</width>
				<height>30</height>
				<font>METF_InfoText</font>
				<textcolor>TextNF</textcolor>
				<align>left</align>
				<aligny>center</aligny>
				<label>-</label>
			</control>
			
			<control type="button" id="11">
				<description>ok</description>
				<posx>195</posx>
				<posy>215</posy>
				<height>40</height>
				<width>250</width>
				<align>center</align>
				<aligny>center</aligny>
				<font>METF_DialogLargeBold</font>
				<textcolor>TextNF</textcolor>
				<disabledcolor>TextDisabled</disabledcolor>
				<focusedcolor>TextFO</focusedcolor>
				<selectedcolor>TextFO</selectedcolor>
				<texturefocus>ButtonFO2.png</texturefocus>
				<pulseonselect>false</pulseonselect>
				<label>$LOCALIZE[186]</label>
				<onleft>PreviousMenu</onleft>
				<onright>PreviousMenu</onright>
				<onup>PreviousMenu</onup>
				<ondown>PreviousMenu</ondown>
				<onclick>PreviousMenu</onclick>
			</control>
		</control>
		<include condition="Skin.HasSetting(DebugMode)">Debug</include>
	</controls>
</window>
