<fonts>
	<fontset id="Default" unicode="true">
		<!-- Metropolis Fonts -->
		<font>
			<name>font13</name>
			<filename>Arial.ttf</filename>
			<size>20</size>
		</font>
		<font>
			<name>METF_Button</name>
			<filename>MET_FontinSansSmallCaps.ttf</filename>
			<size>23</size>
		</font>
		<font>
			<name>METF_HomeMenu</name>
			<filename>MET_FontinSansSmallCaps.ttf</filename>
			<size>27</size>
		</font>
		<font>
			<name>METF_HomeMenuSmall</name>
			<filename>MET_FontinSansSmallCaps.ttf</filename>
			<size>23</size>
		</font>
		<font>
			<name>METF_RecentlyAddedTitle</name>
			<filename>MET_FontinSansSmallCaps.ttf</filename>
			<size>24</size>
		</font>
		<font>
			<name>METF_RecentlyAddedListText</name>
			<filename>MET_UbuntuRegular.ttf</filename>
			<size>20</size>
		</font>
		<font>
			<name>METF_HomeStatsTitle</name>
			<filename>MET_FontinSansSmallCaps.ttf</filename>
			<size>23</size>
			<linespacing>0.8</linespacing>
		</font>
		<font>
			<name>METF_HomeStatsText</name>
			<filename>MET_UbuntuRegular.ttf</filename>
			<size>20</size>
		</font>
		<font>
			<name>METF_HelpText</name>
			<filename>MET_BoldCaps.ttf</filename>
			<size>20</size>
		</font>
		<font>
			<name>METF_Temp</name>
			<filename>MET_Myriad.ttf</filename>
			<size>28</size>
		</font>
		<font>
			<name>METF_Date</name>
			<filename>MET_FontinSansSmallCaps.ttf</filename>
			<size>30</size>
		</font>
		<font>
			<name>METF_Hours</name>
			<filename>MET_Myriad.ttf</filename>
			<size>110</size>
		</font>
		<font>
			<name>METF_Minutes</name>
			<filename>MET_Myriad.ttf</filename>
			<size>48</size>
		</font>
		<font>
			<name>METF_FontAMPM</name>
			<filename>MET_Myriad.ttf</filename>
			<size>40</size>
		</font>
		<font>
			<name>METF_RSS</name>
			<filename>MET_UbuntuRegular.ttf</filename>
			<size>17</size>
		</font>
		<font>
			<name>METF_StarRating</name>
			<filename>MET_LeagueGothic.ttf</filename>
			<size>36</size>
		</font>
		<font>
			<name>METF_IMDbRating</name>
			<filename>MET_LeagueGothic.ttf</filename>
			<size>32</size>
		</font>
		<font>
			<name>METF_Heading</name>
			<filename>MET_FontinSansSmallCaps.ttf</filename>
			<size>25</size>
		</font>
		<font>
			<name>METF_HeadingDetails</name>
			<filename>MET_FontinSansSmallCaps.ttf</filename>
			<size>23</size>
		</font>
		<font>
			<name>METF_TitleText</name>
			<filename>MET_FontinSansSmallCaps.ttf</filename>
			<size>24</size>
		</font>
		<font>
			<name>METF_TitleTextMedium</name>
			<filename>MET_FontinSansSmallCaps.ttf</filename>
			<size>26</size>
		</font>
		<font>
			<name>METF_TitleTextLarge</name>
			<filename>MET_FontinSansSmallCaps.ttf</filename>
			<size>30</size>
		</font>
		<font>
			<name>METF_SettingsHeading</name>
			<filename>MET_FontinSansSmallCaps.ttf</filename>
			<size>28</size>
		</font>
		<font>
			<name>METF_MusicVizTitle</name>
			<filename>MET_FontinSansSmallCaps.ttf</filename>
			<size>48</size>
		</font>
		<font>
			<name>METF_SettingsDetail</name>
			<filename>MET_UbuntuRegular.ttf</filename>
			<size>22</size>
		</font>
		<font>
			<name>METF_MediaDetails</name>
			<filename>MET_UbuntuRegular.ttf</filename>
			<size>24</size>
		</font>
		<font>
			<name>METF_MediaDetailsSmall</name>
			<filename>MET_UbuntuRegular.ttf</filename>
			<size>21</size>
		</font>
		<font>
			<name>METF_PlotText</name>
			<filename>MET_UbuntuRegular.ttf</filename>
			<size>20</size>
		</font>
		<font>
			<name>METF_PlotTextMedium</name>
			<filename>MET_UbuntuRegular.ttf</filename>
			<size>19</size>
		</font>
		<font>
			<name>METF_PlotTextSmall</name>
			<filename>MET_UbuntuRegular.ttf</filename>
			<size>18</size>
		</font>
		<font>
			<name>METF_PlotTextSpaced</name>
			<filename>MET_UbuntuRegular.ttf</filename>
			<size>19</size>
			<linespacing>1.12</linespacing>
		</font>
		<font>
			<name>METF_InfoText</name>
			<filename>MET_UbuntuRegular.ttf</filename>
			<size>19</size>
		</font>
		<font>
			<name>METF_InfoTextLarger</name>
			<filename>MET_UbuntuRegular.ttf</filename>
			<size>22</size>
		</font>
		<font>
			<name>METF_MPAA</name>
			<filename>MET_UbuntuItalic.ttf</filename>
			<size>18</size>
		</font>
		<font>
			<name>METF_OSDTime</name>
			<filename>MET_Bebas.ttf</filename>
			<size>22</size>
		</font>
		<font>
			<name>METF_OSDPlayerStatus</name>
			<filename>MET_Bebas.ttf</filename>
			<size>48</size>
		</font>
		<font>
			<name>METF_DialogLargeBold</name>
			<filename>MET_UbuntuBold.ttf</filename>
			<size>23</size>
		</font>
		<font>
			<name>METF_DialogLarge</name>
			<filename>MET_UbuntuRegular.ttf</filename>
			<size>22</size>
		</font>
		<font>
			<name>METF_DialogMediumBold</name>
			<filename>MET_UbuntuBold.ttf</filename>
			<size>20</size>
		</font>
		<font>
			<name>METF_DialogMedium</name>
			<filename>MET_UbuntuRegular.ttf</filename>
			<size>20</size>
		</font>
		<font>
			<name>METF_DialogSmallBold</name>
			<filename>MET_UbuntuBold.ttf</filename>
			<size>17</size>
		</font>
		<font>
			<name>METF_DialogSmall</name>
			<filename>MET_UbuntuRegular.ttf</filename>
			<size>17</size>
		</font>
		<font>
			<name>METF_DialogVerySmall</name>
			<filename>MET_UbuntuRegular.ttf</filename>
			<size>14</size>
		</font>
		<font>
			<name>METF_Menu</name>
			<filename>MET_FontinSansSmallCaps.ttf</filename>
			<!--
			<style>bold</style>
			-->
			<size>23</size>
		</font>
		<font>
			<name>METF_ContextValue</name>
			<filename>MET_UbuntuRegular.ttf</filename>
			<size>20</size>
		</font>
		<font>
			<name>METF_WeatherHigh</name>
			<filename>MET_UbuntuRegular.ttf</filename>
			<size>62</size>
		</font>
		<font>
			<name>METF_WeatherLow</name>
			<filename>MET_UbuntuRegular.ttf</filename>
			<size>50</size>
		</font>
		
	</fontset>
</fonts>
