<includes>
	<include name="HomeRecentlyAddedInfo">
		<!-- Submenu title for default home view -->
		<control type="group">
			<include>Animation_OpenCloseFade</include>
			<include>Animation_FadedByMenu</include>
			<visible>!Skin.HasSetting(home2)</visible>
			<visible>[Container(9000).HasFocus(4) | Container(9000).HasFocus(5)] + Skin.HasSetting(ShowRecentlyAdded)</visible>
			<control type="image">
				<posx>238</posx>
				<posy>510</posy>
				<width>30</width>
				<height>30</height>
				<texture>ArrowLeft.png</texture>
				<colordiffuse>HelpArrowDiffuse</colordiffuse>
				<visible>![Control.HasFocus(8000) | Control.HasFocus(8001)]</visible>
			</control>
			<!-- Recently Added Movies -->
			<control type="label">
				<posx>270</posx>
				<posy>513</posy>
				<width>570</width>
				<height>25</height>
				<align>left</align>
				<aligny>center</aligny>
				<font>METF_RecentlyAddedTitle</font>
				<textcolor>HomeMenuText</textcolor>
				<label>[B]$LOCALIZE[20386][/B]</label>
				<visible>Container(9000).HasFocus(4) + !Skin.HasSetting(ShowRandomItems)</visible>
			</control>
			<!-- Random Movies -->
			<control type="label">
				<posx>270</posx>
				<posy>513</posy>
				<width>570</width>
				<height>25</height>
				<align>left</align>
				<aligny>center</aligny>
				<font>METF_RecentlyAddedTitle</font>
				<textcolor>HomeMenuText</textcolor>
				<label>[B]$LOCALIZE[590] $LOCALIZE[20342][/B]</label>
				<visible>Container(9000).HasFocus(4) + Skin.HasSetting(ShowRandomItems)</visible>
			</control>
			<!-- Recently Added Episodes -->
			<control type="label">
				<posx>270</posx>
				<posy>513</posy>
				<width>570</width>
				<height>25</height>
				<align>left</align>
				<aligny>center</aligny>
				<font>METF_RecentlyAddedTitle</font>
				<textcolor>HomeMenuText</textcolor>
				<label>[B]$LOCALIZE[20387][/B]</label>
				<visible>Container(9000).HasFocus(5) + !Skin.HasSetting(ShowRandomItems)</visible>
			</control>
			<!-- Random Episodes -->
			<control type="label">
				<posx>270</posx>
				<posy>513</posy>
				<width>570</width>
				<height>25</height>
				<align>left</align>
				<aligny>center</aligny>
				<font>METF_RecentlyAddedTitle</font>
				<textcolor>HomeMenuText</textcolor>
				<label>[B]$LOCALIZE[590] $LOCALIZE[20360][/B]</label>
				<visible>Container(9000).HasFocus(5) + Skin.HasSetting(ShowRandomItems)</visible>
			</control>
		</control>
		<!-- Submenu title for icon home view -->
		<control type="group">
			<include>Animation_OpenCloseFade</include>
			<include>Animation_FadedByMenu</include>
			<visible>Skin.HasSetting(home2)</visible>
			<visible>[Container(9000).HasFocus(4) | Container(9000).HasFocus(5)] + Skin.HasSetting(ShowRecentlyAdded)</visible>
			<control type="image">
				<posx>625</posx>
				<posy>45</posy>
				<width>30</width>
				<height>30</height>
				<texture>ArrowUp.png</texture>
				<colordiffuse>HelpArrowDiffuse</colordiffuse>
				<visible>![Control.HasFocus(8000) | Control.HasFocus(8001)]</visible>
			</control>
			<!-- Recently Added Movies -->
			<control type="label">
				<posx>355</posx>
				<posy>75</posy>
				<width>570</width>
				<height>25</height>
				<align>center</align>
				<aligny>center</aligny>
				<font>METF_RecentlyAddedTitle</font>
				<textcolor>HomeMenuText</textcolor>
				<label>[B]$LOCALIZE[20386][/B]</label>
				<visible>Container(9000).HasFocus(4) + !Skin.HasSetting(ShowRandomItems)</visible>
			</control>
			<!-- Random Movies -->
			<control type="label">
				<posx>355</posx>
				<posy>75</posy>
				<width>570</width>
				<height>25</height>
				<align>center</align>
				<aligny>center</aligny>
				<font>METF_RecentlyAddedTitle</font>
				<textcolor>HomeMenuText</textcolor>
				<label>[B]$LOCALIZE[590] $LOCALIZE[20342][/B]</label>
				<visible>Container(9000).HasFocus(4) + Skin.HasSetting(ShowRandomItems)</visible>
			</control>
			<!-- Recently Added Episodes -->
			<control type="label">
				<posx>355</posx>
				<posy>75</posy>
				<width>570</width>
				<height>25</height>
				<align>center</align>
				<aligny>center</aligny>
				<font>METF_RecentlyAddedTitle</font>
				<textcolor>HomeMenuText</textcolor>
				<label>[B]$LOCALIZE[20387][/B]</label>
				<visible>Container(9000).HasFocus(5) + !Skin.HasSetting(ShowRandomItems)</visible>
			</control>
			<!-- Random Episodes -->
			<control type="label">
				<posx>355</posx>
				<posy>75</posy>
				<width>570</width>
				<height>25</height>
				<align>center</align>
				<aligny>center</aligny>
				<font>METF_RecentlyAddedTitle</font>
				<textcolor>HomeMenuText</textcolor>
				<label>[B]$LOCALIZE[590] $LOCALIZE[20360][/B]</label>
				<visible>Container(9000).HasFocus(5) + Skin.HasSetting(ShowRandomItems)</visible>
			</control>
		</control>
		<control type="group" id="9002">
			<animation effect="fade" start="100" end="0" time="0" condition="Skin.HasSetting(home2) + !ControlGroup(9002).HasFocus()">conditional</animation>
			<animation effect="fade" start="0" end="100" delay="200" time="200" condition="Skin.HasSetting(home2) + ControlGroup(9002).HasFocus()">conditional</animation>
			<animation effect="fade" start="100" end="0" time="0" condition="Skin.HasSetting(home2) + ControlGroup(9002).HasFocus()">WindowClose</animation>
			<visible>[Container(9000).HasFocus(4) | Container(9000).HasFocus(5)] + Skin.HasSetting(ShowRecentlyAdded)</visible>
			<!-- Thumbnail -->
			<control type="group">
				<include>Animation_OpenCloseFade</include>
				<include>Animation_FadedByMenu</include>
				<control type="image">
					<posx>265</posx>
					<posy>560</posy>
					<width>250</width>
					<height>140</height>
					<texture diffuse="frames/EpisodeMatte.png">$INFO[Container(8000).ListItem.Thumb]</texture>
					<aspectratio align="right" aligny="center">scale</aspectratio>
					<bordertexture border="6">frames/thumb_border.png</bordertexture>
					<bordersize>8</bordersize>
					<fadetime>100</fadetime>
					<visible>Container(9000).HasFocus(4) + Library.HasContent(Movies) + [!Skin.HasSetting(home2) | Control.HasFocus(8000)]</visible>
				</control>
			</control>
			<control type="group">
				<include>Animation_OpenCloseFade</include>
				<include>Animation_FadedByMenu</include>
				<control type="image">
					<posx>265</posx>
					<posy>560</posy>
					<width>250</width>
					<height>140</height>
					<texture diffuse="frames/EpisodeMatte.png">$INFO[Container(8001).ListItem.Thumb]</texture>
					<aspectratio align="right" aligny="center">scale</aspectratio>
					<bordertexture border="6">frames/thumb_border.png</bordertexture>
					<bordersize>8</bordersize>
					<fadetime>100</fadetime>
					<visible>Container(9000).HasFocus(5) + Library.HasContent(TVShows) + [!Skin.HasSetting(home2) | Control.HasFocus(8001)]</visible>
				</control>
			</control>
			<!-- Lists -->
			<control type="group">
				<posx>522</posx>
				<posy>563</posy>
				<include>Animation_OpenCloseFade</include>
				<include>Animation_FadedByMenu</include>
				<control type="list" id="8000">
					<posx>0</posx>
					<posy>0</posy>
					<width>510</width>
					<height>135</height>
					<onup>8000</onup>
					<ondown>8000</ondown>
					<onleft>9000</onleft>
					<onright>9000</onright>
					<viewtype>list</viewtype>
					<orientation>vertical</orientation>
					<scrolltime>200</scrolltime>
					<include>RecentlyAddedMovieContents</include>
				</control>
			</control>
			<control type="group">
				<posx>522</posx>
				<posy>563</posy>
				<include>Animation_OpenCloseFade</include>
				<include>Animation_FadedByMenu</include>
				<control type="list" id="8001">
					<posx>0</posx>
					<posy>0</posy>
					<width>510</width>
					<height>135</height>
					<onup>8001</onup>
					<ondown>8001</ondown>
					<onleft>9000</onleft>
					<onright>9000</onright>
					<viewtype>list</viewtype>
					<orientation>vertical</orientation>
					<scrolltime>200</scrolltime>
					<include>RecentlyAddedTVShowContents</include>
				</control>
			</control>
		</control>
	</include>
	<include name="RecentlyAddedMovieContents">
		<visible>Container(9000).HasFocus(4) + Library.HasContent(Movies)</visible>
		<itemlayout width="510" height="27">
			<control type="label">
				<posx>10</posx>
				<posy>-2</posy>
				<width>500</width>
				<height>27</height>
				<align>left</align>
				<aligny>center</aligny>
				<scrollout>false</scrollout>
				<pauseatend>600</pauseatend>
				<scrollspeed>20</scrollspeed>
				<font>METF_RecentlyAddedListText</font>
				<textcolor>RecentlyAddedNF</textcolor>
				<label>$INFO[ListItem.Label]</label>
			</control>
		</itemlayout>
		<focusedlayout width="510" height="27">
			<!-- Focus Bar -->
			<control type="image">
				<posx>0</posx>
				<posy>0</posy>
				<width>510</width>
				<height>27</height>
				<aligny>center</aligny>
				<texture>FocusLine.png</texture>
				<colordiffuse>FocusBar</colordiffuse>
				<visible>Control.HasFocus(8000)</visible>
			</control>
			<control type="label">
				<posx>10</posx>
				<posy>-2</posy>
				<width>500</width>
				<height>27</height>
				<align>left</align>
				<aligny>center</aligny>
				<scrollout>false</scrollout>
				<pauseatend>600</pauseatend>
				<scrollspeed>20</scrollspeed>
				<font>METF_RecentlyAddedListText</font>
				<textcolor>FocusBarText</textcolor>
				<label>$INFO[ListItem.Label]</label>
			</control>
		</focusedlayout>
		<content>
			<item id="1">
				<description>Recently Added Movie 1</description>
				<label>$INFO[Window.Property(LatestMovie.1.Title)]</label>
				<icon>$INFO[Window.Property(LatestMovie.1.Thumb)]</icon>
				<thumb>$INFO[Window.Property(LatestMovie.1.Fanart)]</thumb>
				<onclick>PlayMedia($INFO[Window.Property(LatestMovie.1.Path)])</onclick>
				<visible>!IsEmpty(Window.Property(LatestMovie.1.Path))</visible>
			</item>
			<item id="2">
				<description>Recently Added Movie 2</description>
				<label>$INFO[Window.Property(LatestMovie.2.Title)]</label>
				<icon>$INFO[Window.Property(LatestMovie.2.Thumb)]</icon>
				<thumb>$INFO[Window.Property(LatestMovie.2.Fanart)]</thumb>
				<onclick>PlayMedia($INFO[Window.Property(LatestMovie.2.Path)])</onclick>
				<visible>!IsEmpty(Window.Property(LatestMovie.2.Path))</visible>
			</item>
			<item id="3">
				<description>Recently Added Movie 3</description>
				<label>$INFO[Window.Property(LatestMovie.3.Title)]</label>
				<icon>$INFO[Window.Property(LatestMovie.3.Thumb)]</icon>
				<thumb>$INFO[Window.Property(LatestMovie.3.Fanart)]</thumb>
				<onclick>PlayMedia($INFO[Window.Property(LatestMovie.3.Path)])</onclick>
				<visible>!IsEmpty(Window.Property(LatestMovie.3.Path))</visible>
			</item>
			<item id="4">
				<description>Recently Added Movie 4</description>
				<label>$INFO[Window.Property(LatestMovie.4.Title)]</label>
				<icon>$INFO[Window.Property(LatestMovie.4.Thumb)]</icon>
				<thumb>$INFO[Window.Property(LatestMovie.4.Fanart)]</thumb>
				<onclick>PlayMedia($INFO[Window.Property(LatestMovie.4.Path)])</onclick>
				<visible>!IsEmpty(Window.Property(LatestMovie.4.Path))</visible>
			</item>
			<item id="5">
				<description>Recently Added Movie 5</description>
				<label>$INFO[Window.Property(LatestMovie.5.Title)]</label>
				<icon>$INFO[Window.Property(LatestMovie.5.Thumb)]</icon>
				<thumb>$INFO[Window.Property(LatestMovie.5.Fanart)]</thumb>
				<onclick>PlayMedia($INFO[Window.Property(LatestMovie.5.Path)])</onclick>
				<visible>!IsEmpty(Window.Property(LatestMovie.5.Path))</visible>
			</item>
			<item id="6">
				<description>Recently Added Movie 6</description>
				<label>$INFO[Window.Property(LatestMovie.6.Title)]</label>
				<icon>$INFO[Window.Property(LatestMovie.6.Thumb)]</icon>
				<thumb>$INFO[Window.Property(LatestMovie.6.Fanart)]</thumb>
				<onclick>PlayMedia($INFO[Window.Property(LatestMovie.6.Path)])</onclick>
				<visible>!IsEmpty(Window.Property(LatestMovie.6.Path))</visible>
			</item>
			<item id="7">
				<description>Recently Added Movie 7</description>
				<label>$INFO[Window.Property(LatestMovie.7.Title)]</label>
				<icon>$INFO[Window.Property(LatestMovie.7.Thumb)]</icon>
				<thumb>$INFO[Window.Property(LatestMovie.7.Fanart)]</thumb>
				<onclick>PlayMedia($INFO[Window.Property(LatestMovie.7.Path)])</onclick>
				<visible>!IsEmpty(Window.Property(LatestMovie.7.Path))</visible>
			</item>
			<item id="8">
				<description>Recently Added Movie 8</description>
				<label>$INFO[Window.Property(LatestMovie.8.Title)]</label>
				<icon>$INFO[Window.Property(LatestMovie.8.Thumb)]</icon>
				<thumb>$INFO[Window.Property(LatestMovie.8.Fanart)]</thumb>
				<onclick>PlayMedia($INFO[Window.Property(LatestMovie.8.Path)])</onclick>
				<visible>!IsEmpty(Window.Property(LatestMovie.8.Path))</visible>
			</item>
			<item id="9">
				<description>Recently Added Movie 9</description>
				<label>$INFO[Window.Property(LatestMovie.9.Title)]</label>
				<icon>$INFO[Window.Property(LatestMovie.9.Thumb)]</icon>
				<thumb>$INFO[Window.Property(LatestMovie.9.Fanart)]</thumb>
				<onclick>PlayMedia($INFO[Window.Property(LatestMovie.9.Path)])</onclick>
				<visible>!IsEmpty(Window.Property(LatestMovie.9.Path))</visible>
			</item>
			<item id="10">
				<description>Recently Added Movie 10</description>
				<label>$INFO[Window.Property(LatestMovie.10.Title)]</label>
				<icon>$INFO[Window.Property(LatestMovie.10.Thumb)]</icon>
				<thumb>$INFO[Window.Property(LatestMovie.10.Fanart)]</thumb>
				<onclick>PlayMedia($INFO[Window.Property(LatestMovie.10.Path)])</onclick>
				<visible>!IsEmpty(Window.Property(LatestMovie.10.Path))</visible>
			</item>
		</content>
	</include>
	<include name="RecentlyAddedTVShowContents">
		<visible>Container(9000).HasFocus(5) + Library.HasContent(TVShows)</visible>
		<itemlayout width="510" height="27">
			<control type="label">
				<posx>10</posx>
				<posy>-2</posy>
				<width>500</width>
				<height>27</height>
				<align>left</align>
				<aligny>center</aligny>
				<scrollout>false</scrollout>
				<pauseatend>600</pauseatend>
				<scrollspeed>20</scrollspeed>
				<font>METF_RecentlyAddedListText</font>
				<textcolor>RecentlyAddedNF</textcolor>
				<label>$INFO[ListItem.Label]</label>
			</control>
		</itemlayout>
		<focusedlayout width="510" height="27">
			<!-- Focus Bar -->
			<control type="image">
				<posx>0</posx>
				<posy>0</posy>
				<width>510</width>
				<height>27</height>
				<aligny>center</aligny>
				<texture>FocusLine.png</texture>
				<colordiffuse>FocusBar</colordiffuse>
				<visible>Control.HasFocus(8001)</visible>
			</control>
			<control type="label">
				<posx>10</posx>
				<posy>-2</posy>
				<width>500</width>
				<height>27</height>
				<align>left</align>
				<aligny>center</aligny>
				<scrollout>false</scrollout>
				<pauseatend>600</pauseatend>
				<scrollspeed>20</scrollspeed>
				<font>METF_RecentlyAddedListText</font>
				<textcolor>FocusBarText</textcolor>
				<label>$INFO[ListItem.Label]</label>
			</control>
		</focusedlayout>
		<content>
			<item id="1">
				<description>Recently Added Episode 1</description>
				<label>$INFO[Window.Property(LatestEpisode.1.ShowTitle)] $INFO[Window.Property(LatestEpisode.1.EpisodeNo)] - $INFO[Window.Property(LatestEpisode.1.EpisodeTitle)]</label>
				<icon>-</icon>
				<thumb>$INFO[Window.Property(LatestEpisode.1.Thumb)]</thumb>
				<onclick>PlayMedia($INFO[Window.Property(LatestEpisode.1.Path)])</onclick>
				<visible>!IsEmpty(Window.Property(LatestEpisode.1.Path))</visible>
			</item>
			<item id="2">
				<description>Recently Added Episode 2</description>
				<label>$INFO[Window.Property(LatestEpisode.2.ShowTitle)] $INFO[Window.Property(LatestEpisode.2.EpisodeNo)] - $INFO[Window.Property(LatestEpisode.2.EpisodeTitle)]</label>
				<icon>-</icon>
				<thumb>$INFO[Window.Property(LatestEpisode.2.Thumb)]</thumb>
				<onclick>PlayMedia($INFO[Window.Property(LatestEpisode.2.Path)])</onclick>
				<visible>!IsEmpty(Window.Property(LatestEpisode.2.Path))</visible>
			</item>
			<item id="3">
				<description>Recently Added Episode 3</description>
				<label>$INFO[Window.Property(LatestEpisode.3.ShowTitle)] $INFO[Window.Property(LatestEpisode.3.EpisodeNo)] - $INFO[Window.Property(LatestEpisode.3.EpisodeTitle)]</label>
				<icon>-</icon>
				<thumb>$INFO[Window.Property(LatestEpisode.3.Thumb)]</thumb>
				<onclick>PlayMedia($INFO[Window.Property(LatestEpisode.3.Path)])</onclick>
				<visible>!IsEmpty(Window.Property(LatestEpisode.3.Path))</visible>
			</item>
			<item id="4">
				<description>Recently Added Episode 4</description>
				<label>$INFO[Window.Property(LatestEpisode.4.ShowTitle)] $INFO[Window.Property(LatestEpisode.4.EpisodeNo)] - $INFO[Window.Property(LatestEpisode.4.EpisodeTitle)]</label>
				<icon>-</icon>
				<thumb>$INFO[Window.Property(LatestEpisode.4.Thumb)]</thumb>
				<onclick>PlayMedia($INFO[Window.Property(LatestEpisode.4.Path)])</onclick>
				<visible>!IsEmpty(Window.Property(LatestEpisode.4.Path))</visible>
			</item>
			<item id="5">
				<description>Recently Added Episode 5</description>
				<label>$INFO[Window.Property(LatestEpisode.5.ShowTitle)] $INFO[Window.Property(LatestEpisode.5.EpisodeNo)] - $INFO[Window.Property(LatestEpisode.5.EpisodeTitle)]</label>
				<icon>-</icon>
				<thumb>$INFO[Window.Property(LatestEpisode.5.Thumb)]</thumb>
				<onclick>PlayMedia($INFO[Window.Property(LatestEpisode.5.Path)])</onclick>
				<visible>!IsEmpty(Window.Property(LatestEpisode.5.Path))</visible>
			</item>
			<item id="6">
				<description>Recently Added Episode 6</description>
				<label>$INFO[Window.Property(LatestEpisode.6.ShowTitle)] $INFO[Window.Property(LatestEpisode.6.EpisodeNo)] - $INFO[Window.Property(LatestEpisode.6.EpisodeTitle)]</label>
				<icon>-</icon>
				<thumb>$INFO[Window.Property(LatestEpisode.6.Thumb)]</thumb>
				<onclick>PlayMedia($INFO[Window.Property(LatestEpisode.6.Path)])</onclick>
				<visible>!IsEmpty(Window.Property(LatestEpisode.6.Path))</visible>
			</item>
			<item id="7">
				<description>Recently Added Episode 7</description>
				<label>$INFO[Window.Property(LatestEpisode.7.ShowTitle)] $INFO[Window.Property(LatestEpisode.7.EpisodeNo)] - $INFO[Window.Property(LatestEpisode.7.EpisodeTitle)]</label>
				<icon>-</icon>
				<thumb>$INFO[Window.Property(LatestEpisode.7.Thumb)]</thumb>
				<onclick>PlayMedia($INFO[Window.Property(LatestEpisode.7.Path)])</onclick>
				<visible>!IsEmpty(Window.Property(LatestEpisode.7.Path))</visible>
			</item>
			<item id="8">
				<description>Recently Added Episode 8</description>
				<label>$INFO[Window.Property(LatestEpisode.8.ShowTitle)] $INFO[Window.Property(LatestEpisode.8.EpisodeNo)] - $INFO[Window.Property(LatestEpisode.8.EpisodeTitle)]</label>
				<icon>-</icon>
				<thumb>$INFO[Window.Property(LatestEpisode.8.Thumb)]</thumb>
				<onclick>PlayMedia($INFO[Window.Property(LatestEpisode.8.Path)])</onclick>
				<visible>!IsEmpty(Window.Property(LatestEpisode.8.Path))</visible>
			</item>
			<item id="9">
				<description>Recently Added Episode 9</description>
				<label>$INFO[Window.Property(LatestEpisode.9.ShowTitle)] $INFO[Window.Property(LatestEpisode.9.EpisodeNo)] - $INFO[Window.Property(LatestEpisode.9.EpisodeTitle)]</label>
				<icon>-</icon>
				<thumb>$INFO[Window.Property(LatestEpisode.9.Thumb)]</thumb>
				<onclick>PlayMedia($INFO[Window.Property(LatestEpisode.9.Path)])</onclick>
				<visible>!IsEmpty(Window.Property(LatestEpisode.9.Path))</visible>
			</item>
			<item id="10">
				<description>Recently Added Episode 10</description>
				<label>$INFO[Window.Property(LatestEpisode.10.ShowTitle)] $INFO[Window.Property(LatestEpisode.10.EpisodeNo)] - $INFO[Window.Property(LatestEpisode.10.EpisodeTitle)]</label>
				<icon>-</icon>
				<thumb>$INFO[Window.Property(LatestEpisode.10.Thumb)]</thumb>
				<onclick>PlayMedia($INFO[Window.Property(LatestEpisode.10.Path)])</onclick>
				<visible>!IsEmpty(Window.Property(LatestEpisode.10.Path))</visible>
			</item>
		</content>
	</include>
</includes>
