﻿<includes>
	<include name="MediaInfo">
		<control type="group">
			<!--
			<visible>!ListItem.IsFolder</visible>
			-->
			<control type="group">
				<visible>!IsEmpty(ListItem.Title) + !SubString(Container.FolderPath,plugin)</visible>
				<visible>![Container.Content(movies) + IsEmpty(listitem.Genre) + IsEmpty(ListItem.VideoResolution)]</visible>
				<control type="group">
					<posx>3</posx>
					<posy>5</posy>
					<visible>[Container.Content(movies) | Container.Content(tvshows) | Container.Content(seasons) | Container.Content(episodes)]</visible>
					<!-- MPAA Flags -->
					<control type="group">
						<posx>28</posx>
						<posy>560</posy>
						<control type="image">
							<include>MediaFlagsVarsMPAA</include>
							<texture>flags/Rating/NoRating.png</texture>
							<visible>IsEmpty(listitem.mpaa)</visible>
						</control>
						<!-- US/MPAA -->
						<control type="image">
							<include>MediaFlagsVarsMPAA</include>
							<texture>flags/Rating/mpaa_r.png</texture>
							<visible>substring(listitem.mpaa,Rated R,Left)</visible>
						</control>
						<control type="image">
							<include>MediaFlagsVarsMPAA</include>
							<texture>flags/Rating/mpaa_pg13.png</texture>
							<visible>substring(listitem.mpaa,Rated PG-13,Left)</visible>
						</control>
						<control type="image">
							<include>MediaFlagsVarsMPAA</include>
							<texture>flags/Rating/mpaa_pg.png</texture>
							<visible>substring(listitem.mpaa,Rated PG,Left) + !substring(listitem.mpaa,Rated PG-13,Left)</visible>
						</control>
						<control type="image">
							<include>MediaFlagsVarsMPAA</include>
							<texture>flags/Rating/mpaa_nc17.png</texture>
							<visible>substring(listitem.mpaa,Rated NC,Left)</visible>
						</control>
						<control type="image">
							<include>MediaFlagsVarsMPAA</include>
							<texture>flags/Rating/mpaa_general.png</texture>
							<visible>substring(listitem.mpaa,Rated G,Left)</visible>
						</control>
						<control type="image">
							<include>MediaFlagsVarsMPAA</include>
							<texture>$INFO[listitem.mpaa,flags/Rating/,.png]</texture>
							<visible>substring(listitem.mpaa,TV-)</visible>
						</control>
						<!-- Germany -->
						<control type="image">
							<include>MediaFlagsVarsMPAA</include>
							<texture>flags/Rating/germany_0.png</texture>
							<visible>substring(listitem.mpaa,Germany:0)</visible>
						</control>
						<control type="image">
							<include>MediaFlagsVarsMPAA</include>t>
							<texture>flags/Rating/germany_6.png</texture>
							<visible>substring(listitem.mpaa,Germany:6)</visible>
						</control>
						<control type="image">
							<include>MediaFlagsVarsMPAA</include>
							<texture>flags/Rating/germany_12.png</texture>
							<visible>substring(listitem.mpaa,Germany:12)</visible>
						</control>
						<control type="image">
							<include>MediaFlagsVarsMPAA</include>
							<texture>flags/Rating/germany_16.png</texture>
							<visible>substring(listitem.mpaa,Germany:16)</visible>
						</control>
						<control type="image">
							<include>MediaFlagsVarsMPAA</include>
							<texture>flags/Rating/germany_18.png</texture>
							<visible>substring(listitem.mpaa,Germany:18)</visible>
						</control>
						<!-- Australia -->
						<control type="image">
							<include>MediaFlagsVarsMPAA</include>
							<texture>flags/Rating/australia_r.png</texture>
							<visible>substring(listitem.mpaa,Australia:R)</visible>
						</control>
						<control type="image">
							<include>MediaFlagsVarsMPAA</include>
							<texture>flags/Rating/australia_m.png</texture>
							<visible>substring(listitem.mpaa,Australia:M) + !substring(listitem.mpaa,Australia:MA)</visible>
						</control>
						<control type="image">
							<include>MediaFlagsVarsMPAA</include>
							<texture>flags/Rating/australia_ma.png</texture>
							<visible>substring(listitem.mpaa,Australia:MA)</visible>
						</control>
						<control type="image">
							<include>MediaFlagsVarsMPAA</include>
							<texture>flags/Rating/australia_pg.png</texture>
							<visible>substring(listitem.mpaa,Australia:PG)</visible>
						</control>
						<control type="image">
							<include>MediaFlagsVarsMPAA</include>
							<texture>flags/Rating/australia_g.png</texture>
							<visible>substring(listitem.mpaa,Australia:G)</visible>
						</control>
						<control type="image">
							<include>MediaFlagsVarsMPAA</include>
							<texture>flags/Rating/australia_e.png</texture>
							<visible>substring(listitem.mpaa,Australia:E)</visible>
						</control>
						<control type="image">
							<include>MediaFlagsVarsMPAA</include>
							<texture>flags/Rating/australia_x.png</texture>
							<visible>substring(listitem.mpaa,Australia:X)</visible>
						</control>
						<!-- United Kingdom -->
						<control type="image">
							<include>MediaFlagsVarsMPAA</include>
							<texture>flags/Rating/bbfc_u.png</texture>
							<visible>substring(listitem.mpaa,UK:U)</visible>
						</control>
						<control type="image">
							<include>MediaFlagsVarsMPAA</include>
							<texture>flags/Rating/bbfc_pg.png</texture>
							<visible>substring(listitem.mpaa,UK:PG)</visible>
						</control>
						<control type="image">
							<include>MediaFlagsVarsMPAA</include>
							<texture>flags/Rating/bbfc_12.png</texture>
							<visible>substring(listitem.mpaa,UK:12)</visible>
						</control>
						<control type="image">
							<include>MediaFlagsVarsMPAA</include>
							<texture>flags/Rating/bbfc_12a.png</texture>
							<visible>substring(listitem.mpaa,UK:12A)</visible>
						</control>
						<control type="image">
							<include>MediaFlagsVarsMPAA</include>
							<texture>flags/Rating/bbfc_15.png</texture>
							<visible>substring(listitem.mpaa,UK:15)</visible>
						</control>
						<control type="image">
							<include>MediaFlagsVarsMPAA</include>
							<texture>flags/Rating/bbfc_18.png</texture>
							<visible>substring(listitem.mpaa,UK:18)</visible>
						</control>
						<control type="image">
							<include>MediaFlagsVarsMPAA</include>
							<texture>flags/Rating/bbfc_r18.png</texture>
							<visible>substring(listitem.mpaa,UK:X)</visible>
						</control>
						<control type="image">
							<posx>-10</posx>
							<posy>-4</posy>
							<width>66</width>
							<height>58</height>
							<texture>flags/flag_framesquare.png</texture>
							<colordiffuse>MediaFlagBoxDiffuse</colordiffuse>
						</control>
					</control>
					<!-- Rating Stars -->
					<control type="group">
						<posx>91</posx>
						<posy>560</posy>
						<visible>!IsEmpty(ListItem.Rating)</visible>
						<control type="image">
							<posx>2</posx>
							<posy>4</posy>
							<width>42</width>
							<height>42</height>
							<texture>Star.png</texture>
							<colordiffuse>RatingStarDiffuse</colordiffuse>
						</control>
						<control type="label">
							<posx>-2</posx>
							<posy>0</posy>
							<width>50</width>
							<height>50</height>
							<align>center</align>
							<aligny>center</aligny>
							<info>ListItem.Rating</info>
							<textcolor>MediaFlagDiffuse</textcolor>
							<font>METF_StarRating</font>
						</control>
						<control type="image">
							<posx>-10</posx>
							<posy>-4</posy>
							<width>66</width>
							<height>58</height>
							<texture>flags/flag_framesquare.png</texture>
							<colordiffuse>MediaFlagBoxDiffuse</colordiffuse>
						</control>
					</control>
					<!-- Studios -->
					<control type="group">
						<posx>2</posx>
						<posy>622</posy>
						<visible>!SubString(Container.FolderPath,plugin)</visible>
						<control type="image">
							<height>70</height>
							<aspectratio aligny="center">keep</aspectratio>
							<colordiffuse>MediaFlagDiffuse</colordiffuse>
							<texture fallback="flags/default.png">special://skin/extras/studios/$INFO[ListItem.Studio,,.png]</texture>
						</control>
						<control type="image">
							<posx>10</posx>
							<posy>-9</posy>
							<width>140</width>
							<height>90</height>
							<texture>flags/flag_frame.png</texture>
							<colordiffuse>MediaFlagBoxDiffuse</colordiffuse>
						</control>
					</control>
				</control>
			</control>
		</control>
	</include>
</includes>
