﻿<includes>
	<include name="MediaInfo2">
		<!-- Additional Media Flags -->
		<control type="group">
			<posx>171</posx>
			<posy>3</posy>
			<include>Animation_FadedByMenu</include>
			<include>Animation_CommonFade</include>
			<include>Animation_OpenCloseFade</include>
			<animation effect="slide" start="0,0" end="35,0" time="300" condition="Skin.HasSetting(ShowAllMediaFlags) + !Window.IsActive(movieinformation)">Conditional</animation>
			<visible>[Container.Content(movies) | Container.Content(episodes) | Container.Content(MusicVideos)] + !SubString(Container.FolderPath,plugin)</visible>
			<visible>![Container.Content(movies) + IsEmpty(listitem.Genre) + IsEmpty(ListItem.VideoResolution)]</visible>
			<!-- IMDB Flag -->
			<control type="group">
				<posx>-3</posx>
				<posy>640</posy>
				<control type="image">
					<posx>22</posx>
					<posy>19</posy>
					<width>55</width>
					<height>34</height>
					<texture>flags/IMDB-Logo.png</texture>
					<colordiffuse>IMDbDiffuse</colordiffuse>
					<visible>!substring(listitem.top250,0,Left) + !IsEmpty(listitem.top250)</visible>
				</control>
				<control type="label">
					<posx>74</posx>
					<posy>13</posy>
					<width>50</width>
					<height>50</height>
					<align>center</align>
					<aligny>center</aligny>
					<font>METF_IMDbRating</font>
					<textcolor>MediaFlagDiffuse</textcolor>
					<label>$INFO[ListItem.top250]</label>
					<visible>!substring(listitem.top250,0,Left) + !IsEmpty(listitem.top250)</visible>
				</control>
				<control type="image">
					<posx>8</posx>
					<posy>8</posy>
					<width>125</width>
					<height>54</height>
					<colordiffuse>MediaFlagBoxDiffuse</colordiffuse>
					<texture>flags/flag_frame.png</texture>
					<visible>!substring(listitem.top250,0,Left) + !IsEmpty(listitem.top250)</visible>
				</control>
			</control>
			<!-- Video Source -->
			<control type="group">
				<posx>145</posx>
				<posy>640</posy>
				<control type="image">
					<include>PosterMediaFlagsVars</include>
					<texture fallback="flags/default.png">flags/Source/sdtv.png</texture>
					<visible>substring(listitem.filename,sdtv) | substring(listitem.filename,tvrip) | [[!substring(listitem.filename,hdtv) + !substring(listitem.filename,bluray) + !substring(listitem.filename,hddvd) + !substring(listitem.filename,sddvd) + !substring(listitem.filename,blu-ray) + !substring(listitem.filename,brrip) + !substring(listitem.filename,bdrip) + !substring(listitem.filename,pdtv) + !substring(listitem.filename,.evo,Right) + !substring(listitem.filename,.mt2s,Right) + !substring(listitem.filename,.ifo,Right) + !substring(listitem.filename,.vob,Right) + !substring(listitem.filename,r5) + !substring(listitem.filename,dvdscr) + !substring(listitem.filename,screener) + !substring(listitem.filename,web-dl) + !substring(listitem.filename,webrip) + !substring(listitem.filename,dvd)] + Container.Content(episodes) + [substring(listitem.VideoResolution,SD) | substring(listitem.VideoResolution,480) | substring(listitem.VideoResolution,540) | substring(listitem.VideoResolution,576)]]</visible>
				</control>
				<control type="image">
					<include>PosterMediaFlagsVars</include>
					<texture fallback="flags/default.png">flags/Source/hdtv.png</texture>
					<visible>substring(listitem.filename,hdtv) | substring(listitem.filename,pdtv) | [[!substring(listitem.filename,sdtv) + !substring(listitem.filename,bluray) + !substring(listitem.filename,hddvd) + !substring(listitem.filename,sddvd) + !substring(listitem.filename,blu-ray) + !substring(listitem.filename,brrip) + !substring(listitem.filename,bdrip) + !substring(listitem.filename,tvrip) + !substring(listitem.filename,.evo,Right) + !substring(listitem.filename,.mt2s,Right) + !substring(listitem.filename,.ifo,Right) + !substring(listitem.filename,.vob,Right) + !substring(listitem.filename,r5) + !substring(listitem.filename,dvdscr) + !substring(listitem.filename,screener) + !substring(listitem.filename,web-dl) + !substring(listitem.filename,webrip) + !substring(listitem.filename,dvd)] + Container.Content(episodes) + [substring(listitem.VideoResolution,720) | substring(listitem.VideoResolution,1080)]]</visible>
				</control>
				<control type="image">
					<include>PosterMediaFlagsVars</include>
					<texture fallback="flags/default.png">flags/Source/webtv.png</texture>
					<visible>substring(listitem.filename,web-dl) | substring(listitem.filename,webrip)</visible>
				</control>
				<control type="image">
					<include>PosterMediaFlagsVars</include>
					<texture fallback="flags/default.png">flags/Source/hddvd.png</texture>
					<visible>substring(listitem.filename,hddvd) | substring(listitem.filename,hd-dvd) | substring(listitem.filename,.evo,Right)</visible>
				</control>
				<control type="image">
					<include>PosterMediaFlagsVars</include>
					<texture fallback="flags/default.png">flags/Source/bluray.png</texture>
					<visible>substring(listitem.filename,bluray) | substring(listitem.filename,blu-ray) | substring(listitem.filename,brrip) | substring(listitem.filename,bdrip) | substring(listitem.filename,.mt2s,Right) | [[!substring(listitem.filename,sddvd) + !substring(listitem.filename,blu-ray) + !substring(listitem.filename,brrip) + !substring(listitem.filename,bdrip) + !substring(listitem.filename,tvrip) + !substring(listitem.filename,pdtv) + !substring(listitem.filename,hddvd) + !substring(listitem.filename,sdtv) + !substring(listitem.filename,hdtv) + !substring(listitem.filename,.evo,Right) + !substring(listitem.filename,.ifo,Right) + !substring(listitem.filename,.vob,Right) + !substring(listitem.filename,r5) + !substring(listitem.filename,dvdscr) + !substring(listitem.filename,screener) + !substring(listitem.filename,web-dl) + !substring(listitem.filename,webrip)] +  Container.Content(movies) + [substring(ListItem.VideoResolution,720) | substring(ListItem.VideoResolution,1080)]]</visible>
				</control>
				<control type="image">
					<include>PosterMediaFlagsVars</include>
					<texture fallback="flags/default.png">flags/Source/dvd.png</texture>
					<visible>[substring(listitem.filename,dvd) + !substring(listitem.filename,hddvd) + !substring(listitem.filename,hd-dvd) + !substring(listitem.filename,bluray) + !substring(listitem.filename,blu-ray) + !substring(listitem.filename,brrip) + !substring(listitem.filename,bdrip) + !substring(listitem.filename,r5) + !substring(listitem.filename,dvdscr) + !substring(listitem.filename,screener) + !substring(listitem.filename,web-dl) + !substring(listitem.filename,webrip)] | substring(listitem.filename,.ifo,Right) | substring(listitem.filename,.vob,Right) | [[!substring(listitem.filename,hddvd) + !substring(listitem.filename,bluray) + !substring(listitem.filename,blu-ray) + !substring(listitem.filename,brrip) + !substring(listitem.filename,bdrip) + !substring(listitem.filename,sdtv) + !substring(listitem.filename,hdtv) + !substring(listitem.filename,.evo,Right) + !substring(listitem.filename,.m2ts,Right) + !substring(listitem.filename,r5) + !substring(listitem.filename,dvdscr) + !substring(listitem.filename,screener) + !substring(listitem.filename,web-dl) + !substring(listitem.filename,webrip)] + Container.Content(movies) + [substring(listitem.VideoResolution,SD) | substring(listitem.VideoResolution,480) | substring(listitem.VideoResolution,540) | substring(listitem.VideoResolution,576)]]</visible>
				</control>
				<control type="image">
					<include>PosterMediaFlagsVars</include>
					<texture fallback="flags/default.png">flags/Source/r5.png</texture>
					<visible>substring(listitem.filename,r5)</visible>
				</control>
				<control type="image">
					<include>PosterMediaFlagsVars</include>
					<texture fallback="flags/default.png">flags/Source/screener.png</texture>
					<visible>substring(listitem.filename,dvdscr) | substring(listitem.filename,screener)</visible>
				</control>
				<control type="image">
					<posx>8</posx>
					<posy>8</posy>
					<width>104</width>
					<height>54</height>
					<colordiffuse>MediaFlagBoxDiffuse</colordiffuse>
					<texture>flags/flag_frame.png</texture>
				</control>
			</control>
			<!-- Video Resolution -->
			<control type="group">
				<posx>240</posx>
				<posy>640</posy>
				<control type="image">
					<posx>22</posx>
					<posy>16</posy>
					<width>80</width>
					<height>40</height>
					<colordiffuse>MediaFlagDiffuse</colordiffuse>
					<texture fallback="flags/default.png">$INFO[ListItem.VideoResolution,flags/VideoResolution/,.png]</texture>
				</control>
				<control type="image">
					<posx>8</posx>
					<posy>8</posy>
					<width>104</width>
					<height>54</height>
					<colordiffuse>MediaFlagBoxDiffuse</colordiffuse>
					<texture>flags/flag_frame.png</texture>
				</control>
			</control>
			<!-- Video Aspect-->
			<control type="group">
				<posx>335</posx>
				<posy>640</posy>
				<control type="image">
					<posx>22</posx>
					<posy>16</posy>
					<width>80</width>
					<height>40</height>
					<colordiffuse>MediaFlagDiffuse</colordiffuse>
					<texture fallback="flags/VideoAspect/default.png">$INFO[ListItem.VideoAspect,flags/VideoAspect/,.png]</texture>
				</control>
				<control type="image">
					<posx>8</posx>
					<posy>8</posy>
					<width>104</width>
					<height>54</height>
					<colordiffuse>MediaFlagBoxDiffuse</colordiffuse>
					<texture>flags/flag_frame.png</texture>
				</control>
			</control>
			<!-- Video Codec -->
			<control type="group">
				<posx>430</posx>
				<posy>640</posy>
				<control type="image">
					<posx>21</posx>
					<posy>16</posy>
					<width>80</width>
					<height>40</height>
					<colordiffuse>MediaFlagDiffuse</colordiffuse>
					<texture fallback="flags/default.png">$INFO[ListItem.VideoCodec,flags/VideoCodec/,.png]</texture>
				</control>
				<control type="image">
					<posx>8</posx>
					<posy>8</posy>
					<width>104</width>
					<height>54</height>
					<colordiffuse>MediaFlagBoxDiffuse</colordiffuse>
					<texture>flags/flag_frame.png</texture>
				</control>
			</control>
			<!-- Audio Codec -->
			<control type="group">
				<posx>525</posx>
				<posy>640</posy>
				<control type="image">
					<posx>21</posx>
					<posy>16</posy>
					<width>80</width>
					<height>40</height>
					<colordiffuse>MediaFlagDiffuse</colordiffuse>
					<texture fallback="flags/defaultsound.png">$INFO[ListItem.AudioCodec,flags/AudioCodec/,.png]</texture>
				</control>
				<control type="image">
					<posx>8</posx>
					<posy>8</posy>
					<width>104</width>
					<height>54</height>
					<colordiffuse>MediaFlagBoxDiffuse</colordiffuse>
					<texture>flags/flag_frame.png</texture>
				</control>
			</control>
			<!-- Audio Channels -->
			<control type="group">
				<posx>620</posx>
				<posy>640</posy>
				<control type="image">
					<posx>20</posx>
					<posy>16</posy>
					<width>80</width>
					<height>40</height>
					<colordiffuse>MediaFlagDiffuse</colordiffuse>
					<texture fallback="flags/AudioChannels/DefaultChannels.png">$INFO[ListItem.AudioChannels,flags/AudioChannels/,ch.png]</texture>
				</control>
				<control type="image">
					<posx>8</posx>
					<posy>8</posy>
					<width>104</width>
					<height>54</height>
					<colordiffuse>MediaFlagBoxDiffuse</colordiffuse>
					<texture>flags/flag_frame.png</texture>
				</control>
			</control>
			<!-- Subtitles -->
			<control type="group">
				<posx>760</posx>
				<posy>645</posy>
				<control type="image">
					<posx>5</posx>
					<posy>8</posy>
					<width>45</width>
					<height>45</height>
					<colordiffuse>MediaFlagDiffuse</colordiffuse>
					<texture>flags/cc.png</texture>
					<visible>!IsEmpty(ListItem.SubtitleLanguage)</visible>
				</control>
				<control type="image">
					<posx>-2</posx>
					<posy>3</posy>
					<width>58</width>
					<height>54</height>
					<colordiffuse>MediaFlagBoxDiffuse</colordiffuse>
					<texture>flags/flag_framesquare.png</texture>
					<visible>!IsEmpty(ListItem.SubtitleLanguage)</visible>
				</control>
			</control>
		</control>
	</include>
</includes>
