﻿<includes>
		<include name="GlobalMusic">
		<control type="group">
			<posx>20</posx>
			<posy>560</posy>
			<animation effect="slide" start="0,0" end="-186,0" time="400" condition="Window.IsActive(filemanager) | Window.IsActive(musicplaylisteditor)">Conditional</animation>
			<visible>!Window.IsActive(visualisation) + !Window.IsActive(karaoke) + !SubString(Window(videolibrary).Property(TvTunesIsAlive),True)</visible>
			<!-- Optional CD Art -->
			<control type="image">
				<animation type="Conditional" reversible="false" condition="Skin.HasSetting(CDArt) + !StringCompare(MusicPlayer.Cover,DefaultAlbumCover.png)">
					<effect type="slide" start="0,0" end="60,0" time="600" tween="cubic" easing="out" delay="400"/>
					<effect type="fade" start="0" end="100" time="400" delay="400"/>
				</animation>
				<animation effect="fade" start="100" end="0">WindowClose</animation>
				<animation effect="rotate" end="-360" center="auto" time="2500" loop="true" reversible="false" condition="!Player.Paused+Player.HasAudio">Conditional</animation>
				<animation effect="rotate" end="-360" center="auto" time="2000" loop="true" reversible="false" condition="Player.Forwarding2x+Player.HasAudio">Conditional</animation>
				<animation effect="rotate" end="-360" center="auto" time="1600" loop="true" reversible="false" condition="Player.Forwarding4x+Player.HasAudio">Conditional</animation>
				<animation effect="rotate" end="-360" center="auto" time="1100" loop="true" reversible="false" condition="Player.Forwarding8x+Player.HasAudio">Conditional</animation>
				<animation effect="rotate" end="-360" center="auto" time="700" loop="true" reversible="false" condition="Player.Forwarding16x+Player.HasAudio">Conditional</animation>
				<animation effect="rotate" end="-360" center="auto" time="400" loop="true" reversible="false" condition="Player.Forwarding32x+Player.HasAudio">Conditional</animation>
				<animation effect="rotate" end="360" center="auto" time="1100" loop="true" reversible="false" condition="Player.Rewinding2x+Player.HasAudio">Conditional</animation>
				<animation effect="rotate" end="360" center="auto" time="850" loop="true" reversible="false" condition="Player.Rewinding4x+Player.HasAudio">Conditional</animation>
				<animation effect="rotate" end="360" center="auto" time="700" loop="true" reversible="false" condition="Player.Rewinding8x+Player.HasAudio">Conditional</animation>
				<animation effect="rotate" end="360" center="auto" time="500" loop="true" reversible="false" condition="Player.Rewinding16x+Player.HasAudio">Conditional</animation>
				<animation effect="rotate" end="360" center="auto" time="350" loop="true" reversible="false" condition="Player.Rewinding32x+Player.HasAudio">Conditional</animation>
				<posx>18</posx>
				<posy>8</posy>
				<width>135</width>
				<height>135</height>
				<texture fallback="cd.png">$INFO[Player.FolderPath]/cdart.png</texture>
				<aspectratio>stretch</aspectratio>
				<visible>Skin.HasSetting(CDArt) + !StringCompare(MusicPlayer.Cover,DefaultAlbumCover.png) + Player.HasAudio</visible>
			</control>			
			<control type="image">
				<width>150</width>
				<height>150</height>
				<aspectratio aligny="top">scale</aspectratio>
				<texture>$INFO[MusicPlayer.Cover]</texture>
				<bordertexture border="8">thumb_border.png</bordertexture>
				<bordersize>6</bordersize>
				<visible>!StringCompare(MusicPlayer.Cover,DefaultAlbumCover.png)</visible>
			</control>
			<control type="image">
				<width>150</width>
				<height>150</height>
				<aspectratio aligny="top">scale</aspectratio>
				<texture>DefaultThumb.png</texture>
				<visible>StringCompare(MusicPlayer.Cover,DefaultAlbumCover.png)</visible>
			</control>
			<control type="group">
				<visible>!Window.IsActive(videolibrary)</visible>
				<control type="fadelabel">
					<posx>160</posx>
					<posy>92</posy>
					<width>1000</width>
					<scrollout>false</scrollout>
					<pauseatend>1800</pauseatend>
					<scrollspeed>40</scrollspeed>
					<scroll>true</scroll>
					<font>METF_TitleTextMedium</font>
					<label>$INFO[MusicPlayer.Title]</label>
					<textcolor>NowPlayingDetails</textcolor>
					<animation effect="slide" end="0,26" condition="IsEmpty(MusicPlayer.Artist) + IsEmpty(MusicPlayer.Album)">Conditional</animation>
					<animation effect="slide" start="0,0" end="54,0" time="600" tween="cubic" easing="out" delay="400" condition="Skin.HasSetting(CDArt) + !StringCompare(MusicPlayer.Cover,DefaultAlbumCover.png)">Conditional</animation>
					<visible>IsEmpty(ListItem.Property(Album_Description)) + IsEmpty(ListItem.Property(Artist_Description)) + ![Container(9000).Hasfocus(4) | Container(9000).Hasfocus(5)] + [Skin.HasSetting(ShowRecentlyAdded) | Skin.HasSetting(ShowRandomItems)]</visible>
				</control>
				<control type="grouplist">
					<visible>IsEmpty(ListItem.Property(Album_Description)) + IsEmpty(ListItem.Property(Artist_Description)) + ![Container(9000).Hasfocus(4) | Container(9000).Hasfocus(5)] + [Skin.HasSetting(ShowRecentlyAdded) | Skin.HasSetting(ShowRandomItems)]</visible>
					<posx>160</posx>
					<posy>120</posy>
					<width>1000</width>
					<itemgap>10</itemgap>
					<align>left</align>
					<orientation>horizontal</orientation>
					<animation effect="slide" start="0,0" end="54,0" time="600" tween="cubic" easing="out" delay="400" condition="Skin.HasSetting(CDArt) + !StringCompare(MusicPlayer.Cover,DefaultAlbumCover.png)">Conditional</animation>
					<control type="label">
						<posx>0</posx>
						<posy>0</posy>
						<height>30</height>
						<aligny>center</aligny>
						<width min="10" max="1034">auto</width>
						<font>METF_DialogLarge</font>
						<label>$INFO[MusicPlayer.Artist]</label>
						<textcolor>NowPlayingTitle</textcolor>
											
					</control>
					<control type="label">
						<posx>0</posx>
						<posy>0</posy>
						<height>30</height>
						<aligny>center</aligny>
						<width min="10" max="1034">auto</width>
						<font>METF_DialogLarge</font>
						<label>$INFO[MusicPlayer.Album]</label>
						<textcolor>NowPlayingDetails</textcolor>
											
					</control>
				</control>
			</control>
			<control type="group">
				<visible>Window.IsActive(videolibrary)</visible>
				
				<control type="grouplist">
					<posx>3</posx>
					<posy>132</posy>
					<width>480</width>
					<height>30</height>
					<itemgap>10</itemgap>
					<align>left</align>
					<orientation>horizontal</orientation>
					<animation effect="slide" start="0,0" end="36,0" time="600" tween="cubic" easing="out" delay="400" condition="Skin.HasSetting(CDArt) + !StringCompare(MusicPlayer.Cover,DefaultAlbumCover.png)">Conditional</animation>
					<control type="label">
						<posx>0</posx>
						<posy>0</posy>
						<height>30</height>
						<aligny>center</aligny>
						<font>METF_TitleTextMedium</font>
						<label>$INFO[MusicPlayer.Title]</label>
						<textcolor>NowPlayingDetails</textcolor>
						<width min="10" max="480">auto</width>
					</control>
					<control type="label">
						<posx>0</posx>
						<posy>0</posy>
						<height>30</height>
						<aligny>center</aligny>
						<width min="10" max="480">auto</width>
						<font>METF_DialogLarge</font>
						<label>$INFO[MusicPlayer.Artist]</label>
						<textcolor>NowPlayingTitle</textcolor>
					</control>
					<control type="label">
						<posx>0</posx>
						<posy>0</posy>
						<height>30</height>
						<aligny>center</aligny>
						<width min="10" max="480">auto</width>
						<font>METF_DialogLarge</font>
						<label>$INFO[MusicPlayer.Album]</label>
						<textcolor>NowPlayingDetails</textcolor>
					</control>
				</control>
			</control>
		</control>
	</include>
</includes>
