<includes>
	<variable name="NextAiredFanart">
		<value condition="Control.HasFocus(200)">$INFO[Container(200).ListItem.Property(Fanart)]</value>
		<value condition="Control.HasFocus(201)">$INFO[Container(201).ListItem.Property(Fanart)]</value>
		<value condition="Control.HasFocus(202)">$INFO[Container(202).ListItem.Property(Fanart)]</value>
		<value condition="Control.HasFocus(203)">$INFO[Container(203).ListItem.Property(Fanart)]</value>
		<value condition="Control.HasFocus(204)">$INFO[Container(204).ListItem.Property(Fanart)]</value>
		<value condition="Control.HasFocus(205)">$INFO[Container(205).ListItem.Property(Fanart)]</value>
		<value condition="Control.HasFocus(206)">$INFO[Container(206).ListItem.Property(Fanart)]</value>
	</variable>
	<variable name="GlobalSearchFanart">
		<value condition="Control.HasFocus(111)">$INFO[Container(111).ListItem.Property(Fanart_Image)]</value>
		<value condition="Control.HasFocus(121)">$INFO[Container(121).ListItem.Property(Fanart_Image)]</value>
		<value condition="Control.HasFocus(131)">$INFO[Container(131).ListItem.Property(Fanart_Image)]</value>
		<value condition="Control.HasFocus(141)">$INFO[Container(141).ListItem.Property(Fanart_Image)]</value>
		<value condition="Control.HasFocus(151)">$INFO[Container(151).ListItem.Property(Fanart_Image)]</value>
		<value condition="Control.HasFocus(161)">$INFO[Container(161).ListItem.Property(Fanart_Image)]</value>
		<value condition="Control.HasFocus(171)">$INFO[Container(171).ListItem.Property(Fanart_Image)]</value>
		<value condition="Control.HasFocus(181)">$INFO[Container(181).ListItem.Property(Fanart_Image)]</value>
	</variable>	
</includes>
