<includes>
	<!-- Home2 Icons -->
	<visible>Skin.HasSetting(home2)</visible>
	<include name="Submenu_Button2">
		<width>220</width>
		<height>27</height>
		<align>center</align>
		<font>METF_HomeMenuSmall</font>
		<textcolor>SubmenuText</textcolor>
		<focusedcolor>SubmenuTextFocused</focusedcolor>
		<animation type="Focus" reversible="false">
			<effect type="zoom" center="auto" start="100" end="110" time="100" tween="cubic" easing="inout" />
		</animation>
	</include>
	<include name="Submenu_VerticalDetails2">
		<width>220</width>
		<height>140</height>
		<orientation>vertical</orientation>
		<itemgap>0</itemgap>
		<onleft>9000</onleft>
		<onright>9000</onright>
	</include>	
	
	<!--
	<include name="HomeStatsDetails3">
		<posx>1120</posx>
		<height>25</height>
		<width>130</width>
		<align>left</align>
		<font>METF_HomeStatsText</font>
		<textcolor>HomeStatsCategory</textcolor>
	</include>
	<include name="HomeStatsDetailsNumber3">
		<posx>1112</posx>
		<height>25</height>
		<width>50</width>
		<align>right</align>
		<font>METF_HomeStatsText</font>
		<textcolor>HomeStatsNumber</textcolor>
	</include>
	-->
	
	<include name="Home2_Icons">
		<include condition="Skin.HasSetting(ShowRecentlyAdded)">HomeRecentlyAddedInfo</include>
		<control type="button" id="9002">
			<description>Hidden Button to pass through navigation when recently added is disabled</description>
			<posx>-20</posx>
			<posy>-20</posy>
			<width>1</width>
			<height>1</height>
			<label>-</label>
			<font>-</font>
			<texturefocus>-</texturefocus>
			<texturenofocus>-</texturenofocus>
			<onleft>9000</onleft>
			<onright>9000</onright>
			<onup>9000</onup>
			<ondown>9001</ondown>
			<visible>false</visible>
		</control>

		<!-- XBMC Logo and Skin Name -->
		<control type="group">
			<include>Animation_OpenCloseFade</include>
			<include>Animation_FadedByMenu</include>
			<control type="image">
				<posx>20</posx>
				<posy>25</posy>
				<width>240</width>
				<height>54</height>
				<aspectratio aligny="bottom">keep</aspectratio>
				<colordiffuse>XBMCLogoDiffuse</colordiffuse>
				<texture>xbmc-logo2.png</texture>
			</control>
			<control type="label">
				<posx>20</posx>
				<posy>77</posy>
				<width>274</width>
				<height>30</height>
				<align>left</align>
				<aligny>center</aligny>
				<font>METF_Heading</font>
				<textcolor>Home2SkinName</textcolor>
				<label>$LOCALIZE[31011]</label>
			</control>
		</control>
		<!-- Main Menu -->
		<control type="wraplist" id="9000">
			<posx>10</posx>
			<posy>65</posy>
			<height>450</height>
			<width>1260</width>
			<onup>9002</onup>
			<ondown>9001</ondown>
			<onleft>9000</onleft>
			<onright>9000</onright>
			<viewtype>list</viewtype>
			<orientation>horizontal</orientation>
			<focusposition>3</focusposition>
			<scrolltime>200</scrolltime>
			<preloaditems>2</preloaditems>
			<include>Animation_OpenCloseFade</include>
			<include>Animation_FadedByMenu</include>
			<itemlayout width="180" height="450">
				<control type="image">
					<posx>15</posx>
					<posy>75</posy>
					<width>150</width>
					<height>300</height>
					<texture>$INFO[ListItem.ActualIcon]</texture>
					<aspectratio>stretch</aspectratio>
				</control>
				<control type="image">
					<posx>5</posx>
					<posy>59</posy>
					<width>180</width>
					<height>335</height>
					<texture>frames/ClassicFrame_Tall.png</texture>
					<aspectratio>stretch</aspectratio>
				</control>
			</itemlayout>
			<focusedlayout width="180" height="450">
				<control type="image">
					<posx>15</posx>
					<posy>75</posy>
					<width>150</width>
					<height>300</height>
					<texture>$INFO[ListItem.ActualIcon]</texture>
					<aspectratio>stretch</aspectratio>
					<animation reversible="false" effect="zoom" center="auto" start="100" end="112" time="200" tween="sine" easing="inout">focus</animation>
					<animation reversible="false" effect="zoom" center="auto" start="112" end="100" time="200" tween="sine" easing="inout">unfocus</animation>
				</control>
				<control type="image">
					<posx>5</posx>
					<posy>59</posy>
					<width>180</width>
					<height>335</height>
					<texture>frames/ClassicFrame_Tall.png</texture>
					<aspectratio>stretch</aspectratio>
					<animation reversible="false" effect="zoom" center="auto" start="100" end="112" time="200" tween="sine" easing="inout">focus</animation>
					<animation reversible="false" effect="zoom" center="auto" start="112" end="100" time="200" tween="sine" easing="inout">unfocus</animation>
				</control>
			</focusedlayout>
			<content>
				<item id="11">
					<description>Shutdown</description>
					<label>$LOCALIZE[13005]</label>
					<icon>special://skin/extras/home2/icon_shutdown.png</icon>
					<onclick>Shutdown()</onclick>
					<visible>!Skin.HasSetting(NoShutdown)</visible>
				</item>
				<item id="12">
					<description>Logoff</description>
					<label>$LOCALIZE[20126]</label>
					<icon>special://skin/extras/home2/icon_logoff.png</icon>
					<onclick>System.LogOff</onclick>
					<visible>System.HasLoginScreen</visible>
				</item>
				<item id="9">
					<description>Play Disc</description>
					<label>$LOCALIZE[341]</label>
					<icon>special://skin/extras/home2/icon_playdisc.png</icon>
					<onclick>PlayDVD</onclick>
					<visible>System.HasMediadvd</visible>
				</item>
				<item id="4">
					<description>Movies</description>
					<label>$LOCALIZE[342]</label>
					<icon>special://skin/extras/home2/icon_movies.png</icon>
					<onclick>ActivateWindow(MyVideos,movietitles,return)</onclick>
					<visible>!Skin.HasSetting(NoMovies)</visible>
				</item>
				<item id="5">
					<description>TV Shows</description>
					<label>$LOCALIZE[20343]</label>
					<icon>special://skin/extras/home2/icon_tvshows.png</icon>
					<onclick>ActivateWindow(MyVideos,tvshowtitles,return)</onclick>
					<visible>!Skin.HasSetting(NoTVShows)</visible>
				</item>
				<item id="2">
					<description>Videos</description>
					<label>$LOCALIZE[3]</label>
					<icon>special://skin/extras/home2/icon_videos.png</icon>
					<onclick>ActivateWindow(Videos,Files)</onclick>
					<visible>!Skin.HasSetting(NoVideos)</visible>
				</item>
				<item id="13">
					<description>Movie Trailers</description>
					<label>$LOCALIZE[31334]</label>
					<icon>special://skin/extras/home2/icon_trailers.png</icon>
					<onclick>ActivateWindow(Videos,plugin://plugin.video.the.trailers,return)</onclick>
					<visible>system.hasaddon(plugin.video.the.trailers)</visible>
				</item>
				<item id="3">
					<description>Music</description>
					<label>$LOCALIZE[2]</label>
					<icon>special://skin/extras/home2/icon_music.png</icon>
					<onclick>ActivateWindow(MyMusicLibrary,Artists,return)</onclick>
					<visible>!Skin.HasSetting(NoMusic)</visible>
				</item>
				<item id="6">
					<description>Pictures</description>
					<label>$LOCALIZE[1]</label>
					<icon>special://skin/extras/home2/icon_pictures.png</icon>
					<onclick>ActivateWindow(Pictures)</onclick>
					<visible>!Skin.HasSetting(NoPictures)</visible>
				</item>
				<item id="1">
					<description>Add-ons</description>
					<label>$LOCALIZE[24001]</label>
					<icon>special://skin/extras/home2/icon_programs.png</icon>
					<onclick>ActivateWindow(Programs,Addons)</onclick>
					<visible>!Skin.HasSetting(NoPrograms)</visible>
				</item>
				<item id="7">
					<description>Weather</description>
					<label>$LOCALIZE[8]</label>
					<icon>special://skin/extras/home2/icon_weather.png</icon>
					<onclick>ActivateWindow(weather)</onclick>
					<visible>!Skin.HasSetting(NoWeather)</visible>
				</item>
				<item id="8">
					<description>Settings</description>
					<label>$LOCALIZE[5]</label>
					<icon>special://skin/extras/home2/icon_settings.png</icon>
					<onclick>ActivateWindow(settings)</onclick>
					<visible>!Skin.HasSetting(NoSettings)</visible>
				</item>
				<item id="10">
					<description>Favourites</description>
					<label>$LOCALIZE[1036]</label>
					<icon>special://skin/extras/home2/icon_favourites.png</icon>
					<onclick>ActivateWindow(Favourites)</onclick>
					<visible>!Skin.HasSetting(NoFavourites)</visible>
				</item>
			</content>
		</control>
		<!-- Main menu Icon Label -->
		<control type="label">
			<include>Animation_OpenCloseFade</include>
			<include>Animation_FadedByMenu</include>
			<posx>490</posx>
			<posy>480</posy>
			<width>300</width>
			<height>30</height>
			<align>center</align>
			<aligny>center</aligny>
			<font>METF_HomeMenu</font>
			<textcolor>HomeMenuTextFocused</textcolor>
			<label>$INFO[Container(9000).ListItem.Label]</label>
		</control>
		<!-- Help Arrow when submenu present -->
		<control type="group">
			<posx>0</posx>
			<posy>2</posy>
			<include>Animation_OpenCloseFade</include>
			<include>Animation_FadedByMenu</include>
			<visible>!ControlGroup(9001).HasFocus() + ![Control.HasFocus(8000) | Control.HasFocus(8001)] + [Container(9000).HasFocus(1) | Container(9000).HasFocus(2) | Container(9000).HasFocus(3) | Container(9000).HasFocus(4) | Container(9000).HasFocus(5) | Container(9000).HasFocus(8) | Container(9000).HasFocus(9) | Container(9000).HasFocus(11)]</visible>
			<control type="image">
				<posx>625</posx>
				<posy>505</posy>
				<width>30</width>
				<height>30</height>
				<texture>ArrowDown.png</texture>
				<colordiffuse>HelpArrowDiffuse</colordiffuse>
			</control>
		</control>
	
		<!-- Submenus -->
		<control type="group" id="9001">
			<posx>530</posx>
			<posy>563</posy>
			<!--
			<animation effect="fade" start="0" end="100" time="600" condition="!ControlGroup(9001).HasFocus">conditional</animation>
			<animation effect="fade" start="0" end="100" delay="200" time="200" condition="ControlGroup(9001).HasFocus">conditional</animation>
			<animation effect="fade" start="100" end="0" time="0" condition="ControlGroup(9001).HasFocus">WindowClose</animation>
			-->
			<include>Animation_OpenCloseFade</include>
			<include>Animation_FadedByMenu</include>
			<visible>![Control.HasFocus(8000) | Control.HasFocus(8001)]</visible>
			<!-- Programs/Addons Submenu -->
			<control type="grouplist" id="9015">
				<include>Submenu_VerticalDetails2</include>
				<onup>9015</onup>
				<ondown>9015</ondown>
				<visible>Container(9000).HasFocus(1)</visible>
				<control type="button" id="90150">
					<include>Submenu_Button2</include>
					<label>Browser</label>
					<onclick>ActivateWindow(addonbrowser)</onclick>
				</control>
				<control type="button" id="90151">
					<include>Submenu_Button2</include>
					<label>$LOCALIZE[1212]</label>
					<onclick>ActivateWindow(VideoFiles,Addons,return)</onclick>
				</control>
				<control type="button" id="90152">
					<include>Submenu_Button2</include>
					<label>$LOCALIZE[1211]</label>
					<onclick>ActivateWindow(musicfiles,Addons,return)</onclick>
				</control>
				<control type="button" id="90153">
					<include>Submenu_Button2</include>
					<label>$LOCALIZE[1213]</label>
					<onclick>ActivateWindow(Pictures,Addons,return)</onclick>
				</control>
				<control type="button" id="90159">
					<include>Submenu_Button2</include>
					<label>$LOCALIZE[1036]</label>
					<onclick>ActivateWindow(Favourites)</onclick>
				</control>
			</control>
			<!-- Videos Submenu -->
			<control type="grouplist" id="9010">
				<include>Submenu_VerticalDetails2</include>
				<onup>9010</onup>
				<ondown>9010</ondown>
				<visible>Container(9000).HasFocus(2)</visible>
				<control type="button" id="90101">
					<include>Submenu_Button2</include>
					<label>$LOCALIZE[24001]</label>
					<onclick>ActivateWindow(VideoFiles,Addons,return)</onclick>
				</control>
				<control type="button" id="90102">
					<include>Submenu_Button2</include>
					<label>$LOCALIZE[20342]</label>
					<onclick>ActivateWindow(Videos,MovieTitles,return)</onclick>
					<visible>Library.HasContent(Movies)</visible>
				</control>
				<control type="button" id="90103">
					<include>Submenu_Button2</include>
					<label>$LOCALIZE[20343]</label>
					<onclick>ActivateWindow(Videos,TvShowTitles,return)</onclick>
					<visible>Library.HasContent(TVShows)</visible>
				</control>
				<control type="button" id="90104">
					<include>Submenu_Button2</include>
					<label>$LOCALIZE[20389]</label>
					<onclick>ActivateWindow(Videos,MusicVideoTitles,return)</onclick>
					<visible>Library.HasContent(MusicVideos)</visible>
				</control>
				<control type="button" id="90105">
					<include>Submenu_Button2</include>
					<label>$LOCALIZE[136]</label>
					<onclick>ActivateWindow(Videos,Playlists,return)</onclick>
				</control>
				<control type="button" id="90106">
					<include>Submenu_Button2</include>
					<label>$LOCALIZE[10004]</label>
					<onclick>ActivateWindow(VideosSettings)</onclick>
					<visible>!Skin.HasSetting(nosettings)</visible>
				</control>
				<control type="button" id="90107">
					<include>Submenu_Button2</include>
					<label>$LOCALIZE[653]</label>
					<onclick>UpdateLibrary(video)</onclick>
				</control>
			</control>
			<!-- Music Submenu -->
			<control type="grouplist" id="9017">
				<include>Submenu_VerticalDetails2</include>
				<onup>9017</onup>
				<ondown>9017</ondown>
				<visible>Container(9000).HasFocus(3)</visible>
				<control type="button" id="90171">
					<include>Submenu_Button2</include>
					<label>$LOCALIZE[31438]</label>
					<onclick>ActivateWindow(MusicLibrary,recentlyaddedalbums,return)</onclick>
					<visible>Library.HasContent(Music)</visible>
				</control>
				<control type="button" id="90172">
					<include>Submenu_Button2</include>
					<label>$LOCALIZE[24001]</label>
					<onclick>ActivateWindow(musicfiles,Addons,return)</onclick>
				</control>
				<control type="button" id="90173">
					<include>Submenu_Button2</include>
					<label>$LOCALIZE[135]</label>
					<onclick>ActivateWindow(MusicLibrary,genres,return)</onclick>
					<visible>Library.HasContent(Music)</visible>
				</control>
				<control type="button" id="90174">
					<include>Submenu_Button2</include>
					<label>$LOCALIZE[133]</label>
					<onclick>ActivateWindow(MusicLibrary,Artists,return)</onclick>
					<visible>Library.HasContent(Music)</visible>
				</control>
				<control type="button" id="90175">
					<include>Submenu_Button2</include>
					<label>$LOCALIZE[132]</label>
					<onclick>ActivateWindow(MusicLibrary,Albums,return)</onclick>
					<visible>Library.HasContent(Music)</visible>
				</control>
				<control type="button" id="90176">
					<include>Submenu_Button2</include>
					<label>$LOCALIZE[134]</label>
					<onclick>ActivateWindow(MusicLibrary,Songs,return)</onclick>
					<visible>Library.HasContent(Music)</visible>
				</control>
				<control type="button" id="90177">
					<include>Submenu_Button2</include>
					<label>$LOCALIZE[136]</label>
					<onclick>ActivateWindow(MusicLibrary,Playlists,return)</onclick>
				</control>
				<control type="button" id="90178">
					<include>Submenu_Button2</include>
					<label>$LOCALIZE[589]</label>
					<onclick>PlayerControl(Partymode(music))</onclick>
					<visible>Library.HasContent(Music)</visible>
				</control>
				<control type="button" id="90179">
					<include>Submenu_Button2</include>
					<label>$LOCALIZE[10004]</label>
					<onclick>ActivateWindow(MusicSettings)</onclick>
					<visible>!Skin.HasSetting(nosettings)</visible>
				</control>
			</control>
			<!-- Movies Submenu -->
			<control type="grouplist" id="9011">
				<include>Submenu_VerticalDetails2</include>
				<onup>9011</onup>
				<ondown>9011</ondown>
				<visible>Container(9000).HasFocus(4)</visible>
				<control type="button" id="90111">
					<include>Submenu_Button2</include>
					<label>$LOCALIZE[31438]</label>
					<onclick>ActivateWindow(Videos,RecentlyAddedMovies,return)</onclick>
				</control>
				<control type="button" id="90112">
					<include>Submenu_Button2</include>
					<label>$LOCALIZE[135]</label>
					<onclick>ActivateWindow(Videos,MovieGenres,return)</onclick>
				</control>
				<control type="button" id="90113">
					<include>Submenu_Button2</include>
					<label>$LOCALIZE[652]</label>
					<onclick>ActivateWindow(Videos,MovieYears,return)</onclick>
				</control>
				<control type="button" id="90114">
					<include>Submenu_Button2</include>
					<label>$LOCALIZE[344]</label>
					<onclick>ActivateWindow(Videos,MovieActors,return)</onclick>
				</control>
				<control type="button" id="90115">
					<include>Submenu_Button2</include>
					<label>$LOCALIZE[20348]</label>
					<onclick>ActivateWindow(Videos,MovieDirectors,return)</onclick>
				</control>
				<control type="button" id="90116">
					<include>Submenu_Button2</include>
					<label>$LOCALIZE[20388]</label>
					<onclick>ActivateWindow(Videos,moviestudios,return)</onclick>
				</control>
				<control type="button" id="90117">
					<include>Submenu_Button2</include>
					<label>$LOCALIZE[20434]</label>
					<onclick>ActivateWindow(Videos,MovieSets,return)</onclick>
				</control>
				<control type="button" id="90118">
					<include>Submenu_Button2</include>
					<label>$LOCALIZE[653]</label>
					<onclick>UpdateLibrary(video)</onclick>
				</control>
			</control>
			<!-- TVShows Submenu -->
			<control type="grouplist" id="9012">
				<include>Submenu_VerticalDetails2</include>
				<onup>9012</onup>
				<ondown>9012</ondown>
				<visible>Container(9000).HasFocus(5)</visible>
				<control type="button" id="90121">
					<include>Submenu_Button2</include>
					<label>$LOCALIZE[31438]</label>
					<onclick>ActivateWindow(Videos,RecentlyAddedEpisodes,return)</onclick>
				</control>
				<control type="button" id="90122">
					<include>Submenu_Button2</include>
					<label>$LOCALIZE[135]</label>
					<onclick>ActivateWindow(Videos,TVShowGenres,return)</onclick>
				</control>
				<control type="button" id="90123">
					<include>Submenu_Button2</include>
					<label>$LOCALIZE[652]</label>
					<onclick>ActivateWindow(Videos,TVShowYears,return)</onclick>
				</control>
				<control type="button" id="90124">
					<include>Submenu_Button2</include>
					<label>$LOCALIZE[344]</label>
					<onclick>ActivateWindow(Videos,TVShowActors,return)</onclick>
				</control>
				<control type="button" id="90125">
					<include>Submenu_Button2</include>
					<label>$LOCALIZE[20388]</label>
					<onclick>ActivateWindow(Videos,TVShowstudios,return)</onclick>
				</control>
				<control type="button" id="90126">
					<include>Submenu_Button2</include>
					<label>$LOCALIZE[31428]</label>
					<onclick>RunScript(script.tv.show.next.aired)</onclick>
				</control>
				<control type="button" id="90127">
					<include>Submenu_Button2</include>
					<label>$LOCALIZE[653]</label>
					<onclick>UpdateLibrary(video)</onclick>
				</control>
			</control>
			<!-- Settings Submenu -->
			<control type="grouplist" id="9014">
				<include>Submenu_VerticalDetails2</include>
				<onup>9014</onup>
				<ondown>9014</ondown>
				<visible>Container(9000).HasFocus(8)</visible>
				<control type="button" id="90141">
					<include>Submenu_Button2</include>
					<label>13000</label>
					<onclick>ActivateWindow(SystemSettings)</onclick>
				</control>
				<control type="button" id="90142">
					<include>Submenu_Button2</include>
					<label>7</label>
					<onclick>ActivateWindow(FileManager)</onclick>
				</control>
				<control type="button" id="90143">
					<include>Submenu_Button2</include>
					<label>13200</label>
					<onclick>ActivateWindow(Profiles)</onclick>
				</control>
				<control type="button" id="90144">
					<include>Submenu_Button2</include>
					<label>130</label>
					<onclick>ActivateWindow(SystemInfo)</onclick>
				</control>
			</control>
			<!-- Shutdown Submenu -->
			<control type="grouplist" id="9018">
				<include>Submenu_VerticalDetails2</include>
				<onup>9018</onup>
				<ondown>9018</ondown>
				<visible>Container(9000).HasFocus(11)</visible>
				<control type="button" id="90181">
					<include>Submenu_Button2</include>
					<label>Set Timer</label>
					<onclick>AlarmClock(shutdowntimer,Shutdown)</onclick>>
				</control>
				<control type="button" id="90182">
					<include>Submenu_Button2</include>
					<label>Cancel Timer</label>
					<onclick>CancelAlarm(ShutdownTimer)</onclick>
					<visible>System.HasAlarm(ShutdownTimer)</visible>
				</control>
				<control type="button" id="90183">
					<include>Submenu_Button2</include>
					<label>13011</label>
					<onclick>Dialog.Close(ShutdownMenu,yes)</onclick>
					<onclick>Suspend()</onclick>
				</control>
				<control type="button" id="90184">
					<include>Submenu_Button2</include>
					<label>13010</label>
					<onclick>Hibernate()</onclick>
				</control>
				<control type="button" id="90185">
					<include>Submenu_Button2</include>
					<label>13313</label>
					<onclick>RestartApp()</onclick>
				</control>
				<control type="button" id="90186">
					<include>Submenu_Button2</include>
					<label>13005</label>
					<onclick>ShutDown()</onclick>
				</control>
				<control type="button" id="90187">
					<include>Submenu_Button2</include>
					<label>$LOCALIZE[20126]</label>
					<onclick>System.LogOff</onclick>
					<visible>System.HasLoginScreen</visible>
				</control>
				<control type="button" id="90188">
					<include>Submenu_Button2</include>
					<label>13012</label>
					<onclick>XBMC.Quit()</onclick>
				</control>
			</control>
			<!-- Play Disc Submenu -->
			<control type="grouplist" id="9019">
				<include>Submenu_VerticalDetails2</include>
				<onup>9019</onup>
				<ondown>9019</ondown>
				<visible>Container(9000).HasFocus(9)</visible>
				<control type="button" id="90191">
					<include>Submenu_Button2</include>
					<label>$LOCALIZE[13391]</label>
					<onclick>EjectTray()</onclick>
					<visible>System.HasMediaDVD</visible>
				</control>
			</control>
		</control>
		
		<!-- Home Stats/Media Totals
		<control type="group">
			<posx>0</posx>
			<posy>20</posy>
			<include>Animation_OpenCloseFade</include>
			<include>Animation_FadedByMenu</include>
			<animation effect="fade" start="100" end="0" delay="200" time="200" condition="ControlGroup(9001).HasFocus">conditional</animation>
			<animation effect="fade" start="0" end="100" time="0" condition="ControlGroup(9001).HasFocus">WindowClose</animation>
			<visible>!ControlGroup(9001).HasFocus() + Skin.HasSetting(HomeStats)</visible>
			<control type="group">
				<animation effect="slide" start="0,0" end="0,-40" time="0" condition="!System.HasLoginScreen">Conditional</animation>
				<control type="label">
					<description>Profile Name</description>
					<posx>1062</posx>
					<posy>25</posy>
					<height>50</height>
					<width>188</width>
					<label>$INFO[System.ProfileName]</label>
					<align>center</align>
					<aligny>center</aligny>
					<font>METF_HomeStatsTitle</font>
					<textcolor>TimeAMPM</textcolor>
					<wrapmultiline>true</wrapmultiline>
					<visible>System.HasLoginScreen</visible>
				</control>
				<control type="label">
					<posy>75</posy>
					<label>$LOCALIZE[20342]</label>
					<include>HomeStatsDetails3</include>
				</control>
				<control type="label">
					<posy>75</posy>
					<label>$INFO[Window.Property(Movies.Count)]</label>
					<include>HomeStatsDetailsNumber3</include>
				</control>
				<control type="label">
					<posy>100</posy>
					<label>$LOCALIZE[16101]</label>
					<include>HomeStatsDetails3</include>
				</control>
				<control type="label">
					<posy>100</posy>
					<label>$INFO[Window.Property(Movies.UnWatched)]</label>
					<include>HomeStatsDetailsNumber3</include>
				</control>
				<control type="label">
					<posy>145</posy>
					<label>$LOCALIZE[20343]</label>
					<include>HomeStatsDetails3</include>
				</control>
				<control type="label">
					<posy>145</posy>
					<label>$INFO[Window.Property(TVShows.Count)]</label>
					<include>HomeStatsDetailsNumber3</include>
				</control>
				<control type="label">
					<posy>170</posy>
					<label>$LOCALIZE[20360]</label>
					<include>HomeStatsDetails3</include>
				</control>
				<control type="label">
					<posy>170</posy>
					<label>$INFO[Window.Property(Episodes.Count)]</label>
					<include>HomeStatsDetailsNumber3</include>
				</control>
				<control type="label">
					<posy>195</posy>
					<label>$LOCALIZE[16101]</label>
					<include>HomeStatsDetails3</include>
				</control>
				<control type="label">
					<posy>195</posy>
					<label>$INFO[Window.Property(Episodes.UnWatched)]</label>
					<include>HomeStatsDetailsNumber3</include>
				</control>
				<control type="label">
					<posy>240</posy>
					<label>$LOCALIZE[133]</label>
					<include>HomeStatsDetails3</include>
				</control>
				<control type="label">
					<posy>240</posy>
					<label>$INFO[Window.Property(Music.ArtistsCount)]</label>
					<include>HomeStatsDetailsNumber3</include>
				</control>
				<control type="label">
					<posy>265</posy>
					<label>$LOCALIZE[132]</label>
					<include>HomeStatsDetails3</include>
				</control>
				<control type="label">
					<posy>265</posy>
					<label>$INFO[Window.Property(Music.AlbumsCount)]</label>
					<include>HomeStatsDetailsNumber3</include>
				</control>
				<control type="label">
					<posy>290</posy>
					<label>$LOCALIZE[134]</label>
					<include>HomeStatsDetails3</include>
				</control>
				<control type="label">
					<posy>290</posy>
					<label>$INFO[Window.Property(Music.SongsCount)]</label>
					<include>HomeStatsDetailsNumber3</include>
				</control>
				<control type="label">
					<posy>315</posy>
					<label>$LOCALIZE[20389]</label>
					<include>HomeStatsDetails3</include>
				</control>
				<control type="label">
					<posy>315</posy>
					<label>$INFO[Window.Property(MusicVideos.Count)]</label>
					<include>HomeStatsDetailsNumber3</include>
				</control>
			</control>

			<control type="group">
				<animation effect="slide" start="0,0" end="0,-40" time="0" condition="!System.HasLoginScreen">Conditional</animation>
				<visible>Container(9000).HasFocus(7)</visible>
				<control type="image">
					<posx>1062</posx>
					<posy>350</posy>
					<width>193</width>
					<height>80</height>
					<texture>$INFO[Weather.Conditions]</texture>
					<aspectratio align="center" aligny="center">keep</aspectratio>
					<fadetime>200</fadetime>
				</control>
				<control type="label">
					<posy>430</posy>
					<label>$INFO[Window(Weather).Property(Current.Temperature)]$INFO[System.TemperatureUnits]</label>
					<include>HomeStatsDetailsNumber3</include>
				</control>
				<control type="label">
					<posx>1120</posx>
					<posy>430</posy>
					<height>80</height>
					<width>130</width>
					<label>$INFO[Window(Weather).Property(Current.Condition)]</label>
					<align>left</align>
					<wrapmultiline>true</wrapmultiline>
					<font>METF_HomeStatsText</font>
					<textcolor>HomeStatsCategory</textcolor>
				</control>
			</control>
		</control>
		-->
	</include>
</includes>
