﻿<includes>
	<include name="MediaInfoVideoPlayer">
		<control type="group">
			<posx>3</posx>
			<posy>5</posy>
			<visible>[Window.IsActive(fullscreeninfo) + !SubString(Container.FolderPath,plugin)] | [Window.IsActive(115) + !SubString(Container.FolderPath,plugin)]</visible>
			<include>Animation_FadedByMenu</include>
			<include>Animation_CommonFade</include>
			<include>Animation_OpenCloseFade</include>
			<!-- MPAA Flags -->
			<control type="group">
				<posx>300</posx>
				<posy>650</posy>
				<control type="image">
					<include>MediaFlagsVarsMPAA</include>
					<texture>flags/Rating/NoRating.png</texture>
					<visible>IsEmpty(VideoPlayer.mpaa)</visible>
				</control>
				<!-- US/MPAA -->
				<control type="image">
					<include>MediaFlagsVarsMPAA</include>
					<texture>flags/Rating/mpaa_r.png</texture>
					<visible>substring(VideoPlayer.mpaa,Rated R,Left)</visible>
				</control>
				<control type="image">
					<include>MediaFlagsVarsMPAA</include>
					<texture>flags/Rating/mpaa_pg13.png</texture>
					<visible>substring(VideoPlayer.mpaa,Rated PG-13,Left)</visible>
				</control>
				<control type="image">
					<include>MediaFlagsVarsMPAA</include>
					<texture>flags/Rating/mpaa_pg.png</texture>
					<visible>substring(VideoPlayer.mpaa,Rated PG,Left) + !substring(VideoPlayer.mpaa,Rated PG-13,Left)</visible>
				</control>
				<control type="image">
					<include>MediaFlagsVarsMPAA</include>
					<texture>flags/Rating/mpaa_nc17.png</texture>
					<visible>substring(VideoPlayer.mpaa,Rated NC,Left)</visible>
				</control>
				<control type="image">
					<include>MediaFlagsVarsMPAA</include>
					<texture>flags/Rating/mpaa_general.png</texture>
					<visible>substring(VideoPlayer.mpaa,Rated G,Left)</visible>
				</control>
				<control type="image">
					<include>MediaFlagsVarsMPAA</include>
					<texture>$INFO[VideoPlayer.mpaa,flags/Rating/,.png]</texture>
					<visible>substring(VideoPlayer.mpaa,TV-)</visible>
				</control>
				<!-- Germany -->
				<control type="image">
					<include>MediaFlagsVarsMPAA</include>
					<texture>flags/Rating/germany_0.png</texture>
					<visible>substring(VideoPlayer.mpaa,Germany:0)</visible>
				</control>
				<control type="image">
					<include>MediaFlagsVarsMPAA</include>t>
					<texture>flags/Rating/germany_6.png</texture>
					<visible>substring(VideoPlayer.mpaa,Germany:6)</visible>
				</control>
				<control type="image">
					<include>MediaFlagsVarsMPAA</include>
					<texture>flags/Rating/germany_12.png</texture>
					<visible>substring(VideoPlayer.mpaa,Germany:12)</visible>
				</control>
				<control type="image">
					<include>MediaFlagsVarsMPAA</include>
					<texture>flags/Rating/germany_16.png</texture>
					<visible>substring(VideoPlayer.mpaa,Germany:16)</visible>
				</control>
				<control type="image">
					<include>MediaFlagsVarsMPAA</include>
					<texture>flags/Rating/germany_18.png</texture>
					<visible>substring(VideoPlayer.mpaa,Germany:18)</visible>
				</control>
				<!-- Australia -->
				<control type="image">
					<include>MediaFlagsVarsMPAA</include>
					<texture>flags/Rating/australia_r.png</texture>
					<visible>substring(VideoPlayer.mpaa,Australia:R)</visible>
				</control>
				<control type="image">
					<include>MediaFlagsVarsMPAA</include>
					<texture>flags/Rating/australia_m.png</texture>
					<visible>substring(VideoPlayer.mpaa,Australia:M) + !substring(VideoPlayer.mpaa,Australia:MA)</visible>
				</control>
				<control type="image">
					<include>MediaFlagsVarsMPAA</include>
					<texture>flags/Rating/australia_ma.png</texture>
					<visible>substring(VideoPlayer.mpaa,Australia:MA)</visible>
				</control>
				<control type="image">
					<include>MediaFlagsVarsMPAA</include>
					<texture>flags/Rating/australia_pg.png</texture>
					<visible>substring(VideoPlayer.mpaa,Australia:PG)</visible>
				</control>
				<control type="image">
					<include>MediaFlagsVarsMPAA</include>
					<texture>flags/Rating/australia_g.png</texture>
					<visible>substring(VideoPlayer.mpaa,Australia:G)</visible>
				</control>
				<control type="image">
					<include>MediaFlagsVarsMPAA</include>
					<texture>flags/Rating/australia_e.png</texture>
					<visible>substring(VideoPlayer.mpaa,Australia:E)</visible>
				</control>
				<control type="image">
					<include>MediaFlagsVarsMPAA</include>
					<texture>flags/Rating/australia_x.png</texture>
					<visible>substring(VideoPlayer.mpaa,Australia:X)</visible>
				</control>
				<!-- United Kingdom -->
				<control type="image">
					<include>MediaFlagsVarsMPAA</include>
					<texture>flags/Rating/bbfc_u.png</texture>
					<visible>substring(VideoPlayer.mpaa,UK:U)</visible>
				</control>
				<control type="image">
					<include>MediaFlagsVarsMPAA</include>
					<texture>flags/Rating/bbfc_pg.png</texture>
					<visible>substring(VideoPlayer.mpaa,UK:PG)</visible>
				</control>
				<control type="image">
					<include>MediaFlagsVarsMPAA</include>
					<texture>flags/Rating/bbfc_12.png</texture>
					<visible>substring(VideoPlayer.mpaa,UK:12)</visible>
				</control>
				<control type="image">
					<include>MediaFlagsVarsMPAA</include>
					<texture>flags/Rating/bbfc_12a.png</texture>
					<visible>substring(VideoPlayer.mpaa,UK:12A)</visible>
				</control>
				<control type="image">
					<include>MediaFlagsVarsMPAA</include>
					<texture>flags/Rating/bbfc_15.png</texture>
					<visible>substring(VideoPlayer.mpaa,UK:15)</visible>
				</control>
				<control type="image">
					<include>MediaFlagsVarsMPAA</include>
					<texture>flags/Rating/bbfc_18.png</texture>
					<visible>substring(VideoPlayer.mpaa,UK:18)</visible>
				</control>
				<control type="image">
					<include>MediaFlagsVarsMPAA</include>
					<texture>flags/Rating/bbfc_r18.png</texture>
					<visible>substring(VideoPlayer.mpaa,UK:X)</visible>
				</control>
				<control type="image">
					<posx>-10</posx>
					<posy>-4</posy>
					<width>66</width>
					<height>58</height>
					<texture>flags/flag_framesquare.png</texture>
					<colordiffuse>MediaFlagBoxDiffuse</colordiffuse>
				</control>
			</control>
			<!-- Rating Stars -->
			<control type="group">
				<posx>362</posx>
				<posy>650</posy>
				<control type="image">
					<posx>2</posx>
					<posy>4</posy>
					<width>42</width>
					<height>42</height>
					<texture>Star.png</texture>
					<colordiffuse>RatingStarDiffuse</colordiffuse>
				</control>
				<control type="label">
					<posx>-2</posx>
					<posy>0</posy>
					<width>50</width>
					<height>50</height>
					<align>center</align>
					<aligny>center</aligny>
					<label fallback="NA">$INFO[VideoPlayer.Rating]</label>
					<textcolor>MediaFlagDiffuse</textcolor>
					<font>METF_StarRating</font>
				</control>
				<control type="image">
					<posx>-10</posx>
					<posy>-4</posy>
					<width>66</width>
					<height>58</height>
					<texture>flags/flag_framesquare.png</texture>
					<colordiffuse>MediaFlagBoxDiffuse</colordiffuse>
				</control>
			</control>
		</control>

		<control type="group">
			<posx>167</posx>
			<posy>3</posy>
			<include>Animation_FadedByMenu</include>
			<include>Animation_CommonFade</include>
			<include>Animation_OpenCloseFade</include>
			<visible>[Window.IsActive(fullscreeninfo) + !SubString(Container.FolderPath,plugin)] | [Window.IsActive(115) + !SubString(Container.FolderPath,plugin)]</visible>
			<!-- Video Resolution -->
			<control type="group">
				<posx>240</posx>
				<posy>640</posy>
				<control type="image">
					<posx>22</posx>
					<posy>16</posy>
					<width>80</width>
					<height>40</height>
					<colordiffuse>MediaFlagDiffuse</colordiffuse>
					<texture fallback="flags/default.png">$INFO[VideoPlayer.VideoResolution,flags/VideoResolution/,.png]</texture>
				</control>
				<control type="image">
					<posx>8</posx>
					<posy>8</posy>
					<width>104</width>
					<height>54</height>
					<colordiffuse>MediaFlagBoxDiffuse</colordiffuse>
					<texture>flags/flag_frame.png</texture>
				</control>
			</control>
			<!-- Video Aspect-->
			<control type="group">
				<posx>335</posx>
				<posy>640</posy>
				<control type="image">
					<posx>22</posx>
					<posy>16</posy>
					<width>80</width>
					<height>40</height>
					<colordiffuse>MediaFlagDiffuse</colordiffuse>
					<texture fallback="flags/VideoAspect/default.png">$INFO[VideoPlayer.VideoAspect,flags/VideoAspect/,.png]</texture>
				</control>
				<control type="image">
					<posx>8</posx>
					<posy>8</posy>
					<width>104</width>
					<height>54</height>
					<colordiffuse>MediaFlagBoxDiffuse</colordiffuse>
					<texture>flags/flag_frame.png</texture>
				</control>
			</control>
			<!-- Video Codec -->
			<control type="group">
				<posx>430</posx>
				<posy>640</posy>
				<control type="image">
					<posx>21</posx>
					<posy>16</posy>
					<width>80</width>
					<height>40</height>
					<colordiffuse>MediaFlagDiffuse</colordiffuse>
					<texture fallback="flags/default.png">$INFO[VideoPlayer.VideoCodec,flags/VideoCodec/,.png]</texture>
				</control>
				<control type="image">
					<posx>8</posx>
					<posy>8</posy>
					<width>104</width>
					<height>54</height>
					<colordiffuse>MediaFlagBoxDiffuse</colordiffuse>
					<texture>flags/flag_frame.png</texture>
				</control>
			</control>
			<!-- Audio Codec -->
			<control type="group">
				<posx>525</posx>
				<posy>640</posy>
				<control type="image">
					<posx>21</posx>
					<posy>16</posy>
					<width>80</width>
					<height>40</height>
					<colordiffuse>MediaFlagDiffuse</colordiffuse>
					<texture fallback="flags/defaultsound.png">$INFO[VideoPlayer.AudioCodec,flags/AudioCodec/,.png]</texture>
				</control>
				<control type="image">
					<posx>8</posx>
					<posy>8</posy>
					<width>104</width>
					<height>54</height>
					<colordiffuse>MediaFlagBoxDiffuse</colordiffuse>
					<texture>flags/flag_frame.png</texture>
				</control>
			</control>
			<!-- Audio Channels -->
			<control type="group">
				<posx>620</posx>
				<posy>640</posy>
				<control type="image">
					<posx>20</posx>
					<posy>16</posy>
					<width>80</width>
					<height>40</height>
					<colordiffuse>MediaFlagDiffuse</colordiffuse>
					<texture fallback="flags/AudioChannels/DefaultChannels.png">$INFO[VideoPlayer.AudioChannels,flags/AudioChannels/,ch.png]</texture>
				</control>
				<control type="image">
					<posx>8</posx>
					<posy>8</posy>
					<width>104</width>
					<height>54</height>
					<colordiffuse>MediaFlagBoxDiffuse</colordiffuse>
					<texture>flags/flag_frame.png</texture>
				</control>
			</control>
			<!-- Subtitles -->
			<control type="group">
				<posx>728</posx>
				<posy>645</posy>
				<control type="image">
					<posx>5</posx>
					<posy>8</posy>
					<width>45</width>
					<height>45</height>
					<colordiffuse>MediaFlagDiffuse</colordiffuse>
					<texture>flags/cc.png</texture>
					<visible>!IsEmpty(VideoPlayer.SubtitleLanguage)</visible>
				</control>
				<control type="image">
					<posx>-2</posx>
					<posy>3</posy>
					<width>58</width>
					<height>54</height>
					<colordiffuse>MediaFlagBoxDiffuse</colordiffuse>
					<texture>flags/flag_framesquare.png</texture>
					<visible>!IsEmpty(VideoPlayer.SubtitleLanguage)</visible>
				</control>
			</control>
		</control>
	</include>
</includes>
