<includes>
	<include file="defaults.xml" />
	<include file="Includes_Variables.xml" />
	<include file="Includes_MusicOverlay.xml" />
	<include file="Includes_Home1.xml" />
	<include file="Includes_Home2.xml" />
	<include file="Includes_HomeRecentlyAdded.xml" />
	<include file="Includes_MediaFlags.xml" />
	<include file="Includes_MediaFlags2.xml" />
	<include file="Includes_MediaFlagsVideoPlayer.xml" />
	<include file="Includes_Animations.xml" />
	<include file="Viewtype_Banner.xml" />
	<include file="Viewtype_BannerPoster.xml" />
	<include file="Viewtype_Coverflow.xml" />
	<include file="Viewtype_Fanart.xml" />
	<include file="Viewtype_FanartBanner.xml" />
	<include file="Viewtype_FanartList.xml" />
	<include file="Viewtype_Files.xml" /> <!-- 55 -->
	<include file="Viewtype_Gallery.xml" />
	<include file="Viewtype_Gallery_Fanart.xml" />
	<include file="Viewtype_Gallery_Square.xml" />
	<include file="Viewtype_Landscape.xml" />
	<include file="Viewtype_List.xml" /> <!-- 503 -->
	<include file="Viewtype_Logo.xml" />
	<include file="Viewtype_LowList.xml" /> <!-- 905 -->
	<include file="Viewtype_PictureGrid.xml" />
	<include file="Viewtype_Poster_Fixed.xml" />
	<include file="Viewtype_Poster_Wrap.xml" />
	<include file="Viewtype_TallGenre.xml" />
	<include file="Viewtype_PosterAndFanart.xml" />
	<include file="Viewtype_Poster_Large.xml" />
	<include file="Viewtype_Panel_Square.xml" /> <!-- 559 -->
	<!-- Global dimensions -->
	<include name="Dimensions_Fullscreen">
		<posx>0</posx>
		<posy>0</posy>
		<width>1280</width>
		<height>720</height>
	</include>
	<!-- Global objects -->
	<include name="Global_Background">
		<control type="image">
			<include>Dimensions_Fullscreen</include>
			<texture fallback="background.png">$INFO[Skin.String(CustomBackground)]</texture>
			<colordiffuse>BackgroundColor</colordiffuse>
		</control>
	</include>
	
	<include name="Global_ContextFilter">
		<control type="image">
			<include>Dimensions_Fullscreen</include>
			<texture fallback="background.png" diffuse="diffuse_fanart.png">$INFO[Skin.String(CustomBackground)]</texture>
			<colordiffuse>GlobalContextColour</colordiffuse>
			<visible>ControlGroup(7001).HasFocus | ControlGroup(7000).HasFocus | Window.IsActive(yesnodialog) | Window.IsActive(contextmenu) | Window.IsActive(contentsettings) | Window.IsActive(favourites) | Window.IsActive(mediasource) | Window.IsActive(addonsettings) | Window.IsActive(okdialog) | Window.IsActive(pictureinfo) | Window.IsActive(songinformation)</visible>
			<animation effect="fade" start="0" end="100" time="200">Visible</animation>
			<animation effect="fade" start="100" end="0" time="400">Hidden</animation>
		</control>
	</include>
	
	
		
	<include name="Global_TimeWeekdayDetails">
		<posx>1241</posx>
		<posy>546</posy>
		<width>200</width>
		<height>30</height>
		<font>METF_Date</font>
		<align>right</align>
		<textcolor>Date</textcolor>
	</include>
	<include name="Global_Time">
		<control type="group">
			<posx>12</posx>
			<posy>40</posy>
			<!--
			<include>Animation_FadedByMenu</include>
			-->
				
			<control type="image">
				<!-- <include>Animation_FadedByMenu</include>
				<include>Animation_OpenCloseFade</include> -->
				<posx>1145</posx>
				<posy>517</posy>
				<width>30</width>
				<height>30</height>
				<texture>$INFO[Window(Weather).Property(Current.FanartCode),special://skin/extras/weather_icons/,.png]</texture>
				<visible>!Skin.HasSetting(HideClockTemp) + Weather.IsFetched</visible>
			</control>
		
			<control type="label">
				<description>Temperature</description>
				<posx>1241</posx>
				<posy>517</posy>
				<width>200</width>
				<height>30</height>
				<font>METF_Temp</font>
				<align>right</align>
				<textcolor>Temp</textcolor>
				<label>[B]$INFO[Window(Weather).Property(Current.Temperature)]$INFO[System.TemperatureUnits][/B]</label>
				<visible>!Skin.HasSetting(HideClockTemp)</visible>
			</control>
			<control type="label">
				<description>Hours</description>
				<posx>1182</posx>
				<posy>550</posy>
				<width>150</width>
				<font>METF_Hours</font>
				<align>right</align>
				<textcolor>Time</textcolor>
				<label>$INFO[System.Time(hh)]</label>
			</control>
			<control type="label">
				<description>Minutes</description>
				<posx>1195</posx>
				<posy>569</posy>
				<width>80</width>
				<font>METF_Minutes</font>
				<align>left</align>
				<textcolor>Time</textcolor>
				<label>$INFO[System.Time(mm)]</label>
			</control>
			<control type="label">
				<description>AM</description>
				<posx>1188</posx>
				<posy>615</posy>
				<width>80</width>
				<font>METF_FontAMPM</font>
				<textcolor>TimeAMPM</textcolor>
				<label>[B]AM[/B]</label>
				<align>left</align>
				<visible>substring(system.time,AM,right)</visible>
			</control>
			<control type="label">
				<description>PM</description>
				<posx>1188</posx>
				<posy>615</posy>
				<width>80</width>
				<font>METF_FontAMPM</font>
				<textcolor>TimeAMPM</textcolor>
				<label>[B]PM[/B]</label>
				<align>left</align>
				<visible>substring(system.time,PM,right)</visible>
			</control>
			<control type="label">
				<description>Monday</description>
				<include>Global_TimeWeekdayDetails</include>
				<label>$LOCALIZE[11]</label>
				<visible>SubString(System.Date(DDD),$LOCALIZE[11])</visible>
			</control>
			<control type="label">
				<description>Tuesday</description>
				<include>Global_TimeWeekdayDetails</include>
				<label>$LOCALIZE[12]</label>
				<visible>SubString(System.Date(DDD),$LOCALIZE[12])</visible>
			</control>
			<control type="label">
				<description>Wednesday</description>
				<include>Global_TimeWeekdayDetails</include>
				<label>$LOCALIZE[13]</label>
				<visible>SubString(System.Date(DDD),$LOCALIZE[13])</visible>
			</control>
			<control type="label">
				<description>Thursday</description>
				<include>Global_TimeWeekdayDetails</include>
				<label>$LOCALIZE[14]</label>
				<visible>SubString(System.Date(DDD),$LOCALIZE[14])</visible>
			</control>
			<control type="label">
				<description>Friday</description>
				<include>Global_TimeWeekdayDetails</include>
				<label>$LOCALIZE[15]</label>
				<visible>SubString(System.Date(DDD),$LOCALIZE[15])</visible>
			</control>
			<control type="label">
				<description>Saturday</description>
				<include>Global_TimeWeekdayDetails</include>
				<label>$LOCALIZE[16]</label>
				<visible>SubString(System.Date(DDD),$LOCALIZE[16])</visible>
			</control>
			<control type="label">
				<description>Sunday</description>
				<include>Global_TimeWeekdayDetails</include>
				<label>$LOCALIZE[17]</label>
				<visible>SubString(System.Date(DDD),$LOCALIZE[17])</visible>
			</control>
		</control>
	</include>
	
	
	<!-- Plot to show in all video viewtypes but NOT Video Info screen -->
	<include name="Global_VideoPlot">
		<posx>0</posx>
		<posy>0</posy>
		<include>Animation_HiddenByInfo</include>
		<!-- Regular Plot -->
		<control type="group">
			<visible>!Skin.HasSetting(ShowAllMediaFlags) | [Skin.HasSetting(ShowAllMediaFlags) + Container.Content(tvshows)] | [Skin.HasSetting(ShowAllMediaFlags) + SubString(Container.FolderPath,plugin)]</visible>
			<control type="textbox">
				<posx>220</posx>
				<posy>565</posy>
				<width>840</width>
				<height>135</height>
				<align>left</align>
				<info>ListItem.Plot</info>
				<autoscroll time="4000" delay="16000" repeat="8000">Skin.HasSetting(AutoScroll)</autoscroll>
				<font>METF_PlotTextMedium</font>
				<textcolor>LowerText</textcolor>
				<visible>!Skin.HasSetting(Show_PlotOutline) | IsEmpty(ListItem.PlotOutline)</visible>
			</control>
			<control type="textbox">
				<posx>220</posx>
				<posy>565</posy>
				<width>840</width>
				<height>135</height>
				<align>left</align>
				<info>ListItem.PlotOutline</info>
				<autoscroll time="4000" delay="16000" repeat="8000">Skin.HasSetting(AutoScroll)</autoscroll>
				<font>METF_PlotTextMedium</font>
				<textcolor>LowerText</textcolor>
				<visible>Skin.HasSetting(Show_PlotOutline) + !IsEmpty(ListItem.PlotOutline)</visible>
			</control>
		</control>
		<!-- Plot Outline Option -->
		<control type="group">
			<visible>Skin.HasSetting(ShowAllMediaFlags) + [Container.Content(movies) | Container.Content(episodes) | Container.Content(MusicVideos)] + !SubString(Container.FolderPath,plugin)</visible>
			<control type="textbox">
				<posx>220</posx>
				<posy>557</posy>
				<width>840</width>
				<height>88</height>
				<align>left</align>
				<info>ListItem.Plot</info>
				<autoscroll time="4000" delay="12000" repeat="8000">Skin.HasSetting(AutoScroll)</autoscroll>
				<font>METF_PlotTextSmall</font>
				<textcolor>LowerText</textcolor>
				<visible>!Skin.HasSetting(Show_PlotOutline) | IsEmpty(ListItem.PlotOutline)</visible>
			</control>
			<control type="textbox">
				<posx>220</posx>
				<posy>557</posy>
				<width>840</width>
				<height>88</height>
				<align>left</align>
				<info>ListItem.PlotOutline</info>
				<autoscroll time="4000" delay="12000" repeat="8000">Skin.HasSetting(AutoScroll)</autoscroll>
				<font>METF_PlotTextSmall</font>
				<textcolor>LowerText</textcolor>
				<visible>Skin.HasSetting(Show_PlotOutline) + !IsEmpty(ListItem.PlotOutline) + Container.Content(movies)</visible>
			</control>
		</control>
		<!-- Seasons - TV Show Plot -->
		<control type="group">
			<visible>Container.Content(seasons)</visible>
			<control type="textbox">
				<posx>220</posx>
				<posy>565</posy>
				<width>840</width>
				<height>135</height>
				<align>left</align>
				<info>Container.ShowPlot</info>
				<autoscroll time="4000" delay="16000" repeat="8000">Skin.HasSetting(AutoScroll)</autoscroll>
				<font>METF_PlotTextMedium</font>
				<textcolor>LowerText</textcolor>
			</control>
		</control>
	</include>

	<include name="Global_PictureInfo">
		<posx>0</posx>
		<posy>0</posy>
		<include>Animation_HiddenByInfo</include>
		<control type="grouplist">
			<visible>Window.IsActive(pictures)</visible>
			<posx>220</posx>
			<posy>565</posy>
			<width>840</width>
			<height>135</height>
			<align>left</align>
			<orientation>vertical</orientation>
			<!-- Camera Info -->
			<control type="label">
				<width>840</width>
				<height>20</height>
				<font>METF_PlotTextMedium</font>
				<textcolor>LowerText</textcolor>
				<label>$INFO[ListItem.PictureCamMake] $INFO[ListItem.PictureCamModel]</label>
				<visible>!IsEmpty(ListItem.PictureCamMake) + !IsEmpty(ListItem.PictureCamModel)</visible>
			</control>
			<!-- Focus and Aperture -->
			<control type="grouplist">
				<width>840</width>
				<height>20</height>
				<align>left</align>
				<itemgap>10</itemgap>
				<orientation>horizontal</orientation>
				<control type="label">
					<width min="25" max="840">auto</width>
					<height>20</height>
					<font>METF_PlotTextMedium</font>
					<textcolor>LowerText</textcolor>
					<label>$INFO[ListItem.PictureFocalLen]</label>
					<visible>!IsEmpty(ListItem.PictureFocalLen)</visible>
				</control>
				<control type="image">
					<width>8</width>
					<height>24</height>
					<texture>Dot.png</texture>
					<aspectratio align="center" aligny="center">keep</aspectratio>
					<colordiffuse>BulletDiffuse</colordiffuse>
					<visible>!IsEmpty(ListItem.PictureFocalLen) + ![IsEmpty(ListItem.PictureAperture) + IsEmpty(ListItem.PictureFocusDist)]</visible>
				</control>
				<control type="label">
					<width min="25" max="840">auto</width>
					<height>20</height>
					<font>METF_PlotTextMedium</font>
					<textcolor>LowerText</textcolor>
					<label>f/$INFO[ListItem.PictureAperture]</label>
					<visible>!IsEmpty(ListItem.PictureAperture)</visible>
				</control>
				<control type="image">
					<width>8</width>
					<height>24</height>
					<texture>Dot.png</texture>
					<aspectratio align="center" aligny="center">keep</aspectratio>
					<colordiffuse>BulletDiffuse</colordiffuse>
					<visible>![IsEmpty(ListItem.PictureFocalLen) + IsEmpty(ListItem.PictureAperture)] + !IsEmpty(ListItem.PictureFocusDist)</visible>
				</control>
				<control type="label">
					<width min="25" max="840">auto</width>
					<height>20</height>
					<font>METF_PlotTextMedium</font>
					<textcolor>LowerText</textcolor>
					<label>$INFO[ListItem.PictureFocusDist]</label>
					<visible>!IsEmpty(ListItem.PictureFocusDist)</visible>
				</control>
				<visible>!IsEmpty(ListItem.PictureFocalLen) | !IsEmpty(ListItem.PictureAperture) | !IsEmpty(ListItem.PictureFocusDist)</visible>
			</control>
			<!-- Exposure -->
			<control type="label">
				<width>840</width>
				<height>20</height>
				<font>METF_PlotTextMedium</font>
				<textcolor>LowerText</textcolor>
				<label>$INFO[ListItem.PictureExpTime] @ ISO $INFO[ListItem.PictureISO]</label>
				<visible>!IsEmpty(ListItem.PictureExpTime) + !IsEmpty(ListItem.PictureISO)</visible>
			</control>
			<!-- Comment -->
			<control type="textbox">
				<width>840</width>
				<height>65</height>
				<align>left</align>
				<autoscroll time="4000" delay="3000" repeat="3000">Skin.HasSetting(AutoScroll)</autoscroll>
				<font>METF_PlotTextMedium</font>
				<textcolor>LowerText</textcolor>
				<label>$INFO[ListItem.PictureCaption]</label>
			</control>
		</control>
	</include>

	<include name="Global_MusicInfo">
		<posx>0</posx>
		<posy>0</posy>
		<include>Animation_HiddenByInfo</include>
		<control type="group">
			<control type="textbox">
				<posx>300</posx>
				<posy>565</posy>
				<width>750</width>
				<height>135</height>
				<align>left</align>
				<info>ListItem.Property(Artist_Description)</info>
				<autoscroll time="4000" delay="16000" repeat="8000">Skin.HasSetting(AutoScroll)</autoscroll>
				<font>METF_PlotTextMedium</font>
				<textcolor>LowerText</textcolor>
			</control>
			<control type="textbox">
				<posx>300</posx>
				<posy>565</posy>
				<width>750</width>
				<height>135</height>
				<align>left</align>
				<info>ListItem.Property(Album_Description)</info>
				<autoscroll time="4000" delay="16000" repeat="8000">Skin.HasSetting(AutoScroll)</autoscroll>
				<font>METF_PlotTextMedium</font>
				<textcolor>LowerText</textcolor>
			</control>
		</control>
	</include>
	<!-- Video Info Screen Buttons and Text -->
	<include name="VideoInfoButton">
		<label>-</label>
		<altlabel>-</altlabel>
		<height>60</height>
		<width>60</width>
		<align>center</align>
		<aligny>center</aligny>
		<font>-</font>
		<textcolor>-</textcolor>
		<disabledcolor>-</disabledcolor>
		<focusedcolor>-</focusedcolor>
		<selectedcolor>-</selectedcolor>
		<pulseonselect>false</pulseonselect>
	</include>
	<include name="VideoInfoButtonLabel">
		<posx>352</posx>
		<posy>616</posy>
		<width>515</width>
		<height>30</height>
		<font>METF_Button</font>
		<textcolor>LowerText</textcolor>
		<align>center</align>
		<aligny>center</aligny>
	</include>
	<!-- Login Screen Buttons and Text -->
	<include name="LoginButton">
		<onup>52</onup>
		<ondown>52</ondown>
		<height>60</height>
		<width>60</width>
		<align>center</align>
		<aligny>center</aligny>
		<textoffsetx>20</textoffsetx>
		<font>METF_Button</font>
		<textcolor>ButtonText</textcolor>
		<disabledcolor>-</disabledcolor>
		<focusedcolor>-</focusedcolor>
		<selectedcolor>-</selectedcolor>
		<pulseonselect>false</pulseonselect>
	</include>
	<include name="LoginButtonLabel">
		<posx>505</posx>
		<posy>600</posy>
		<width>270</width>
		<height>30</height>
		<font>METF_Button</font>
		<textcolor>ButtonText</textcolor>
		<align>center</align>
		<aligny>center</aligny>
	</include>
	<!-- Used in Includes_MediaFlags2.xml file -->
	<include name="PosterMediaFlagsVars">
		<posx>22</posx>
		<posy>16</posy>
		<width>80</width>
		<height>40</height>
		<colordiffuse>MediaFlagDiffuse</colordiffuse>
	</include>
	<include name="MediaFlagsVarsMPAA">
		<posx>1</posx>
		<posy>2</posy>
		<width>45</width>
		<height>45</height>
		<colordiffuse>MediaFlagDiffuse</colordiffuse>
	</include>
	<include name="MediaFlagsAudio">
		<control type="image">
			<posx>8</posx>
			<posy>8</posy>
			<width>104</width>
			<height>54</height>
			<colordiffuse>MediaFlagBoxDiffuse</colordiffuse>
			<texture>flags/flag_frame.png</texture>
		</control>
	</include>
	<!-- Heading info for various screens -->
	<include name="Global_HeadingSectionVars">
		<width>750</width>
		<height>30</height>
		<font>METF_Heading</font>
		<textcolor>GlobalHeading</textcolor>
		<align>left</align>
		<aligny>center</aligny>
		<include>Animation_HiddenByInfo</include>
	</include>
	<include name="Global_NextAired">
		<width>1920</width>
		<height>30</height>
		<font>METF_Heading</font>
		<textcolor>GlobalHeading</textcolor>
		<align>center</align>
		<aligny>center</aligny>
		<include>Animation_HiddenByInfo</include>
	</include>
	<include name="Global_HeadingDetailVars">
		<posx>1220</posx>
		<width>450</width>
		<height>30</height>
		<font>METF_Heading</font>
		<textcolor>GlobalHeading</textcolor>
		<align>right</align>
		<aligny>center</aligny>
		<include>Animation_HiddenByInfo</include>
	</include>
	<include name="Global_Heading">
		<control type="group">
			<posx>30</posx>
			<posy>10</posy>
			<include>Animation_OpenCloseFade</include>
			<include>Animation_FadedByMenu</include>
			<include>Animation_HiddenByInfo</include>

			<!-- Left side title -->
			<control type="label">
				<label>$LOCALIZE[342]</label>
				<include>Global_HeadingSectionVars</include>
				<visible>Container.Content(movies) + !SubString(Container.FolderPath,plugin)</visible>
			</control>
			<control type="label">
				<label>$LOCALIZE[20343]</label>
				<include>Global_HeadingSectionVars</include>
				<visible>[Container.Content(tvshows) | Container.Content(seasons)] + !SubString(Container.FolderPath,plugin)</visible>
			</control>
			<control type="label">
				<label>$LOCALIZE[20343]: $INFO[ListItem.TVShowTitle]</label>
				<include>Global_HeadingSectionVars</include>
				<visible>Container.Content(episodes) + !SubString(Container.FolderPath,plugin)</visible>
			</control>
			<control type="label">
				<label>$LOCALIZE[3]</label>
				<include>Global_HeadingSectionVars</include>
				<visible>[[Window.IsActive(videofiles) | Window.IsActive(videolibrary)] + ![Container.Content(tvshows) | Container.Content(seasons) | Container.Content(episodes) | Container.Content(movies)]] + !SubString(Container.FolderPath,addons) + !SubString(Container.FolderPath,plugin) + !Window.IsActive(favourites)</visible>
			</control>
			<control type="label">
				<label>$LOCALIZE[157] $LOCALIZE[559]</label>
				<include>Global_HeadingSectionVars</include>
				<visible>Window.IsActive(videoplaylist)</visible>
			</control>
			<control type="label">
				<label>$LOCALIZE[2]</label>
				<include>Global_HeadingSectionVars</include>
				<visible>[Window.IsActive(musiclibrary) | Window.IsActive(musicfiles)] + !SubString(Container.FolderPath,addons) + !SubString(Container.FolderPath,plugin)]</visible>
			</control>
			<control type="label">
				<label>$LOCALIZE[2] $LOCALIZE[559]</label>
				<include>Global_HeadingSectionVars</include>
				<visible>Window.IsActive(musicplaylist)</visible>
			</control>
			<control type="label">
				<label>$LOCALIZE[1213]</label>
				<include>Global_HeadingSectionVars</include>
				<visible>Window.IsActive(pictures) + !SubString(Container.FolderPath,addons) + !SubString(Container.FolderPath,plugin)</visible>
			</control>
			<control type="label">
				<label>$LOCALIZE[1037]</label>
				<include>Global_HeadingSectionVars</include>
				<visible>[Window.IsActive(videofiles) | Window.IsActive(videolibrary)] + [SubString(Container.FolderPath,addons) | SubString(Container.FolderPath,plugin)]</visible>
			</control>
			<control type="label">
				<label>$LOCALIZE[1038]</label>
				<include>Global_HeadingSectionVars</include>
				<visible>[Window.IsActive(musiclibrary) | Window.IsActive(musicfiles)] + [SubString(Container.FolderPath,addons) | SubString(Container.FolderPath,plugin)]</visible>
			</control>
			<control type="label">
				<label>$LOCALIZE[1039]</label>
				<include>Global_HeadingSectionVars</include>
				<visible>Window.IsActive(pictures) + [SubString(Container.FolderPath,addons) | SubString(Container.FolderPath,plugin)]</visible>
			</control>
			<control type="label">
				<label>$LOCALIZE[24001]</label>
				<include>Global_HeadingSectionVars</include>
				<visible>Window.IsActive(programs) | Window.IsActive(AddonBrowser)</visible>
			</control>
			<control type="label">
				<label>$LOCALIZE[130]</label>
				<include>Global_HeadingSectionVars</include>
				<visible>Window.IsActive(systeminfo)</visible>
			</control>
			<control type="label">
				<label>$LOCALIZE[20096]</label>
				<include>Global_HeadingSectionVars</include>
				<visible>Window.IsActive(LoginScreen)</visible>
			</control>

			<!-- Right side details -->
			<control type="label">
				<label>$INFO[Container.NumItems,, $LOCALIZE[31281]]</label>
				<include>Global_HeadingDetailVars</include>
				<visible>![Container.Content(episodes) | Window.IsActive(systeminfo)]</visible>
			</control>
			<control type="label">
				<label>$INFO[ListItem.Season,$LOCALIZE[20373] ] - $INFO[Container.NumItems,, $LOCALIZE[20359]]</label>
				<include>Global_HeadingDetailVars</include>
				<visible>!IntegerGreaterThan(Container.NumItems,1) + Container.Content(episodes)</visible>
			</control>
			<control type="label">
				<label>$INFO[ListItem.Season,$LOCALIZE[20373] ] - $INFO[Container.NumItems,, $LOCALIZE[20360]]</label>
				<include>Global_HeadingDetailVars</include>
				<visible>IntegerGreaterThan(Container.NumItems,1) + Container.Content(episodes)</visible>
			</control>
			<control type="label">
				<label>$INFO[ListItem.Artist]$INFO[ListItem.Album,] - $INFO[Container.NumItems,, $LOCALIZE[31281]]</label>
				<include>Global_HeadingDetailVars</include>
				<visible>!substring(ListItem.Label,*) + Window.IsActive(musiclibrary) + Control.IsVisible(50)</visible>
			</control>
			<control type="label" id="52">
				<description>Build Version</description>
				<label>$LOCALIZE[144]</label>
				<include>Global_HeadingDetailVars</include>
				<visible>Window.IsActive(systeminfo)</visible>
			</control>
		</control>
	</include>
	<!-- Next Aired Date -->
	<include name="NextAiredInfo">
		<control type="group">
			<include>Global_NextAired</include>
			<posx>0</posx>
			<posy>-7</posy>
			<!--<include>Window_OpenClose_Animation</include>-->
			<visible>!IsEmpty(Window(Home).Property(NextAired.Label)) + [Container.Content(TVShows) | Container.Content(Seasons) | [Container.Content(Episodes)]] + !IsEmpty(ListItem.TVShowTitle) + !IsEmpty(Window(Home).Property(NextAired.NextDate))</visible>
			<control type="label">
				<posx>0</posx>
				<posy>0</posy>
				<width>1280</width>
				<height>60</height>
				<align>center</align>
				<aligny>center</aligny>
				<font>font-20</font>
				<label>[COLOR=GlobalHeading]$LOCALIZE[31427]:[/COLOR] $INFO[Window(Home).Property(NextAired.NextTitle)][CR]$INFO[Window(Home).Property(NextAired.AirTime)] - $INFO[Window(Home).Property(NextAired.NextDate)]</label>
			</control>
		</control>
	</include>
	<!-- Info dialog objects -->
	<include name="Object_InfoLines">
		<control type="image">
			<posx>0</posx>
			<posy>101</posy>
			<width>1280</width>
			<height>226</height>
			<texture>infolines.png</texture>
			<colordiffuse>InfoLines</colordiffuse>
			<visible>Window.IsActive(musicinformation)</visible>
			<include>Animation_CommonFade</include>
			<include>Animation_FadedByMenu</include>
		</control>
	</include>
	<include name="Object_MovieInfoLines">
		<control type="group">
			<posx>0</posx>
			<posy>0</posy>
			<include>Animation_CommonFade</include>
			<include>Animation_FadedByMenu</include>
			<visible>Window.IsActive(movieinformation)</visible>
			<control type="image">
				<posx>27</posx>
				<posy>55</posy>
				<width>1226</width>
				<height>2</height>
				<texture>VideoInfoLine.png</texture>
				<colordiffuse>InfoLines</colordiffuse>
			</control>
			<control type="image">
				<posx>27</posx>
				<posy>91</posy>
				<width>856</width>
				<height>2</height>
				<texture>VideoInfoLine2.png</texture>
				<colordiffuse>InfoLines</colordiffuse>
			</control>
			<control type="image">
				<posx>336</posx>
				<posy>130</posy>
				<width>547</width>
				<height>2</height>
				<texture>VideoInfoLine3.png</texture>
				<colordiffuse>InfoLines</colordiffuse>
			</control>
			<control type="image">
				<posx>336</posx>
				<posy>484</posy>
				<width>547</width>
				<height>2</height>
				<texture>VideoInfoLine3.png</texture>
				<colordiffuse>InfoLines</colordiffuse>
			</control>
			<control type="image">
				<posx>884</posx>
				<posy>283</posy>
				<width>375</width>
				<height>2</height>
				<texture flipx="true">VideoInfoLine2.png</texture>
				<colordiffuse>InfoLines</colordiffuse>
			</control>
			<control type="image">
				<posx>335</posx>
				<posy>92</posy>
				<width>2</width>
				<height>445</height>
				<texture>VideoInfoLine_Vertical2.png</texture>
				<colordiffuse>InfoLines</colordiffuse>
			</control>
			<control type="image">
				<posx>883</posx>
				<posy>57</posy>
				<width>2</width>
				<height>478</height>
				<texture>VideoInfoLine_Vertical2.png</texture>
				<colordiffuse>InfoLines</colordiffuse>
			</control>
		</control>
	</include>
	<!-- Debug objects -->
	<include name="Object_DebugGrid">
		<control type="image">
			<include>Dimensions_Fullscreen</include>
			<texture>DebugGrid.png</texture>
		</control>
	</include>
	<include name="Debug">
		<control type="image">
			<posx>0</posx>
			<posy>0</posy>
			<width>1280</width>
			<height>20</height>
			<texture border="2">black.png</texture>
		</control>
		<control type="label">
			<posx>4</posx>
			<posy>0</posy>
			<width>1280</width>
			<height>18</height>
			<aligny>center</aligny>
			<font>METF_DialogSmall</font>
			<textcolor>FFFFFFFF</textcolor>
			<label>$INFO[Window.Property(xmlfile)] / $INFO[System.Screenresolution] / $LOCALIZE[158] - $INFO[System.FreeMemory]$INFO[System.CurrentWindow / ]$INFO[System.CurrentControl, / ]</label>
		</control>
	</include>
	<!-- Settings Headings -->
	<include name="Setting_Heading">
		<control type="group">
			<posx>30</posx>
			<posy>10</posy>
			<include>Animation_OpenCloseFade</include>
			<include>Animation_FadedByMenu</include>
			<control type="label">
				<description>Settings</description>
				<label>$LOCALIZE[5]</label>
				<include>Global_HeadingSectionVars</include>
			</control>
			<control type="label">
				<description>Settings Menu</description>
				<label>$LOCALIZE[33061]</label>
				<include>Global_HeadingDetailVars</include>
				<visible>Window.IsActive(settings)</visible>
			</control>
			<control type="label">
				<description>Video</description>
				<label>$LOCALIZE[3]</label>
				<include>Global_HeadingDetailVars</include>
				<visible>Window.IsActive(videossettings)</visible>
			</control>
			<control type="label">
				<description>Picture</description>
				<label>$LOCALIZE[1]</label>
				<include>Global_HeadingDetailVars</include>
				<visible>Window.IsActive(picturessettings)</visible>
			</control>
			<control type="label">
				<description>Appearance</description>
				<label>$LOCALIZE[480]</label>
				<include>Global_HeadingDetailVars</include>
				<visible>Window.IsActive(appearancesettings)</visible>
			</control>
			<control type="label">
				<description>Network</description>
				<label>$LOCALIZE[705]</label>
				<include>Global_HeadingDetailVars</include>
				<visible>Window.IsActive(networksettings)</visible>
			</control>
			<control type="label">
				<description>System</description>
				<label>$LOCALIZE[13000]</label>
				<include>Global_HeadingDetailVars</include>
				<visible>Window.IsActive(systemsettings)</visible>
			</control>
			<control type="label">
				<description>Music</description>
				<label>$LOCALIZE[2]</label>
				<include>Global_HeadingDetailVars</include>
				<visible>Window.IsActive(musicsettings)</visible>
			</control>
			<control type="label">
				<description>Weather</description>
				<label>$LOCALIZE[8]</label>
				<include>Global_HeadingDetailVars</include>
				<visible>Window.IsActive(weathersettings)</visible>
			</control>
			<control type="label">
				<description>Profiles</description>
				<label>$LOCALIZE[13200]</label>
				<include>Global_HeadingDetailVars</include>
				<visible>Window.IsActive(profiles)</visible>
			</control>
			<control type="label">
				<description>Skin</description>
				<label>$LOCALIZE[31011]</label>
				<include>Global_HeadingDetailVars</include>
				<visible>Window.IsActive(56)</visible>
			</control>
		</control>
	</include>
	<!-- Settings objects -->
	<include name="SettingsHeadingVars">
		<posx>300</posx>
		<width>600</width>
		<align>center</align>
		<font>METF_SettingsHeading</font>
		<textcolor>SettingsHeading</textcolor>
	</include>
	<include name="SettingsDetailVars">
		<posx>300</posx>
		<posy>60</posy>
		<width>600</width>
		<align>center</align>
		<font>METF_SettingsDetail</font>
		<textcolor>LowerText</textcolor>
		<wrapmultiline>true</wrapmultiline>
	</include>
	<include name="SettingsLabelLeft">
		<height>38</height>
		<width>380</width>
		<align>right</align>
		<aligny>center</aligny>
		<textoffsetx>20</textoffsetx>
		<font>METF_TitleTextMedium</font>
		<textcolor>SettingsDetail</textcolor>
		<disabledcolor>TextDisabled</disabledcolor>
		<focusedcolor>DialogTextFO</focusedcolor>
		<texturefocus>ButtonFo.png</texturefocus>
		<selectedcolor>TextFO</selectedcolor>
		<texturenofocus>-</texturenofocus>
		<pulseonselect>false</pulseonselect>
	</include>

	<include name="SettingsLabel">
		<width>840</width>
		<height>38</height>
		<textoffsetx>20</textoffsetx>
		<align>left</align>
		<aligny>center</aligny>
		<spinwidth>34</spinwidth>
		<spinheight>34</spinheight>
		<radiowidth>55</radiowidth>
		<radioheight>55</radioheight>
		<textureradiofocus>button_radioF.png</textureradiofocus>
		<textureradionofocus>button_radioNF.png</textureradionofocus>
		<textureup>ArrowUpNF.png</textureup>
		<texturedown>ArrowDownNF.png</texturedown>
		<textureupfocus>ArrowUpFo.png</textureupfocus>
		<texturedownfocus>ArrowDownFo.png</texturedownfocus>
		<font>METF_ContextValue</font>
		<textcolor>SettingsDetail</textcolor>
		<focusedcolor>ButtonText</focusedcolor>
		<selectedcolor>TextFO</selectedcolor>
		<texturefocus>ButtonFo.png</texturefocus>
		<texturenofocus>-</texturenofocus>
		<disabledcolor>TextDisabled</disabledcolor>
		<pulseonselect>false</pulseonselect>
	</include>
	<include name="SettingsHeaderLabel">
		<width>840</width>
		<height>38</height>
		<textoffsetx>0</textoffsetx>
		<align>left</align>
		<aligny>center</aligny>
		
		<font>METF_TitleTextMedium</font>
		<textcolor>SettingsDetail</textcolor>
		
	</include>
	<!-- Shutdown Menu Buttons -->
	<include name="SettingsShutdownMenu">
		<width>340</width>
		<height>35</height>
		<align>center</align>
		<aligny>center</aligny>
		<spinwidth>34</spinwidth>
		<spinheight>34</spinheight>
		<radiowidth>55</radiowidth>
		<radioheight>55</radioheight>
		<textureradiofocus>button_radioF.png</textureradiofocus>
		<textureradionofocus>button_radioNF.png</textureradionofocus>
		<textureup>ArrowUpNF.png</textureup>
		<texturedown>ArrowDownNF.png</texturedown>
		<textureupfocus>ArrowUpFo.png</textureupfocus>
		<texturedownfocus>ArrowDownFo.png</texturedownfocus>
		<font>METF_Menu</font>
		<textcolor>TextNF</textcolor>
		<focusedcolor>DialogTextFO</focusedcolor>
		<texturefocus border="1">ButtonFO2Wide.png</texturefocus>
		<disabledcolor>TextDisabled</disabledcolor>
		<pulseonselect>false</pulseonselect>
	</include>

	<include name="Settings_Line">
		<height>8</height>
		<width>840</width>
		<texture border="2">settings_line.png</texture>
		<colordiffuse>SettingsLine</colordiffuse>
	</include>
		
	<!-- Window menus -->
	<include name="WindowMenuVars_5">
		<width>1050</width>
		<height>80</height>
		<posx>115</posx>
		<onup>55</onup>
		<ondown>55</ondown>
		<itemgap>0</itemgap>
		<visible allowhiddenfocus="true">ControlGroup(7000).HasFocus</visible>
		<include>Animation_ZoomInMenu</include>
		<orientation>horizontal</orientation>
	</include>
	<include name="WindowMenuVars_6">
		<width>1260</width>
		<height>80</height>
		<posx>10</posx>
		<onup>55</onup>
		<ondown>55</ondown>
		<itemgap>0</itemgap>
		<visible allowhiddenfocus="true">ControlGroup(7000).HasFocus</visible>
		<include>Animation_ZoomInMenu</include>
		<orientation>horizontal</orientation>
	</include>

	<include name="DialogMenuVars_4">
		<width>840</width>
		<height>80</height>
		<posx>220</posx>
		<onup>7050</onup>
		<ondown>7050</ondown>
		<itemgap>0</itemgap>
		<visible allowhiddenfocus="true">ControlGroup(7001).HasFocus</visible>
		<include>Animation_ZoomInMenu</include>
		<orientation>horizontal</orientation>
	</include>

	<include name="WindowMenuButton">
		<posx>0</posx>
		<posy>30</posy>
		<width>210</width>
		<height>60</height>
		<align>center</align>
		<aligny>top</aligny>
		<font>METF_TitleTextLarge</font>
		<textcolor>TextNF</textcolor>
		<focusedcolor>TextFO</focusedcolor>
		<disabledcolor>TextDisabled</disabledcolor>
		<texturenofocus>-</texturenofocus>
		<texturefocus>-</texturefocus>
		<alttexturenofocus>-</alttexturenofocus>
		<alttexturefocus>-</alttexturefocus>
		<textureradiofocus>-</textureradiofocus>
		<textureradionofocus>-</textureradionofocus>
		<wrapmultiline>true</wrapmultiline>
	</include>

	<include name="WindowMenuLabel">
		<posx>0</posx>
		<posy>0</posy>
		<width>210</width>
		<height>30</height>
		<align>center</align>
		<font>METF_TitleTextLarge</font>
		<textcolor>TextNF</textcolor>
		<disabledcolor>TextDisabled</disabledcolor>
		<aligny>bottom</aligny>
	</include>
	
	<include name="OSD_Progress_Bar">
		<control type="image">
			<posx>0</posx>
			<posy>545</posy>
			<width>1280</width>
			<height>175</height>
			<texture>osd/OSDdialogback.png</texture>
			<colordiffuse>OSDBackgroundColor</colordiffuse>
		</control>
		<control type="progress" id="23">
			<description>Progressbar</description>
			<posx>30</posx>
			<posy>572</posy>
			<width>1220</width>
			<height>18</height>
			<info>Player.Progress</info>
			<texturebg>osd/osd_progress_back.png</texturebg>
			<lefttexture>osd/osd_progress_left.png</lefttexture>
			<midtexture>osd/osd_progress_mid.png</midtexture>
			<righttexture>osd/osd_progress_right.png</righttexture>
			<colordiffuse>OSDProgressBar</colordiffuse>
			<overlaytexture>-</overlaytexture>
		</control>
	</include>
	<include name="OSD_Progress_Bar2">
		<control type="image">
			<posx>0</posx>
			<posy>545</posy>
			<width>1280</width>
			<height>175</height>
			<texture>osd/OSDdialogback.png</texture>
			<colordiffuse>OSDBackgroundColor</colordiffuse>
		</control>
		<control type="progress" id="23">
			<description>ProgressbarCache</description>
			<posx>295</posx>
			<posy>627</posy>
			<width>960</width>
			<height>15</height>
			<info>Player.ProgressCache</info>
			<texturebg>osd/osd_progress_back.png</texturebg>
			<lefttexture>osd/osd_progress_left.png</lefttexture>
			<midtexture>osd/osd_progress_mid.png</midtexture>
			<righttexture>osd/osd_progress_right.png</righttexture>
			<colordiffuse>OSDFinishTime</colordiffuse>
			
		</control>
		<control type="progress" id="23">
			<description>Progressbar</description>
			<posx>295</posx>
			<posy>627</posy>
			<width>960</width>
			<height>15</height>
			<info>Player.Progress</info>
			<texturebg>osd/osd_progress_back.png</texturebg>
			<lefttexture>osd/osd_progress_left.png</lefttexture>
			<midtexture>osd/osd_progress_mid.png</midtexture>
			<righttexture>osd/osd_progress_right.png</righttexture>
			<colordiffuse>OSDProgressBar</colordiffuse>
			<overlaytexture>-</overlaytexture>
		</control>
		<!-- Player.ProgressCache -->
		<!-- Current position / Total Time -->
		<control type="label">
			<posx>1250</posx>
			<posy>640</posy>
			<width>250</width>
			<height>40</height>
			<aligny>center</aligny>
			<align>right</align>
			<font>METF_OSDTime</font>
			<textcolor>OSDProgressBar</textcolor>
			<label>$INFO[VideoPlayer.Time] [COLOR TextNF]/[/COLOR] $INFO[VideoPlayer.Duration]</label>
			<textcolor>OSDPlayingDuration</textcolor>
		</control>
		<!-- Finish Time -->
		<control type="label">
			<posx>1250</posx>
			<posy>670</posy>
			<width>250</width>
			<height>40</height>
			<aligny>center</aligny>
			<align>right</align>
			<font>METF_OSDTime</font>
			<textcolor>OSDFinishTime</textcolor>
			<label>$LOCALIZE[31409]:  $INFO[Player.FinishTime]</label>
		</control>
		<!-- Title -->
		<control type="fadelabel">
			<posx>300</posx>
			<posy>555</posy>
			<width>850</width>
			<height>40</height>
			<font>METF_TitleTextMedium</font>
			<textcolor>TitleText</textcolor>
			<align>left</align>
			<aligny>center</aligny>
			<scrollout>false</scrollout>
			<pauseatend>3800</pauseatend>
			<scrollspeed>40</scrollspeed>
			<scroll>true</scroll>
			<label>$INFO[VideoPlayer.TVShowTitle,, - ]$INFO[VideoPlayer.Title] ($INFO[VideoPlayer.Year])</label>
			<animation effect="slide" end="0,25" condition="IsEmpty(VideoPlayer.Tagline)">Conditional</animation>
			<visible>!IsEmpty(VideoPlayer.Year)</visible>
		</control>
		<control type="fadelabel">
			<posx>300</posx>
			<posy>555</posy>
			<width>850</width>
			<height>40</height>
			<font>METF_TitleTextMedium</font>
			<textcolor>TitleText</textcolor>
			<align>left</align>
			<aligny>center</aligny>
			<scrollout>false</scrollout>
			<pauseatend>3800</pauseatend>
			<scrollspeed>40</scrollspeed>
			<scroll>true</scroll>
			<label>$INFO[VideoPlayer.TVShowTitle,, - ]$INFO[VideoPlayer.Title]</label>
			<animation effect="slide" end="0,25" condition="IsEmpty(VideoPlayer.Tagline)">Conditional</animation>
			<visible>IsEmpty(VideoPlayer.Year)</visible>
		</control>
		<!-- Movie Tagline -->
		<control type="fadelabel">
			<posx>300</posx>
			<posy>590</posy>
			<width>850</width>
			<height>30</height>
			<font>METF_PlotText</font>
			<textcolor>TextNF</textcolor>
			<align>left</align>
			<aligny>center</aligny>
			<scrollout>false</scrollout>
			<pauseatend>3800</pauseatend>
			<scrollspeed>40</scrollspeed>
			<scroll>true</scroll>
			<label>$INFO[VideoPlayer.Tagline]</label>
			<visible>!IsEmpty(VideoPlayer.Tagline)</visible>
		</control>
		<!-- Studios -->
		<control type="image">
			<posx>1154</posx>
			<posy>560</posy>
			<width>96</width>
			<height>65</height>
			<aspectratio align="center" aligny="bottom">keep</aspectratio>
			<colordiffuse>MediaFlagDiffuse</colordiffuse>
			<texture>special://skin/extras/studios/$INFO[VideoPlayer.Studio,,.png]</texture>
		</control>
		<!-- Episode Image / Logo / Clearart -->
		<control type="image">
			<posx>25</posx>
			<posy>450</posy>
			<width>250</width>
			<height>230</height>
			<texture background="true">$INFO[Player.FolderPath]../logo.png</texture>
			<aspectratio align="center" aligny="bottom">keep</aspectratio>
			<visible>VideoPlayer.Content(episodes) + !substring(VideoPlayer.Cover,default) + Skin.HasSetting(Enable_OSDLogo)</visible>
		</control>
		<control type="image">
			<posx>25</posx>
			<posy>450</posy>
			<width>250</width>
			<height>230</height>
			<texture background="true">$INFO[Player.FolderPath]logo.png</texture>
			<aspectratio align="center" aligny="bottom">keep</aspectratio>
			<visible>VideoPlayer.Content(episodes) + !substring(VideoPlayer.Cover,default) + Skin.HasSetting(Enable_OSDLogo)</visible>
		</control>
		<control type ="image" id="7657"> 
				<description>tv show image</description>
				<posx>25</posx>
				<posy>515</posy>
				<width>250</width>
				<height>230</height>
				<texture background="true">$INFO[Player.FolderPath]../clearart.png</texture>
				<aspectratio>keep</aspectratio>
				<visible>Skin.HasSetting(Enable_OSDClearArt) + VideoPlayer.Content(episodes)+ ![[Player.Paused + Player.Caching] + !Player.Seeking]</visible>
			</control>
			<control type ="image" id="7658"> 
				<description>tv show image</description>
				<posx>25</posx>
				<posy>515</posy>
				<width>250</width>
				<height>230</height>
				<texture background="true">$INFO[Player.FolderPath]clearart.png</texture>
				<aspectratio>keep</aspectratio>
				<visible>Skin.HasSetting(Enable_OSDClearArt) + VideoPlayer.Content(episodes)+ ![[Player.Paused + Player.Caching] + !Player.Seeking]</visible>
			</control>
			
			
		<control type="image">
			<posx>25</posx>
			<posy>480</posy>
			<width>250</width>
			<height>230</height>
			<texture>$INFO[VideoPlayer.Cover]</texture>
			<bordertexture border="8">thumb_border.png</bordertexture>
			<bordersize>6</bordersize>
			<aspectratio align="center" aligny="bottom">keep</aspectratio>
			<visible>VideoPlayer.Content(episodes) + !substring(VideoPlayer.Cover,default) + Skin.HasSetting(Enable_OSDThumbnail)</visible>
		</control>
		<!-- Movie Poster with Classic Case -->
		<control type="image">
			<posx>40</posx>
			<posy>393</posy>
			<width>204</width>
			<height>300</height>
			<texture background="true">$INFO[VideoPlayer.Cover]</texture>
			<aspectratio scalediffuse="false">stretch</aspectratio>
			<visible>VideoPlayer.Content(movies) + !substring(VideoPlayer.Cover,default)</visible>
		</control>
		<control type="image">
			<posx>19</posx>
			<posy>367</posy>
			<width>253</width>
			<height>343</height>
			<texture>frames/ClassicFrame_PosterSmall.png</texture>
			<visible>VideoPlayer.Content(movies) + !substring(VideoPlayer.Cover,default)</visible>
		</control>
	</include>

	<include name="OSD_Progress_Bar3">
		
		<control type="progress" id="23">
			<description>Progressbar</description>
			<posx>295</posx>
			<posy>47</posy>
			<width>700</width>
			<height>15</height>
			<info>Player.Progress</info>
			<texturebg>osd/osd_progress_back.png</texturebg>
			<lefttexture>osd/osd_progress_left.png</lefttexture>
			<midtexture>osd/osd_progress_mid.png</midtexture>
			<righttexture>osd/osd_progress_right.png</righttexture>
			<colordiffuse>OSDProgressBar</colordiffuse>
			<overlaytexture>-</overlaytexture>
		</control>
		<!-- Current position / Total Time -->
		<control type="label">
			<posx>295</posx>
			<posy>8</posy>
			<width>250</width>
			<height>40</height>
			<aligny>center</aligny>
			<align>left</align>
			<font>METF_OSDTime</font>
			<textcolor>OSDProgressBar</textcolor>
			<label>$INFO[VideoPlayer.Time] [COLOR TextNF]/[/COLOR] $INFO[VideoPlayer.Duration]</label>
			<textcolor>OSDPlayingDuration</textcolor>
		</control>
		<!-- Finish Time -->
		<control type="label">
			<posx>988</posx>
			<posy>8</posy>
			<width>250</width>
			<height>40</height>
			<aligny>center</aligny>
			<align>right</align>
			<font>METF_OSDTime</font>
			<textcolor>OSDFinishTime</textcolor>
			<label>$LOCALIZE[31409]:  $INFO[Player.FinishTime]</label>
		</control>

		
	</include>
	<include name="OSD_Player_Labels">
		<posx>1255</posx>
		<posy>12</posy>
		<width>450</width>
		<height>40</height>
		<font>METF_OSDPlayerStatus</font>
		<textcolor>OSDPlayerStatusText</textcolor>
		<shadowcolor>ff000000</shadowcolor>
		<align>right</align>
		<aligny>center</aligny>
		<include>Animation_CommonFade</include>
	</include>
	<include name="OSD_Player_Labels_Left">
		<posx>25</posx>
		<posy>12</posy>
		<width>450</width>
		<height>40</height>
		<font>METF_OSDPlayerStatus</font>
		<textcolor>OSDPlayerStatusText</textcolor>
		<shadowcolor>ff000000</shadowcolor>
		<align>left</align>
		<aligny>center</aligny>
		<include>Animation_CommonFade</include>
	</include>
	<include name="OSD_Player_Time">
		<control type="label" id="0">
			<include>OSD_Player_Labels_Left</include>
			<label>$INFO[System.Time]</label>
			
		</control>
	</include>
	<include name="OSD_Player_Details">
		<control type="group">
			<control type="label" id="0">
				<include>OSD_Player_Labels</include>
				<label>[UPPERCASE]$LOCALIZE[112][/UPPERCASE]</label>
				<visible>player.paused</visible>
			</control>
			<control type="label" id="0">
				<include>OSD_Player_Labels</include>
				<label>[UPPERCASE]$LOCALIZE[31159][/UPPERCASE]</label>
				<visible>player.forwarding2x</visible>
			</control>
			<control type="label" id="0">
				<include>OSD_Player_Labels</include>
				<label>[UPPERCASE]$LOCALIZE[31160][/UPPERCASE]</label>
				<visible>player.forwarding4x</visible>
			</control>
			<control type="label" id="0">
				<include>OSD_Player_Labels</include>
				<label>[UPPERCASE]$LOCALIZE[31161][/UPPERCASE]</label>
				<visible>player.forwarding8x</visible>
			</control>
			<control type="label" id="0">
				<include>OSD_Player_Labels</include>
				<label>[UPPERCASE]$LOCALIZE[31162][/UPPERCASE]</label>
				<visible>player.forwarding16x</visible>
			</control>
			<control type="label" id="0">
				<include>OSD_Player_Labels</include>
				<label>[UPPERCASE]$LOCALIZE[31163][/UPPERCASE]</label>
				<visible>player.forwarding32x</visible>
			</control>
			<control type="label" id="0">
				<include>OSD_Player_Labels</include>
				<label>[UPPERCASE]$LOCALIZE[31164][/UPPERCASE]</label>
				<visible>player.rewinding2x</visible>
			</control>
			<control type="label" id="0">
				<include>OSD_Player_Labels</include>
				<label>[UPPERCASE]$LOCALIZE[31165][/UPPERCASE]</label>
				<visible>player.rewinding4x</visible>
			</control>
			<control type="label" id="0">
				<include>OSD_Player_Labels</include>
				<label>[UPPERCASE]$LOCALIZE[31166][/UPPERCASE]</label>
				<visible>player.rewinding8x</visible>
			</control>
			<control type="label" id="0">
				<include>OSD_Player_Labels</include>
				<label>[UPPERCASE]$LOCALIZE[31167][/UPPERCASE]</label>
				<visible>player.rewinding16x</visible>
			</control>
			<control type="label" id="0">
				<include>OSD_Player_Labels</include>
				<label>[UPPERCASE]$LOCALIZE[31168][/UPPERCASE]</label>
				<visible>player.rewinding32x</visible>
			</control>
			<control type="label" id="0">
				<include>OSD_Player_Labels</include>
				<label>[UPPERCASE]$LOCALIZE[31244][/UPPERCASE]</label>
				<visible>Player.Playing + !Player.SeekBar</visible>
			</control>
			<control type="label" id="0">
				<include>OSD_Player_Labels</include>
				<label>[UPPERCASE]$INFO[Player.SeekOffset][/UPPERCASE]</label>
				<visible>Player.SeekBar + ![player.forwarding | player.rewinding | player.paused]</visible>
			</control>
		</control>
	</include>
	<include name="Plugin_List_1">
		<posx>440</posx>
		<posy>240</posy>
		<width>840</width>
		<height>380</height>
		<itemgap>0</itemgap>
		<onleft>10</onleft>
		<onright>10</onright>
		<onup>10</onup>
		<ondown>10</ondown>
	</include>
	<include name="Plugin_List_2">
		<posx>440</posx>
		<posy>438</posy>
		<width>840</width>
		<height>162</height>
		<itemgap>0</itemgap>
		<onleft>10</onleft>
		<onright>10</onright>
		<onup>10</onup>
		<ondown>10</ondown>
	</include>

	<include name="ScrollBar_Horizontal">		
		<!-- Scroll Bar -->
		<control type="scrollbar" id="60">
			<include>Animation_OpenCloseFade</include>
			<include>Animation_FadedByMenu</include>
			<posx>0</posx>
			<posy>534</posy>
			<width>1280</width>
			<height>30</height>
			<visible allowhiddenfocus="true">Control.HasFocus(60) | Container.Scrolling</visible>
			<texturesliderbackground>-</texturesliderbackground>
			<textureslidernib>ScrollBarV_Nib_Focus.png</textureslidernib>
			<textureslidernibfocus>ScrollBarV_Nib_Focus.png</textureslidernibfocus>
			<onup>55</onup>
			<ondown>-</ondown>
			<showonepage>true</showonepage>
			<orientation>horizontal</orientation>
			<animation effect="fade" start="0" end="100" time="400" condition="Control.HasFocus(60) | Container.Scrolling">Conditional</animation>
		</control>
	</include>
	<include name="ScrollBar_Vertical">		
		<!-- Scroll Bar -->
		<control type="scrollbar" id="61">
			<include>Animation_OpenCloseFade</include>
			<include>Animation_FadedByMenu</include>
			<posx>1270</posx>
			<posy>110</posy>
			<width>22</width>
			<height>468</height>
			<visible allowhiddenfocus="true">Control.HasFocus(61) | Container.Scrolling</visible>
			<texturesliderbackground>-</texturesliderbackground>
			<textureslidernib>ScrollBarV_Nib_Focus.png</textureslidernib>
			<textureslidernibfocus>ScrollBarV_Nib_Focus.png</textureslidernibfocus>
			<onleft>55</onleft>
			<onright>-</onright>
			<showonepage>true</showonepage>
			<orientation>vertical</orientation>
			<animation effect="fade" start="0" end="100" time="400" condition="Control.HasFocus(61) | Container.Scrolling">Conditional</animation>
		</control>
	</include>
	<!-- View Lockdowns -->
	<include name="OnUp7000">
		<onup>7000</onup>
	</include>
	<include name="OnLeft7000">
		<onleft>7000</onleft>
	</include>
	<!--  Navigation Menu Background Panel -->
	<include name="NavMenuBackground">
		<control type="image">
			<description>background image</description>
			<posx>440</posx>
			<posy>65</posy>
			<width>400</width>
			<height>580</height>
			<texture>frames/Menu_Glass2b.png</texture>
			<colordiffuse>DialogBackgroundColor</colordiffuse>
			<visible>ControlGroup(7000).HasFocus</visible>
		</control>
	</include>
	
	<!-- Video and Music OSD -->
	
	<include name="SmallMusicInfo">
		
		<control type="image">
			<description>Cover image</description>
			<posx>20</posx>
			<posy>17</posy>
			<width>130</width>
			<height>130</height>
			<texture>$INFO[MusicPlayer.Cover]</texture>
		</control>
		<control type="label">
			<description>Artist label</description>
			<posx>160</posx>
			<posy>15</posy>
			<height>30</height>
			<width>325</width>
			<label>$INFO[MusicPlayer.Artist]</label>
			<align>left</align>
			<aligny>center</aligny>
			<font>METF_TitleTextMedium</font>
			<textcolor>NowPlayingTitle</textcolor>
			<shadowcolor>black</shadowcolor>
		</control>
		<control type="fadelabel">
			<description>Title label</description>
			<posx>160</posx>
			<posy>43</posy>
			<height>30</height>
			<width>325</width>
			<label>$INFO[MusicPlayer.Title]</label>
			<align>left</align>
			<aligny>center</aligny>
			<font>METF_TitleText</font>
			<textcolor>white</textcolor>
			<shadowcolor>black</shadowcolor>
			<scrollout>false</scrollout>
			<pauseatend>2000</pauseatend>
		</control>
		<control type="label">
			<description>Album Label</description>
			<posx>160</posx>
			<posy>70</posy>
			<height>30</height>
			<width>325</width>
			<label>$INFO[MusicPlayer.Album]$INFO[musicplayer.discnumber, - $LOCALIZE[427]:]</label>
			<align>left</align>
			<aligny>center</aligny>
			<font>METF_TitleText</font>
			<textcolor>white</textcolor>
			<shadowcolor>black</shadowcolor>
		</control>
		<control type="label">
			<description>Time Label</description>
			<posx>160</posx>
			<posy>95</posy>
			<height>30</height>
			<width>325</width>
			<label>$INFO[MusicPlayer.Time]$INFO[MusicPlayer.Duration, / ]</label>
			<align>left</align>
			<aligny>center</aligny>
			<font>METF_TitleText</font>
			<textcolor>white</textcolor>
			<shadowcolor>black</shadowcolor>
		</control>
		<control type="label">
			<description>Next Label</description>
			<posx>160</posx>
			<posy>120</posy>
			<height>30</height>
			<width>325</width>
			<label>[COLOR=NowPlayingTitle]$LOCALIZE[209] :[/COLOR] $INFO[MusicPlayer.offset(1).Title]</label>
			<align>left</align>
			<aligny>center</aligny>
			<font>METF_TitleText</font>
			<textcolor>grey</textcolor>
			<shadowcolor>black</shadowcolor>
			<visible>Player.HasAudio</visible>
		</control>
	</include>
	<include name="SmallVideoInfo">
		<control type="image">
			<description>gradient</description>
			<posx>0</posx>
			<posy>0</posy>
			<width>500</width>
			<height>165</height>
			<colordiffuse>DDFFFFFF</colordiffuse>
			<texture border="20">OverlayDialogBackground.png</texture>
		</control>
		<control type="image">
			<description>Cover image</description>
			<posx>20</posx>
			<posy>17</posy>
			<width>130</width>
			<height>130</height>
			<aspectratio>keep</aspectratio>
			<texture>$INFO[VideoPlayer.cover]</texture>
		</control>
		<control type="label">
			<description>Studio label</description>
			<posx>160</posx>
			<posy>20</posy>
			<height>30</height>
			<width>325</width>
			<label>$INFO[VideoPlayer.Studio]</label>
			<align>left</align>
			<aligny>center</aligny>
			<font>METF_TitleText_title</font>
			<textcolor>grey2</textcolor>
			<shadowcolor>black</shadowcolor>
			<visible>!videoplayer.content(episodes) + !videoplayer.content(musicvideos)</visible>
		</control>
		<control type="label">
			<description>TV Show Title label</description>
			<posx>160</posx>
			<posy>20</posy>
			<height>30</height>
			<width>325</width>
			<label>$INFO[VideoPlayer.tvshowtitle]</label>
			<align>left</align>
			<aligny>center</aligny>
			<font>METF_TitleText_title</font>
			<textcolor>NowPlayingTitle</textcolor>
			<shadowcolor>black</shadowcolor>
			<visible>videoplayer.content(episodes)</visible>
		</control>
		<control type="fadelabel">
			<description>Music Video Artist label</description>
			<posx>160</posx>
			<posy>20</posy>
			<height>30</height>
			<width>325</width>
			<label>$INFO[VideoPlayer.Artist]</label>
			<align>left</align>
			<aligny>center</aligny>
			<font>METF_TitleText_title</font>
			<textcolor>white</textcolor>
			<shadowcolor>black</shadowcolor>
			<visible>videoplayer.content(musicvideos)</visible>
			<scrollout>false</scrollout>
			<pauseatend>2000</pauseatend>
		</control>
		<control type="fadelabel">
			<description>Title label</description>
			<posx>160</posx>
			<posy>43</posy>
			<height>30</height>
			<width>325</width>
			<label>$INFO[VideoPlayer.Title]</label>
			<align>left</align>
			<aligny>center</aligny>
			<font>font13_title</font>
			<textcolor>white</textcolor>
			<shadowcolor>black</shadowcolor>
			<scrollout>false</scrollout>
			<pauseatend>2000</pauseatend>
		</control>
		<control type="label">
			<description>Genre label</description>
			<posx>160</posx>
			<posy>70</posy>
			<height>30</height>
			<width>325</width>
			<label>$INFO[VideoPlayer.Genre]</label>
			<align>left</align>
			<aligny>center</aligny>
			<font>METF_TitleText</font>
			<textcolor>white</textcolor>
			<shadowcolor>black</shadowcolor>
			<visible>!videoplayer.content(episodes) + !videoplayer.content(musicvideos)</visible>
		</control>
		<control type="label">
			<posx>160</posx>
			<posy>70</posy>
			<height>30</height>
			<width>325</width>
			<label>$INFO[VideoPlayer.Album]</label>
			<align>left</align>
			<aligny>center</aligny>
			<font>METF_TitleText</font>
			<textcolor>white</textcolor>
			<shadowcolor>black</shadowcolor>
			<visible>videoplayer.content(musicvideos)</visible>
		</control>
		<control type="label">
			<description>Season and Episode label</description>
			<posx>160</posx>
			<posy>70</posy>
			<height>30</height>
			<width>325</width>
			<label>$LOCALIZE[20373] $INFO[VideoPlayer.Season] - $LOCALIZE[20359] $INFO[VideoPlayer.episode]</label>
			<align>left</align>
			<aligny>center</aligny>
			<font>METF_TitleText</font>
			<textcolor>white</textcolor>
			<shadowcolor>black</shadowcolor>
			<visible>videoplayer.content(episodes)</visible>
		</control>
		<control type="label">
			<description>Time Label</description>
			<posx>160</posx>
			<posy>95</posy>
			<height>30</height>
			<width>325</width>
			<label>$INFO[VideoPlayer.Time]$INFO[VideoPlayer.Duration, / ]</label>
			<align>left</align>
			<aligny>center</aligny>
			<font>METF_TitleText</font>
			<textcolor>white</textcolor>
			<shadowcolor>black</shadowcolor>
		</control>
	</include>
	<!-- Genre Descriptions -->
	<include name="GenreDescriptions">
		<control type="group">
			<include>Animation_FadedByMenu</include>
			<include>Animation_OpenCloseFade</include>
			<include>Animation_HiddenByInfo</include>
			<visible>Control.IsVisible(501) + Window.IsActive(videolibrary) + Container.Content(genres)</visible>
			<control type="textbox">
				<include>Genre_Description</include>
				<label>$LOCALIZE[31343]</label>
				<visible>StringCompare(ListItem.Label,Action)</visible>
			</control>
			<control type="textbox">
				<include>Genre_Description</include>
				<label>$LOCALIZE[31344]</label>
				<visible>StringCompare(ListItem.Label,Adventure)</visible>
			</control>
			<control type="textbox">
				<include>Genre_Description</include>
				<label>$LOCALIZE[31345]</label>
				<visible>StringCompare(ListItem.Label,Action And Adventure)</visible>
			</control>
			<control type="textbox">
				<include>Genre_Description</include>
				<label>$LOCALIZE[31346]</label>
				<visible>StringCompare(ListItem.Label,Adult)</visible>
			</control>
			<control type="textbox">
				<include>Genre_Description</include>
				<label>$LOCALIZE[31347]</label>
				<visible>StringCompare(ListItem.Label,Animation)</visible>
			</control>
			<control type="textbox">
				<include>Genre_Description</include>
				<label>$LOCALIZE[31348]</label>
				<visible>StringCompare(ListItem.Label,Anime)</visible>
			</control>
			<control type="textbox">
				<include>Genre_Description</include>
				<label>$LOCALIZE[31349]</label>
				<visible>StringCompare(ListItem.Label,Biography)</visible>
			</control>
			<control type="textbox">
				<include>Genre_Description</include>
				<label>$LOCALIZE[31350]</label>
				<visible>StringCompare(ListItem.Label,Bollywood)</visible>
			</control>
			<control type="textbox">
				<include>Genre_Description</include>
				<label>$LOCALIZE[31351]</label>
				<visible>StringCompare(ListItem.Label,Children)</visible>
			</control>
			<control type="textbox">
				<include>Genre_Description</include>
				<label>$LOCALIZE[31352]</label>
				<visible>StringCompare(ListItem.Label,Christmas)</visible>
			</control>
			<control type="textbox">
				<include>Genre_Description</include>
				<label>$LOCALIZE[31353]</label>
				<visible>StringCompare(ListItem.Label,Comedy)</visible>
			</control>
			<control type="textbox">
				<include>Genre_Description</include>
				<label>$LOCALIZE[31354]</label>
				<visible>StringCompare(ListItem.Label,Concert)</visible>
			</control>
			<control type="textbox">
				<include>Genre_Description</include>
				<label>$LOCALIZE[31355]</label>
				<visible>StringCompare(ListItem.Label,Crime)</visible>
			</control>
			<control type="textbox">
				<include>Genre_Description</include>
				<label>$LOCALIZE[31356]</label>
				<visible>StringCompare(ListItem.Label,Disaster)</visible>
			</control>
			<control type="textbox">
				<include>Genre_Description</include>
				<label>$LOCALIZE[31357]</label>
				<visible>StringCompare(ListItem.Label,Documentary)</visible>
			</control>
			<control type="textbox">
				<include>Genre_Description</include>
				<label>$LOCALIZE[31358]</label>
				<visible>StringCompare(ListItem.Label,Drama)</visible>
			</control>
			<control type="textbox">
				<include>Genre_Description</include>
				<label>$LOCALIZE[31359]</label>
				<visible>StringCompare(ListItem.Label,Family)</visible>
			</control>
			<control type="textbox">
				<include>Genre_Description</include>
				<label>$LOCALIZE[31360]</label>
				<visible>StringCompare(ListItem.Label,Fantasy)</visible>
			</control>
			<control type="textbox">
				<include>Genre_Description</include>
				<label>$LOCALIZE[31361]</label>
				<visible>StringCompare(ListItem.Label,Film Noir)</visible>
			</control>
			<control type="textbox">
				<include>Genre_Description</include>
				<label>$LOCALIZE[31362]</label>
				<visible>StringCompare(ListItem.Label,Game Show)</visible>
			</control>
			
			<control type="textbox">
				<include>Genre_Description</include>
				<label>$LOCALIZE[31364]</label>
				<visible>StringCompare(ListItem.Label,Hentai)</visible>
			</control>
			<control type="textbox">
				<include>Genre_Description</include>
				<label>$LOCALIZE[31365]</label>
				<visible>StringCompare(ListItem.Label,History)</visible>
			</control>
			
			<control type="textbox">
				<include>Genre_Description</include>
				<label>$LOCALIZE[31367]</label>
				<visible>StringCompare(ListItem.Label,Horror)</visible>
			</control>
			<control type="textbox">
				<include>Genre_Description</include>
				<label>$LOCALIZE[31368]</label>
				<visible>StringCompare(ListItem.Label,Independent)</visible>
			</control>
			<control type="textbox">
				<include>Genre_Description</include>
				<label>$LOCALIZE[31369]</label>
				<visible>StringCompare(ListItem.Label,Interview)</visible>
			</control>
			<control type="textbox">
				<include>Genre_Description</include>
				<label>$LOCALIZE[31370]</label>
				<visible>StringCompare(ListItem.Label,Martial Arts)</visible>
			</control>
			<control type="textbox">
				<include>Genre_Description</include>
				<label>$LOCALIZE[31371]</label>
				<visible>StringCompare(ListItem.Label,Mini-Series) | StringCompare(ListItem.Label,Mini-TV-Series)</visible>
			</control>
			<control type="textbox">
				<include>Genre_Description</include>
				<label>$LOCALIZE[31372]</label>
				<visible>StringCompare(ListItem.Label,Monster)</visible>
			</control>
			<control type="textbox">
				<include>Genre_Description</include>
				<label>$LOCALIZE[31373]</label>
				<visible>StringCompare(ListItem.Label,Music)</visible>
			</control>
			<control type="textbox">
				<include>Genre_Description</include>
				<label>$LOCALIZE[31374]</label>
				<visible>StringCompare(ListItem.Label,Musical)</visible>
			</control>
			<control type="textbox">
				<include>Genre_Description</include>
				<label>$LOCALIZE[31375]</label>
				<visible>StringCompare(ListItem.Label,Mystery)</visible>
			</control>
			<control type="textbox">
				<include>Genre_Description</include>
				<label>$LOCALIZE[31376]</label>
				<visible>StringCompare(ListItem.Label,Nature)</visible>
			</control>
			<control type="textbox">
				<include>Genre_Description</include>
				<label>$LOCALIZE[31377]</label>
				<visible>StringCompare(ListItem.Label,News)</visible>
			</control>
			<control type="textbox">
				<include>Genre_Description</include>
				<label>$LOCALIZE[31378]</label>
				<visible>StringCompare(ListItem.Label,Post-Apocalypse)</visible>
			</control>
			<control type="textbox">
				<include>Genre_Description</include>
				<label>$LOCALIZE[31379]</label>
				<visible>StringCompare(ListItem.Label,Reality)</visible>
			</control>

			<control type="textbox">
				<include>Genre_Description</include>
				<label>$LOCALIZE[31381]</label>
				<visible>StringCompare(ListItem.Label,Romance)</visible>
			</control>
			<control type="textbox">
				<include>Genre_Description</include>
				<label>$LOCALIZE[31382]</label>
				<visible>StringCompare(ListItem.Label,Sci-Fi) | StringCompare(ListItem.Label,Science Fiction) | StringCompare(ListItem.Label,Science-Fiction)</visible>
			</control>
			<control type="textbox">
				<include>Genre_Description</include>
				<label>$LOCALIZE[31383]</label>
				<visible>StringCompare(ListItem.Label,Short)</visible>
			</control>
			<control type="textbox">
				<include>Genre_Description</include>
				<label>$LOCALIZE[31384]</label>
				<visible>StringCompare(ListItem.Label,Soap)</visible>
			</control>
			
			<control type="textbox">
				<include>Genre_Description</include>
				<label>$LOCALIZE[31386]</label>
				<visible>StringCompare(ListItem.Label,Sport)</visible>
			</control>
			<control type="textbox">
				<include>Genre_Description</include>
				<label>$LOCALIZE[31387]</label>
				<visible>StringCompare(ListItem.Label,Spy)</visible>
			</control>
			<control type="textbox">
				<include>Genre_Description</include>
				<label>$LOCALIZE[31388]</label>
				<visible>StringCompare(ListItem.Label,Stageplay)</visible>
			</control>
			<control type="textbox">
				<include>Genre_Description</include>
				<label>$LOCALIZE[31389]</label>
				<visible>StringCompare(ListItem.Label,Stand-Up)</visible>
			</control>
			<control type="textbox">
				<include>Genre_Description</include>
				<label>$LOCALIZE[31390]</label>
				<visible>StringCompare(ListItem.Label,Superhero) | StringCompare(ListItem.Label,Comics)</visible>
			</control>
			<control type="textbox">
				<include>Genre_Description</include>
				<label>$LOCALIZE[31391]</label>
				<visible>StringCompare(ListItem.Label,Supernatural)</visible>
			</control>
			<control type="textbox">
				<include>Genre_Description</include>
				<label>$LOCALIZE[31392]</label>
				<visible>StringCompare(ListItem.Label,Talk Show)</visible>
			</control>
			<control type="textbox">
				<include>Genre_Description</include>
				<label>$LOCALIZE[31393]</label>
				<visible>StringCompare(ListItem.Label,Thriller)</visible>
			</control>
			<control type="textbox">
				<include>Genre_Description</include>
				<label>$LOCALIZE[31394]</label>
				<visible>StringCompare(ListItem.Label,War)</visible>
			</control>
			<control type="textbox">
				<include>Genre_Description</include>
				<label>$LOCALIZE[31395]</label>
				<visible>StringCompare(ListItem.Label,Western)</visible>
			</control>
			<control type="textbox">
				<include>Genre_Description</include>
				<label>$LOCALIZE[31396]</label>
				<visible>StringCompare(ListItem.Label,Wrestling)</visible>
			</control>
			<control type="textbox">
				<include>Genre_Description</include>
				<label>$LOCALIZE[31397]</label>
				<visible>StringCompare(ListItem.Label,Epic)</visible>
			</control>
			<control type="textbox">
				<include>Genre_Description</include>
				<label>$LOCALIZE[31398]</label>
				<visible>StringCompare(ListItem.Label,Silent)</visible>
			</control>
		</control>
	</include>
</includes>
