﻿<window id="2006">
	<allowoverlay>no</allowoverlay>
	<onload condition="Skin.HasSetting(Artist_Slideshow)">RunScript(script.artistslideshow)</onload>
	<defaultcontrol>-</defaultcontrol>
	<controls>
		<control type="multiimage">
			<posx>0</posx>
			<posy>0</posy>
			<width>1280</width>
			<height>720</height>
			<imagepath background="true">$INFO[Window(Visualisation).Property(ArtistSlideshow)]</imagepath>
			<aspectratio>keep</aspectratio>
			<timeperimage>5000</timeperimage>
			<fadetime>2000</fadetime>
			<randomize>true</randomize>
			<animation effect="fade" start="0" end="100" time="300">Visible</animation>
			<animation effect="fade" start="100" end="0" time="300">Hidden</animation>
			<visible>IsEmpty(Window(Visualisation).Property(ArtistSlideshowRefresh)) + Skin.HasSetting(Artist_Slideshow)</visible>
		</control>
		<control type="visualisation" id="2">
			<description>visualisation</description>
			<posx>0</posx>
			<posy>0</posy>
			<width>1280</width>
			<height>720</height>
			<animation effect="fade" start="0" end="100" time="400">WindowOpen</animation>
			<animation effect="fade" start="100" end="0" time="200">WindowClose</animation>
			<include>Animation_BackdropFade</include>
			<visible>!Skin.HasSetting(Use_Fanart_Viz) + !Skin.HasSetting(Artist_Slideshow)</visible>
		</control>
		<control type="image">
			<posx>0</posx>
			<posy>0</posy>
			<width>1280</width>
			<height>720</height>
			<texture background="true" fallback="special://skin/backgrounds/music.jpg">$INFO[MusicPlayer.Property(Fanart_Image)]</texture>
			<aspectratio>scale</aspectratio>
			<fadetime>400</fadetime>
			<include>Animation_BackdropFade</include>
			<visible>Skin.HasSetting(Use_Fanart_Viz) + ![Skin.HasSetting(vis_photos_backdrops) | Skin.HasSetting(vis_music_backdrops)] + !Skin.HasSetting(Artist_Slideshow)</visible>
		</control>
		<control type="multiimage" id="999">
			<posx>0</posx>
			<posy>0</posy>
			<width>1280</width>
			<height>720</height>
			<imagepath background="true">$INFO[Player.FolderPath,,../extrafanart/]</imagepath>
			<timeperimage>7000</timeperimage>
			<randomize>true</randomize>
			<fadetime>1000</fadetime>
			<include>Animation_BackdropFade</include>
			<visible>IsEmpty(Control.GetLabel(998)) + Skin.HasSetting(Use_Fanart_Viz) + ![Skin.HasSetting(vis_photos_backdrops) | Skin.HasSetting(vis_music_backdrops)] + !Skin.HasSetting(Artist_Slideshow)</visible>
		</control>
		<control type="multiimage" id="998">
			<posx>0</posx>
			<posy>0</posy>
			<width>1280</width>
			<height>720</height>
			<imagepath background="true">$INFO[Player.FolderPath,,../../extrafanart/]</imagepath>
			<timeperimage>7000</timeperimage>
			<randomize>true</randomize>
			<fadetime>1000</fadetime>
			<include>Animation_BackdropFade</include>
			<visible>IsEmpty(Control.GetLabel(999)) + Skin.HasSetting(Use_Fanart_Viz) + ![Skin.HasSetting(vis_photos_backdrops) | Skin.HasSetting(vis_music_backdrops)] + !Skin.HasSetting(Artist_Slideshow)</visible>
		</control>
		<control type="multiimage">
			<posx>0</posx>
			<posy>0</posy>
			<width>1280</width>
			<height>720</height>
			<imagepath background="true">$INFO[Skin.String(CustomMusicFolder)]</imagepath>
			<timeperimage>7000</timeperimage>
			<randomize>true</randomize>
			<fadetime>1000</fadetime>
			<include>Animation_BackdropFade</include>
			<visible>[Skin.HasSetting(Use_Fanart_Viz) + Skin.HasSetting(vis_music_backdrops)] | !IsEmpty(ListItem.Property(Fanart_Image)) + !Skin.HasSetting(Artist_Slideshow)</visible>
		</control>
		<control type="multiimage">
			<posx>0</posx>
			<posy>0</posy>
			<width>1280</width>
			<height>720</height>
			<imagepath background="true">$INFO[Skin.String(CustomPicturesFolder)]</imagepath>
			<timeperimage>7000</timeperimage>
			<randomize>true</randomize>
			<fadetime>1000</fadetime>
			<include>Animation_BackdropFade</include>
			<visible>Skin.HasSetting(Use_Fanart_Viz) + Skin.HasSetting(vis_photos_backdrops) + !Skin.HasSetting(Artist_Slideshow)</visible>
		</control>
		<control type="image">
			<include>Dimensions_Fullscreen</include>
			<texture>list/file-black-background1.png</texture>
			<visible>[Skin.HasSetting(DarkFullscreenMusicPlayback)]</visible>
		</control>
		<control type="multiimage" id="99">
			<posx>0</posx>
			<posy>0</posy>
			<width>1280</width>
			<height>720</height>
			<imagepath background="true">$INFO[Window(Visualisation).Property(ArtistSlideshow)]</imagepath>
			<aspectratio>keep</aspectratio>
			<timeperimage>5000</timeperimage>
			<fadetime>2000</fadetime>
			<randomize>true</randomize>
			
			<animation effect="fade" start="0" end="100" time="300">Visible</animation>
			<animation effect="fade" start="100" end="0" time="300">Hidden</animation>
			<visible>IsEmpty(Window(Visualisation).Property(ArtistSlideshowRefresh)) + Skin.HasSetting(Artist_Slideshow)</visible>

		</control>
		
		<control type="group">
			<visible>Player.ShowInfo + !Window.IsVisible(120)</visible>	

			<animation type="Visible">
				<effect type="fade" time="400" start="0" end="100" />
				<effect type="slide" time="400" start="0,151" end="0,0" easing="out" tween="cubic" />
			</animation>
			<animation type="Hidden">
				<effect type="fade" time="400" start="100" end="0" />
				<effect type="slide" time="400" start="0,0" end="0,151" easing="in" tween="cubic" />
			</animation>

			<control type="image">
				<posx>0</posx>
				<posy>460</posy>
				<width>1280</width>
				<height>260</height>
				<texture>osd/OSDdialogback.png</texture>
				<colordiffuse>OSDBackgroundColor</colordiffuse>
				<visible>Player.ShowInfo</visible>	
			</control>
		
		<control type="group">
			<posx>-20</posx>
			<posy>555</posy>
			<animation effect="slide" start="-280" end="30" time="700" tween="cubic" easing="out" delay="400">WindowOpen</animation>
			<animation effect="slide" start="30" end="-280" time="600" tween="cubic" easing="in" delay="800">WindowClose</animation> 
			<control type="image" id="7026">
				<width>180</width>
				<height>180</height>
				<posx>55</posx>
				<posy>-70</posy>
				
				<aspectratio align="bottom">keep</aspectratio>
				<animation type="Conditional" reversible="false" condition="Skin.HasSetting(CDArt) + !StringCompare(MusicPlayer.Cover,DefaultAlbumCover.png)">
					<effect type="slide" start="0,0" end="60,0" time="600" tween="cubic" easing="out" delay="400"/>
					<effect type="fade" start="0" end="100" time="400" delay="400"/>
				</animation>
				<animation effect="fade" start="100" end="0">WindowClose</animation>
				<animation effect="rotate" end="-360" center="auto" time="6000" loop="true" reversible="false" condition="!Player.Paused+Player.HasAudio">Conditional</animation>
				<animation effect="rotate" end="-360" center="auto" time="2000" loop="true" reversible="false" condition="Player.Forwarding2x+Player.HasAudio">Conditional</animation>
				<animation effect="rotate" end="-360" center="auto" time="1600" loop="true" reversible="false" condition="Player.Forwarding4x+Player.HasAudio">Conditional</animation>
				<animation effect="rotate" end="-360" center="auto" time="1100" loop="true" reversible="false" condition="Player.Forwarding8x+Player.HasAudio">Conditional</animation>
				<animation effect="rotate" end="-360" center="auto" time="700" loop="true" reversible="false" condition="Player.Forwarding16x+Player.HasAudio">Conditional</animation>
				<animation effect="rotate" end="-360" center="auto" time="400" loop="true" reversible="false" condition="Player.Forwarding32x+Player.HasAudio">Conditional</animation>
				<animation effect="rotate" end="360" center="auto" time="1100" loop="true" reversible="false" condition="Player.Rewinding2x+Player.HasAudio">Conditional</animation>
				<animation effect="rotate" end="360" center="auto" time="850" loop="true" reversible="false" condition="Player.Rewinding4x+Player.HasAudio">Conditional</animation>
				<animation effect="rotate" end="360" center="auto" time="700" loop="true" reversible="false" condition="Player.Rewinding8x+Player.HasAudio">Conditional</animation>
				<animation effect="rotate" end="360" center="auto" time="500" loop="true" reversible="false" condition="Player.Rewinding16x+Player.HasAudio">Conditional</animation>
				<animation effect="rotate" end="360" center="auto" time="350" loop="true" reversible="false" condition="Player.Rewinding32x+Player.HasAudio">Conditional</animation>
				<texture fallback="cd.png">$INFO[Player.FolderPath]/cdart.png</texture>
				<aspectratio>stretch</aspectratio>
				<visible>Skin.HasSetting(CDArt)</visible>
			</control>	
			<control type="image">
				<description>cover image</description>
				<posx>-50</posx>
				<posy>-80</posy>
				<width>340</width>
				<height>200</height>
				<fadetime>200</fadetime>
				<texture background="true">$INFO[MusicPlayer.cover]</texture>
				<aspectratio aligny="bottom">keep</aspectratio>
				<bordertexture border="8">ThumbShadow.png</bordertexture>
				<bordersize>8</bordersize>
				<visible>!IsEmpty(Control.GetLabel(7026))</visible>
				</control>
			<control type="image">
				<description>cover image</description>
				<posx>-50</posx>
				<posy>-80</posy>
				<width>340</width>
				<height>200</height>
				<fadetime>200</fadetime>
				<texture background="true">$INFO[MusicPlayer.cover]</texture>
				<aspectratio aligny="bottom">keep</aspectratio>
				<bordertexture border="8">ThumbShadow.png</bordertexture>
				<bordersize>8</bordersize>
				<visible>IsEmpty(Control.GetLabel(7026))</visible>
			</control>
			
		<!--	<control type="label">
				<animation effect="slide" start="1300" end="0" time="700" tween="cubic" easing="out" delay="1000">WindowOpen</animation>
				<animation effect="slide" start="0" end="3000" time="600" tween="cubic" easing="in" delay="800">WindowClose</animation>
				<description>Current time</description>
				<posx>350</posx>
				<posy>103</posy>
				<width>500</width>
				<height>500</height>
				<font>music_time</font>
				<label>[COLOR 60FFFFFF]$INFO[MusicPlayer.Time][/COLOR]</label>
			</control>  
			<control type="label">
				<animation effect="slide" start="1300" end="0" time="700" tween="cubic" easing="out" delay="1000">WindowOpen</animation>
				<animation effect="slide" start="0" end="1900" time="600" tween="cubic" easing="in" delay="800">WindowClose</animation>
				<description>Current time</description>
				<posx>485</posx>
				<posy>103</posy>
				<width>500</width>
				<height>500</height>
				<font>music_time</font>
				<label>[COLOR 60FFFFFF] / $INFO[MusicPlayer.Duration][/COLOR]</label>
			</control> -->
		</control>
		<control type="group">
			<visible>Player.ShowInfo</visible>
			<control type="image" id="1">
				<posx>525</posx>
				<posy>475</posy><!-- -143 -->
				<align>center</align>
				<aligny>center</aligny>
				<scroll>true</scroll>
				<width>230</width>
				<height>89</height>
				<texture>$INFO[Player.FolderPath,,../logo.png]</texture>
			</control>
			<control type="image" id="2">
				<posx>525</posx>
				<posy>475</posy><!-- -143 -->
				<align>center</align>
				<aligny>center</aligny>
				<scroll>true</scroll>
				<width>230</width>
				<height>89</height>
				<texture>$INFO[Player.FolderPath,,../../logo.png]</texture>
				<visible>IsEmpty(Control.GetLabel(1))</visible>
			</control>
			<control type="label">
				<!-- <animation effect="slide" start="1300" end="45" time="700" tween="cubic" easing="out" delay="1000">WindowOpen</animation>
				<animation effect="slide" start="45" end="1300" time="600" tween="cubic" easing="in" delay="200">WindowClose</animation> -->
				<posx>315</posx>
				<posy>485</posy><!-- -143 -->
				<width>650</width>
				<height>25</height>
				<align>center</align>
				<aligny>-</aligny>
				
				<scroll>true</scroll>
				<font>METF_MusicVizTitle</font>
				<label>[COLOR=NowPlayingTitle]$INFO[MusicPlayer.Artist][/COLOR]</label>
			<!--	<animation effect="slide" start="0,0" end="0,-12" time="200" condition="Control.IsVisible(212)">Conditional</animation> -->
				<visible>IsEmpty(Control.GetLabel(1)) + IsEmpty(Control.GetLabel(2))</visible>
			</control>
			
			<control type="label">
			<!--	<animation effect="slide" start="1300" end="55" time="700" tween="cubic" easing="out" delay="1200">WindowOpen</animation>
				<animation effect="slide" start="55" end="1300" time="600" tween="cubic" easing="in" delay="450">WindowClose</animation> -->
				<posx>315</posx>
				<posy>575</posy> <!-- -103 -->
				<width>650</width>
				<height>24</height>
				<align>center</align>
				
				<font>METF_TitleTextLarge</font>
				<label>[COLOR 80c2c4c3]$INFO[MusicPlayer.Album] [$INFO[MusicPlayer.Year]][/COLOR]</label>

			</control>
			<control type="label">
			<!--	<animation effect="slide" start="1300" end="65" time="700" tween="cubic" easing="out" delay="1300">WindowOpen</animation>
				<animation effect="slide" start="65" end="1300" time="600" tween="cubic" easing="in" delay="600">WindowClose</animation> -->
				<posx>315</posx>
				<posy>620</posy>
				<width>650</width><!-- 1280 -->
				<height>30</height>
				<align>center</align>
				
				<font>METF_SettingsHeading</font>
				<label>[COLOR 80c2c4c3]Track: $INFO[MusicPlayer.TrackNumber] - [/COLOR][COLOR=white]$INFO[MusicPlayer.Title][/COLOR]</label>
				
			</control>
			<control type="progress" id="23">
				<description>Progressbar</description>
				<posx>395</posx>
				<posy>660</posy>
				<width>500</width>
				<height>15</height>
				<align>center</align>
				<info>Player.Progress</info>
				<texturebg>osd/osd_progress_back.png</texturebg>
				<lefttexture>osd/osd_progress_left.png</lefttexture>
				<midtexture>osd/osd_progress_mid.png</midtexture>
				<righttexture>osd/osd_progress_right.png</righttexture>
				<colordiffuse>OSDProgressBar</colordiffuse>
				<overlaytexture>-</overlaytexture>
			<!--	<animation effect="slide" start="-600" end="0" time="700" tween="cubic" easing="out" delay="1200">WindowOpen</animation>
				<animation effect="slide" start="0" end="-600" time="600" tween="cubic" easing="in" delay="600">WindowClose</animation> -->
			</control>
			<control type="grouplist">
			<!--	<animation effect="slide" start="0,120" end="0,0" time="700" tween="cubic" easing="out" delay="1300">WindowOpen</animation>
				<animation effect="slide" start="0,0" end="0,120" time="600" tween="cubic" easing="in" delay="600">WindowClose</animation> -->
				<description>Media Codec Flagging Images</description>
				<posx>20</posx>
				<posy>680</posy>
				<width>550</width>
				<align>right</align>
				<itemgap>0</itemgap>
				<orientation>horizontal</orientation>
				
			</control>
			<control type="group">
				<control type="image">
					<posx>10</posx>
					<posy>680</posy>
					<description>Codec Image</description>
					<width>67</width>  <!-- 160x80 -->
					<height>30</height>
					<aspectratio>keep</aspectratio>
					<texture>$INFO[MusicPlayer.Codec,flags/AudioCodec/,.png]</texture>
				</control>
				<control type="image">
					<posx>5</posx>
					<posy>675</posy>
					<width>77</width>
					<height>40</height>
					<colordiffuse>MediaFlagBoxDiffuse</colordiffuse>
					<texture>flags/flag_frame.png</texture>
				</control>
				
				<control type="image">
					<posx>85</posx>
					<posy>680</posy>
					<width>60</width>
					<height>30</height>
					<aspectratio>keep</aspectratio>
					<texture>$INFO[MusicPlayer.Channels,flags/AudioChannels/,ch.png]</texture>
				</control>
				<control type="image">
					<posx>75</posx>
					<posy>675</posy>
					<width>80</width>
					<height>40</height>
					<colordiffuse>MediaFlagBoxDiffuse</colordiffuse>
					<texture>flags/flag_frame.png</texture>
				</control>
				
				<control type="image">
					<posx>158</posx>
					<posy>680</posy>
					<width>60</width>
					<height>30</height>
					<aspectratio>keep</aspectratio>
					
					<texture>flags/RecordLabels/$INFO[MusicPlayer.Property(Album_Label),,.png]</texture>
				</control>
				<control type="image">
					<posx>148</posx>
					<posy>675</posy>
					<width>80</width>
					<height>40</height>
					<colordiffuse>MediaFlagBoxDiffuse</colordiffuse>
					<texture>flags/flag_frame.png</texture>
				</control>
				
			<!--	<control type="image">
					<posx>250</posx>
					<posy>680</posy>
					<width>30</width>
					<height>30</height>
					<texture>Star.png</texture>
					<colordiffuse>RatingStarDiffuse</colordiffuse>
				</control> -->
				<control type="image">
					<posx>233</posx>
					<posy>685</posy>
					<width>88</width>
					<height>22</height>
					<colordiffuse>OSDProgressBar</colordiffuse>
					<texture>flags/LeftRating/$INFO[Player.StarRating]</texture>
					
				</control>
				<control type="image">
					<posx>218</posx>
					<posy>675</posy>
					<width>118</width>
					<height>40</height>
					<texture>flags/flag_frame.png</texture>
					<colordiffuse>MediaFlagBoxDiffuse</colordiffuse>
				</control>
			</control>
				<control type="fadelabel">
				<!--	<animation effect="slide" start="1300" end="0" time="700" tween="cubic" easing="out" delay="1000">WindowOpen</animation>
					<animation effect="slide" start="0" end="1000" time="600" tween="cubic" easing="in" delay="800">WindowClose</animation>					<description>Previous and Next artist</description> -->
					<posx>290</posx>
					<posy>675</posy>
					<width>700</width>
					<visible>true</visible>
					<scroll>false</scroll>
					<scrollout>false</scrollout>
					<scrollspeed>1000</scrollspeed>
					<pauseatend>10000</pauseatend>
					<label>Next: $INFO[MusicPlayer.offset(1).Artist]: $INFO[MusicPlayer.offset(1).Title]</label>
					<font>Font_Bartowski_Episodes</font>
					<textcolor>50FFFFFF</textcolor>
					<align>center</align>
					
				</control>		
			</control>
		</control>
		<control type="group">
			<include>Global_Time</include>
			<visible>Player.ShowInfo + (!Window.IsVisible(120) | !Skin.HasSetting(SmallBandArt))</visible>	
		</control>
	</controls>
</window>