<window id="130">
	<defaultcontrol>21</defaultcontrol>
	<coordinates>
		<system>1</system>
		<posx>370</posx>
		<posy>170</posy>
	</coordinates>
	<controls>
		<control type="image">
			<description>Background</description>
			<posx>-40</posx>
			<posy>-20</posy>
			<width>620</width>
			<height>400</height>
			<texture>frames/Menu_Glass2c.png</texture>
		</control>
        <control type="label" id="100">
            <description>Title Label</description>
            <label></label>
            <posx>10</posx>
            <posy>20</posy>
            <width>520</width>
            <height>30</height>
            <align>center</align>
            <aligny>center</aligny>
            <font>METF_Menu</font>
			<textcolor>GlobalHeading</textcolor>
        </control>
        <control type="image" id="101">
            <description>OnFocus Image</description>
            <posx>285</posx>
            <posy>75</posy>
            <width>205</width>
            <height>205</height>
            <aspectratio>scale</aspectratio>
            <texture>top250.png</texture>
        </control>
		<control type="image">
			<description>Image Frame</description>
			<posx>270</posx>
			<posy>60</posy>
			<width>235</width>
			<height>235</height>
			<texture>frames/ClassicFrame_SquareMedium.png</texture>
		</control>
        <control type="label" id="102">
            <description>OnFocus Label</description>
            <label></label>
            <posx>10</posx>
            <posy>315</posy>
            <width>520</width>
            <height>30</height>
            <align>center</align>
            <aligny>center</aligny>
            <font>METF_Menu</font>
			<textcolor>GlobalHeading</textcolor>
        </control>
        <control type="button" id="21">
            <description>Top250</description>
            <label></label>
            <posx>40</posx>
            <posy>80</posy>
            <width>220</width>
            <height>35</height>
            <font>METF_ContextValue</font>
            <align>center</align>
            <aligny>center</aligny>
            <texturefocus border="1">ButtonFO2Wide.png</texturefocus>
            <onup>25</onup>
            <onleft>25</onleft>
            <onright>22</onright>
            <ondown>22</ondown>
        </control>
        <control type="button" id="22">
            <description>Movies</description>
            <label></label>
            <posx>40</posx>
            <posy>120</posy>
            <width>220</width>
            <height>40</height>
            <font>METF_ContextValue</font>
            <align>center</align>
            <aligny>center</aligny>
            <texturefocus border="1">ButtonFO2Wide.png</texturefocus>
            <onup>21</onup>
            <onleft>21</onleft>
            <onright>23</onright>
            <ondown>23</ondown>
        </control>
        <control type="button" id="23">
            <description>TVShows</description>
            <label></label>
            <posx>40</posx>
            <posy>160</posy>
            <width>220</width>
            <height>35</height>
            <font>font12_title</font>
            <align>center</align>
            <aligny>center</aligny>
            <texturefocus border="1">ButtonFO2Wide.png</texturefocus>
            <onup>22</onup>
            <onleft>22</onleft>
            <onright>24</onright>
            <ondown>24</ondown>
        </control>
        <control type="button" id="24">
            <description>Edit IMDb ID</description>
            <label></label>
            <posx>40</posx>
            <posy>200</posy>
            <width>220</width>
            <height>35</height>
            <font>METF_ContextValue</font>
            <align>center</align>
            <aligny>center</aligny>
            <texturefocus border="1">ButtonFO2Wide.png</texturefocus>
            <onup>23</onup>
            <onleft>23</onleft>
            <onright>25</onright>
            <ondown>25</ondown>
        </control>
		<control type="button" id="25">
			<description>Exit</description>
            <label></label>
			<posx>40</posx>
			<posy>240</posy>
			<width>220</width>
			<height>35</height>
			<align>center</align>
			<aligny>center</aligny>
			<texturefocus border="1">ButtonFO2Wide.png</texturefocus>
			<font>METF_ContextValue</font>
			<onup>24</onup>
			<onleft>24</onleft>
			<onright>21</onright>
			<ondown>21</ondown>
		</control>
	</controls>
</window>
