<?xml version="1.0" encoding="utf-8"?>
<window>
	<allowoverlay>no</allowoverlay>
	<coordinates>
		<system>1</system>
		<posx>0</posx>
		<posy>0</posy>
	</coordinates>
	<controls>
		<!-- Background -->
		<control type="image" id="4600">
			<posx>0</posx>
			<posy>0</posy>
			<width>1280</width>
			<height>720</height>
            <texture>-</texture>
            <fadetime>500</fadetime>
		</control>
		
       
						
		<control type="image">
            <posx>0</posx>
            <posy>50</posy>
            <width>1280</width>
            <height>235</height>
            <texture>osd/OSDdialogback.png</texture>
			<colordiffuse>OSDBackgroundColor</colordiffuse>
        </control>
		<control type="image">
            <posx>0</posx>
            <posy>285</posy>
            <width>1280</width>
            <height>230</height>
            <texture>osd/OSDdialogback_top.png</texture>
			<colordiffuse>OSDBackgroundColor</colordiffuse>
        </control>
		
		
		 <control type="image">
            <posx>0</posx>
            <posy>0</posy>
            <width>1280</width>
            <height>58</height>
            <texture>osd/OSDdialogback_top.png</texture>
			<colordiffuse>OSDBackgroundColor</colordiffuse>
			<aspectratio align="left" aligny="bottom">center</aspectratio>
        </control>
		<control type="image">
            <posx>0</posx>
            <posy>508</posy>
            <width>1280</width>
            <height>200</height>
            <texture>osd/OSDdialogback.png</texture>
			<colordiffuse>OSDBackgroundColor</colordiffuse>
        </control>
		

        <control type="group">
            <description>TV Guide group</description>
            <posx>0</posx>
            <posy>0</posy>
            <width>1280</width>
            <height>720</height>

            <!-- Date and time row -->
            <control type="group">
                <posx>0</posx>
                <posy>5</posy>
                <width>1280</width>
                <height>50</height>
                <visible>true</visible>

                <control type="label" id="4000">
                    <description>Displays todays date</description>
                    <posx>0</posx>
                    <posy>0</posy>
                    <width>180</width>
                    <height>50</height>
                    <textcolor>TextFO</textcolor>
                    <font>METF_HeadingDetails</font>
                    <align>center</align>
                    <aligny>center</aligny>
                </control>
                <control type="label" id="4001">
                    <description>1st half hour column</description>
                    <posx>180</posx>
                    <posy>0</posy>
                    <width>270</width>
                    <height>50</height>
                    <textcolor>TextFO</textcolor>
                    <font>METF_HeadingDetails</font>
                    <aligny>center</aligny>
                </control>
                <control type="label" id="4002">
                    <description>2nd half hour column</description>
                    <posx>455</posx>
                    <posy>0</posy>
                    <width>270</width>
                    <height>50</height>
                    <textcolor>TextFO</textcolor>
                    <font>METF_HeadingDetails</font>
                    <aligny>center</aligny>
                </control>
                <control type="label" id="4003">
                    <description>3rd half hour column</description>
                    <posx>730</posx>
                    <posy>0</posy>
                    <width>270</width>
                    <height>50</height>
                    <textcolor>TextFO</textcolor>
                    <font>METF_HeadingDetails</font>
                    <aligny>center</aligny>
                </control>
                <control type="label" id="4004">
                    <description>4th half hour column</description>
                    <posx>1005</posx>
                    <posy>0</posy>
                    <width>270</width>
                    <height>50</height>
                    <textcolor>TextFO</textcolor>
                    <font>METF_HeadingDetails</font>
                    <aligny>center</aligny>
                </control>
            </control>

            <!-- Channels column -->
            <control type="group">
                <posx>0</posx>
                <posy>60</posy>
                <width>180</width>
                <height>400</height>
                <visible>true</visible>

                <!-- text labels -->
                <control type="label" id="4010">
                    <description>1st channel</description>
                    <posx>0</posx>
                    <posy>0</posy>
                    <width>180</width>
                    <height>50</height>
                    <textcolor>ffffffff</textcolor>
                    <font>METF_HeadingDetails</font>
                    <align>center</align>
                    <visible>StringCompare(Control.GetLabel(4110),)</visible>
                </control>
                <control type="label" id="4011">
                    <description>2nd channel</description>
                    <posx>0</posx>
                    <posy>50</posy>
                    <width>180</width>
                    <height>50</height>
                    <textcolor>ffffffff</textcolor>
                    <font>METF_HeadingDetails</font>
                    <align>center</align>
                    <visible>StringCompare(Control.GetLabel(4111),)</visible>
                </control>
                <control type="label" id="4012">
                    <description>3rd channel</description>
                    <posx>0</posx>
                    <posy>100</posy>
                    <width>180</width>
                    <height>50</height>
                    <textcolor>ffffffff</textcolor>
                    <font>METF_HeadingDetails</font>
                    <align>center</align>
                    <visible>StringCompare(Control.GetLabel(4112),)</visible>
                </control>
                <control type="label" id="4013">
                    <description>4th channel</description>
                    <posx>0</posx>
                    <posy>150</posy>
                    <width>180</width>
                    <height>50</height>
                    <textcolor>ffffffff</textcolor>
                    <font>METF_HeadingDetails</font>
                    <align>center</align>
                    <visible>StringCompare(Control.GetLabel(4113),)</visible>
                </control>
                <control type="label" id="4014">
                    <description>5th channel</description>
                    <posx>0</posx>
                    <posy>200</posy>
                    <width>180</width>
                    <height>50</height>
                    <textcolor>ffffffff</textcolor>
                    <font>METF_HeadingDetails</font>
                    <align>center</align>
                    <visible>StringCompare(Control.GetLabel(4114),)</visible>
                </control>
                <control type="label" id="4015">
                    <description>6th channel</description>
                    <posx>0</posx>
                    <posy>250</posy>
                    <width>180</width>
                    <height>50</height>
                    <textcolor>ffffffff</textcolor>
                    <font>METF_HeadingDetails</font>
                    <align>center</align>
                    <visible>StringCompare(Control.GetLabel(4115),)</visible>
                </control>
                <control type="label" id="4016">
                    <description>7th channel</description>
                    <posx>0</posx>
                    <posy>300</posy>
                    <width>180</width>
                    <height>50</height>
                    <textcolor>ffffffff</textcolor>
                    <font>METF_HeadingDetails</font>
                    <align>center</align>
                    <visible>StringCompare(Control.GetLabel(4116),)</visible>
                </control>
                <control type="label" id="4017">
                    <description>8th channel</description>
                    <posx>0</posx>
                    <posy>350</posy>
                    <width>180</width>
                    <height>50</height>
                    <textcolor>ffffffff</textcolor>
                    <font>METF_HeadingDetails</font>
                    <align>center</align>
                    <visible>StringCompare(Control.GetLabel(4117),)</visible>
                </control>
                <control type="label" id="4018">
                    <description>9th channel</description>
                    <posx>0</posx>
                    <posy>400</posy>
                    <width>180</width>
                    <height>50</height>
                    <textcolor>ffffffff</textcolor>
                    <font>METF_HeadingDetails</font>
                    <align>center</align>
                    <visible>StringCompare(Control.GetLabel(4118),)</visible>
                </control>

                <!-- logo images -->
                <control type="image" id="4110">
                    <description>1st channel</description>
                    <posx>10</posx>
                    <posy>0</posy>
                    <width>160</width>
                    <height>45</height>
                    <aspectratio>keep</aspectratio>
                    <fadetime>500</fadetime>
                    <visible>!StringCompare(Control.GetLabel(4110),)</visible>
                </control>
                <control type="image" id="4111">
                    <description>2nd channel</description>
                    <posx>10</posx>
                    <posy>50</posy>
                    <width>160</width>
                    <height>45</height>
                    <aspectratio>keep</aspectratio>
                    <fadetime>500</fadetime>
                    <visible>!StringCompare(Control.GetLabel(4111),)</visible>
                </control>
                <control type="image" id="4112">
                    <description>3rd channel</description>
                    <posx>10</posx>
                    <posy>100</posy>
                    <width>160</width>
                    <height>45</height>
                    <aspectratio>keep</aspectratio>
                    <fadetime>500</fadetime>
                    <visible>!StringCompare(Control.GetLabel(4112),)</visible>
                </control>
                <control type="image" id="4113">
                    <description>4th channel</description>
                    <posx>10</posx>
                    <posy>150</posy>
                    <width>160</width>
                    <height>45</height>
                    <aspectratio>keep</aspectratio>
                    <fadetime>500</fadetime>
                    <visible>!StringCompare(Control.GetLabel(4113),)</visible>
                </control>
                <control type="image" id="4114">
                    <description>5th channel</description>
                    <posx>10</posx>
                    <posy>200</posy>
                    <width>160</width>
                    <height>45</height>
                    <aspectratio>keep</aspectratio>
                    <fadetime>500</fadetime>
                    <visible>!StringCompare(Control.GetLabel(4114),)</visible>
                </control>
                <control type="image" id="4115">
                    <description>6th channel</description>
                    <posx>10</posx>
                    <posy>250</posy>
                    <width>160</width>
                    <height>45</height>
                    <aspectratio>keep</aspectratio>
                    <fadetime>500</fadetime>
                    <visible>!StringCompare(Control.GetLabel(4115),)</visible>
                </control>
                <control type="image" id="4116">
                    <description>7th channel</description>
                    <posx>10</posx>
                    <posy>300</posy>
                    <width>160</width>
                    <height>45</height>
                    <aspectratio>keep</aspectratio>
                    <fadetime>500</fadetime>
                    <visible>!StringCompare(Control.GetLabel(4116),)</visible>
                </control>
                <control type="image" id="4117">
                    <description>8th channel</description>
                    <posx>10</posx>
                    <posy>350</posy>
                    <width>160</width>
                    <height>45</height>
                    <aspectratio>keep</aspectratio>
                    <fadetime>500</fadetime>
                    <visible>!StringCompare(Control.GetLabel(4117),)</visible>
                </control>
                <control type="image" id="4118">
                    <description>9th channel</description>
                    <posx>10</posx>
                    <posy>400</posy>
                    <width>160</width>
                    <height>45</height>
                    <aspectratio>keep</aspectratio>
                    <fadetime>500</fadetime>
                    <visible>!StringCompare(Control.GetLabel(4118),)</visible>
                </control>
            </control>

            <control type="label" id="4020">
                <description>Program title</description>
                <posx>30</posx>
                <posy>520</posy>
                <width>630</width>
                <height>50</height>
                <textcolor>TextFO</textcolor>
                <font>METF_Heading</font>
                <aligny>center</aligny>
                <visible>!Control.IsVisible(4200)</visible>
            </control>
            <control type="image" id="4024">
                <description>Channel logo</description>
                <posx>620</posx>
                <posy>565</posy>
                <width>120</width>
                <height>40</height>
                <aspectratio>keep</aspectratio>
                <fadetime>500</fadetime>
                <!--<visible>!Control.IsVisible(4200)</visible>-->
				<visible>false</visible>
            </control>
            <control type="label" id="4021">
                <description>Program time</description>
                <posx>1050</posx>
                <posy>520</posy>
                <width>150</width>
                <height>50</height>
                <textcolor>TextFO</textcolor>
                <font>METF_HeadingDetails</font>
                <align>right</align>
                <aligny>center</aligny>
                <visible>!Control.IsVisible(4200)</visible>
            </control>
            <control type="textbox" id="4022">
                <description>Program description</description>
                <posx>30</posx>
                <posy>565</posy>
                <width>1040</width>
                <height>115</height>
                <textcolor>white</textcolor>
                <font>METF_PlotTextMedium</font>
                <autoscroll time="3600" delay="3000" repeat="6000">true</autoscroll>
                <visible>!Control.IsVisible(4200)</visible>
            </control>
            <control type="image" id="4023">
                <description>Program logo / Source logo</description>
                <posx>930</posx>
                <posy>535</posy>
                <width>320</width>
                <height>160</height>
                <aspectratio align="right" aligny="bottom">keep</aspectratio>
                <fadetime>500</fadetime>
                <!--<visible>!Control.IsVisible(4200)</visible>-->
				<visible>false</visible>
            </control>
			
			<control type="image" id="4100">
				<posx>180</posx>
				<posy>10</posy>
				<width>2</width>
				<height>505</height>
				<texture>timebar.png</texture>
			</control>
        
            <control type="group" id="4200">
                <posx>350</posx>
                <posy>580</posy>
                <width>580</width>
                <height>60</height>

                <control type="progress" id="4201">
                    <posx>0</posx>
                    <posy>0</posy>
                    <width>580</width>
                    <height>60</height>
                    <texturebg>tvguide-program-grey.png</texturebg>
                    <lefttexture />
                    <midtexture>tvguide-program-grey-focus.png</midtexture>
                    <righttexture />
                </control>
                <control type="label">
                    <description>loading splash</description>
                    <posx>0</posx>
                    <posy>10</posy>
                    <width>580</width>
                    <height>40</height>
                    <label>$ADDON[script.tvguide 30001]</label>
                    <textcolor>ffffffff</textcolor>
                    <font>METF_TitleTextLarge</font>
                    <align>center</align>
                    <aligny>center</aligny>
                </control>
            </control>
        </control><!-- id="5000" -->
		
		<include>Global_Time</include>	

	</controls>
</window>
