﻿<window id="2007">
	<defaultcontrol>2</defaultcontrol>
	<coordinates>
		<posy>-23</posy>
	</coordinates>
	<controls>
		<!-- Slideshow paused -->
		<control type="group" id="13">
			<posx>1110</posx>
			<animation type="VisibleChange">
				<effect type="slide" start="0,-100" end="0,0" time="300" />
				<effect type="fade" start="0" end="100" time="300" />
			</animation>
			<control type="image">
				<width>1100</width>
				<height>65</height>
				<texture flipx="true">dialogs/DialogBG_DropdownWide2.png</texture>
				<colordiffuse>DialogDropdownColor</colordiffuse>
			</control>
			<control type="label">
				<posx>30</posx>
				<posy>24</posy>
				<width>140</width>
				<height>30</height>
				<align>center</align>
				<aligny>center</aligny>
				<font>METF_DialogSmallBold</font>
				<textcolor>TextFO</textcolor>
				<label>112</label>
			</control>
			<visible>slideshow.ispaused</visible>
		</control>
		<!-- Picture info -->
		<control type="group">
			<animation type="VisibleChange">
				<effect type="slide" start="0,-100" end="0,0" time="300" />
				<effect type="fade" start="0" end="100" time="300" />
			</animation>
			<control type="image">
				<posx>-30</posx>
				<width>1100</width>
				<height>65</height>
				<texture>dialogs/DialogBG_DropdownWide2.png</texture>
				<colordiffuse>DialogDropdownColor</colordiffuse>
			</control>
			<control type="grouplist">
				<posx>10</posx>
				<posy>24</posy>
				<width>1100</width>
				<height>30</height>
				<align>left</align>
				<itemgap>10</itemgap>
				<orientation>horizontal</orientation>
				<control type="label">
					<width min="25" max="52">auto</width>
					<height>30</height>
					<aligny>center</aligny>
					<font>METF_DialogSmall</font>
					<textcolor>TitleText</textcolor>
					<label>$INFO[slideshow.slideindex]</label>
				</control>
				<control type="image">
					<width>8</width>
					<height>36</height>
					<texture>Dot.png</texture>
					<aspectratio align="center" aligny="center">keep</aspectratio>
					<colordiffuse>BulletDiffuse</colordiffuse>
					<visible>!IsEmpty(slideshow.filename)</visible>
				</control>
				<control type="label">
					<width min="25" max="622">auto</width>
					<height>30</height>
					<aligny>center</aligny>
					<font>METF_DialogSmallBold</font>
					<textcolor>MediaDetailsGenre</textcolor>
					<label>$INFO[slideshow.filename]</label>
				</control>
				<control type="image">
					<width>8</width>
					<height>36</height>
					<texture>Dot.png</texture>
					<aspectratio align="center" aligny="center">keep</aspectratio>
					<colordiffuse>BulletDiffuse</colordiffuse>
					<visible>!IsEmpty(slideshow.exiftime)</visible>
				</control>
				<control type="label">
					<width min="25" max="200">auto</width>
					<height>30</height>
					<aligny>center</aligny>
					<font>METF_DialogSmall</font>
					<textcolor>MediaDetailsYear</textcolor>
					<label>$INFO[slideshow.exiftime]</label>
				</control>
				<control type="image">
					<width>8</width>
					<height>36</height>
					<texture>Dot.png</texture>
					<aspectratio align="center" aligny="center">keep</aspectratio>
					<colordiffuse>BulletDiffuse</colordiffuse>
					<visible>!IsEmpty(slideshow.resolution) + !StringCompare(slideshow.resolution, 0 x 0)</visible>
				</control>
				<control type="label">
					<width min="25" max="120">auto</width>
					<height>30</height>
					<aligny>center</aligny>
					<font>METF_DialogSmall</font>
					<textcolor>MediaDetailsInfo</textcolor>
					<label>$INFO[slideshow.resolution]</label>
				</control>
			</control>
			<visible>Player.ShowInfo</visible>
		</control>
		<include condition="Skin.HasSetting(DebugMode)">Debug</include>
	</controls>
</window>
