﻿<window>
	<defaultcontrol always="true">10</defaultcontrol>
	<allowoverlay>no</allowoverlay>
	<controls>
		<control type="button" id="10">
			<posx>-20</posx>
			<posy>-20</posy>
			<width>1</width>
			<height>1</height>
			<texturenofocus>-</texturenofocus>
			<texturefocus>-</texturefocus>
			<description>Trigger</description>
			<onfocus>SetFocus(10)</onfocus>
			<onfocus>ReplaceWindow(Home)</onfocus>
			<visible>!Skin.HasSetting(Use_Startup_Playlist)</visible>
		</control>
		<control type="button" id="10">
			<description>trigger with startup Playlist</description>
			<onfocus>XBMC.PlayMedia($INFO[Skin.String(Startup_Playlist_Path)])</onfocus>
			<onfocus>SetFocus(20)</onfocus>
			<texturenofocus>-</texturenofocus>
			<texturefocus>-</texturefocus>
			<visible>Skin.HasSetting(Use_Startup_Playlist)</visible>
		</control>
		<control type="button" id="20">
			<posx>-20</posx>
			<posy>-20</posy>
			<width>1</width>
			<height>1</height>
			<texturenofocus>-</texturenofocus>
			<texturefocus>-</texturefocus>
			<description>trigger</description>
			<onfocus>RunScript(script.watchlist,movies=true&amp;episodes=true&amp;albums=true&amp;limit=25)</onfocus>
			<onfocus>SetFocus(30)</onfocus>
		</control>
		<control type="button" id="30">
			<posx>-20</posx>
			<posy>-20</posy>
			<width>1</width>
			<height>1</height>
			<texturenofocus>-</texturenofocus>
			<texturefocus>-</texturefocus>
			<description>trigger</description>
			<onfocus>RunScript(script.tv.show.next.aired,silent=True)</onfocus>
			<onfocus>ReplaceWindow(Home)</onfocus>
		</control>
	</controls>
</window>
