﻿<includes>
	<include name="Genre_Description">
		<posx>220</posx>
		<posy>565</posy>
		<width>840</width>
		<height>135</height>
		<align>left</align>
		<autoscroll time="4000" delay="16000" repeat="8000">Skin.HasSetting(AutoScroll)</autoscroll>
		<font>METF_PlotTextMedium</font>
		<textcolor>LowerText</textcolor>
	</include>

	<include name="Viewtype_TallGenre">
		<control type="group">
			<visible>Control.IsVisible(501)</visible>
			<!-- Browser -->
			<control type="wraplist" id="501">
				<posx>10</posx>
				<posy>65</posy>
				<height>450</height>
				<width>1260</width>
				<include condition="!Skin.HasSetting(ViewLockdown)">OnUp7000</include>
				<ondown>60</ondown>
				<onleft>501</onleft>
				<onright>501</onright>
				<viewtype label="$LOCALIZE[31416]">bigwrap</viewtype>
				<orientation>horizontal</orientation>
				<focusposition>3</focusposition>
				<scrolltime>200</scrolltime>
				<preloaditems>2</preloaditems>
				<pagecontrol>60</pagecontrol>
				<include>Animation_FadedByMenu</include>
				<include>Animation_OpenCloseFade</include>
				<include>Animation_HiddenByInfo</include>
				<visible>!Skin.HasSetting(NoViewTallGenre)</visible>
				<visible>Container.Content(genres)</visible>
				<itemlayout width="180" height="450">
					<control type="image">
						<posx>15</posx>
						<posy>75</posy>
						<width>150</width>
						<height>300</height>
						<texture fallback="DefaultMovieGenre.jpg">moviegenres/$INFO[ListItem.Label].jpg</texture>
						<aspectratio>stretch</aspectratio>
						<visible>Window.IsActive(videolibrary) + !Skin.HasSetting(HideGenreIconLabels)</visible>
					</control>
					<control type="image">
						<posx>15</posx>
						<posy>75</posy>
						<width>150</width>
						<height>300</height>
						<texture fallback="DefaultMovieGenre.jpg">moviegenres/NoLabels/$INFO[ListItem.Label].jpg</texture>
						<aspectratio>stretch</aspectratio>
						<visible>Window.IsActive(videolibrary) + Skin.HasSetting(HideGenreIconLabels)</visible>
					</control>
					<control type="image">
						<posx>15</posx>
						<posy>75</posy>
						<width>150</width>
						<height>300</height>
						<texture fallback="DefaultMusicGenre.jpg">musicgenres/$INFO[ListItem.Label].jpg</texture>
						<aspectratio>stretch</aspectratio>
						<visible>Window.IsActive(musiclibrary) + !Skin.HasSetting(HideGenreIconLabels)</visible>
					</control>
					<control type="image">
						<posx>15</posx>
						<posy>75</posy>
						<width>150</width>
						<height>300</height>
						<texture fallback="DefaultMusicGenre.jpg">musicgenres/NoLabels/$INFO[ListItem.Label].jpg</texture>
						<aspectratio>stretch</aspectratio>
						<visible>Window.IsActive(musiclibrary) + Skin.HasSetting(HideGenreIconLabels)</visible>
					</control>
					<control type="image">
						<posx>5</posx>
						<posy>59</posy>
						<width>180</width>
						<height>335</height>
						<texture>frames/ClassicFrame_Tall.png</texture>
					</control>
				</itemlayout>
				<focusedlayout width="180" height="450">
					<control type="image">
						<posx>15</posx>
						<posy>75</posy>
						<width>150</width>
						<height>300</height>
						<texture fallback="DefaultMovieGenre.jpg">moviegenres/$INFO[ListItem.Label].jpg</texture>
						<aspectratio>stretch</aspectratio>
						<animation reversible="false" effect="zoom" center="auto" start="100" end="112" time="200" tween="sine" easing="inout">focus</animation>
						<animation reversible="false" effect="zoom" center="auto" start="112" end="100" time="200" tween="sine" easing="inout">unfocus</animation>
						<visible>Window.IsActive(videolibrary) + !Skin.HasSetting(HideGenreIconLabels)</visible>
					</control>
					<control type="image">
						<posx>15</posx>
						<posy>75</posy>
						<width>150</width>
						<height>300</height>
						<texture fallback="DefaultMovieGenre.jpg">moviegenres/NoLabels/$INFO[ListItem.Label].jpg</texture>
						<aspectratio>stretch</aspectratio>
						<animation reversible="false" effect="zoom" center="auto" start="100" end="112" time="200" tween="sine" easing="inout">focus</animation>
						<animation reversible="false" effect="zoom" center="auto" start="112" end="100" time="200" tween="sine" easing="inout">unfocus</animation>
						<visible>Window.IsActive(videolibrary) + Skin.HasSetting(HideGenreIconLabels)</visible>
					</control>
					<control type="image">
						<posx>15</posx>
						<posy>75</posy>
						<width>150</width>
						<height>300</height>
						<texture fallback="DefaultMusicGenre.jpg">musicgenres/$INFO[ListItem.Label].jpg</texture>
						<aspectratio>stretch</aspectratio>
						<animation reversible="false" effect="zoom" center="auto" start="100" end="112" time="200" tween="sine" easing="inout">focus</animation>
						<animation reversible="false" effect="zoom" center="auto" start="112" end="100" time="200" tween="sine" easing="inout">unfocus</animation>
						<visible>Window.IsActive(musiclibrary) + !Skin.HasSetting(HideGenreIconLabels)</visible>
					</control>
					<control type="image">
						<posx>15</posx>
						<posy>75</posy>
						<width>150</width>
						<height>300</height>
						<texture fallback="DefaultMusicGenre.jpg">musicgenres/NoLabels/$INFO[ListItem.Label].jpg</texture>
						<aspectratio>stretch</aspectratio>
						<animation reversible="false" effect="zoom" center="auto" start="100" end="112" time="200" tween="sine" easing="inout">focus</animation>
						<animation reversible="false" effect="zoom" center="auto" start="112" end="100" time="200" tween="sine" easing="inout">unfocus</animation>
						<visible>Window.IsActive(musiclibrary) + Skin.HasSetting(HideGenreIconLabels)</visible>
					</control>					
					<control type="image">
						<posx>5</posx>
						<posy>59</posy>
						<width>180</width>
						<height>335</height>
						<texture>frames/ClassicFrame_Tall.png</texture>
						<animation reversible="false" effect="zoom" center="auto" start="100" end="112" time="200" tween="sine" easing="inout">focus</animation>
						<animation reversible="false" effect="zoom" center="auto" start="112" end="100" time="200" tween="sine" easing="inout">unfocus</animation>
					</control>
				</focusedlayout>
			</control>
			<!-- Genre Title -->
			<control type="label">
				<posx>40</posx>
				<posy>495</posy>
				<width>1200</width>
				<height>30</height>
				<align>center</align>
				<font>METF_TitleTextLarge</font>
				<textcolor>TextFO</textcolor>
				<label>$INFO[ListItem.Label]</label>
				<include>Animation_OpenCloseFade</include>
				<include>Animation_FadedByMenu</include>
				<include>Animation_HiddenByInfo</include>
				<visible>Control.IsVisible(501) + Container.Content(genres)</visible>
			</control>
			<include condition="!Skin.HasSetting(HideGenreDescriptions)">GenreDescriptions</include>
			<include>ScrollBar_Horizontal</include>
		</control>
	</include>
</includes>
