<?xml version="1.0" encoding="UTF-8" standalone="yes"?>
<addon id="plugin.image.prensayrevistas"
       name="Prensa y Revistas"
       version="0.3"
       provider-name="Xextil">
  <requires>
    <import addon="xbmc.python" version="1.0"/>
	<import addon="script.module.simplejson" version="2.0.10"/>
   </requires>

  <extension point="xbmc.python.pluginsource" library="default.py">
        <provides>image</provides>
  </extension>
  <extension point="xbmc.addon.metadata">
    <summary lang="es">Prensa y Revistas</summary>
    <summary lang="en">Press and Magazines</summary>
    <description lang="es">Addon para leer online y descargar prensa, revistas, manga... en varios idiomas a través de YouKioske y YouKioskeX, Submanga, Issuu, Scribd y Google Books</description>
    <description lang="en">Addon to read online and download press, magazines, manga...in several languages published in YouKioske and YouKioskeX, Submanga, Issuu, Scribd and Google Books</description>
	<platform>all</platform>
  </extension>
</addon>