<?xml version="1.0" encoding="UTF-8" standalone="yes"?>
<addon id="plugin.video.earth.touch"
       name="Earth Touch"
       version="0.2"
       provider-name="divingmule">
  <requires>
    <import addon="xbmc.python" version="1.0"/>
  </requires>
  <extension point="xbmc.python.pluginsource"
            library="default.py">
        <provides>video</provides>
  </extension>
  <extension point="xbmc.addon.metadata">
    <summary>Videos from earth-touch.com</summary>
    <description>Earth-Touch aspires to be the pre-eminent multimedia company that brings matters of the Earth (including wildlife and the environment) into the offices, homes and daily lives of people around the world by using cutting-edge technology. </description>
    <platform>all</platform>
  </extension>
</addon>
