<?xml version="1.0" encoding="UTF-8" standalone="yes"?>
<addon id="plugin.audio.mixcloud"
       name="MixCloud"
       version="1.0.1"
       provider-name="jackyNIX/Bochi">
  <requires>
    <import addon="xbmc.python" version="2.0"/>
    <import addon="script.module.simplejson" version="2.0.10"/>
  </requires>
  <extension point="xbmc.python.pluginsource"
             library="default.py">
     <provides>audio</provides>
  </extension>
  <extension point="xbmc.addon.metadata">
    <summary lang="en">XBMC Plugin for MixCloud</summary>
    <summary lang="nl">XBMC Plugin voor MixCloud</summary>
    <summary lang="fr">XBMC Plugin pour MixCloud</summary>
    <description lang="en">Mixcloud is re-thinking radio. Listen to great radio shows, Podcasts and DJ mix sets on-demand.</description>
    <description lang="nl">Mixcloud herdefinieerd radio. Luister naar uitstekende radioshows, podcasts en dj sets on demand.</description>
    <description lang="fr">Mixcloud redéfinit la radio. Écoutez les émissions radio, podcasts et mixes DJ sur demande.</description>
    <platform>all</platform>
    <language>en nl fr</language>
  </extension>
</addon>
