<?xml version="1.0" encoding="UTF-8" standalone="yes"?>
<channels>
	<adv>
		<item_id><![CDATA[1]]></item_id>
		<title><![CDATA[Advertisement 1]]></title>
		<link><![CDATA[{goldpagemedia_path}/videos/ads_1209261208.flv]]></link>
		<thumbnail><![CDATA[{goldpagemedia_path}/images/default.png]]></thumbnail>
	</adv>

	<adv>
		<item_id><![CDATA[2]]></item_id>
		<title><![CDATA[Advertisement 2]]></title>
		<link><![CDATA[{goldpagemedia_path}/videos/ads_1210041704.flv]]></link>
		<thumbnail><![CDATA[{goldpagemedia_path}/images/default.png]]></thumbnail>
	</adv>

	<adv>
		<item_id><![CDATA[3]]></item_id>
		<title><![CDATA[Advertisement 3]]></title>
		<link><![CDATA[{goldpagemedia_path}/videos/ads_1210041705.flv]]></link>
		<thumbnail><![CDATA[{goldpagemedia_path}/images/default.png]]></thumbnail>
	</adv>

	<adv>
		<item_id><![CDATA[4]]></item_id>
		<title><![CDATA[Advertisement 4]]></title>
		<link><![CDATA[{goldpagemedia_path}/videos/ads_1210041706.flv]]></link>
		<thumbnail><![CDATA[{goldpagemedia_path}/images/default.png]]></thumbnail>
	</adv>

	<adv>
		<item_id><![CDATA[5]]></item_id>
		<title><![CDATA[Advertisement 5]]></title>
		<link><![CDATA[{goldpagemedia_path}/videos/ads_1210091024.flv]]></link>
		<thumbnail><![CDATA[{goldpagemedia_path}/images/default.png]]></thumbnail>
	</adv>

	<adv>
		<item_id><![CDATA[6]]></item_id>
		<title><![CDATA[Advertisement 6]]></title>
		<link><![CDATA[{goldpagemedia_path}/videos/ads_1210091025.flv]]></link>
		<thumbnail><![CDATA[{goldpagemedia_path}/images/default.png]]></thumbnail>
	</adv>

	<adv>
		<item_id><![CDATA[7]]></item_id>
		<title><![CDATA[Advertisement 7]]></title>
		<link><![CDATA[{goldpagemedia_path}/videos/ads_1210091026.flv]]></link>
		<thumbnail><![CDATA[{goldpagemedia_path}/images/default.png]]></thumbnail>
	</adv>
</channels>