<?xml version="1.0" encoding="UTF-8"?>
<addon id="skin.xeebo" version="1.4.4" name="XeeBo" provider-name="Hitcher">
	<requires>
		<import addon="xbmc.gui" version="2.11"/>
		<import addon="script.randomitems" version="1.0.11"/>
		<import addon="script.recentlyadded" version="2.0.5"/>
		<import addon="script.tv.show.next.aired" version="2.1.2"/>
	</requires>
	<extension point="xbmc.gui.skin" defaultresolution="720p" defaultresolutionwide="720p" defaultthemename="Textures.xbt" effectslowdown="1.00" debugging="false"/>
	<extension point="xbmc.addon.metadata">
		<platform>all</platform>
		<minversion app="xbmc">28000</minversion>
		<summary>Boxee style skin</summary>
		<description>Designed for use with simple remotes (ie ATV), mouse or touchscreens where everything is only a few clicks away</description>
		<disclaimer>Built from the unfinished Boxee skin by Wir3d (part-coded by Jezz_X)</disclaimer>
	</extension>
</addon>
