<?xml version="1.0" encoding="utf-8"?>
<scraper framework="1.1" date="2011-01-24">
	<NfoUrl dest="3">
		<RegExp input="$$1" output="&lt;url&gt;http://ws.audioscrobbler.com/2.0/?method=artist.getinfo&amp;artist=\1&amp;api_key=71e468a84c1f40d4991ddccc46e40f1b&amp;lang=$INFO[lastfmlanguage]&lt;/url&gt;" dest="3">
			<expression>(http://www.last.fm/music/([^/]*))$</expression>
		</RegExp>
	</NfoUrl>
	<CreateArtistSearchUrl dest="3">
		<RegExp input="$$1" output="&lt;url&gt;http://ws.audioscrobbler.com/2.0/?method=artist.search&amp;artist=\1&amp;api_key=71e468a84c1f40d4991ddccc46e40f1b&lt;/url&gt;" dest="3">
			<expression />
		</RegExp>
	</CreateArtistSearchUrl>
	<GetArtistSearchResults dest="8">
		<RegExp input="$$5" output="&lt;results&gt;\1&lt;/results&gt;" dest="8">
			<RegExp input="$$1" output="&lt;entity&gt;&lt;title&gt;\1&lt;/title&gt;&lt;url&gt;http://ws.audioscrobbler.com/2.0/?method=artist.getinfo&amp;artist=\4&amp;api_key=71e468a84c1f40d4991ddccc46e40f1b&amp;lang=$INFO[lastfmlanguage]&lt;/url&gt;&lt;/entity&gt;" dest="5+">
				<expression repeat="yes">&lt;artist&gt;.*?&lt;name&gt;([^&lt;]*)&lt;/name&gt;.*?&lt;mbid&gt;([^&lt;]*)&lt;/mbid&gt;.*?&lt;url&gt;(?:http://)?www\.last\.fm/music/(\+noredirect/)?([^&lt;]*)&lt;/url&gt;</expression>
			</RegExp>
			<expression noclean="1" />
		</RegExp>
	</GetArtistSearchResults>
	<GetArtistDetails dest="3">
		<RegExp input="$$5" output="&lt;?xml version=&quot;1.0&quot; encoding=&quot;utf-8&quot;?&gt;&lt;details&gt;\1&lt;/details&gt;" dest="3">
			<RegExp input="$$1" output="&lt;name&gt;\1&lt;/name&gt;" dest="5">
				<expression noclean="1">&lt;name&gt;([^&lt;]*)&lt;/name&gt;</expression>
			</RegExp>
			<RegExp input="$$1" output="&lt;biography&gt;&lt;![CDATA[\1]]&gt;&lt;/biography&gt;" dest="5+">
				<expression fixchars="1">&lt;content&gt;&lt;!\[CDATA\[(.*?)\]\]</expression>
			</RegExp>
			<RegExp input="$$1" output="\1" dest="8">
				<expression noclean="1">&lt;/mbid&gt;(.*?)&lt;streamable&gt;</expression>
			</RegExp>
			<RegExp input="$$8" output="&lt;thumb preview=&quot;\1&quot;&gt;\2&lt;/thumb&gt;" dest="5+">
				<expression>&lt;image size=&quot;large&quot;[^&gt;]*&gt;([^&lt;]*).*?&lt;image size=&quot;mega&quot;&gt;([^&lt;]*)&lt;</expression>
			</RegExp>
			<RegExp input="$$1" output="\1" dest="7">
				<expression noclean="1">&lt;mbid&gt;([^&lt;]*)&lt;/mbid&gt;</expression>
			</RegExp>
			<RegExp input="$$7" output="&lt;chain function=&quot;GetLastFMArtistThumbsByMBID&quot;&gt;\1&lt;/chain&gt;" dest="5+">
				<expression noclean="1">(.+)</expression>
			</RegExp>
			<RegExp conditional="htbthumbs" input="$$7" output="&lt;chain function=&quot;GetHTBThumbsByMBID&quot;&gt;\1&lt;/chain&gt;" dest="5+">
				<expression noclean="1">(.+)</expression>
			</RegExp>
			<RegExp conditional="htbfanart" input="$$7" output="&lt;chain function=&quot;GetHTBFanartByMBID&quot;&gt;\1&lt;/chain&gt;" dest="5+">
				<expression noclean="1">(.+)</expression>
			</RegExp>
			<RegExp input="$$7" output="&lt;chain function=&quot;GetLastFMDiscographyByMBID&quot;&gt;\1&lt;/chain&gt;" dest="5+">
				<expression noclean="1">(.+)</expression>
			</RegExp>
			<RegExp input="$$7" output="&lt;chain function=&quot;GetLastFMArtistGenresByMBID&quot;&gt;\1&lt;/chain&gt;" dest="5+">
				<expression noclean="1">(.+)</expression>
			</RegExp>
			<RegExp input="$$7" output="&lt;chain function=&quot;GetLastFMArtistStylesByMBID&quot;&gt;\1&lt;/chain&gt;" dest="5+">
				<expression noclean="1">(.+)</expression>
			</RegExp>
			<expression noclean="1" />
		</RegExp>
	</GetArtistDetails>
</scraper>