<?xml version="1.0" encoding="UTF-8" standalone="yes"?>
<addon id="script.tv.show.next.aired"
       name="TV Show - Next Aired"
       version="2.1.2"
       provider-name="Ppic, Frost (passion-xbmc.org)">
  <requires>
    <import addon="xbmc.python" version="1.0"/>
  </requires>
  <extension point="xbmc.python.script"
             library="default.py">
    <provides>video</provides>
  </extension>
  <extension point="xbmc.addon.metadata">
    <platform>all</platform>
    <summary lang="en">Grab infos of next TV Shows Aired.</summary>
    <summary lang="fr">Récupère les dates de diffusions de vos séries</summary>
    <description lang="en">Grab infos of next TV Shows Aired. You'll never miss them</description>
    <description lang="fr">Ce script interroge votre médiathèque puis vas récupérer les infos sur les prochaines diffusions de vos séries.
    vous n'en manquerez plus aucune </description>
  </extension>
</addon>
