<window>
	<resolution>PAL16x9</resolution>
	<useincludes>false</useincludes>
<!--	<coordinates>
		<system>1</system>
		<posx>0</posx>
		<posy>0</posy>
	</coordinates>-->
	<allowoverlay>yes</allowoverlay>
	<defaultcontrol>205</defaultcontrol>	
<!--	<animation effect="fade" time="1000">WindowOpen</animation>
	<animation effect="slide" end="0,576" time="1000">WindowClose</animation>-->
	<controls>
		<control type="image">
			<description>Background</description>
			<posx>0</posx>
			<posy>0</posy>
			<height>720</height>
			<width>1280</width>
			<texture>gs-bg.png</texture>	
			<animation effect="fade" time="1000" start="0" end="100">WindowOpen</animation>
		</control>
		<control type="image">
			<description>Background for playlist or search results</description>
			<posx>5</posx>
			<posy>25</posy>
			<height>530</height>
			<width>530</width>
			<texture>list-bg.png</texture>	
			<visible>false</visible>
		</control>


		<control type="image">
			<description>Album Cover</description>
			<posx>0</posx>
			<posy>0</posy>
			<height>1</height>
			<width>1</width>
			<texture>submenu_bg.png</texture>
		</control>
<!--		<control type="image">
			<description>GS Logo</description>
			<posx>0</posx>
			<posy>0</posy>
			<height>50</height>
			<width>720</width>
			<texture>gs_logo.png</texture>	
		</control>-->
		<control type="group" id="7001">
			<posx>-100</posx>
			<posy>-100</posy>
			<visible allowhiddenfocus="true">true</visible>
			<control type="button" id="7002">
				<description>dummy button for notification</description>				
				<posx>0</posx>
				<posy>0</posy>
				<width>10</width>
				<height>10</height>		
				<texturefocus></texturefocus>
				<texturenofocus></texturenofocus>
				<textcolor>ffffffff</textcolor>
				<disabledcolor>60ffffff</disabledcolor>
				<textoffsetx>17</textoffsetx>
				<aligny>center</aligny>
				<onup></onup>	
				<onleft></onleft>
				<onright></onright>
				<font>font12</font>
				<visible allowhiddenfocus="true">False</visible>
			</control>
		</control>
		<control type="group" id="7005">
			<posx>-100</posx>
			<posy>-100</posy>
			<visible allowhiddenfocus="true">true</visible>
			<control type="button" id="7006">
				<description>dummy button for busy</description>				
				<posx>0</posx>
				<posy>0</posy>
				<width>10</width>
				<height>10</height>		
				<texturefocus></texturefocus>
				<texturenofocus></texturenofocus>
				<textcolor>ffffffff</textcolor>
				<disabledcolor>60ffffff</disabledcolor>
				<textoffsetx>17</textoffsetx>
				<aligny>center</aligny>
				<onup></onup>	
				<onleft></onleft>
				<onright></onright>
				<font>font12</font>
				<visible allowhiddenfocus="true">False</visible>
			</control>
		</control>
		<control type="group" id="210">
			<posx>590</posx>
			<posy>310</posy>	
			<control type="image" id="220">
				<animation type="Conditional" reversible="false" condition="true" loop="true">
					<effect type="rotate" start="0" end="360" time="700" center="50,50" loop="true" reversible="false" />
				</animation>

				<animation type="Conditional" reversible="true" loop="false" condition="ControlGroup(7005).HasFocus">
					<effect type="fade" time="200" start="0" end="100" reversible="false" delay="800"/>
				</animation>
				<animation type="Conditional" reversible="false" condition="!ControlGroup(7005).HasFocus" loop="false">
					<effect type="fade" time="200" start="100" end="0" reversible="false" delay="0"/>
				</animation>
				<description>Busy icon</description>
				<posx>0</posx>
				<posy>0</posy>
				<height>100</height>
				<width>100</width>
				<texture>busy-icon.png</texture>
			</control>
			<control type="image" id="230">
				<animation type="Conditional" reversible="true" condition="!StringCompare(Control.GetLabel(300),)" loop="false">
					<effect type="fade" time="1000" reversible="true" delay="0"/>
				</animation>
				<description>Background</description>
				<posx>10</posx>
				<posy>10</posy>
				<height>80</height>
				<width>80</width>
				<texture>busy-center.png</texture>
				<visible>!StringCompare(Control.GetLabel(300),)</visible>
			</control>
			<control type="label" id="300">
				<animation type="Conditional" reversible="true" condition="!StringCompare(Control.GetLabel(300),)" loop="false">
					<effect type="fade" time="1000" reversible="true" delay="0"/>
				</animation>
				<description>Progress label</description>
				<width>100</width>			
				<height>100</height>
				<posx>0</posx>
				<posy>0</posy>
				<align>center</align>
				<aligny>center</aligny>
				<label></label>
				<font>font13</font>
				<textcolor>FFFFFFFF</textcolor>
				<visible>!StringCompare(Control.GetLabel(300),)</visible>
			</control>
		</control>
		<control type="image">
			<description>Background for playing next</description>
			<posx>0</posx>
			<posy>650</posy>
			<height>50</height>
			<width>1280</width>
			<texture>gs-bg-menu-next.png</texture>	
			<visible>true</visible>
		</control>
		<control type="group" id="210">
			<posx>1024</posx>
			<posy>0</posy>
			<animation effect="zoom" time="500" center="auto" start="180" end="100" tween="cubic" easing="out">WindowOpen</animation>
			<animation effect="fade" time="500" start="0" end="100">WindowOpen</animation>
			<animation effect="fade" start="0" end="100" time="200" tween="quadratic" condition="!ControlGroup(112).HasFocus">conditional</animation>
			<animation effect="fade" start="100" end="0" time="200" tween="quadratic" condition="ControlGroup(112).HasFocus">conditional</animation>
			<control type="image" id="9010">
				<description>Icon options</description>
				<posx>180</posx>
				<posy>10</posy>
				<height>48</height>
				<width>48</width>
				<texture>gs_info.png</texture>
				<!--<visible>Control(4100).IsVisible</visible>-->
				<visible>true</visible>
			</control>
			<control type="image" id="9011">
				<description>Arrow options</description>
				<posx>230</posx>
				<posy>22</posy>
				<height>24</height>
				<width>24</width>
				<texture>gs_next.png</texture>
				<visible>Control(4100).IsVisible</visible>
			</control>
			<control type="image" id="9020">
				<description>Icon menu</description>
				<posx>-990</posx>
				<posy>10</posy>
				<height>48</height>
				<width>48</width>
				<texture>gs_home.png</texture>
				<visible>true</visible>
			</control>
			<control type="image" id="9021">
				<description>Arrow menu</description>
				<posx>-1014</posx>
				<posy>22</posy>
				<height>24</height>
				<width>24</width>
				<texture>gs_prev.png</texture>
				<visible>Control(4100).IsVisible</visible>
			</control>

			<control type="image" id="9001">
				<description>Cover for playing now</description>
				<posx>0</posx>
				<posy>400</posy>
				<height>150</height>
				<width>150</width>
				<texture>$INFO[MusicPlayer.Cover]</texture>
				<visible>Player.HasAudio + Player.Playing|Player.HasAudio + Player.Paused</visible>
			</control>
			<control type="image">
				<description>icon for now playing</description>
				<posx>400</posx>
				<posy>0</posy>
				<height>150</height>
				<width>150</width>
				<texture>playing.png</texture>	
				<visible>true</visible>
				<visible>Player.HasAudio + Player.Playing|Player.HasAudio + Player.Paused</visible>
			</control>
			<control type="image">
				<description>background now playing</description>
				<posx>0</posx>
				<posy>516</posy>
				<height>34</height>
				<width>150</width>
				<texture>playing-bg.png</texture>	
				<visible>true</visible>
				<visible>Player.HasAudio + Player.Playing|Player.HasAudio + Player.Paused</visible>
			</control>

			<control type="fadelabel" id="3002">
				<description>Playing label</description>
				<width>150</width>			
				<posx>0</posx>
				<posy>533</posy>
				<align>left</align>
				<aligny>center</aligny>
				<scrollout>False</scrollout>
				<pauseatend>2000</pauseatend>
				<label>$LOCALIZE[SCRIPT3001]: [COLOR ffffffff]$INFO[MusicPlayer.Artist] - $INFO[MusicPlayer.Title][/COLOR]</label>
				<font>font13</font>
				<textcolor>FFFFFFFF</textcolor>
				<visible>Player.HasAudio + Player.Playing|Player.HasAudio + Player.Paused</visible>
			</control>
			<control type="fadelabel" id="3001">
				<description>Now playing label</description>
				<width>220</width>			
				<posx>37</posx>
				<posy>110</posy>
				<align>left</align>
				<aligny>center</aligny>
				<label></label>
				<font>font13</font>
				<textcolor>ffffffff</textcolor>
				<visible>false</visible>
			</control>

			<control type="label" id="3002">
				<description>Playing label</description>
				<width>150</width>			
				<posx>0</posx>
				<posy>566</posy>
				<align>center</align>
				<aligny>center</aligny>
				<label>$INFO[MusicPlayer.Time]</label>
				<font>font13</font>
				<textcolor>FFFFFFFF</textcolor>
				<visible>Player.HasDuration</visible>
			</control>
		

		<control type="group" id="211">
			<posx>0</posx>
			<posy>650</posy>
			<animation effect="zoom" time="500" center="auto" start="180" end="100" tween="cubic" easing="out">WindowOpen</animation>
			<animation effect="fade" time="500" start="0" end="100">WindowOpen</animation>
			
			<control type="fadelabel" id="4001">
				<description>Playing next label</description>
				<width>130</width>			
				<posx>10</posx>
				<posy>35</posy>
				<align>right</align>
				<aligny>center</aligny>
				<label>$INFO[MusicPlayer.offset(1).Artist] - $INFO[MusicPlayer.offset(1).Title]</label>
				<scrollout>False</scrollout>
				<pauseatend>4000</pauseatend>
				<font>font13</font>
				<textcolor>ffffffff</textcolor>
				<scrollspeed>10</scrollspeed>
				<visible>!StringCompare(MusicPlayer.offset(1).Title,)</visible>
				<animation effect="fade" start="100" end="0" time="200" condition="ControlGroup(210).HasFocus">conditional</animation>
				<animation effect="fade" start="0" end="100" time="400" condition="!ControlGroup(210).HasFocus">conditional</animation>
			</control>
			<control type="label" id="4002">
				<description>Playing Next label</description>
				<width>115</width>			
				<posx>140</posx>
				<posy>15</posy>
				<align>right</align>
				<aligny>center</aligny>
				<label>$LOCALIZE[SCRIPT3002]</label>
				<font>font13</font>
				<textcolor>FFFFFFFF</textcolor>
				<visible>!StringCompare(MusicPlayer.offset(1).Title,)</visible>
				<animation effect="fade" start="100" end="0" time="200" condition="ControlGroup(210).HasFocus">conditional</animation>
				<animation effect="fade" start="0" end="100" time="400" condition="!ControlGroup(210).HasFocus">conditional</animation>
			</control>
			<control type="image" id="9002">
				<description>Cover for playing next</description>
				<posx>150</posx>
				<posy>-15</posy>
				<height>80</height>
				<width>80</width>
				<texture>default-cover.png</texture>
				<visible>true</visible>
				<visible>!StringCompare(MusicPlayer.offset(1).Title,)</visible>
				<animation effect="fade" start="100" end="0" time="200" condition="ControlGroup(210).HasFocus">conditional</animation>
				<animation effect="fade" start="0" end="100" time="400" condition="!ControlGroup(210).HasFocus">conditional</animation>
			</control>
		</control>
		</control>

		<control type="group" id="2210">	
			<posx>1040</posx>
			<posy>647</posy>
			<visible allowhiddenfocus="true">ControlGroup(210).HasFocus</visible>
			<animation effect="fade" start="100" end="0" time="200" condition="!ControlGroup(210).HasFocus">conditional</animation>
			<animation effect="fade" start="0" end="100" time="400" condition="ControlGroup(210).HasFocus">conditional</animation>
			<animation effect="zoom" time="500" center="auto" start="180" end="100" tween="cubic" easing="out">WindowOpen</animation>
			<animation effect="fade" time="500" start="0" end="100">WindowOpen</animation>
			<control type="button" id="2001">
				<description>Prev button</description>				
				<posx>0</posx>
				<posy>15</posy>
				<width>23</width>
				<height>28</height>		
				<texturefocus>b_prev_focus.png</texturefocus>
				<texturenofocus>b_prev.png</texturenofocus>
				<textcolor>ffffffff</textcolor>
				<disabledcolor>60ffffff</disabledcolor>
				<textoffsetx>17</textoffsetx>
				<aligny>center</aligny>
				<onup>50</onup>	
				<onleft>50</onleft>
				<onright>2002</onright>
				<font>font12</font>
				<visible>true</visible>
			</control>
			<control type="button" id="2002">
				<description>Stop button</description>				
				<posx>30</posx>
				<posy>15</posy>
				<width>23</width>
				<height>28</height>		
				<texturefocus>b_stop_focus.png</texturefocus>
				<texturenofocus>b_stop.png</texturenofocus>
				<textcolor>ffffffff</textcolor>
				<disabledcolor>60ffffff</disabledcolor>
				<textoffsetx>17</textoffsetx>
				<aligny>center</aligny>					
				<onup>50</onup>
				<onleft>2001</onleft>
				<onright>2003</onright>
				<font>font12</font>
				<visible>true</visible>
			</control>
			<control type="button" id="2003">
				<description>Play button</description>				
				<posx>60</posx>
				<posy>15</posy>
				<width>23</width>
				<height>28</height>		
				<texturefocus>b_play_focus.png</texturefocus>
				<texturenofocus>b_play.png</texturenofocus>
				<textcolor>ffffffff</textcolor>
				<disabledcolor>60ffffff</disabledcolor>
				<textoffsetx>17</textoffsetx>
				<aligny>center</aligny>					
				<onup>50</onup>
				<onleft>2002</onleft>
				<onright>2004</onright>
				<font>font12</font>
				<visible>!Player.Playing|Player.Paused</visible>
			</control>
			<control type="button" id="2003">
				<description>Pause button</description>				
				<posx>60</posx>
				<posy>15</posy>
				<width>23</width>
				<height>28</height>		
				<texturefocus>b_pause_focus.png</texturefocus>
				<texturenofocus>b_pause.png</texturenofocus>
				<textcolor>ffffffff</textcolor>
				<disabledcolor>60ffffff</disabledcolor>
				<textoffsetx>17</textoffsetx>
				<aligny>center</aligny>					
				<onup>50</onup>	
				<onleft>2002</onleft>
				<onright>2004</onright>
				<font>font12</font>
				<visible>Player.Playing</visible>
			</control>
			<control type="button" id="2004">
				<description>Next button</description>				
				<posx>90</posx>
				<posy>15</posy>
				<width>23</width>
				<height>28</height>		
				<texturefocus>b_next_focus.png</texturefocus>
				<texturenofocus>b_next.png</texturenofocus>
				<textcolor>ffffffff</textcolor>
				<disabledcolor>60ffffff</disabledcolor>
				<textoffsetx>17</textoffsetx>
				<aligny>center</aligny>					
				<onup>50</onup>
				<onleft>2003</onleft>
				<onright>2001</onright>
				<font>font12</font>
				<visible>true</visible>
			</control>
		</control>

      	
		<control type="group" id="205">
			<posx>80</posx>
			<posy>0</posy>
			<animation effect="fade" start="100" end="50" time="200" condition="!Control.HasFocus(50)+!ControlGroup(210).HasFocus">conditional</animation>
			<animation effect="fade" start="50" end="100" time="400" condition="Control.HasFocus(50)+ControlGroup(210).HasFocus">conditional</animation>
			<animation effect="zoom" time="500" center="auto" start="280" end="100" tween="cubic" easing="out">WindowOpen</animation>
			<control type="image">
				<width>700</width>
				<height>70</height>
				<posx>97</posx>
				<posy>0</posy>					
				<texture>gs-bg-item-unfocus.png</texture>
			</control>
			<control type="list" id="50">
				<description>Search List</description>
				<posx>97</posx>
				<posy>70</posy>
				<width>700</width>
				<height>580</height>						
				<onup>205</onup>
				<ondown>205</ondown>
				<onleft></onleft>
				<onright></onright>
				<viewtype label="Default">list</viewtype>		      
				<orientation>vertical</orientation>
				<pagecontrol>25</pagecontrol>
				<scrolltime>200</scrolltime>
				<itemlayout width="700" height="85">
					<control type="image">
						<width>700</width>
						<height>85</height>
						<posx>0</posx>
						<posy>0</posy>					
						<texture>gs-bg-item-unfocus.png</texture>
					</control>
					<control type="image">
						<posx>25</posx>
						<posy>5</posy>
						<width>75</width>
						<height>75</height>
						<info>ListItem.Thumb</info>
					</control>
					<!--<control type="image">
						<posx>5</posx>
						<posy>5</posy>
						<width>15</width>
						<height>15</height>
						<info>ListItem.Icon</info>
					</control>-->
					<control type="label">
						<posx>125</posx>
						<posy>8</posy>
						<width>520</width>
						<height>20</height>
						<font>font13</font>
						<aligny>center</aligny>					
						<align>left</align>
						<info>ListItem.Label</info>
						<textcolor>FFFFFFFF</textcolor>					
						<selectedcolor>FF000000</selectedcolor>
					</control>
					<control type="label" id="50001">
						<posx>145</posx>
						<posy>25</posy>
						<width>510</width>
						<height>45</height>
						<font>font12</font>
						<aligny>center</aligny>					
						<align>left</align>
						<info>ListItem.Label2</info>
						<textcolor>ffffffff</textcolor>					
						<selectedcolor>FF000000</selectedcolor>
					</control>
				</itemlayout>
				<focusedlayout height="85" width="700">				
					<control type="image">
						<width>700</width>
						<height>85</height>
						<posx>0</posx>
						<posy>0</posy>					
						<texture>gs-list-focus.png</texture>
					</control>							
					<control type="image">
						<posx>25</posx>
						<posy>5</posy>
						<width>75</width>
						<height>75</height>
						<info>ListItem.Thumb</info>
						<visible>true</visible>
					</control>
					<!--<control type="image">
						<posx>5</posx>
						<posy>5</posy>
						<width>15</width>
						<height>15</height>
						<info>ListItem.Icon</info>
						<visible>true</visible>
					</control>-->
					<control type="label">
						<posx>125</posx>
						<posy>8</posy>
						<width>520</width>
						<height>20</height>
						<font>font13</font>
						<aligny>center</aligny>					
						<align>left</align>
						<info>ListItem.Label</info>
						<textcolor>FFFFFFFF</textcolor>					
						<selectedcolor>FF000000</selectedcolor>
					</control>
					<control type="label">
						<posx>145</posx>
						<posy>25</posy>
						<width>510</width>
						<height>45</height>
						<font>font12</font>
						<aligny>center</aligny>					
						<align>left</align>
						<info>ListItem.Label2</info>
						<textcolor>ffffffff</textcolor>					
						<selectedcolor>FF000000</selectedcolor>
					</control>
				</focusedlayout>
			</control>
		
			<control type="image">
				<width>700</width>
				<height>85</height>
				<posx>97</posx>
				<posy>650</posy>					
				<texture>gs-bg-item-unfocus.png</texture>'
				<visible>Container(50).HasNext</visible>
			</control>
			<control type="image">
				<width>700</width>
				<height>140</height>
				<posx>97</posx>
				<posy>580</posy>					
				<texture>gs-bg-item-unfocus.png</texture>'
				<visible>!Container(50).HasNext + Container(50).HasPrevious</visible>
			</control>
			<control type="image">
				<width>700</width>
				<height>650</height>
				<posx>97</posx>
				<posy>70</posy>					
				<texture>gs-bg-item-unfocus.png</texture>'
				<visible>SubString(Control.GetLabel(3000) ,Start searching,Left)</visible>
			</control>
			<control type="image">
				<width>700</width>
				<height>565</height>
				<posx>97</posx>
				<posy>155</posy>					
				<texture>gs-bg-item-unfocus.png</texture>'
				<visible>StringCompare(Container(50).NumItems,0)  + !SubString(Control.GetLabel(3000) ,Start searching,Left)</visible>
			</control>
			<control type="image">
				<width>700</width>
				<height>565</height>
				<posx>97</posx>
				<posy>155</posy>					
				<texture>gs-bg-item-unfocus.png</texture>'
				<visible>StringCompare(Container(50).NumItems,1) </visible>
			</control>
			<control type="image">
				<width>700</width>
				<height>480</height>
				<posx>97</posx>
				<posy>240</posy>					
				<texture>gs-bg-item-unfocus.png</texture>'
				<visible>StringCompare(Container(50).NumItems,2) </visible>
			</control>
			<control type="image">
				<width>700</width>
				<height>400</height>
				<posx>97</posx>
				<posy>325</posy>					
				<texture>gs-bg-item-unfocus.png</texture>'
				<visible>StringCompare(Container(50).NumItems,3)</visible>
			</control>
			<control type="image">
				<width>700</width>
				<height>395</height>
				<posx>97</posx>
				<posy>410</posy>					
				<texture>gs-bg-item-unfocus.png</texture>'
				<visible>StringCompare(Container(50).NumItems,4)</visible>
			</control>
			<control type="image">
				<width>700</width>
				<height>310</height>
				<posx>97</posx>
				<posy>495</posy>					
				<texture>gs-bg-item-unfocus.png</texture>'
				<visible>StringCompare(Container(50).NumItems,5)</visible>
			</control>
			<control type="image">
				<width>700</width>
				<height>225</height>
				<posx>97</posx>
				<posy>580</posy>					
				<texture>gs-bg-item-unfocus.png</texture>'
				<visible>StringCompare(Container(50).NumItems,6)</visible>
			</control>
		</control>
		<control type="group" id="7000">
			<posx>480</posx>
			<posy>310</posy>
			<control type="image">
				<animation type="Conditional" reversible="false" condition="!ControlGroup(7001).HasFocus" loop="false">
					<effect type="fade" time="1000" start="100" end="0" reversible="false" delay="1000"/>
				</animation>
				<animation type="Conditional" reversible="false" condition="ControlGroup(7001).HasFocus" loop="false">
					<effect type="fade" time="1000" start="0" end="100" reversible="false" delay="0"/>
				</animation>
				<description>Background quick message</description>
				<posx>0</posx>
				<posy>0</posy>
				<height>100</height>
				<width>320</width>
				<texture>notification-bg.png</texture>	
				<visible>true</visible>
			</control>
			<control type="label" id="7003">
				<animation type="Conditional" reversible="false" condition="!ControlGroup(7001).HasFocus" loop="false">
					<effect type="fade" time="1000" start="100" end="0" reversible="false" delay="1000"/>
				</animation>
				<animation type="Conditional" reversible="false" condition="ControlGroup(7001).HasFocus" loop="false">
					<effect type="fade" time="1000" start="0" end="100" reversible="false" delay="0"/>
				</animation>
				<description>Label for quick message</description>
				<heigth>30</heigth>
				<width>280</width>			
				<posx>20</posx>
				<posy>50</posy>
				<align>center</align>
				<aligny>center</aligny>
				<label>Updated</label>
				<font>font14</font>
				<textcolor>FFFFFFFF</textcolor>
				<visible>true</visible>
			</control>
		</control>
		<control type="group" id="400">
			<posx>1280</posx>
			<posy>-30</posy>
			<animation effect="slide" start="0,0" end="-395,0" time="200" tween="quadratic">Focus</animation>
			<animation effect="slide" start="-395,0" end="0,0" time="200" tween="quadratic">Unfocus</animation>
			<control type="image">
				<description>Background for menu</description>
				<posx>0</posx>
				<posy>0</posy>
				<height>800</height>
				<width>385</width>
				<texture>gs-bg-leftmenu.png</texture>	
				<visible>true </visible>			
			</control>
			<control type="group" id="112">
			<posx>0</posx>
			<posy>30</posy>
			<control type="image" id="410">
				<description>Icon for menu</description>
				<posx>145</posx>
				<posy>20</posy>
				<height>90</height>
				<width>90</width>
				<texture>song.png</texture>	
				<visible>true </visible>			
			</control>
			<control type="label" id="4100">
				<description>Vertical label</description>
				<width>345</width>			
				<posx>20</posx>
				<posy>130</posy>
				<align>center</align>
				<aligny>center</aligny>
				<label>OPTIONS</label>
				<angle>0</angle>
				<font>font14</font>
				<textcolor>FFFFFFFF</textcolor>
				<animation effect="fade" start="100" end="0" time="200" condition="!ControlGroup(112).HasFocus">conditional</animation>
				<animation effect="fade" start="0" end="100" time="400" condition="ControlGroup(112).HasFocus">conditional</animation>
			</control>
			<control type="list" id="500">
				<animation effect="fade" start="100" end="0" time="200" condition="!ControlGroup(112).HasFocus">conditional</animation>
				<animation effect="fade" start="0" end="100" time="400" condition="ControlGroup(112).HasFocus">conditional</animation>
				<description>Options list</description>
				<posx>0</posx>
				<posy>155</posy>
				<width>385</width>
				<height>350</height>						
				<onup></onup>
				<ondown></ondown>
				<onleft></onleft>
				<onright></onright>
				<viewtype label="Default">list</viewtype>		      
				<orientation>vertical</orientation>
				<pagecontrol>25</pagecontrol>
				<scrolltime>200</scrolltime>
				<itemlayout width="365" height="35">
					<control type="image">
						<posx>340</posx>
						<posy>2</posy>
						<width>25</width>
						<height>25</height>
						<info>ListItem.Thumb</info>
					</control>
					<control type="label">
						<posx>20</posx>
						<posy>5</posy>
						<width>345</width>
						<height>20</height>
						<font>font13</font>
						<aligny>center</aligny>					
						<align>left</align>
						<info>ListItem.Label</info>
						<textcolor>FFFFFFFF</textcolor>					
						<selectedcolor>FF000000</selectedcolor>
					</control>
					<control type="label">
						<posx>5</posx>
						<posy>5</posy>
						<width>345</width>
						<height>45</height>
						<font>font12</font>
						<aligny>center</aligny>					
						<align>center</align>
						<info>ListItem.Label2</info>
						<textcolor>ffffffff</textcolor>					
						<selectedcolor>FF000000</selectedcolor>
					</control>
				</itemlayout>
				<focusedlayout height="35" width="210">				
					<control type="image">
						<width>385</width>
						<height>30</height>
						<posx>0</posx>
						<posy>0</posy>					
						<texture>button_focus2.png</texture>
						<visible>ControlGroup(400).HasFocus</visible>
					</control>							
					<control type="image">
						<posx>340</posx>
						<posy>2</posy>
						<width>25</width>
						<height>25</height>
						<info>ListItem.Thumb</info>
						<visible>true</visible>
					</control>
					<control type="label">
						<posx>20</posx>
						<posy>5</posy>
						<width>345</width>
						<height>20</height>
						<font>font13</font>
						<aligny>center</aligny>					
						<align>left</align>
						<info>ListItem.Label</info>
						<textcolor>FFFFFFFF</textcolor>					
						<selectedcolor>FF000000</selectedcolor>
					</control>
					<control type="label">
						<posx>5</posx>
						<posy>5</posy>
						<width>345</width>
						<height>30</height>
						<font>font12</font>
						<aligny>center</aligny>					
						<align>center</align>
						<info>ListItem.Label2</info>
						<textcolor>ffffffff</textcolor>					
						<selectedcolor>FF000000</selectedcolor>
					</control>
				</focusedlayout>
			</control>
			<control type="image">
				<description>Arrow down</description>
				<posx>190</posx>
				<posy>505</posy>
				<height>10</height>
				<width>10</width>
				<texture>arrowdown.png</texture>	
				<visible>Container(500).HasNext</visible>
				<animation effect="zoom" time="500" center="auto" start="180" end="100" tween="cubic" easing="out">WindowOpen</animation>
				<animation effect="fade" time="500" start="0" end="100">WindowOpen</animation>
			</control>
			<control type="image">
				<description>Arrow up</description>
				<posx>190</posx>
				<posy>145</posy>
				<height>10</height>
				<width>10</width>
				<texture>arrowup.png</texture>	
				<visible>Container(500).HasPrevious</visible>
				<animation effect="zoom" time="500" center="auto" start="180" end="100" tween="cubic" easing="out">WindowOpen</animation>
				<animation effect="fade" time="500" start="0" end="100">WindowOpen</animation>
			</control>
			</control>
		</control>

		<control type="label" id="300011">
			<description>State label</description>
			<width>520</width>			
			<posx>180</posx>
			<posy>665</posy>
			<align>left</align>
			<aligny>center</aligny>
			<label>$LOCALIZE[SCRIPT3049]: [COLOR ffffffff]$INFO[Container(50).NumItems][/COLOR]</label>
			<font>font16</font>
			<textcolor>FFFFFFFF</textcolor>
			<visible>True</visible>
			<animation effect="zoom" time="500" center="auto" start="180" end="100" tween="cubic" easing="out">WindowOpen</animation>
			<animation effect="fade" time="500" start="0" end="100">WindowOpen</animation>
		</control>
		<control type="label" id="3000">
			<description>State label</description>
			<width>520</width>	
			<posx>180</posx>
			<posy>685</posy>
			<align>left</align>
			<aligny>center</aligny>
			<label></label>
			<font>font16</font>
			<textcolor>FFFFFFFF</textcolor>
			<animation effect="zoom" time="500" center="auto" start="180" end="100" tween="cubic" easing="out">WindowOpen</animation>
			<animation effect="fade" time="500" start="0" end="100">WindowOpen</animation>

		</control>

		<control type="image">
			<description>Arrow down</description>
			<posx>860</posx>
			<posy>660</posy>
			<height>5</height>
			<width>10</width>
			<texture>arrowdown.png</texture>	
			<visible>Container(50).HasNext</visible>
			<animation effect="zoom" time="500" center="auto" start="180" end="100" tween="cubic" easing="out">WindowOpen</animation>
			<animation effect="fade" time="500" start="0" end="100">WindowOpen</animation>
		</control>
		<control type="image">
			<description>Arrow up</description>
			<posx>860</posx>
			<posy>56</posy>
			<height>5</height>
			<width>10</width>
			<texture>arrowup.png</texture>	
			<visible>Container(50).HasPrevious</visible>
			<animation effect="zoom" time="500" center="auto" start="180" end="100" tween="cubic" easing="out">WindowOpen</animation>
			<animation effect="fade" time="500" start="0" end="100">WindowOpen</animation>
		</control>
	</controls>
</window>
