<?xml version="1.0" encoding="UTF-8" standalone="yes"?>
<addon id="plugin.program.mavi" version="0.1.0" name="Mavi" provider-name="ForgottenLinkz">

	<requires>
		<import addon="xbmc.gui"/>
		<import addon="xbmc.gui.plugin"/>
		<import addon="script.module.simplejson" version="2.0.10"/>
	</requires>

	<extension point="xbmc.python.pluginsource" library="default.py">
		<provides>executable</provides>
	</extension>
	
	<extension point="xbmc.addon.metadata">
		<summary>A reddit picture viewer</summary>
		<description>This the first version of the reddit xbmc addon.[CR][CR]This version will let you do the following:[CR]- Browse pictures[CR]- Change subreddit[CR][CR]I'm working on implementing 'self' posts and comments. [CR]If you have any questions, troubles or you just want to help out you can email me at xbmcreddit@gmail.com</description>
		<platform>all</platform>
	</extension>

</addon>
