<?xml version="1.0" encoding="UTF-8" standalone="yes"?>
<addon id="plugin.video.engadget"
       name="Engadget"
       version="0.0.4"
       provider-name="divingmule">
  <requires>
    <import addon="xbmc.python" version="1.0"/>
    <import addon="script.module.beautifulsoup" version="3.0.8"/>
  </requires>
  <extension point="xbmc.python.pluginsource"
            library="default.py">
        <provides>video</provides>
  </extension>
  <extension point="xbmc.addon.metadata">
    <summary>Engadget videos</summary>
    <description>With this add-on you can watch The Engadget Show and other videos from engadget.com.</description>
    <platform>all</platform>
  </extension>
</addon>
