<?xml version="1.0" encoding="UTF-8" standalone="yes"?>
<addon
	id="plugin.video.hockeystreams"
	name="Hockeystreams"
	version="1.8.0"
	provider-name="wotever"
>
	<requires>
		<import addon="xbmc.python" version="1.0" />
		<import addon="script.module.beautifulsoup" version="3.0.8" />
	</requires>
	<extension point="xbmc.python.pluginsource" library="default.py">
		<provides>video</provides>
	</extension>
	<extension point="xbmc.addon.metadata">
		<platform>all</platform>
		<summary>Hockeystreams video plugin</summary>
		<description>Plugin that lets you browse and play videos from Hockeystreams website</description>
		<disclaimer>Some parts of this addon may not be legal in your country of residence - please check with your local laws before installing.</disclaimer>
	</extension>
</addon>
