<?xml version="1.0" encoding="UTF-8" standalone="yes"?>
<addon id="metadata.themoviedb.org"
       name="The Movie Database"
       version="3.7.1"
       provider-name="Team XBMC">
  <requires>
    <import addon="xbmc.metadata" version="1.0"/>
    <import addon="metadata.common.themoviedb.org" version="2.8.0"/>
    <import addon="metadata.common.hdtrailers.net" version="1.0.7"/>
    <import addon="metadata.common.imdb.com" version="2.6.0"/>
    <import addon="plugin.video.youtube" version="2.9.1" optional="true"/>
  </requires>
  <extension point="xbmc.metadata.scraper.movies"
             language="en"
             library="tmdb.xml"/>
  <extension point="xbmc.addon.metadata">
    <summary lang="af">TMDB Fliek Skraper</summary>
    <summary lang="be">TMDB Movie Scraper</summary>
    <summary lang="bg">Сваля инф. за филми от TMDB</summary>
    <summary lang="ca">Arreplegador de pel·lícules TMDB</summary>
    <summary lang="cs">Zdroj zisku dat k filmům TMDB</summary>
    <summary lang="da">TMDB film-scraper</summary>
    <summary lang="de">Film Scraper für TheMovieDB</summary>
    <summary lang="el">Scraper Ταινιών του TMDb</summary>
    <summary lang="en">TMDB Movie Scraper</summary>
    <summary lang="es">Scraper de películas de TheMovieDB</summary>
    <summary lang="es_AR">Scraper de Películas de TheMovieDB</summary>
    <summary lang="es_MX">Scraper de Películas TMDb</summary>
    <summary lang="et">TMDB Filmi kaabits</summary>
    <summary lang="fi">TMDB elokuvatietojen lataaja</summary>
    <summary lang="fr">Collecteur de Films TMDB</summary>
    <summary lang="he">TMDB סקרייפר סרטים</summary>
    <summary lang="hu">TMDB filmadat leolvasó</summary>
    <summary lang="it">Ricercatore per TMDB Movie</summary>
    <summary lang="ja">TMDB映画のスクレーパー</summary>
    <summary lang="ko">TMDB 영화 자료수집기</summary>
    <summary lang="lt">TMDB Filmų Scraper</summary>
    <summary lang="mk">TMDB инфо за филмови</summary>
    <summary lang="ml">മൂവി ഡി ബി, വിവരശേഖരം</summary>
    <summary lang="nl">TMDb-filmscraper</summary>
    <summary lang="pl">Scraper filmowy TMDB</summary>
    <summary lang="pt">Scraper de filmes TMDb</summary>
    <summary lang="pt_BR">Scraper Filmes TMDB</summary>
    <summary lang="ro">Scraper de filme TMDb</summary>
    <summary lang="ru">Инфоресурс на базе TMDB</summary>
    <summary lang="se">Skrapa för TMDb</summary>
    <summary lang="sk">TheMovieDB filmový sťahovač</summary>
    <summary lang="sl">Ponudnik informacij o filmih TMDB</summary>
    <summary lang="sv">TMDB Filmskrapa</summary>
    <summary lang="th">ตัวรับข้อมูลภาพยนต์ TMDB</summary>
    <summary lang="zh">TMDB电影刮削器</summary>
    <description lang="af">themoviedb.org is 'n verniet en oop fliek databasis. Dit is totaal gebruiker gedryf deur mense soos jy. TMDB word huidiglik deur miljoene mense elke maand gebruik, en met hulle kragtige API word dit ook deur baie gewilde media sentrums soos XBMC gebruik om Fliek Metadata, Plakkate en Ondersteunerkuns te onttrek om die gebruiker se ondervinding te verryk.</description>
    <description lang="be">themoviedb.org is a free and open movie database. It's completely user driven by people like you. TMDb is currently used by millions of people every month and with their powerful API, it is also used by many popular media centers like XBMC to retrieve Movie Metadata, Posters and Fanart to enrich the user's experience.</description>
    <description lang="bg">themoviedb.org е безплатна и отворена база от данни за филми. Задвижва се изцяло от потребителите си - хора като вас. Милиони хора по света всеки месец ползват TMDb, благодарение на многофункционалното API. Едновременно с това е и източник на информация за медийни центрове, като XBMC, които извличат метаинформация за филми, постери и Fanart.</description>
    <description lang="ca">themoviedb.org és una base de dades oberta i lliure. Es manté completament per usuaris, per gent com tu. TMDb s'utilitza actualment per milions de persones cada mes i amb la seva potent API també és utilitzada per molts centre media populas com l'XBMC per obtenir les meta-dades de pel·lícules, pósters i fanart per enriquir l'experiència d'usuari.</description>
    <description lang="cs">themoviedb.org je otevřená a svobodná databáze filmů. Je řízena uživateli, tedy lidmi jako vy. TMDB je každý měsíc používána milióny lidí a se svým výborným API je také používano mnoha populárními mediálními centry jako je XBMC, k získávání metadat, plagátů a fanartu filmů pro obohacení uživatelského zážitku.</description>
    <description lang="da">themoviedb.org er en fri og åben filmdatabase. Den er helt og aldeles brugerdrevet af folk som dig. TMDb bruges i øjeblikket af millioner af mennesker hver måned, og med deres kraftfulde API er den også brugt af mange populære mediecentre som XBMC til at hente metadata, plakater og fankunst til film, for at berige brugerens oplevelse.</description>
    <description lang="de">TheMovieDB.org ist eine freie und offene Filmdatenbank. Sie wird von Benutzern wie Dir betrieben. TheMovieDB wird zur Zeit monatlich von Millionen genutzt. Mit der mächtigen API wird sie auch von vielen Media-Center, wie z.B. XBMC, genutzt um Film Metadaten, Poster und Fanarts zu beziehen, damit der Benutzer sein Media-Center verschönern kann.</description>
    <description lang="el">Το themoviedb.org είναι μία δωρεάν και ανοικτή βάση δεδομένων ταινιών. Διαχειρίζεται πλήρως από ανθρώπους σαν και εσάς. Το TMDb χρησιμοποιείται από εκατομμύρια ανθρώπους κάθε μήνα, και με το πανίσχυρο API τους, χρησιμοποιείται και από πολλά δημοφιλή κέντρα πολυμέσων όπως το XBMC για να λαμβάνουν μετα-δεδομένα Ταινιών, Αφίσες και Fanart για εμπλουτισμό της εμπειρίας του χρήστη.</description>
    <description lang="en">themoviedb.org is a free and open movie database. It's completely user driven by people like you. TMDb is currently used by millions of people every month and with their powerful API, it is also used by many popular media centers like XBMC to retrieve Movie Metadata, Posters and Fanart to enrich the user's experience.</description>
    <description lang="es">themovieDB.org es una base de datos de películas gratuita y abierta. Es una página web que se basa en contenido subido por los usuarios. TMDb es usada diariamente por mucha gente gracias a su API, que es usada por más programas aparte de XBMC para descargar información de películas así como Posters o Fanart (Fondos de escritorio basados en películas usados en distintos skins) para enriquecer la experiencia de usar XBMC.</description>
    <description lang="es_AR">themovieDB.org es una base de datos de películas gratuita y abierta. Está  formada con contenido subido por usuarios como vos. TMDb es actualmente utilizada por millones de personas cada mes y, gracias a su poderosa API, es usada por muchos programas populares como XBMC para descargar Información de Películas, Posters y Fanart para enriquecer la experiencia de usar XBMC.</description>
    <description lang="es_MX">themoviedb.org es una base de datos de películas gratis y abierta. Es completamente manejada por usuarios y personas como tu. Actualmente TMDb es usada por millones de personas cada mes, y dado a su poderosa API, es usada también por varios media centers populares como XBMC para obtener Metada de Películas, Posters y Fanarts, enriqueciendo de esta manera la experiencia del usuario.</description>
    <description lang="et">themoviedb.org on tasuta ja vaba juurdepääsuga filmide andmebaas.See on täielikult koostatud sinu sarnaste inimeste poolt. TMDb on hetkel igapäevaselt kasutuses miljonite inimeste poolt ja seda kasutavad paljud populaarsed meediakeskused, nagu ka XBMC, filmiandmete, fännikunsti ja posterite leidmiseks.</description>
    <description lang="fi">themoviedb.org on vapaa ja avoin elokuvatietokanta. Se on täysin käyttäjien ylläpitämä. TMDb:a käyttää miljoonat ihmiset joka kuukausi, sitä käytetään käyttäjäkokemuksen rikastuttamiseen monissa muissakin suosituissa XBMC:n kaltaisissa ohjelmissa lataamalla elokuvien tietoja, julisteita ja fanitaidetta.</description>
    <description lang="fr">themoviedb.org est une base de données gratuite et libre d'accès de films. Elle est totalement gérée par les utilisateurs. TMDb est actuellement utilisée par des millions de personnes chaque mois et, grâce à ses puissantes fonctions et routines, elle est également utilisée par de nombreux Media Centers populaires comme XBMC aux fins de récupération des Métadonnées, Posters et Fanarts des films en vue d'améliorer l'expérience de l'utilisateur.</description>
    <description lang="he">themoviedb.org is a free and open movie database. It's completely user driven by people like you. TMDb is currently used by millions of people every month and with their powerful API, it is also used by many popular media centers like XBMC to retrieve Movie Metadata, Posters and Fanart to enrich the user's experience.</description>
    <description lang="hu">A themoviedb.org egy ingyenes és nyílt filmadatbázis. Teljes egészében olyan felhasználók töltik fel, mint például Te. A TMDb-t havonta emberek milliói használják és a hatékony API-n keresztül számos népszerű média center is, mint például az XBMC a filmadatok, poszterek, fanartképek letöltésére.</description>
    <description lang="it">themoviedb.org è un database libero e aperto. E' gestito da utenti e persone come te. Viene usato correntemente da millioni di persone ogni mese e con le sue potenti API, è anche utilizzato da molti popolari media centers come XBMC per ottenere Metadati, Posters e Fanart di film per arricchire la loro esperienza utente.</description>
    <description lang="ko">themoviedb.org 는 전적으로 여러분 같은 이용자가 주도하는 무료 공개 영화 데이터베이스입니다. TMDb 는 현재 매월 수백만의 사람들이 강력한 API와 함께 사용하고 있을 뿐만 아니라 XBMC 같은 많은 미디어 센터가 영화 정보, 포스터, 팬아트를 가져와 풍성한 사용자 경험을 제공하는데 이용되고 있습니다.</description>
    <description lang="lt">themoviedb.org yra nemokama ir atvira Filmų duomenų bazė. Jis remiamas ir skaitinamas tokių pat vartotojų kaip ir jūs. TMDb šiuo metu naudoja milijonai žmonių kiekvieną mėnesį, ir turi galingą API (informacinį centrą), taip pat naudojamas daug populiarių žiniasklaidos centrų. Pavyzdžiui XBMC gauti filmo(-ų) metaduomenis, plakatus ir FanArt siekiant praturtinti vartotojo patirtį.</description>
    <description lang="mk">themoviedb.org is a free and open movie database. It's completely user driven by people like you. TMDb is currently used by millions of people every month and with their powerful API, it is also used by many popular media centers like XBMC to retrieve Movie Metadata, Posters and Fanart to enrich the user's experience.</description>
    <description lang="ml">മൂവി ഡി ബി, എല്ലാവർക്കും കൈവക്കാവുന്ന ഒരു സൗജന്യ വിവരശേഖരമാണ്. ഇതുമൂലം ലോകം മുഴുവനും സിനിമാ പോസ്റ്ററുകൾ എല്ലവരും കാണുന്നു</description>
    <description lang="nl">Themoviedb.org is een vrije en open filmdatabank. Gebruikers zoals jij vormen de motor van deze site. Op dit moment gebruiken elke maand miljoenen mensen TMDb. De krachtige API van de site laat mediacenters zoals XBMC toe om metadata, posters en fanart op te halen en zo de gebruikerservaring te verrijken.</description>
    <description lang="pl">themoviedb.org jest wolną i otwartą filmową bazą danych. Jest zarządzana całkowicie przez osoby takie jak Ty. Obecnie odwiedzają ją miliony osób miesięcznie, a dzięki dostępności API jest używana w wielu media center, takich jak XBMC, do pobierania informacji o filmach, plakatów i fanartów.</description>
    <description lang="pt">O themoviedb.org é uma base de dados de filmes livre e aberta. É actualizado inteiramente por pessoas como você e usado por milhões todos os meses. Com o poderoso motor de busca disponível, também se tornou no favorito para muitos programas de centro de média, como o popular XBMC, para obter informação, posters e fanart que enriquecem a experiência do utilizador.</description>
    <description lang="pt_BR">themoviedb.org é um banco de dados aberto e gratuito. É completamente operacionalizado por pessoas como você. TMDb é usado atualmente por milhares de pessoas a cada mês e com sua poderosa API, é usado por muitos media centers como XBMC para buscar Metadados de Filtes, Posters e Fanart para enriquecer a experiência de uso.</description>
    <description lang="ro">themoviedb.org este o bază de date de filme gratuită și deschisă. Este actualizată de oameni ca și tine. TMDb este curent folosită de milioane de oameni în fiecare lună și datorită API-ului puternic, este de asemena folosită de multe centre media populare ca XBMC pentru a obține informații despre filme, afișe și imagini produse de fani (Fanart) care îmbogățesc experiența utilizatorului.</description>
    <description lang="ru">themoviedb.org — это бесплатная и открытая база данных фильмов. Она полностью поддерживается обычными людьми. В данный момент сайт TMDb используют миллионы людей каждый месяц, и благодаря мощному API его могут использовать различные популярные медиацентры, такие как XBMC, чтобы получать метаданные, постеры и фанарт для фильмов с целью красивого оформления интерфейса.</description>
    <description lang="se">themoviedb.org är en fri och öppen filmdatabas. Det drivs helt av människor som dig. TMDb används av miljontals människor varje månad och med deras kraftfulla API, är det också använt av många populära mediacenter som XBMC för att hämta filmmetadata, omslag och fanart för att förgylla användarens upplevelse.</description>
    <description lang="sk">themoviedb.org je voľná a otvorená databáza filmov. Je výlučne vedená užívateľmi ako si ty. TMDb je každý mesiac používaná miliónmi ľudí, a vďaka svojmu výkonnému API je veľmi populárna medzi 'media centrami' ako XBMC pre sťahovanie filmových metadát, plagátov a fanartov pre obohatenie  zážitkov.</description>
    <description lang="sl">themoviedb.org je brezplačna in prosta baza filmov. Je v celoti ustvarjena s strani uporabnikov kot ste vi. TMDB uporablja miljone ljudi in z njihovo močno API, jo lahko uporabljate tudi v multimedijskih centrih kot XBMC, s tem prenesete informacije o filmih, plakate in ozadja ter s tem popestrite uporabniško izkušnjo.</description>
    <description lang="sv">themoviedb.org är en gratis och öppen filmdatabas. Den drivs helt av människor som du. TMDb används för närvarande av miljoner människor varje månad och med deras kraftfulla API används den även av många populära mediacenter som t.ex. XBMC för att hämta metadata om filmen, affischer och fanart för att berika användarens upplevelse.</description>
    <description lang="th">themoviedb.org เป็นฐานข้อมูลภาพยนตร์ที่ฟรีและเปิดกว้าง. มันถูกขับเคลื่อนจากผู้ใช้ โดยคนเช่นคุณ. TMDb ปัจจุบันมีการใช้โดยคนนับล้านในแต่ละเดือน และมีประสิทธิภาพด้วย API ของพวกเขา , มันยังถูกใช้โดยหลายศูนย์สื่อที่นิยมเช่น XBMC เพื่อดึง อธิบายข้อมูลภาพยนตร์, โปสเตอร์และ แฟนอาร์ต เพื่อเพิ่มประสบการณ์ของผู้ใช้</description>
    <description lang="zh">themoviedb.org是一个开放和自由的电影数据库。它完全由象你一样的用户来掌控。TMDb每月为上百万用户提供服务，并通过强大的API界面为许多流行的媒体中心系统如XBMC提供电影资料、封面海报和同人画以丰富用户的体验。</description>
    <platform>all</platform>
  </extension>
</addon>
