<?xml version="1.0" encoding="UTF-8" standalone="yes"?>
<addon id="plugin.video.synopsi"
       name="SynopsiTV"
       version="0.4.7"
       provider-name="Synopsi s.r.o.">
	<requires>
		<import addon="xbmc.python" version="2.0"/>
		<import addon="plugin.video.youtube" version="2.9.1"/> <!-- We play trailers through this plugin -->
		<import addon='script.module.parsedom' version='1.3.0'/>
		<import addon="script.common.plugin.cache" version="0.9.1"/>
	</requires>
	<extension point="xbmc.python.pluginsource" library="addon.py">
		<provides>video</provides> <!-- addon.py is file for addon -->
	</extension>
	<extension point="xbmc.service" library="service.py" start="login">
		<provides>service</provides> <!-- service.py is file for service/daemon -->
	</extension>
	<extension point="xbmc.addon.metadata">
		<platform>all</platform>
		<summary>SynopsiTV</summary>
		<description>SynopsiTV helps you discover movies and shows by generating personalized recommendations based on your unique and evolving viewing style.</description>
		<language></language>
	</extension>
</addon>
