<?xml version="1.0" encoding="UTF-8"?>
<addon id="plugin.video.attactv" name="attac tv" version="1.0.0" provider-name="jamontes">
    <requires>
        <import addon="xbmc.python" version="2.0"/>
        <import addon="plugin.video.youtube" version="3.4.1"/>
        <import addon="plugin.video.vimeo" version="2.5.1"/>
        <import addon="plugin.video.bliptv" version="0.8.1"/>
    </requires>
    <extension point="xbmc.python.pluginsource" library="default.py">
        <provides>video</provides>
    </extension>
    <extension point="xbmc.addon.metadata">
        <platform>all</platform>
        <summary lang="en">ATTAC TV. Another TV is possible.</summary>
        <description lang="en">ATTAC is an international organization involved in the alter-globalization movement. They oppose neo-liberal globalization and develop social, ecological, and democratic alternatives so as to guarantee fundamental rights for all. Specifically, they fight for the regulation of financial markets, the closure of tax havens, the introduction of global taxes to finance global public goods, the cancellation of the debt of developing countries, fair trade, and the implementation of limits to free trade and capital flows.[CR]This plugin allows to watch the videos and documentals provided by the ATTAC TV site.</description>
        <summary lang="es">ATTAC TV. Otra TV es posible.</summary>
        <description lang="es">ATTAC es una organización internacional involucrada en el movimiento altermundialista, que combate la mundialización liberal y trabaja por alternativas sociales, ecológicas y democráticas con el objetivo de garantizar los derechos fundamentales de todos. ATTAC lucha muy especialmente por la regulación de los mercados financieros, el cierre de los paraísos fiscales, la introducción de un impuesto global para financiar los bienes públicos mundiales, la anulación de la deuda exterior de los países en desarrollo, un comercio justo y la aplicación efectiva de límites al libre cambio y los movimientos de capitales.[CR]Este plugin permite ver los videos y documentales altermundistas de ATTAC TV.</description>
        <summary lang="fr">ATTAC TV. Une autre TV est possible.</summary>
        <description lang="fr">ATTAC est une organisation internationale impliquée dans le mouvement altermondialiste, qui combat la mondialisation libérale et qui travaille à des alternatives sociales, écologiques et démocratiques afin de garantir les droits fondamentaux pour tous. ATTAC lutte notamment pour la régulation des marchés financiers, la fermeture des paradis fiscaux, l'introduction de taxe globale pour financer les biens publics mondiaux, l'annulation de la dette des pays en développement, un commerce équitable et la mise en place de limites au libre-échange et aux mouvements de capitaux.[CR]Ce plugin permet de regarder les vidéos qui se trouve sur le site web de ATTAC TV.</description>
        <summary lang="de">ATTAC TV. Ein weiterer TV ist möglich.</summary>
        <description lang="de">ATTAC ist eine internationale Organisation, die zur globalisierungskritischen Bewegung gehört. Wir kämpfen gegen die freie Globalisierung und arbeiten an sozialen, ökologischen und demokratischen Alternativen, um die Grundrechte für alle zu sichern. Wir setzen uns im Besonderen für die Regulierung der Finanzmärkte ein, für die Schließung der Steuerparadiese, die Einführung einer globalen Abgabe zur weltweiten Finanzierung des Allgemeinguts, für die Streichung aller Schulden der Entwicklungsländer, für einen gerechten Handel und die Einführung von Grenzwerten für den freien Handel und Kapitalbewegungen.[CR]Dieses plugin erlaubt es, die videos und documentals aus dem ATTAC TV website zu sehen.</description>
        <language>en es fr de</language>
    </extension>
</addon>
