<?xml version="1.0" encoding="UTF-8" standalone="yes"?>
<addon id="plugin.video.gfq"
       name="GFQ"
       version="0.0.1"
       provider-name="Bawitdaba &lt;bawitdaba@gmail.com&gt;">
  <requires>
    <import addon="xbmc.python" version="1.0"/>
	<import addon="script.module.beautifulsoup" version="3.0.8"/>
  </requires>
  <extension point="xbmc.python.pluginsource"
            library="default.py">
        <provides>video</provides>
  </extension>
  <extension point="xbmc.addon.metadata">
    <summary>GFQ</summary>
    <description>[B]Guys From Queens[/B]

Watch live shows and previously recorded podcasts from the Guys From Queens (GFQ) Network

http://www.guysfromqueens.com
http://www.gfqnetwork.com
http://www.gfqlive.tv</description>
    <platform>all</platform>
  </extension>
</addon>