<?xml version="1.0" encoding="UTF-8"?>
<addon
        id="plugin.video.onside.tv"
        version="1.1.1"
        name="Onside TV"
        provider-name="ariba [mail@nielsriber.dk], twinther [tommy@winther.nu]">
    <requires>
        <import addon="xbmc.python" version="1.0"/>
    </requires>
    <extension point="xbmc.python.pluginsource" library="addon.py">
        <provides>video</provides>
    </extension>
    <extension point="xbmc.addon.metadata">
        <summary lang="en">Onside TV from Onside.dk</summary>
        <summary lang="da">Onside TV fra Onside.dk</summary>
        <description lang="en">Watch the greatest goals and interviews from Onside TV</description>
        <description lang="da">Se de bedste mål og interviews fra Onside TV</description>
        <license>GPL 2.0</license>
        <platform>all</platform>
    </extension>
</addon>
