<?xml version="1.0" encoding="UTF-8" standalone="yes"?>
<addon id="metadata.getlib.com"
       name="GetLib"
        version="1.0.4"
       provider-name="Taxigps">
  <requires>
    <import addon="xbmc.metadata" version="1.0"/>
    <import addon="metadata.common.themoviedb.org" version="1.0"/>
    <import addon="metadata.common.movieposterdb.com" version="1.0"/>
  </requires>
  <extension point="xbmc.metadata.scraper.movies"
             language="zh"
             library="getlib.xml"/>
  <extension point="xbmc.addon.metadata">
    <summary lang="en">Getlib Movie Scraper</summary>
    <summary lang="hu">Getlib filmadat leolvasó</summary>
    <summary lang="kr">Getlib 영화 스크래퍼</summary>
    <summary lang="nl">Getlib Film Scraper</summary>
    <summary lang="pl">Scraper filmów Getlib</summary>
    <summary lang="pt">Scraper de filmes Getlib</summary>
    <summary lang="se">Getlib Filmskrapa</summary>
    <summary lang="zh">Getlib电影刮削器</summary>
    <description lang="en">Download Movie information from www.getlib.com</description>
    <description lang="hu">Film információk letöltése a www.getlib.com webhelyről</description>
    <description lang="kr">www.getlib.com 에서 영화 정보 다운로드</description>
    <description lang="nl">Download film informatie van www.getlib.com</description>
    <description lang="pl">Pobieraj informacje o filmach z www.getlib.com</description>
    <description lang="pt">Descarregar informação de filmes de www.getlib.com</description>
    <description lang="se">Ladda ner filminformation från www.getlib.com</description>
    <description lang="zh">从www.getlib.com下载电影资料。</description>
    <platform>all</platform>
    <broken>will not download most of the details, nor artwork</broken>
  </extension>
</addon>
