<?xml version="1.0" encoding="UTF-8"?>
<addon
  id="plugin.video.googletechtalks"
  version="0.1.0"
  name="Google TechTalks"
  provider-name="nevermore">
  <requires>
    <import addon="xbmc.python" version="1.0"/>
    <import addon="plugin.video.youtube" version="2.0.0"/>
  </requires>

  <extension point="xbmc.python.pluginsource" library="googletechtalks.py">
    <provides>video</provides>
  </extension>
  <extension point="xbmc.addon.metadata">
    <platform>all</platform>
    <summary lang="de">Google TechTalks</summary>
    <summary lang="en">Google TechTalks</summary>
    <description lang="de">
      Zugriff auf alle Google TechTalks.
    </description>
    <description lang="en">
      Access to all Google TechTalks.
    </description>
  </extension>
</addon>
