<?xml version="1.0" encoding="UTF-8"?>
<scraper framework="1.1" date="2012-04-28">
	<NfoUrl dest="3">
		<RegExp input="$$1" output="&lt;url&gt;http://akas.imdb.com/title/tt\1/&lt;/url&gt;&lt;id&gt;tt\1&lt;/id&gt;" dest="3">
			<expression clear="yes" noclean="1">imdb....?/Title\?([0-9]*)</expression>
		</RegExp>
		<RegExp input="$$1" output="&lt;url&gt;http://akas.imdb.com/title/tt\1/&lt;/url&gt;&lt;id&gt;tt\1&lt;/id&gt;" dest="3+">
			<expression noclean="1">imdb....?/title/tt([0-9]*)</expression>
		</RegExp>
	</NfoUrl>
	<CreateSearchUrl dest="3" clearbuffers="no">
		<RegExp conditional="tmdbsearch" input="$$1" output="&lt;url&gt;http://api.themoviedb.org/3/search/movie?api_key=57983e31fb435df4df77afb854740ea9&amp;amp;query=\1&amp;amp;year=$$4&lt;/url&gt;" dest="3">
			<RegExp input="$$2" output="\1" dest="4">
				<expression clear="yes">(.+)</expression>
			</RegExp>
			<expression noclean="1" />
		</RegExp>
		<RegExp conditional="imdbsearch" input="$$1" output="&lt;url&gt;http://akas.imdb.com/find?q=\1&amp;s=tt|accept-language=en-us&lt;/url&gt;" dest="3">
			<RegExp input="$$2" output="%20(\1)" dest="4">
				<expression clear="yes">(.+)</expression>
			</RegExp>
			<RegExp input="$$1" output="\1" dest="9">
			<expression clear="yes" noclean="1"/>
			</RegExp>
			<expression noclean="1"/>
		</RegExp>
	</CreateSearchUrl>
	<GetSearchResults dest="8">
		<RegExp conditional="tmdbsearch" input="$$5" output="&lt;results&gt;\1&lt;/results&gt;" dest="8">
			<RegExp input="$$1" output="&lt;entity&gt;&lt;title&gt;\4&lt;/title&gt;&lt;id&gt;\1&lt;/id&gt;&lt;year&gt;\3&lt;/year&gt;&lt;url cache=&quot;tmdb-\1.json&quot;&gt;http://api.themoviedb.org/3/movie/\1?api_key=57983e31fb435df4df77afb854740ea9&lt;/url&gt;&lt;/entity&gt;" dest="5">
				<expression repeat="yes">&quot;id&quot;:([0-9]*),&quot;original_title&quot;:&quot;([^&quot;]*)&quot;,&quot;release_date&quot;:&quot;([0-9]+)-.*?&quot;title&quot;:&quot;([^&quot;]*)</expression>
			</RegExp>
			<RegExp input="$$1" output="&lt;entity&gt;&lt;title&gt;\2&lt;/title&gt;&lt;id&gt;\1&lt;/id&gt;&lt;year&gt;\3&lt;/year&gt;&lt;url cache=&quot;tmdb-\1.json&quot;&gt;http://api.themoviedb.org/3/movie/\1?api_key=57983e31fb435df4df77afb854740ea9&lt;/url&gt;&lt;/entity&gt;" dest="5+">
				<expression repeat="yes">&quot;id&quot;:([0-9]*),&quot;original_title&quot;:&quot;([^&quot;]*)&quot;,&quot;release_date&quot;:&quot;([0-9]+)-</expression>
			</RegExp>
			<RegExp input="$$1" output="&lt;entity&gt;&lt;title&gt;\2&lt;/title&gt;&lt;id&gt;\1&lt;/id&gt;&lt;url cache=&quot;tmdb-\1.json&quot;&gt;http://api.themoviedb.org/3/movie/\1?api_key=57983e31fb435df4df77afb854740ea9&lt;/url&gt;&lt;/entity&gt;" dest="5+">
				<expression repeat="yes">&quot;id&quot;:([0-9]*),&quot;original_title&quot;:&quot;([^&quot;]*)&quot;,&quot;release_date&quot;:null</expression>
			</RegExp>
			<expression noclean="1" />
		</RegExp>
		<RegExp conditional="imdbsearch" input="$$5" output="&lt;?xml version=&quot;1.0&quot; encoding=&quot;iso-8859-1&quot; standalone=&quot;yes&quot;?&gt;&lt;results&gt;\1&lt;/results&gt;" dest="8">
			<RegExp input="$$1" output="\1" dest="7">
				<expression clear="yes">/title/([t0-9]*)/(combined|faq|releaseinfo|vote)</expression>
			</RegExp>
			<RegExp input="$$1" output="&lt;entity&gt;&lt;title&gt;\1&lt;/title&gt;&lt;year&gt;\2&lt;/year&gt;&lt;url cache=&quot;$$7-main.html&quot;&gt;http://akas.imdb.com/title/$$7/&lt;/url&gt;&lt;id&gt;$$7&lt;/id&gt;&lt;/entity&gt;" dest="5">
				<expression clear="yes" noclean="1">&lt;meta name=&quot;title&quot; content=&quot;(?:&amp;#x22;)?([^&quot;]*?)(?:&amp;#x22;)? \([^\(]*?([0-9]{4})\)</expression>
			</RegExp>
			<RegExp input="$$1" output="&lt;entity&gt;&lt;title&gt;\2&lt;/title&gt;&lt;year&gt;\1&lt;/year&gt;&lt;url cache=&quot;$$7-main.html&quot;&gt;http://akas.imdb.com/title/$$7/&lt;/url&gt;&lt;id&gt;$$7&lt;/id&gt;&lt;/entity&gt;" dest="5+">
				<expression fixchars="2" noclean="1">&lt;meta name=&quot;title&quot; content=&quot;(?:&amp;#x22;)?[^&quot;]*?(?:&amp;#x22;)? \([^\(]*?([0-9]{4})\).*?Also Known As:&lt;/h4&gt;([^\n]*)</expression>
			</RegExp>
			<RegExp input="$$1" output="\1" dest="4">
				<expression noclean="1">&lt;table class=&quot;findList&quot;(.*?)&lt;/div</expression>
			</RegExp>
			<RegExp input="$$4" output="&lt;entity&gt;&lt;title&gt;\2&lt;/title&gt;&lt;year&gt;\3&lt;/year&gt;&lt;url cache=&quot;\1-main.html&quot;&gt;http://akas.imdb.com/title/\1/&lt;/url&gt;&lt;id&gt;\1&lt;/id&gt;&lt;/entity&gt;" dest="5+">
				<expression repeat="yes" noclean="1,2">&lt;td\sclass=&quot;result_text&quot;&gt;\s&lt;a\shref=&quot;/title/([t0-9]*)/[^&gt;]*&gt;(?:&amp;#x22;)?([^&lt;]*?)(?:&amp;#x22;)?&lt;/a&gt;\s*(?:\([IV]+\) )?\([^\(]*?([0-9]{4})[^\)]*\)\s(?:\(TV Movie\)\s|\(TV Special\)\s|\(Video\)\s|\(Short\)\s)?&lt;</expression>
			</RegExp>
			<RegExp input="$$4" output="&lt;entity&gt;&lt;title&gt;\4&lt;/title&gt;&lt;year&gt;\3&lt;/year&gt;&lt;url cache=&quot;\1-main.html&quot;&gt;http://akas.imdb.com/title/\1/&lt;/url&gt;&lt;id&gt;\1&lt;/id&gt;&lt;/entity&gt;" dest="5+">
				<expression repeat="yes" noclean="1,2">&lt;td\sclass=&quot;result_text&quot;&gt;\s&lt;a\shref=&quot;/title/([t0-9]*)/[^&gt;]*&gt;(?:&amp;#x22;)?([^&lt;]*?)(?:&amp;#x22;)?&lt;/a&gt;\s*(?:\([IV]+\) )?\([^\(]*?([0-9]{4})[^\)]*\)\s&lt;br/&gt;aka\s&lt;i&gt;&quot;([^&quot;]*)</expression>
			</RegExp>
			<RegExp input="$INFO[imdbsearchlanguage]" output="&lt;url function=&quot;GetAKASearchResults&quot;&gt;http://akas.imdb.com/find?q=$$9&amp;s=tt|accept-language=$INFO[imdbsearchlanguage]&lt;/url&gt;" dest="5+">
				<expression>^(?:bg-bg|cs-cz|el-gr|es-ar|da-dk|de-at|de-de|fi-fi|fr-fr|hr-hr|he-il|hu-hu|it-it|ja-jp|nb-no|nl-nl|pl-pl|pt-pt|ro-ro|ru-ru|se-se|sl-si|sr-rs|th-th|tr-tr)$</expression>
			</RegExp>
			<expression clear="yes" noclean="1"/>
		</RegExp>
	</GetSearchResults>
	<GetAKASearchResults dest="8">
		<RegExp input="$$5" output="&lt;?xml version=&quot;1.0&quot; encoding=&quot;iso-8859-1&quot; standalone=&quot;yes&quot;?&gt;&lt;results&gt;\1&lt;/results&gt;" dest="8">
			<RegExp input="$$1" output="\1" dest="4">
				<expression noclean="1">&lt;table class=&quot;findList&quot;(.*?)&lt;/div</expression>
			</RegExp>
			<RegExp input="$$4" output="&lt;entity&gt;&lt;title&gt;\2&lt;/title&gt;&lt;year&gt;\3&lt;/year&gt;&lt;url cache=&quot;\1-main.html&quot;&gt;http://akas.imdb.com/title/\1/&lt;/url&gt;&lt;id&gt;\1&lt;/id&gt;&lt;/entity&gt;" dest="5">
				<expression repeat="yes" noclean="1,2">&lt;td\sclass=&quot;result_text&quot;&gt;\s&lt;a\shref=&quot;/title/([t0-9]*)/[^&gt;]*&gt;(?:&amp;#x22;)?([^&lt;]*?)(?:&amp;#x22;)?&lt;/a&gt;\s*(?:\([IV]+\) )?\([^\(]*?([0-9]{4})[^\)]*\)\s(?:\(TV Movie\) )?&lt;</expression>
			</RegExp>
			<expression clear="yes" noclean="1"/>
		</RegExp>
	</GetAKASearchResults>
	<GetDetails dest="3">
		<RegExp input="$$5" output="&lt;details&gt;\1&lt;/details&gt;" dest="3">
			<RegExp conditional="imdbsearch" input="$$1" output="\2" dest="19">
				<expression fixchars="2">&lt;meta name=&quot;title&quot; content=&quot;(IMDb - )?(?:&amp;#x22;)?([^&quot;]*?)(?:&amp;#x22;)? \([^\(]*?([0-9]{4})\)</expression>
			</RegExp>
			<RegExp conditional="imdbsearch" input="$$1" output="\2" dest="20">
				<expression>&lt;meta name=&quot;title&quot; content=&quot;([^&quot;]*?) \([^\(]*?([0-9]{4})\)</expression>
			</RegExp>
			<RegExp conditional="tmdbsearch" input="$$1" output="\1" dest="2">
				<expression noclean="1">&quot;id&quot;:([0-9]*),&quot;imdb_id</expression>
			</RegExp>
			<RegExp conditional="tmdbsearch" input="$$1" output="\1" dest="2">
				<expression noclean="1">&quot;id&quot;:[0-9]*,&quot;imdb_id&quot;:&quot;([^&quot;]*)</expression>
			</RegExp>
			<RegExp conditional="tmdbsearch" input="$$1" output="\1" dest="19">
				<expression fixchars="1">&quot;original_title&quot;:&quot;([^&quot;]*)</expression>
			</RegExp>
			<RegExp conditional="tmdbsearch" input="$$1" output="\1" dest="20">
				<expression noclean="1">&quot;release_date&quot;:&quot;([0-9]+)-</expression>
			</RegExp>
			<RegExp input="$$2" output="&lt;id&gt;\1&lt;/id&gt;" dest="5">
				<expression/>
			</RegExp>
			<RegExp input="$$19" output="&lt;originaltitle&gt;\1&lt;/originaltitle&gt;" dest="5+">
				<expression/>
			</RegExp>
			<RegExp input="$$20" output="&lt;year&gt;\1&lt;/year&gt;" dest="5+">
				<expression/>
			</RegExp>
			<RegExp input="$INFO[titlesource]" output="&lt;chain function=&quot;GetIMDBAKATitlesById&quot;&gt;$$2&lt;/chain&gt;" dest="5+">
				<expression>IMDb</expression>
			</RegExp>
			<RegExp input="$INFO[titlesource]" output="&lt;chain function=&quot;GetTMDBLangTitleByIdChain&quot;&gt;$$2&lt;/chain&gt;" dest="5+">
				<expression>themoviedb.org</expression>
			</RegExp>
			<RegExp input="$INFO[certificationssource]" output="&lt;chain function=&quot;GetTMDBCertificationsByIdChain&quot;&gt;$$2&lt;/chain&gt;" dest="5+">
				<expression>themoviedb.org</expression>
			</RegExp>
			<RegExp input="$INFO[certificationssource]" output="&lt;chain function=&quot;GetIMDBCountryCert&quot;&gt;$$2&lt;/chain&gt;" dest="5+">
				<expression>IMDb</expression>
			</RegExp>
			<RegExp input="$$1" output="&lt;runtime&gt;\1&lt;/runtime&gt;" dest="5+">
				<expression noclean="1">&quot;runtime&quot;:([0-9]+)</expression>
			</RegExp>
			<RegExp input="$$1" output="&lt;runtime&gt;\1&lt;/runtime&gt;" dest="5+">
				<expression trim="1">&lt;h4[^&gt;]*?&gt;Runtime:&lt;/h4&gt;[^0-9]*([0-9]+)</expression>
			</RegExp>
			<RegExp input="$INFO[mratingsource]" output="&lt;chain function=&quot;GetIMDBRatingById&quot;&gt;$$2&lt;/chain&gt;" dest="5+">
				<expression>IMDb</expression>
			</RegExp>
			<RegExp input="$INFO[mratingsource]" output="&lt;chain function=&quot;GetMetaCriticRatingById&quot;&gt;$$2&lt;/chain&gt;" dest="5+">
				<expression>MetaCritic</expression>
			</RegExp>
			<RegExp input="$INFO[mratingsource]" output="&lt;chain function=&quot;GetRTRatingById&quot;&gt;$$2&lt;/chain&gt;" dest="5+">
				<expression>Rotten Tomatoes</expression>
			</RegExp>
			<RegExp input="$INFO[mratingsource]" output="&lt;chain function=&quot;GetTMDBRatingByIdChain&quot;&gt;$$2&lt;/chain&gt;" dest="5+">
				<expression>themoviedb.org</expression>
			</RegExp>
			<RegExp input="$INFO[mratingsource]" output="&lt;chain function=&quot;GetTRAKTTVRatingByIdChain&quot;&gt;$$2&lt;/chain&gt;" dest="5+">
				<expression>trakt.tv</expression>
			</RegExp>
			<RegExp conditional="imdbtop250" input="$$2" output="&lt;chain function=&quot;GetIMDBTOP250ById&quot;&gt;$$2&lt;/chain&gt;" dest="5+">
				<expression />
			</RegExp>
			<RegExp input="$INFO[genressource]" output="&lt;chain function=&quot;GetIMDBGenresById&quot;&gt;$$2&lt;/chain&gt;" dest="5+">
				<expression>IMDb</expression>
			</RegExp>
			<RegExp input="$INFO[genressource]" output="&lt;chain function=&quot;GetTMDBLangGenresByIdChain&quot;&gt;$$2&lt;/chain&gt;" dest="5+">
				<expression>themoviedb.org</expression>
			</RegExp>
			<RegExp input="$INFO[genressource]" output="&lt;chain function=&quot;GetTRAKTTVGenresByIdChain&quot;&gt;$$2&lt;/chain&gt;" dest="5+">
				<expression>trakt.tv</expression>
			</RegExp>
			<RegExp input="$INFO[studiosource]" output="&lt;chain function=&quot;GetIMDBStudioById&quot;&gt;$$2&lt;/chain&gt;" dest="5+">
				<expression>IMDb</expression>
			</RegExp>
			<RegExp input="$INFO[studiosource]" output="&lt;chain function=&quot;GetTMDBStudioByIdChain&quot;&gt;$$2&lt;/chain&gt;" dest="5+">
				<expression>themoviedb.org</expression>
			</RegExp>
			<RegExp input="$INFO[countrysource]" output="&lt;chain function=&quot;GetIMDBCountryById&quot;&gt;$$2&lt;/chain&gt;" dest="5+">
				<expression>IMDb</expression>
			</RegExp>
			<RegExp input="$INFO[countrysource]" output="&lt;chain function=&quot;GetTMDBCountryByIdChain&quot;&gt;$$2&lt;/chain&gt;" dest="5+">
				<expression>themoviedb.org</expression>
			</RegExp>
			<RegExp input="$INFO[outlinesource]" output="&lt;chain function=&quot;GetIMDBOutlineById&quot;&gt;$$2&lt;/chain&gt;" dest="5+">
				<expression>IMDb</expression>
			</RegExp>
			<RegExp input="$INFO[outlinesource]" output="&lt;chain function=&quot;GetRTOutlineById&quot;&gt;$$2&lt;/chain&gt;" dest="5+">
				<expression>Rotten Tomatoes / Critics' Consensus</expression>
			</RegExp>
			<RegExp input="$INFO[plotsource]" output="&lt;chain function=&quot;GetIMDBPlotById&quot;&gt;$$2&lt;/chain&gt;" dest="5+">
				<expression>IMDb</expression>
			</RegExp>
			<RegExp input="$INFO[plotsource]" output="&lt;chain function=&quot;GetTMDBLangPlotByIdChain&quot;&gt;$$2&lt;/chain&gt;" dest="5+">
				<expression>themoviedb.org</expression>
			</RegExp>
			<RegExp input="$INFO[taglinesource]" output="&lt;chain function=&quot;GetIMDBTaglineById&quot;&gt;$$2&lt;/chain&gt;" dest="5+">
				<expression>IMDb</expression>
			</RegExp>
			<RegExp input="$INFO[taglinesource]" output="&lt;chain function=&quot;GetTMDBLangTaglineByIdChain&quot;&gt;$$2&lt;/chain&gt;" dest="5+">
				<expression>themoviedb.org</expression>
			</RegExp>
			<RegExp input="$INFO[plotsource]" output="&lt;chain function=&quot;GetRTPlotById&quot;&gt;$$2&lt;/chain&gt;" dest="5+">
				<expression>Rotten Tomatoes</expression>
			</RegExp>
			<RegExp input="$INFO[plotsource]" output="&lt;chain function=&quot;GetOFDbPlotByIMDBId&quot;&gt;$$2&lt;/chain&gt;" dest="5+">
				<expression>OFDb.de</expression>
			</RegExp>
			<RegExp input="$INFO[plotsource]" output="&lt;chain function=&quot;GetTRAKTTVPlotByIdChain&quot;&gt;$$2&lt;/chain&gt;" dest="5+">
				<expression>trakt.tv</expression>
			</RegExp>
			<RegExp input="$INFO[plotsource]" output="&lt;chain function=&quot;GetPortHUPlotByTitleAndYear&quot;&gt;$$19::$$20&lt;/chain&gt;" dest="5+">
				<expression>port.hu</expression>
			</RegExp>
			<RegExp input="$INFO[creditssource]" output="&lt;chain function=&quot;GetIMDBCastById&quot;&gt;$$2&lt;/chain&gt;" dest="5+">
				<expression>^IMDb$</expression>
			</RegExp>
			<RegExp input="$INFO[creditssource]" output="&lt;chain function=&quot;GetIMDBFullCastById&quot;&gt;$$2&lt;/chain&gt;" dest="5+">
				<expression>IMDbFull</expression>
			</RegExp>
			<RegExp input="$INFO[creditssource]" output="&lt;chain function=&quot;GetTMDBCastByIdChain&quot;&gt;$$2&lt;/chain&gt;" dest="5+">
				<expression>themoviedb.org</expression>
			</RegExp>
			<RegExp input="$INFO[creditssource]" output="&lt;chain function=&quot;GetIMDBDirectorsById&quot;&gt;$$2&lt;/chain&gt;" dest="5+">
				<expression>^IMDb$</expression>
			</RegExp>
			<RegExp input="$INFO[creditssource]" output="&lt;chain function=&quot;GetIMDBFullDirectorsById&quot;&gt;$$2&lt;/chain&gt;" dest="5+">
				<expression>IMDbFull</expression>
			</RegExp>
			<RegExp input="$INFO[creditssource]" output="&lt;chain function=&quot;GetTMDBDirectorsByIdChain&quot;&gt;$$2&lt;/chain&gt;" dest="5+">
				<expression>themoviedb.org</expression>
			</RegExp>
			<RegExp input="$INFO[creditssource]" output="&lt;chain function=&quot;GetIMDBWritersById&quot;&gt;$$2&lt;/chain&gt;" dest="5+">
				<expression>^IMDb$</expression>
			</RegExp>
			<RegExp input="$INFO[creditssource]" output="&lt;chain function=&quot;GetIMDBFullWritersById&quot;&gt;$$2&lt;/chain&gt;" dest="5+">
				<expression>IMDbFull</expression>
			</RegExp>
			<RegExp input="$INFO[creditssource]" output="&lt;chain function=&quot;GetTMDBWitersByIdChain&quot;&gt;$$2&lt;/chain&gt;" dest="5+">
				<expression>themoviedb.org</expression>
			</RegExp>
			<RegExp conditional="tmdbset" input="$$2" output="&lt;chain function=&quot;GetTMDBLangSetByIdChain&quot;&gt;$$2&lt;/chain&gt;" dest="5+">
				<expression />
			</RegExp>
			<RegExp conditional="trakttvposter" input="$$2" output="&lt;chain function=&quot;GetTRAKTTVThumbsByIdChain&quot;&gt;$$2&lt;/chain&gt;" dest="5+">
				<expression/>
			</RegExp>
			<RegExp conditional="tmdbthumbs" input="$$2" output="&lt;chain function=&quot;GetTMDBLangThumbsByIdChain&quot;&gt;$$2&lt;/chain&gt;" dest="5+">
				<expression/>
			</RegExp>
			<RegExp conditional="impawards" input="$$2" output="&lt;chain function=&quot;GetIMPAThumbsById&quot;&gt;$$2&lt;/chain&gt;" dest="5+">
				<expression/>
			</RegExp>
			<RegExp conditional="movieposterdb" input="$$2" output="&lt;chain function=&quot;GetMoviePosterDBThumbs&quot;&gt;$$2&lt;/chain&gt;" dest="5+">
				<expression/>
			</RegExp>
			<RegExp conditional="trakttvfanart" input="$$2" output="&lt;chain function=&quot;GetTRAKTTVFanartByIdChain&quot;&gt;$$2&lt;/chain&gt;" dest="5+">
				<expression/>
			</RegExp>
			<RegExp conditional="fanart" input="$$2" output="&lt;chain function=&quot;GetTMDBFanartByIdChain&quot;&gt;$$2&lt;/chain&gt;" dest="5+">
				<expression/>
			</RegExp>
			<RegExp conditional="ytrailer" input="$$1" output="&lt;chain function=&quot;GetYoutubeTrailer&quot;&gt;$$19=$$20&lt;/chain&gt;" dest="5+">
				<expression/>
			</RegExp>
			<RegExp conditional="tmdbtrailer" input="$$2" output="&lt;chain function=&quot;GetTMDBLangTrailerByIdChain&quot;&gt;$$2&lt;/chain&gt;" dest="5+">
				<expression/>
			</RegExp>
			<RegExp conditional="trakttvtrailer" input="$$2" output="&lt;chain function=&quot;GetTRAKTTVTrailerByIdChain&quot;&gt;$$2&lt;/chain&gt;" dest="5+">
				<expression/>
			</RegExp>
			<RegExp input="$INFO[TrailerQ]" output="&lt;chain function=&quot;GetHDTrailersnet480p&quot;&gt;$$19&lt;/chain&gt;" dest="5+">
				<expression>480p</expression>
			</RegExp>
			<RegExp input="$INFO[TrailerQ]" output="&lt;chain function=&quot;GetHDTrailersnet720p&quot;&gt;$$19&lt;/chain&gt;" dest="5+">
				<expression>720p</expression>
			</RegExp>
			<RegExp input="$INFO[TrailerQ]" output="&lt;chain function=&quot;GetHDTrailersnet1080p&quot;&gt;$$19&lt;/chain&gt;" dest="5+">
				<expression>1080p</expression>
			</RegExp>
			<RegExp conditional="imdbthumbs" input="$$2" output="&lt;chain function=&quot;GetIMDBThumbsById&quot;&gt;$$2&lt;/chain&gt;" dest="5+">
				<expression/>
			</RegExp>
			<expression noclean="1"/>
		</RegExp>
	</GetDetails>
</scraper>
