﻿<?xml version="1.0" encoding="UTF-8" standalone="yes"?>
<addon id="plugin.audio.internet.archive"
       name="Internet Archive"
       version="1.1.2"
       provider-name="divingmule">
  <requires>
    <import addon="xbmc.python" version="2.0"/>
    <import addon="script.module.beautifulsoup" version="3.0.8"/>
    <import addon="script.module.simple.downloader" version="0.9.3"/>
  </requires>
  <extension point="xbmc.python.pluginsource" library="default.py">
    <provides>audio video</provides>
  </extension>
  <extension point="xbmc.addon.metadata">
    <summary>Internet Archive - archive.org</summary>
    <description>
      This add-on covers both the audio and video sections of The Internet Archive.
      The Internet Archive is a 501(c)(3) non-profit that was founded to build an Internet library.
      Its purposes include offering permanent access for researchers, historians, scholars,
      people with disabilities, and the general public to historical collections that exist in digital format.
    </description>
    <platform>all</platform>
    <language>en</language>
  </extension>
</addon>
