<?xml version="1.0" encoding="UTF-8" standalone="yes"?>
<addon id="plugin.video.netzkino_de" name="Netzkino.de" version="0.0.3" provider-name="Tristan Fischer (sphere@dersphere.de)">
    <requires>
        <import addon="xbmc.python" version="2.0"/>
        <import addon="script.module.simplejson" version="2.0.10"/>
        <import addon="script.module.xbmcswift2" version="1.2.0"/>
    </requires>
    <extension point="xbmc.python.pluginsource" library="addon.py">
        <provides>video</provides>
    </extension>
    <extension point="xbmc.addon.metadata">
        <language>de</language>
        <platform>all</platform>
        <!-- translation commit: 84113ddafdde2c18eac5fd9b9b8144abff06ccf9 -->
        <summary lang="be">Free german movies</summary>
        <summary lang="de">Konstenlose Spielfilme</summary>
        <summary lang="el">Δωρεάν γερμανικές ταινίες</summary>
        <summary lang="en">Free german movies</summary>
        <summary lang="es">Películas alemanas gratis</summary>
        <summary lang="ko">무료 독일 영화</summary>
        <summary lang="lt">NVokiečių filmai dykai/nemokamai</summary>
        <summary lang="pl">Darmowe filmy niemieckie</summary>
        <summary lang="pt_BR">Filmes alemães gratuítos</summary>
        <summary lang="sv">Gratis tyska filmer</summary>
        <description lang="be">Netzkino.de is the first legal and free movie portal in germany</description>
        <description lang="de">Netzkino.de ist das erste und einzige legale + kostenlose Spielfilmportal im deutschsprachigen Raum</description>
        <description lang="el">Το Netzkino.de είναι το πρώτο νόμιμο portal δωρεάν ταινιών στη Γερμανία</description>
        <description lang="en">Netzkino.de is the first legal and free movie portal in germany</description>
        <description lang="es">Netzkino.de es el primer portal legal y gratuito de películas en Alemania</description>
        <description lang="ko">Netzkino.de는 독일의 합법적이 무료 영화 포털입니다.</description>
        <description lang="lt">Netzkino.de yra pirmasis juridiškai įteisintas nemokamų filmų portalas Vokietijoje</description>
        <description lang="pl">Netzkino.de to pierwszy legalny i darmowy portal w niemczech</description>
        <description lang="pt_BR">Netzkino.de é o primeiro portal legal e gratuíto de filmes na Alemanha.</description>
        <description lang="sv">Netzkino.de är den första gratis lagliga filmportalen i Tyskland</description>
    </extension>
</addon>
