<?xml version="1.0" encoding="UTF-8" standalone="yes"?>
<addon id="plugin.video.gamesonnet"
		name="Games.on.net"
		version="0.1.2"
		provider-name="Daniel Jolly">
	<requires>
		<import addon="xbmc.python" version="1.0"/>
		<import addon="script.module.beautifulsoup" version="3.0.8"/>
	</requires>
	<extension point="xbmc.python.pluginsource" library="default.py">
		<provides>video</provides>
	</extension> 
	<extension point="xbmc.addon.metadata">
		<platform>all</platform>
		<summary lang="en">Games.on.net Videos</summary>
		<description lang="en">A plugin to access the videos from Internode's Games.on.net.
		
		All videos should be unmetered through an Internode internet connection. 
		
		Please post any bugs or suggestions on
		https://github.com/djcode/XBMC-GamesOnNet-Addon/issues
		</description>
	</extension>
</addon>