<?xml version="1.0" encoding="UTF-8" standalone="yes"?>
<addon id="plugin.video.glwiz"
       name="GLWiZ"
       version="0.0.8"
       provider-name="babak">
  <requires>
    <import addon="xbmc.python" version="2.0"/>
	<import addon="script.module.beautifulsoup" version="3.2.0"/>
  </requires>
  <extension point="xbmc.python.pluginsource"
            library="default.py">
        <provides>video</provides>
  </extension>
  <extension point="xbmc.addon.metadata">
    <summary>GLWiZ</summary>
    <description>GLWiZ Addon for XBMC</description>
    <platform>all</platform>
    <language>fa az hy tr</language>
  </extension>
</addon>
