<?xml version="1.0" encoding="UTF-8" standalone="yes"?>
<addon id="plugin.video.nascar"
       name="NascarX"
       version="1.0.0"
       provider-name="divingmule">
  <requires>
    <import addon="xbmc.python" version="2.0"/>
  </requires>
  <extension point="xbmc.python.pluginsource"
            library="default.py">
        <provides>video</provides>
  </extension>
  <extension point="xbmc.addon.metadata">
    <summary>Nascar Videos</summary>
    <description>Videos from nascar.com</description>
    <platform>all</platform>
  </extension>
</addon>
