<?xml version="1.0" encoding="UTF-8" standalone="yes"?>
<addon id="plugin.video.projectfreetv"
       name="Project Free TV"
       version="1.0.1"
       provider-name="Eldorado">
  <requires>
    <import addon="xbmc.python" version="2.0"/>
    <import addon="script.module.urlresolver" version="1.0.0"/>
    <import addon="script.module.metahandler" version="1.0.2"/>
    <import addon="script.module.t0mm0.common" version="1.0.0"/>
    <import addon="script.common.plugin.cache" version="0.9.1"/>
  </requires>
  <extension point="xbmc.python.pluginsource" library="default.py">
        <provides>video</provides>
  </extension>
  <extension point="xbmc.addon.metadata">
    <summary lang="en"></summary>
    <description lang="en">Visit www.xbmchub.com for support.</description>
    <platform>all</platform>
  </extension>
</addon>
