<?xml version="1.0" encoding="UTF-8" standalone="yes"?>
<addon id="plugin.audio.luisterpaal"
       name="3voor12 Luisterpaal"
       version="1.1.3"
       provider-name="Mart">
  <requires>
    <import addon="xbmc.python" version="1.0"/>
  </requires>
  <extension point="xbmc.python.pluginsource"
            library="default.py">
        <provides>audio</provides>
  </extension>
  <extension point="xbmc.addon.metadata">
    <platform>all</platform>
    <summary lang="en">3voor12 Luisterpaal (Listening pole)</summary>
    <summary lang="nl">3voor12 Luisterpaal</summary>
    <summary lang="hu">3voor12 Luisterpaal zenék az interneten</summary>
    <description lang="en">XBMC audio plugin for the "VPRO 3voor12 Luisterpaal". "Luisterpaal" is translated to "Listening pole" in English, and refers to the poles in music shops where you can listen to the latest albums. The Dutch VPRO public broadcasting station provides a digital service like it. This plugin provides direct access to the albums and songs from XBMC.</description>
    <description lang="nl">XBMC audio plugin voor de "VPRO 3voor12 Luisterpaal". "Luisterpaal" referereert aan de palen in muziekwinkels waar je kan luisteren naar nieuwe albums. De nederlandse publieke omroep VPRO biedt een vergelijkbare digitale service aan. Deze plugin geeft directe toegang tot de albums en nummers vanuit XBMC.</description>
    <description lang="hu">A kiegészítővel meg tudod hallgatni a VPRO holland cég által kínált 3voor12 luisterpaal internetes zenéket.</description>
  </extension>
</addon>
