<?xml version="1.0" encoding="UTF-8" standalone="yes"?>
<addon id="plugin.video.animeftw"
       name="AnimeFTW.tv"
       version="1.6.7"
       provider-name="maruchan">
  <requires>
    <import addon="xbmc.python" version="1.0"/>
    <import addon="script.module.beautifulsoup" version="3.0.8"/>
  </requires>
  <extension point="xbmc.python.pluginsource"
             library="default.py">
    <provides>video</provides>
  </extension>
  <extension point="xbmc.addon.metadata">
    <platform>all</platform>
    <minversion>29000</minversion>
    <summary>Watch high-quality, streaming anime from AnimeFTW.tv!</summary>
    <description>AnimeFTW.tv provides high-quality, streaming anime using both DivX and H264 video codecs.  With over 251 series and 882 GB of video available, AnimeFTW aims to provide the best collection of anime series, OVAs, and movies to its users.
    </description>
    <disclaimer>You must have an account at www.animeftw.tv and be logged in for this addon to function!  Only the first two episodes are available to free members!</disclaimer>
  </extension>
</addon>
