<?xml version="1.0" encoding="UTF-8" standalone="yes"?>
<addon id="plugin.video.yahoo.music.videos"
       name="Yahoo Music Videos"
       version="0.0.3"
       provider-name="BlueCop">
  <requires>
    <import addon="xbmc.python" version="1.0"/>
    <import addon="script.module.beautifulsoup" version="3.0.8"/>
  </requires>
  <extension point="xbmc.python.pluginsource"
            library="default.py">
        <provides>video</provides>
  </extension>
  <extension point="xbmc.addon.metadata">
    <summary>Music Videos</summary>
    <description>Music Videos</description>
    <platform>all</platform>
  </extension>
</addon>
