<?xml version="1.0" encoding="UTF-8" standalone="yes"?>
<addon id="plugin.image.iphoto" name="iPhoto" version="1.9.0" provider-name="jingai">
    <requires>
	<import addon="xbmc.python" version="2.0"/>
	<import addon="script.module.simplejson" version="2.0.10"/>
    </requires>
    <extension point="xbmc.python.pluginsource" library="addon.py">
	<provides>image</provides>
    </extension>
    <extension point="xbmc.addon.metadata">
	<platform>all</platform>
	<summary lang="en">Imports iPhoto library into XBMC.</summary>
	<summary lang="hu">iPhoto könyvtár importálása az XBMC-be</summary>
	<summary lang="pt">Importa bibliotecas iPhoto para o XBMC.</summary>
	<description lang="en">Imports iPhoto library into Events, Albums, Faces, Places, Keywords, and Ratings categories.[CR][CR]For more information, see the README at http://github.com/jingai/plugin.image.iphoto</description>
	<description lang="hu">iPhoto könyvtár importálása az Események, Albumok és Besorolás kategóriákba.</description>
	<description lang="pt">Importa bibliotecas iPhoto para Eventos, Álbuns e Classificações.</description>
	<disclaimer lang="en"></disclaimer>
    </extension>
</addon>
