<?xml version='1.0' encoding='UTF-8' standalone='yes'?>
<addon id='script.module.simple.downloader' version='0.9.3' name='Simple Downloader for xbmc plugins' provider-name='TheCollective'>
  <requires>
    <import addon='xbmc.python' version='2.0'/>
    <import addon='script.common.plugin.cache' version='1.0.0'/>
    <import addon='script.module.parsedom' version='1.0.0'/>
  </requires>
  <extension point='xbmc.service' library="default.py" />
  <extension point='xbmc.addon.metadata'>
    <platform>all</platform>
    <summary lang='en'>Simple downloader for xbmc plugins.</summary>
  </extension>
  <extension point='xbmc.python.module' library='lib' />
</addon>
