<?xml version="1.0" encoding="UTF-8" standalone="yes"?>
<addon id="plugin.video.happymtb"
       name="HappyMTB"
       version="0.0.4"
       provider-name="Popeye">
  <requires>
    <import addon="xbmc.python" version="1.0"/>
    <import addon="script.module.beautifulsoup" version="3.0.8"/>
  </requires>
  <extension point="xbmc.python.pluginsource" library="default.py">
        <provides>video</provides>
  </extension>
  <extension point="xbmc.addon.metadata">
    <platform>all</platform>
    <summary>HappyMTB.org</summary>
    <description>Videos from the Swedish mountain bike community HappyMTB.org</description>
    <description lang="sv">Videos från den Svenska mountain bike sidan HappyMTB.org</description>
  </extension>
</addon>