<?xml version="1.0" encoding="UTF-8" standalone="yes"?>
<addon id="plugin.video.dump"
       name="Dump.com"
       version="0.3"
       provider-name="Insayne">
  <requires>
    <import addon="xbmc.python" version="1.0"/>
  </requires>
  <extension point="xbmc.python.pluginsource"
            library="default.py">
        <provides>video</provides>
  </extension>
  <extension point="xbmc.addon.metadata">
    <platform>all</platform>
    <summary>Stream Dump.com content to your Media Center</summary>
    <description>Family Friendly Videos. Updated Daily with 5 new Videos!</description>
    <broken>Site changed</broken>
  </extension>
</addon>
