<?xml version="1.0" encoding="UTF-8" standalone="yes"?>
<addon id="plugin.video.filmon" name="FilmOn" version="3.2.8" provider-name="FilmOn.TV Networks Inc">
  <requires>
    <import addon="xbmc.python" version="2.0"/>
    <import addon="script.module.t0mm0.common" version="1.1.0"/>
  </requires>
  <extension point="xbmc.python.pluginsource" library="default.py">
        <provides>video</provides>
  </extension>
  <extension point="xbmc.addon.metadata">
    <summary lang="en">FilmOn</summary>
    <language>en de fr es it ru</language>
    <description lang="en">FilmOn.com is an internet based television provider owned by FilmOn.TV Networks Inc. FilmOn.TV Networks was founded by Alki David in 2006.FilmOn.com subscription packages include access to over 120 streaming TV channels in addition to premium FilmOn.com Movie channels and pay-per-view channels</description>
    <platform>all</platform>
    <broken>Addon is no longer available through the xbmc.org repo</broken>
  </extension>
</addon>
