<?xml version="1.0" encoding="UTF-8"?>
<addon id="plugin.video.sueddeutsche_de" name="Sueddeutsche.de" version="1.0.2" provider-name="AddonScriptorDE">
    <requires>
        <import addon="xbmc.python" version="2.0"/>
    </requires>
    <extension point="xbmc.python.pluginsource" library="default.py">
        <provides>video</provides>
    </extension>
    <extension point="xbmc.addon.metadata">
        <platform>all</platform>
        <summary lang="de">Sueddeutsche.de Mediathek</summary>
        <summary lang="en">Sueddeutsche.de video library</summary>
        <language>de</language>
        <description lang="de">Sueddeutsche.de Mediathek</description>
        <description lang="en">Sueddeutsche.de video library</description>
    <platform>all</platform>
    </extension>
</addon>
