<?xml version="1.0" encoding="UTF-8" standalone="yes"?>
<addon id="script.audio.grooveshark"
       name="GrooveShark"
       version="0.4.4"
       provider-name="Solver">
  <requires>
    <import addon="xbmc.python" version="1.0"/>
    <import addon="script.module.simplejson" version="2.0.10"/>
    <import addon="script.module.pysqlite" version="2.5.6"/>
  </requires>
  <extension point="xbmc.python.script"
            library="default.py">
    <provides>audio</provides>
  </extension>
  <extension point="xbmc.addon.metadata">
    <platform>all</platform>
	<minversion>33778</minversion>
    <summary lang="en">Grooveshark client</summary>
    <summary lang="da">Klient til Grooveshark</summary>
    <summary lang="hu">Grooveshark.com zenék, rádiók</summary>
    <summary lang="ko">그루브샤크 클라이언트</summary>
    <description lang="en">The script gives you access to Grooveshark and almost all of its contents. Access your playlist, manipulate them and create new ones. Enjoy.</description>
    <description lang="da">Få adgang til næsten alt hvad Grooveshark har at byde på. Brug dine playlist, ændr og lav nye. God fornøjelse.</description>
    <description lang="hu">A program elérést biztosít a Grooveshark.com-hoz és majdnem minden tartalmához. Elérheted vele a lejátszási listáid, szerkesztheted őket, újakat hozhatsz létre. Élvezd!</description>
    <description lang="sv">Få tillgång till nästan allt som Grooveshark har att erbjuda. Tillgång till dina spellistor, ändra och lägg till nya. Mycket nöje.</description>
    <description lang="ko">이 스크립트는 Grooveshark의 거의 모든 컨텐츠를 사용할수 있게 해줍니다. 플레이리스트를 이용하고 수정하고 만들수 있습니다. </description>
  </extension>
</addon>
