<?xml version="1.0" encoding="UTF-8" standalone="yes"?>
<addon id="script.ibelight"	name="iBeLight"	version="1.0.0"	provider-name="RGB Styles">
	<requires>
		<import addon="xbmc.python" version="2.0"/>
	</requires>
	<extension point="xbmc.python.script" library="default.py">
		<provides>executable</provides>
	</extension>
  	<extension point="xbmc.service" library="default.py" start="login|startup"></extension>
	<extension point="xbmc.addon.metadata">
    <platform>all</platform>
    <minversion>28764</minversion>
    <summary lang="en">iBeLight</summary>
    <description lang="en">www/rgb-styles.com</description>
  </extension>
</addon>
