<?xml version="1.0" encoding="UTF-8"?>
<scraper framework="1.1" date="2009-09-16">
	<NfoUrl dest="3">
		<RegExp input="$$1" output="&lt;url&gt;http://api.freebase.com/api/service/mqlread?query={%22query%22:{%22type%22:%22/music/artist%22,%22name%22:null,%22genre%22:[],%22album%22:[{%22id%22:%22/\2%22,%22/common/topic/article%22:[{%22guid%22:null,%22optional%22:true,%22limit%22:1}],%22/common/topic/image%22:[{%22guid%22:null,%22optional%22:true,%22limit%22:1}],%22label%22:[],%22engineer%22:[],%22producer%22:[],%22release_type%22:null,%22artist%22:null,%22name%22:null,%22release_date%22:null,%22track%22:[{%22name%22:null,%22length%22:null,%22index%22:null,%22sort%22:%22index%22,%22optional%22:true}],%22sort%22:%22release_date%22}]}}&lt;/url&gt;" dest="3+">
			<expression>(http://www.freebase.com/view/)(.*)</expression>
		</RegExp>
	</NfoUrl>
	<CreateArtistSearchUrl dest="3">
		<RegExp input="$$1" output="&lt;url&gt;http://www.freebase.com/api/service/search?query=\1&amp;amp;type=/music/artist&amp;amp;indent=1&lt;/url&gt;" dest="3">
			<expression/>
		</RegExp>
	</CreateArtistSearchUrl>
	<GetArtistSearchResults dest="8">
		<RegExp input="$$5" output="&lt;results&gt;\1&lt;/results&gt;" dest="8">
			<RegExp input="$$1" output="&lt;entity&gt;&lt;title&gt;\2&lt;/title&gt;&lt;url&gt;http://api.freebase.com/api/service/mqlread?query={%22query%22:{%22type%22:%22/music/artist%22,%22id%22:%22/guid/\1%22,%22/common/topic/article%22:[{%22guid%22:null,%22optional%22:true,%22limit%22:1}],%22/common/topic/image%22:[{%22guid%22:null,%22optional%22:true,%22limit%22:1}],%22name%22:null,%22genre%22:[],%22album%22:[],%22active_start%22:null,%22active_end%22:null,%22instruments_played%22:[]}}&lt;/url&gt;&lt;/entity&gt;" dest="5+">
				<expression repeat="yes">&quot;guid&quot;: &quot;#([^&quot;]*)&quot;.*?&quot;name&quot;: &quot;([^&quot;]*)&quot;</expression>
			</RegExp>
			<expression noclean="1"/>
		</RegExp>
	</GetArtistSearchResults>
	<GetArtistDetails dest="3">
		<RegExp input="$$5" output="&lt;details&gt;\1&lt;/details&gt;" dest="3">
			<RegExp input="$$1" output="&lt;name&gt;\1&lt;/name&gt;" dest="5">
				<expression noclean="1">&quot;name&quot;: &quot;([^&quot;]*)</expression>
			</RegExp>
			<RegExp input="$$1" output="&lt;formed&gt;\1&lt;/formed&gt;" dest="5+">
				<expression noclean="1">&quot;active_start&quot;: &quot;([^&quot;]*)</expression>
			</RegExp>
			<RegExp input="$$1" output="&lt;disbanded&gt;\1&lt;/disbanded&gt;" dest="5+">
				<expression noclean="1">&quot;active_end&quot;: &quot;([^&quot;]*)</expression>
			</RegExp>
			<RegExp input="$$1" output="\1" dest="6">
				<expression trim="1">&quot;genre&quot;: (.*?)\]</expression>
			</RegExp>
			<RegExp input="$$6" output="&lt;genre&gt;\1&lt;/genre&gt;" dest="5+">
				<expression repeat="yes">&quot;([^&quot;]*)&quot;</expression>
			</RegExp>
			<RegExp input="$$1" output="\1" dest="6">
				<expression trim="1">&quot;album&quot;: (.*?)\]</expression>
			</RegExp>
			<RegExp input="$$6" output="&lt;album&gt;&lt;title&gt;\1&lt;/title&gt;&lt;/album&gt;" dest="5+">
				<expression noclean="1" repeat="yes">&quot;([^&quot;]*)&quot;</expression>
			</RegExp>
			<RegExp input="$$1" output="&lt;thumb&gt;http://www.freebase.com/api/trans/raw/guid/\1&lt;/thumb&gt;" dest="5+">
				<expression noclean="1">image&quot;:.*?&quot;guid&quot;: &quot;#([^&quot;]*)&quot;</expression>
			</RegExp>
			<RegExp input="$$2" conditional="htbthumbs" output="&lt;chain function=&quot;GetHTBThumbs&quot;&gt;\1&lt;/chain&gt;" dest="5+">
				<expression/>
			</RegExp>
			<RegExp input="$$2" conditional="htbfanart" output="&lt;chain function=&quot;GetHTBFanart&quot;&gt;\1&lt;/chain&gt;" dest="5+">
				<expression/>
			</RegExp>
			<RegExp input="$$1" output="&lt;url function=&quot;GetBiography&quot;&gt;http://www.freebase.com/api/trans/raw/guid/\1&lt;/url&gt;" dest="5+">
				<expression noclean="1">article&quot;:.*?&quot;guid&quot;: &quot;#([^&quot;]*)&quot;</expression>
			</RegExp>
			<expression noclean="1"/>
		</RegExp>
	</GetArtistDetails>
	<GetBiography dest="5">
		<RegExp input="$$2" output="&lt;details&gt;\1&lt;/details&gt;" dest="5">
			<RegExp input="$$1" output="&lt;biography&gt;\1&lt;/biography&gt;" dest="2">
				<expression noclean="1">&lt;p&gt;([^&lt;]*)</expression>
			</RegExp>
			<expression noclean="1"/>
		</RegExp>
	</GetBiography>
</scraper>
