<?xml version="1.0" encoding="UTF-8" standalone="yes"?>
<addon id="plugin.image.500px" name="500px" version="0.1.3"
       provider-name="Patrick L Archibald [patrick.archibald@gmail.com]">
  <requires>
    <import addon="script.module.simplejson" version="2.0.10"/>
  </requires>
  <extension point="xbmc.python.pluginsource" library="default.py">
    <provides>image</provides>
  </extension>
  <extension point="xbmc.addon.metadata">
    <platform>all</platform>
    <summary lang="en">View photos from http://500px.com.</summary>
    <description>
      View photos from http://500px.com. In the addon settings you can change what photo group (feature)
      you want to pull from. The values are Popular (default), Upcoming, Editors' Choice, Fresh Today, Fresh Yesterday, and Fresh This Week.
      You can also change the quantity of photos to view 20 (default), 40, 60, 80, 100. This addon was created
      by Patrick L Archibald at http://pla1.net. The source for this addon can be found at https://github.com/pla1/plugin.image.500px. 
    </description> 
    <license>GPL 2.0</license>
  </extension>
</addon>
