<?xml version="1.0" encoding="UTF-8" standalone="yes"?>
<addon id="plugin.video.manoto"
       name="Manoto TV"
       version="0.0.4"
       provider-name="babak">
  <requires>
    <import addon="xbmc.python" version="2.0"/>
	<import addon="script.module.beautifulsoup" version="3.2.0"/>
  </requires>
  <extension point="xbmc.python.pluginsource"
            library="default.py">
        <provides>video</provides>
  </extension>
  <extension point="xbmc.addon.metadata">
    <summary>Manoto TV</summary>
    <description>Manoto TV Addon for XBMC</description>
    <platform>all</platform>
    <language>fa</language>
  </extension>
</addon>
