<?xml version="1.0" encoding="UTF-8" standalone="yes"?>
<addon id="metadata.common.fanart.tv"
       name="fanart.tv"
       version="1.1.0"
       provider-name="Team XBMC">
  <requires>
    <import addon="xbmc.metadata" version="1.0"/>
  </requires>
  <extension point="xbmc.metadata.scraper.library"
             library="fanarttv.xml"/>
  <extension point="xbmc.addon.metadata">
    <platform>all</platform>
    <minversion>20000</minversion>
    <summary lang="bg">Библиотека за сваляне на инф. от fanart.tv</summary>
    <summary lang="en">fanart.tv Scraper Library</summary>
    <summary lang="de">Scraper für Hintergründe von fanart.tv</summary>
    <summary lang="es">Scraper de fanart.tv</summary>
    <summary lang="fi">fanart.tv taustakuvalataajan kirjasto</summary>
    <summary lang="fr">Scraper fanart.tv</summary>
    <summary lang="hu">fanart.tv leolvasó-könyvtár</summary>
    <summary lang="nl">fanart.tv-scraperfuncties</summary>
    <summary lang="pl">Scraper biblioteki fanart.tv</summary>
    <summary lang="pt">Biblioteca de fundos fanart.tv</summary>
    <summary lang="ru">Обработчик Фоновых изображений с fanart.tv</summary>
    <summary lang="se">Skrapa för fanart.tv</summary>
    <summary lang="zh">fanart.tv刮削器代码库</summary>
    <description lang="bg">Сваля декорации от www.fanart.tv.com</description>
    <description lang="en">Download backdrops from www.fanart.tv.com</description>
    <description lang="de">Downloade Hintergründe von www.fanart.tv.com</description>
    <description lang="es">Descarga fanart y fotos de artistas de www.fanart.tv.com</description>
    <description lang="fi">Lataa taustakuvia osoitteesta www.fanart.tv.com</description>
    <description lang="fr">Télécharge les backdrops depuis www.htbackgrops.com</description>
    <description lang="hu">Fanartképek letöltése www.fanart.tv.com webhelyről</description>
    <description lang="nl">Achtergronden ophalen van www.fanart.tv.com</description>
    <description lang="pl">Pobieraj tła z www.fanart.tv.com</description>
    <description lang="pt">Descarregar fundos de www.fanart.tv.com</description>
    <description lang="ru">Загружать фоновые изображения с www.fanart.tv.com</description>
    <description lang="se">Ladda ner bakgrundsbilder från www.fanart.tv.com</description>
    <description lang="zh">从www.fanart.tv.com下载背景图</description>
  </extension>
</addon>
