<addon id="plugin.video.academicearth" name="Academic Earth" provider-name="Jonathan Beluch (jbel)" version="1.3.1">
  <requires>
    <import addon="xbmc.python" version="2.0" />
    <import addon="script.module.beautifulsoup" version="3.0.8" />
    <import addon="script.module.xbmcswift2" version="1.1.1" />
    <import addon="plugin.video.youtube" version="3.1.0" />
  </requires>
  <extension library="addon.py" point="xbmc.python.pluginsource">
    <provides>video</provides>
  </extension>
  <extension point="xbmc.addon.metadata">
    <platform>all</platform>
    <summary>Watch lectures from Academic Earth (http://academicearth.org)</summary>
    <description>Browse online courses and lectures from the world's top scholars.</description>
  </extension>
</addon>