<?xml version="1.0" encoding="UTF-8" standalone="yes"?>
<addon id="plugin.video.khanacademy" name="Khan Academy" version="1.4.2" provider-name="Jonathan Beluch (jbel)">
  <requires>
    <import addon="xbmc.python" version="2.0"/>
    <import addon="script.module.beautifulsoup" version="3.0.8"/>
    <import addon="script.module.xbmcswift" version="0.2.0"/>
    <import addon="script.module.simplejson" version="2.0.10"/>
    <import addon="plugin.video.youtube" version="2.9.1"/>
  </requires>
  <extension point="xbmc.python.pluginsource" library="addon.py">
    <provides>video</provides>
  </extension>
  <extension point="xbmc.addon.metadata">
    <platform>all</platform>
    <summary>View lessons from http://www.khanacademy.org</summary>
    <description>From http://www.khanacademy.org/about: "The Khan Academy is an organization on a mission. We're a not-for-profit with the goal of changing education for the better by providing a free world-class education to anyone anywhere.[CR][CR]All of the site's resources are available to anyone. It doesn't matter if you are a student, teacher, home-schooler, principal, adult returning to the classroom after 20 years, or a friendly alien just trying to get a leg up in earthly biology. The Khan Academy's materials and resources are available to you completely free of charge."</description>
  </extension>
</addon>
