<?xml version="1.0" ?> 
<items>
<item>
<title>IQRAA Live</title> 
<link>rtmp://fl1.viastreaming.net/iqraatv2/livestream playpath=livestream swfUrl="http://www.elahmad.com/tv/swf/iqraatv2.swf" swfVfy=true live=true timeout=10</link> 
<thumbnail>http://worldtvcenter.atspace.com/arabic/iqraa.jpg</thumbnail> 
</item>
<item>
<title>IQRAA AU ASIA</title> 
<link>rtmp://fl1.viastreaming.net/iqraatv3/livestream playpath=livestream swfUrl="http://www.elahmad.com/tv/swf/iqraatv3.swf" swfVfy=true live=true timeout=10</link> 
<thumbnail>http://worldtvcenter.atspace.com/arabic/iqraa.jpg</thumbnail> 
</item>
<item>
<title>IQRAA AFRICA</title> 
<link>rtmp://fl1.viastreaming.net/iqraatv/livestream playpath=livestream swfUrl="http://www.elahmad.com/tv/swf/iqraatv.swf" swfVfy=true live=true timeout=10</link> 
<thumbnail>http://worldtvcenter.atspace.com/arabic/iqraa.jpg</thumbnail> 
</item>
<item>
<title>Quran TV</title>
<link>rtsp://38.96.148.74/Quran2</link>
<thumbnail>http://www.lyngsat-logo.com/hires/aa/al_quran_al_kareem_tv.png</thumbnail>
</item>
<item>
<title>Al Sunnah</title>
<link>rtmp://69.65.38.152/besmallah/cam3 playpath=cam3 swfUrl=http://live.gph.gov.sa/player.swf swfVfy=true live=true timeout=10</link>
<thumbnail>http://www.lyngsat-logo.com/hires/aa/al_sunnah_al_nabawiyah_tv.png</thumbnail>
</item>
<item>
<title>Alsahraa</title>
<link>rtmp://154.obj.netromedia.net/alsahra/alsahra playpath=alsahra swfUrl="http://www.elahmad.com/tv/swf/alsahraatv.swf" swfVfy=true live=true timeout=10</link>
<thumbnail>http://4.bp.blogspot.com/-jvVjkLpnPW4/T8MYs0Z_kCI/AAAAAAAAC5A/ApZpxB6ALRc/s1600/alsahraa.jpg</thumbnail>
</item>
<item>
<title>AlJazeera</title>
<link>rtmp://aljazeeraflashlivefs.fplive.net/aljazeeraflashlive-live/aljazeera_ara_high playpath=aljazeera_ara_high swfUrl="http://www.elahmad.com/tv/swf/aljazeera_hd.swf" swfVfy=true live=true timeout=10</link>
<thumbnail>https://lh5.googleusercontent.com/-ACw67RCqFHU/TXZB2COewSI/AAAAAAAAEBs/Y7SGyQUiCRU/Al+Jazeera+logo+.jpg</thumbnail>
</item>
<item>
<title>ALJaeera Egypt</title>
<link>rtmp://aljazeeraflashlivefs.fplive.net/aljazeeraflashlive-live/aljazeera_misr_1 playpath=aljazeera_misr_1 swfUrl="http://www.elahmad.com/tv/swf/aljazeera_mubasher_misr.swf" swfVfy=true live=true timeout=10</link>
<thumbnail>http://mubasher-misr.aljazeera.net/sites/default/files/imagecache/blog_node_image/logo_square.jpg</thumbnail>
</item>
<item>
<title> ALJazeera Docs</title>
<link>rtmp://aljazeeraflashlivefs.fplive.net/aljazeeraflashlive-live/aljazeera_doc_high playpath=aljazeera_doc_high swfUrl="http://www.elahmad.com/tv/swf/aljazeera_documentary.swf" swfVfy=true live=true timeout=10</link>
<thumbnail>http://www.lyngsat-logo.com/hires/aa/al_jazeera_documentary.png</thumbnail>
</item>
<item>
<title>For Chabab</title>
<link>plugin://plugin.video.youtube/?action=play_video&amp;videoid=XVKmHWf-q4o</link>
<thumbnail>http://profile.ak.fbcdn.net/hprofile-ak-snc4/276644_235277636492105_1183459_n.jpg</thumbnail>
</item>
<item>
<title>A Rayan</title>
<link>rtmp://cp177118.live.edgefcs.net/live/alrayyan_ar_1@73925/alrayyan_ar_1@73925 playpath=alrayyan_ar_1@73925 swfUrl=http://www.elahmad.com/tv/swf/alrayyantv.swf swfVfy=true live=true timeout=10</link> 
<thumbnail>http://a0.twimg.com/profile_images/2067741597/logo.png</thumbnail> 
</item>
<item>
<title>2M</title>
<link>rtmp://50.23.239.11/live/maroc2m9874?id=119763 app=live playpath=maroc2m9874?id=119763 swfUrl=http://mips.tv/content/scripts/eplayer.sw pageUrl=http://mips.tv/embedplayer/sa312/1/480/400 swfVfy=true live=true</link> 
<thumbnail>http://www.sadoun.com/Sat/Channels/Farsi/2m.jpg</thumbnail> 
</item>
<item>
<title>AL Maghribiya</title>
<link>rtmp://rm-edge-10.cdn2.streamago.tv:1935/streamagoedge/1922?idutente=1922&idcanale=815&pwd=/815 app=streamagoedge/1922?idutente=1922&idcanale=815&pwd= playpath=815 swfUrl=http://www.streamago.tv/app/StreamVideo.swf pageUrl=http://www.streamago.tv/iframe/1922/ swfVfy=true live=true</link> 
<thumbnail>http://almaghribia-tv.ma/images/logo_al_maghribia.gif</thumbnail> 
</item>
<item>
<title>AL Oula</title> 
<link>rtmp://173.193.223.184/live/88787rtm?id=119234 app=live playpath=88787rtm?id=119234 swfUrl=http://mips.tv/content/scripts/eplayer.swf pageUrl=http://mips.tv/embedplayer/sa320/1/480/400 swfVfy=true live=true</link> 
<thumbnail>http://referenceur-tv.com/wp-content/uploads/2010/09/al-aoula-television-arabe-en-direct-streaming.png</thumbnail> 
</item>
<item>
<title>Medi1 Sat</title> 
<link>mms://213.229.78.218:1755/aljazeerakids</link> 
<thumbnail>http://www.arabztv.com/wp-content/uploads/2012/02/Medi-1-TV-au-Maroc.jpg</thumbnail> 
</item>
<item>
<title>Dubai</title> 
<link>rtmp://stream4.dmi.ae/live4/_definst_/mp4:dubaitv_500 app=live4/_definst_ playpath=mp4:dubaitv_1000 swfUrl=http://statics.dubaimedia.ae/flv-player/player.swf pageUrl=http://www.dmi.ae/dubaitv/live.asp  swfVfy=true live=true</link> 
<thumbnail>http://www.lyngsat-logo.com/hires/dd/dubai_tv.png</thumbnail> 
</item>
<item>
<title>Sama Dubai</title> 
<link>rtmp://stream4.dmi.ae/live4/samadubai_500 app=live4/ playpath=samadubai_500 swfUrl=http://statics.dubaimedia.ae/flv-player/player.swf pageUrl=http://www.dmi.ae/samadubai/live.asp swfVfy=true live=true</link> 
<thumbnail>http://hd-tv.zzl.org/images/Sama-dubai-tv.gif</thumbnail> 
</item>
<item>
<title>Noor Dubai</title> 
<link>rtmp://stream4.dmi.ae/live4/noordubai_source app=live4 playpath=noordubai_source swfUrl=http://statics.dubaimedia.ae/flv-player/player.swf pageUrl=http://www.dmi.ae/noordubai/live.asp swfVfy=true live=true</link> 
<thumbnail>http://www.cartercenter.org/resources/images/logos/noorDubai.gif</thumbnail> 
</item>
<item>
<title>Dubai One</title> 
<link>rtmp://stream4.dmi.ae/live4/dubaione_source app=live4/ playpath=dubaione_source swfUrl=http://statics.dubaimedia.ae/flv-player/player.swf pageUrl=http://www.dmi.ae/dubaione/live.asp swfVfy=true live=true</link> 
<thumbnail>http://www.dpnfk.com/channels/international/dub-dubai-one-video.gif</thumbnail> 
</item>
<item>
<title>AL Rai</title>
<link>mms://62.215.216.130/wmtencoder/alrai350.wmv</link>
<thumbnail>http://www.kooora.com/images/channel_/alrai_tv.jpg</thumbnail>
</item>
<item>
<title>Lybia</title>
<link>rtmp://media2.lsops.net/libyatv/ playpath=libyatv_ar_high.sdp swfUrl="http://www.livestation.com/flash/player/5.4/player.swf" pageUrl="http://www.livestation.com/channels/125-libya-tv-arabic" swfVfy=true live=true</link>
<thumbnail>http://www.livestation.com/paperclip/channels/idents/125/original/libyatv_ar.jpg?1302612823</thumbnail>
</item>
<item>
<title>Russia Al Yawm</title>
<link>rtmp://russiatoday.fms.visionip.tv/rt/Russia_al_yaum_1000k_1 app=rt/Russia_al_yaum_1000k_1 swfUrl=http://arabic.rt.com/style/liveplayer.swf pageURL=http://arabic.rt.com/live_high playpath=1000k_1 live=true</link>
<thumbnail>http://www.lyngsat-logo.com/hires/rr/russia_today_tv.png</thumbnail>
</item>
<item>
<title>Iraqi Media Network</title>
<link>mms://212.7.196.74/iraqia</link>
<thumbnail>http://images-mediawiki-sites.thefullwiki.org/08/4/2/3/4905202658349467.png</thumbnail>
</item>
<item>
<title>Al Hurria TV</title>
<link>mms://89.149.227.45/hurria?.wma</link>
<thumbnail>http://www.lyngsat-logo.com/logo/tv/aa/al_hurria.jpg</thumbnail>
</item>
<item>
<title>SkyNews Arabia</title>
<link>rtmp://llnwvps231.fc.llnwd.net:1935/llnwvps231/_definst_/eND-IS0mT2csspFA-2vGVs_PpXBJfdbQZ8v-XYOmlvQ4Y_854_480_736 playpath=eND-IS0mT2csspFA-2vGVs_PpXBJfdbQZ8v-XYOmlvQ4Y_854_480_736 swfUrl=http://s.delvenetworks.com/deployments/player/player-4.0.9.swf swfVfy=true live=true</link>
<thumbnail>http://arabicfomny.com/fomnyarabictv/sky_news_arabic_live.jpg</thumbnail>
</item>
<item>
<title>Al Watan</title>
<link>rtmp://cp142128.live.edgefcs.net/live/alwatan_1@44587 playpath=alwatan_1@44587 swfUrl=http://www.elahmad.com/tv/swf/alwatantv.swf swfVfy=true live=true</link>
<thumbnail>http://www.raisigroup.net/dynamicdata/MassImages/1Watan_TV_Logo.jpg</thumbnail>
</item>
<item>
<title>Al Watan Plus</title>
<link>rtmp://cp142128.live.edgefcs.net/live/alwaplus_1@44627 playpath=alwaplus_1@44627 swfUrl=http://www.elahmad.com/tv/swf/alwatantv.swf swfVfy=true live=true</link>
<thumbnail>http://balladtv.com/wp-content/uploads/2010/10/alwatanPlus_logo-200x200.jpg</thumbnail>
</item>
<item>
<title>LBC Europe</title>
<link>rtsp://lbclive.itw-hosting.net/lbclive/lbc_2?token=hghpl</link>
<thumbnail>http://www.lyngsat-logo.com/hires/ll/lbc_europe.png</thumbnail>
</item>
<item>
<title>Nile Life</title>
<link>rtmp://livestreaming4.onlinehorizons.net/NTNNileLife/livestream app=NTNNileLife/ playpath=livestream pageUrl=http://ntn.onlinehorizons.net/player/player.swf?file=livestream.flv&streamer=rtmp://livestreaming4.onlinehorizons.net/NTNNileLife/&autostart=true&&linktarget=http://goo.gl/WeOZr&aboutlink=http://goo.gl/WeOZr&abouttext=www.elahmad.com&autostart=true&backcolor=000000&frontcolor=FFFFF&lightcolor=FC7404&stretching=exactfit&link=http://goo.gl/WeOZr swfUrl=http://ntn.onlinehorizons.net/player/player.swf swfVfy=true live=true</link>
<thumbnail>http://www.lyngsat-logo.com/hires/nn/nile_life.png</thumbnail>
</item>
<item>
<title>Nile Drama</title>
<link>rtmp://livestreaming4.onlinehorizons.net/NTNNileDrama/livestream app=NTNNileDrama/ playpath=livestream pageUrl=http://ntn.onlinehorizons.net/player/player.swf?file=livestream.flv&streamer=rtmp://livestreaming4.onlinehorizons.net/NTNNileDrama/&autostart=true&&linktarget=http://goo.gl/WeOZr&aboutlink=http://goo.gl/WeOZr&abouttext=www.elahmad.com&autostart=true&backcolor=000000&frontcolor=FFFFF&lightcolor=FC7404&stretching=exactfit&link=http://goo.gl/WeOZr swfUrl=http://ntn.onlinehorizons.net/player/player.swf swfUrl=http://ntn.onlinehorizons.net/player/player.swf swfVfy=true live=true</link>
<thumbnail>http://www.lyngsat-logo.com/hires/nn/nile_drama.png</thumbnail>
</item>
<item>
<title>Nile Sports</title>
<link>rtmp://livestreaming4.onlinehorizons.net/NTNNileSport/livestream app=NTNNileSport/ playpath=livestream pageUrl=http://ntn.onlinehorizons.net/player/player.swf?file=livestream.flv&streamer=rtmp://livestreaming4.onlinehorizons.net/NTNNileSport/&autostart=true&&linktarget=http://goo.gl/WeOZr&aboutlink=http://goo.gl/WeOZr&abouttext=www.elahmad.com&autostart=true&backcolor=000000&frontcolor=FFFFF&lightcolor=FC7404&stretching=exactfit&link=http://goo.gl/WeOZr swfUrl=http://ntn.onlinehorizons.net/player/player.swf swfVfy=true live=true</link>
<thumbnail>http://www.lyngsat-logo.com/hires/nn/nile_sports.png</thumbnail>
</item>
<item>
<title>Al Nahar</title>
<link>plugin://plugin.video.youtube/?action=play_video&amp;videoid=iT19O3dlIYU</link>
<thumbnail>http://www.arabic-tvonline.com/wp-content/uploads/2012/07/Nahar-TV.jpg</thumbnail>
</item>
<item>
<title>Al Kahera Wal Nass</title>
<link>plugin://plugin.video.youtube/?action=play_video&amp;videoid=o8Ihc1LOQ-w</link>
<thumbnail>http://www.lyngsat-logo.com/logo/tv/aa/al_kahera_wal_nes.jpg</thumbnail>
</item>
<item>
<title>Alarabiya</title>
<link>rtmp://llnwvps45.fc.llnwd.net:1935/llnwvps45/_definst_/ playPath=7HOgy0XwSwcgkZ7HZf-_bg_C_JRd_imTFos6E2QyQF-ls_720_576_1200_1 swfUrl="http://s.delvenetworks.com/deployments/player/player-3.37.4.swf?ldr=ldr" pageUrl="http://wwitv.com/tv_channels/b5377.htm" swfVfy=true live=true</link>
<thumbnail>http://www.lyngsat-logo.com/logo/tv/aa/al_arabiya.jpg</thumbnail>
</item>
<item>
<title>MTV Lebanon</title>
<link>http://cn.l1vn.com/murrtelevision_med.m3u8</link>
<thumbnail>http://www.lyngsat-logo.com/logo/tv/mm/murr_tv_lebanon.jpg</thumbnail>
</item>
<item>
<title>Baraem TV</title>
<link>rtmp://iqnastreamer2.qnaol.net/live-baraem/ playpath=baraem swfUrl=http://qmc.qa/swf/player.swf pageUrl=http://qmc.qa/ swfVfy=true live=true timeout=60</link>
<thumbnail>http://qmc.qa/images/braam.png</thumbnail>
</item>
<item>
<title>MBC</title>
<link>rtmp://www.teledunet.com:1935/live/tv_168 playPath=tv_168 app=live swfUrl=http://www.teledunet.com/tv/player.swf pageUrl=http://www.teledunet.com/tv/?teledunet&no_pub swfVfy=true live=true timeout=60</link>
<thumbnail>http://upload.wikimedia.org/wikipedia/ar/3/32/MBC-logo-large.jpg</thumbnail>
</item>
<item>
<title>MBC DRAMA</title>
<link>rtmp://www.teledunet.com:1935/live/tv_168 </link>
<thumbnail>http://www.lyngsat-logo.com/hires/mm/mbc_plus_drama.png</thumbnail>
</item>
<item>
<title>Melody Aflam</title>
<link>plugin://plugin.video.youtube/?action=play_video&amp;videoid=VPoIG7O8EEQ</link>
<thumbnail></thumbnail>
</item>
<item>
<title>Melody Sport</title>
<link>plugin://plugin.video.youtube/?action=play_video&amp;videoid=BLbGp6cw_dw</link>
<thumbnail></thumbnail>
</item>
<item>
<title>Rotana Misr</title>
<link>plugin://plugin.video.youtube/?action=play_video&amp;videoid=pjyy2-1S0ew</link>
<thumbnail>http://www.rotana.net/images/channel/big-masriya.jpg</thumbnail>
</item>
<item>
<title>Sada Al Balad</title>
<link>plugin://plugin.video.youtube/?action=play_video&amp;videoid=JEkbk-xDmZE</link>
<thumbnail>http://www.lyngsat-logo.com/hires/ss/sada_el_balad_tv.png</thumbnail>
</item>
<item>
<title>Sada Al Balad Drama</title>
<link>plugin://plugin.video.youtube/?action=play_video&amp;videoid=T1oJUSGjjD4</link>
<thumbnail>http://1.bp.blogspot.com/-e_yY6mLwS18/UAijKQ81SfI/AAAAAAAAASg/kFnE9oN2tsU/balad-drama.jpg</thumbnail>
</item>
<item>
<title>ONTV</title>
<link>plugin://plugin.video.youtube/?action=play_video&amp;videoid=HwRbWfYTOAs</link>
<thumbnail>http://freerutube.com/wp-content/uploads/2011/11/on_tv_logo_copy_normal.png</thumbnail>
</item>
<item>
<title>Ciiima</title>
<link>rtmp://174.37.252.206/live/sa555?id=113187 app=live playpath=sa555?id=113187 swfUrl=http://mips.tv/content/scripts/eplayer.swf pageUrl=http://mips.tv/embedplayer/sa555/1/480/400 swfVfy=true live=true timeout=60</link>
<thumbnail>http://profile.ak.fbcdn.net/hprofile-ak-snc4/372897_254998007881746_1987543486_n.jpg</thumbnail>
</item>
<item>
<title>MBC2</title>
<link>rtmpe://217.172.179.252/live/canal2 app=live playpath=canal2 swfUrl=http://www.arab-eyes.tv/live/liveS.swf swfVfy=true live=true timeout=60</link>
<thumbnail>http://www.lyngsat-logo.com/hires/mm/mbc2_ae.png</thumbnail>
</item>
<item>
<title>Zahra</title>
<link>mms://live210.impek.com/zahra</link>
<thumbnail>http://4.bp.blogspot.com/-_vWWdUhM3pg/TY9jE4U5SiI/AAAAAAAAALQ/sOkMwk92EfQ/s1600/Centre-Zahra.jpg</thumbnail>
</item>
<item>
<title>MBC 4</title>
<link>http://93.114.44.171:9079/</link>
<thumbnail>http://agadira.com/dell/Mbc4%20channel.jpg</thumbnail>
</item>
<item>
<title>MBC Action</title>
<link>rtmp://www.lovafoot.com:1935/live app=live playpath=tv276 swfUrl=http://www.lovafoot.com/tv/ad_player.swf swfVfy=true live=true</link>
<thumbnail>http://www.lyngsat-logo.com/hires/mm/mbc_action.png</thumbnail>
</item>
<item>
<title>Saudi 1</title>
<link>plugin://plugin.video.youtube/?action=play_video&amp;videoid=L1ofE3wPe5Q</link>
<thumbnail>http://upload.wikimedia.org/wikipedia/en/9/9f/Saudi_TV_1_Logo.png</thumbnail>
</item>
<item>
<title>Saudi 2</title>
<link>mmsh://38.96.148.75/CH2TV?MSWMExt=.asf</link>
<thumbnail>http://upload.wikimedia.org/wikipedia/en/d/dd/Saudi_TV_-_KSA2.png</thumbnail>
</item>
<item>
<title>Saudi Sport</title>
<link>rtsp://38.96.148.75/Alriyadiah?MSWMExt=.asf</link>
<thumbnail>http://www.qassimy.com/channel-tv-live/files/image/saudi_sport_channel_live_online_free_arabic_channel.jpg</thumbnail>
</item>
<item>
<title>ALKASS</title>
<link>rtmp://fml.44C9.edgecastcdn.net/2044C9/hd1 app=2044C9 playpath=hd1 swfUrl=http://www.elahmad.com/tv/swf/alkass_hd.swf swfVfy=true live=true</link>
<thumbnail>http://www.lyngsat-logo.com/hires/aa/al_kass_sport_channel.png</thumbnail>
</item>
<item>
<title>ALKASS PLUS</title>
<link>rtmp://fml.44C9.edgecastcdn.net/2044C9/plus1 app=2044C9 playpath=plus1 swfUrl=http://www.elahmad.com/tv/swf/alkass_hd.swf swfVfy=true live=true</link>
<thumbnail>http://2.bp.blogspot.com/-e74A2N_0Nn4/TaLDGNjl6PI/AAAAAAAAADg/mJbUp6z3clc/s320/al%2Bkass%2Bplus.jpeg</thumbnail>
</item>
<item>
<title>Abu Dhabi</title>
<link>rtsp://lon-strm02.jumptv.com/Emirates?WMThinning=0&amp;Customer_ID=1152538&amp;Product_ID=4021&amp;Asset_ID=1086&amp;Stream_ID=19744&amp;User_Token=41f28ff6c0f673344ef85855264b9575&amp;MSWMExt=.asf</link>
<thumbnail>http://www.broadbandtvnews.com/wp-content/uploads/2008/10/adtv_logo.jpg</thumbnail>
</item>
<item>
<title>Abu Dhabi plus 1</title>
<link>rtsp://lon-strm02.jumptv.com/abudhabitv?WMThinning=0&amp;Customer_ID=1152538&amp;Product_ID=4021&amp;Asset_ID=1086&amp;Stream_ID=19744&amp;User_Token=41f28ff6c0f673344ef85855264b9575&amp;MSWMExt=.asf</link>
<thumbnail>http://www.lyngsat-logo.com/hires/aa/abu_dhabi_tv.png</thumbnail>
</item>
<item>
<title>Abu Dhabi Sport</title>
<link>rtsp://lon-strm02.jumptv.com/abudhabisports?WMThinning=0&amp;Customer_ID=1152538&amp;Product_ID=4021&amp;Asset_ID=1086&amp;Stream_ID=19744&amp;User_Token=41f28ff6c0f673344ef85855264b9575&amp;MSWMExt=.asf</link>
<thumbnail>http://www.lyngsat-logo.com/hires/aa/abu_dhabi_sports_extra.png</thumbnail>
</item>
<item>
<title>Dubai sport</title>
<link>rtmp://stream4.dmi.ae/live4/_definst_/mp4:dubaisport_1000 app=live4/_definst_ playpath=mp4:dubaisport_1000 pageUrl=http://www.dmi.ae/dubaisports/live.asp  swfUrl=http://vod.dmi.ae/flv-player/player.swf swfVfy=true live=true</link>
<thumbnail>http://www.mems-cg.com/library/images/uploaded%20images/dubai_sports_logo-.gif</thumbnail>
</item>
<item>
<title>Karameesh</title>
<link>rtmp://109.107.132.82:1940/livekarameesh/karameesh.stream app=livekarameesh/ playpath=karameesh.stream pageUrl=http://www.elahmad.com/tv/karameeshtv.php  swfUrl=http://www.elahmad.com/tv/swf/karameesh.swf swfVfy=true live=true</link>
<thumbnail>http://www.lyngsat-logo.com/hires/kk/karameesh.png</thumbnail>
</item>
<item>
<title>Addounia</title>
<link>rtmp://dounialive.nanocdn.com:1935/live/dounia256 app=live playpath=dounia256 swfUrl=http://www.watcharab.com/tv/swf/addouniatv.swf swfVfy=true live=true</link>
<thumbnail>http://www.watchlivetvstreaming.com/wp-content/uploads/2012/07/Addounia-TV-Syria.png</thumbnail>
</item>
<item>
<title>Aflam / Mosalsalat</title>
<link>plugin://plugin.video.jtv.archives/?mode=2&amp;name=emmy_22</link>
<thumbnail>http://profile.ak.fbcdn.net/hprofile-ak-snc4/203578_105101329546896_471613_n.jpg</thumbnail>
</item>
<item>
<title>Aflam / Mosalsalat</title>
<link>plugin://plugin.video.jtv.archives/?mode=2&amp;name=__sky__</link>
<thumbnail>http://profile.ak.fbcdn.net/hprofile-ak-snc4/277147_326165987468939_918610704_n.jpg</thumbnail>
</item>















</items>