         <?xml version="1.0" encoding="UTF-8" standalone="yes"?>

<channels>

	<channel>
		<name>Axis Network Camera</name>
		<thumbnail>http://www.siaonline.org/uploadedImages/SIA/Events/EUE2010/EUE2010_SponsorLogos_AXIS250.jpg</thumbnail>
		<items>
		
	<item>
           <title>AXIS 2420 Network Camera Verson 2.34 / Works</title>
				<link>http://webcam.st-malo.com/mjpg/video.mjpg</link>
				<thumbnail>http://webcam.st-malo.com/axis-cgi/jpg/image.cgi</thumbnail>
			</item>

	<item>
           <title>AXIS 213 PTZ / UK / Scotland</title>
				<link>http://212.219.113.227/mjpg/video.mjpg</link>
				<thumbnail>http://212.219.113.227/axis-cgi/jpg/image.cgi</thumbnail>
			</item>

	<item>
           <title>AXIS 211 / Gallery</title>
				<link>http://64.122.208.241:8000/mjpg/video.mjpg</link>
				<thumbnail>http://64.122.208.241:8000/axis-cgi/jpg/image.cgi</thumbnail>
			</item>

	<item>
           <title>AXIS 214 PTZ / DataCom</title>
				<link>http://popa.datacom.bg/mjpg/video.mjpg</link>
				<thumbnail>http://popa.datacom.bg/axis-cgi/jpg/image.cgi</thumbnail>
			</item>


	<item>
           <title>AXIS 214 PTZ / Church</title>
				<link>http://203.146.114.212/mjpg/video.mjpg</link>
				<thumbnail>http://203.146.114.212/axis-cgi/jpg/image.cgi</thumbnail>
			</item>

	<item>
           <title>AXIS 211 / Motoway</title>
				<link>http://194.17.153.250/mjpg/video.mjpg</link>
				<thumbnail>http://194.17.153.250/axis-cgi/jpg/image.cgi</thumbnail>
			</item>