<?xml version="1.0" encoding="UTF-8" standalone="yes"?>

<channels>

	<channel>
		<name>SHOUTcast</name>
		<thumbnail>none</thumbnail>
		<items>
      
			<item>
				<title>1.FM - Dance Hits</title>
				<link>http://www.1.fm/TuneIn/SC/dance32k/Listen.aspx</link>
				<thumbnail>http://static.rad.io/images/broadcasts/3158_io_4.gif</thumbnail>
			</item>
         
       <item>
         <title>Knock Out Recordings Radio - Hardcore / House</title>
        <link>http://www.kor-music.co.uk/Site/playlist_9532.asx</link>
				<link>http://shoutcasts.tech-hosts.com/castcontrol/playlist.php?id=1043&type=asx</link>
        <link>http://shoutcasts.tech-hosts.com:9532/listen.pls</link>
				<thumbnail>http://www.kor-music.co.uk/Site/e107_images/image.png</thumbnail>
			</item>
         
      <item>
        <title>Addict-Vibez / Hardcore</title>
				<link>http://wrg1005.webradiogratis.com/en/tunein.php/addictvibez/playlist.asx</link>
        <link>http://wrg1005.webradiogratis.com/en/tunein.php/addictvibez/playlist.pls</link>
				<thumbnail>http://www.addict-vibez.co.uk/images/AV%20Logo.png</thumbnail>
			</item>
         
         		 <item>
				<title>[Amsterdam] 95.7 Fresh FM  (Dance, House)</title>
				<link>http://stream12.freshfmonline.com/</link> <!-- aac sbr-->
				<link>http://www.fresh.fm/media/audio/FreshFM.asx</link> <!-- mp3 mono-->
       
			<item>
				<title>54house FM - The Heartbeat Of House Music</title>
				<link>http://listen.54house.fm/listen.pls</link>
				<thumbnail>http://www.djfelixus.cz/download/images/54housefm_0.jpg</thumbnail>
			</item>
			
        <item>
          <title>Chronix Aggression</title>
          <link>http://173.192.45.18:10210</link>
          <thumbnail>http://www.chronixradio.com/images/stations/Logo_Aggro_2011.png</thumbnail>
        </item>

        <item>
          <title>Chronix Metal</title>
          <link>http://173.192.45.18:10100</link>
          <thumbnail>http://www.chronixradio.com/images/stations/Logo_Metal_2011.png</thumbnail>
        </item>

        <item>
          <title>Chronix Grit</title>
          <link>http://173.192.45.18:10010</link>
          <thumbnail>http://www.chronixradio.com/images/stations/Logo_Grit_2011.png</thumbnail>
        </item>

        <item>
          <title>Chronix Metal Masters</title>
           <link>http://player.spacialnet.com/players/listen.asx.php?htmlview=no&stationID=160268</link>
           <thumbnail>http://www.chronixradio.com/images/stations/logo_metalmasters_beta.png
           </thumbnail>
        </item>

        <item>
          <title>RockRadio1.com</title>
          <link>http://yp.shoutcast.com/sbin/tunein-station.pls?id=1105299</link>
          <thumbnail>http://www.rockradio1.com/themes/RD-TheDark/images/hd/logo.png</thumbnail>
        </item>

        <item>
          <title>Big R Radio</title>
          <link>http://yp.shoutcast.com/sbin/tunein-station.pls?id=134938
          </link>
          <thumbnail>http://profile.ak.fbcdn.net/hprofile-ak-snc4/41566_107257189330381_8713_n.jpg</thumbnail>
        </item>

        <item>
          <title>Hard Rock Radio Live</title>
          <link>http://yp.shoutcast.com/sbin/tunein-station.pls?id=625229</link>
          <thumbnail>http://www.hardrockradiolive.com/files/hrrlbannerlogo.gif
          </thumbnail>
        </item>


		</items>
	</channel>
	
	<channel>
		<name>Brazil</name>
		<thumbnail>none</thumbnail>
		<items>
		
			<item>
				<title>[Joao Pessoa] 93.7 MiX FM</title>
				<link>http://srv2.zoeweb.tv/radiomix</link>
				<thumbnail>http://www.mixfm.com.br/uploads/3199d0dc7d7ce70679774b0712dfc52e.png</thumbnail>
			</item>
		
		</items>
	</channel>
	
	<channel>
		<name>Nederlands</name>
		<thumbnail>http://community-links.googlecode.com/svn/icons/Radio.png</thumbnail>
		<items>
		
			<item>
				<title>[Amsterdam] 95.7 Fresh FM  (Dance, House)</title>
				<link>http://stream12.freshfmonline.com/</link> <!-- aac sbr-->
				<link>http://www.fresh.fm/media/audio/FreshFM.asx</link> <!-- mp3 mono-->

				<thumbnail>http://profile.ak.fbcdn.net/hprofile-ak-snc4/27534_301952550335_574_n.jpg</thumbnail>
			</item>
		
		</items>
	</channel>
	
	<channel>
		 <name>United Kingdom</name>
		 <thumbnail>http://community-links.googlecode.com/svn/icons/Radio.png</thumbnail>
		 <items>
			
			<item>
				<title>BBC Radio 1 (Pop/Dance/R&amp;B/Rock)</title>
				<link>http://bbc.co.uk/radio/listen/live/r1.asx</link>
				<thumbnail>http://www.lyngsat-logo.com/hires/bb/bbc_radio1.png</thumbnail>
			</item>

			<item>
				<title>BBC Radio 1Xtra</title>
				<link>http://bbc.co.uk/radio/listen/live/r1x.asx</link>
				<thumbnail>http://www.lyngsat-logo.com/hires/bb/bbc_radio1_xtra.png</thumbnail>
			</item>
			
			<item>
				<title>BBC Radio 2</title>
				<link>http://bbc.co.uk/radio/listen/live/r2.asx</link>
				<thumbnail>http://www.lyngsat-logo.com/hires/bb/bbc_radio2.png</thumbnail>
			</item>
		 
		 	<item>
				<title>BBC Radio 3</title>
				<link>http://bbc.co.uk/radio/listen/live/r3.asx</link>
				<thumbnail>http://www.lyngsat-logo.com/hires/bb/bbc_radio3.png</thumbnail>
			</item>
		 
			<item>
				<title>BBC Radio 5Live Sports Extra</title>
				<link>http://bbc.co.uk/radio/listen/live/r5lsp.asx</link>
				<thumbnail>http://upload.wikimedia.org/wikipedia/commons/thumb/4/44/BBC_Radio_5_Live_Sports_Extra.svg/175px-BBC_Radio_5_Live_Sports_Extra.svg.png</thumbnail>
			</item>

			<item>
				<title>BBC World Service 24 Hour News Channel</title>
				<link>http://www.bbc.co.uk/worldservice/meta/tx/nb/live_ennws_au_nb.asx</link>
				<thumbnail>http://www.tvoceania.com/images/Channels/BBC/BBC_WorldNews%20Logo.jpg</thumbnail>
			</item>

			<item>
				<title>BBC Radio Mereyside</title>
				<link>http://bbc.co.uk/radio/listen/live/bbcmerseyside.asx</link>
				<thumbnail>http://upload.wikimedia.org/wikipedia/en/archive/8/88/20090808205208!BBC_Radio_Merseyside.png</thumbnail>
			</item>

			<item>
				<title>BBC Radio Scotland</title>
				<link>http://bbc.co.uk/radio/listen/live/rs.asx</link>
				<thumbnail>http://scottishpoetrylibrary.files.wordpress.com/2010/10/bbc-radio-scotland-logo.jpg</thumbnail>
			</item>
			
			<item>
				<title>[Liverpool] Radio City 96.7  (Pop/A.C.)</title>
				<link>http://icy-e-03.sharp-stream.com/city.mp3.m3u</link>
				<link>http://icy-e-01.sharp-stream.com/city.aac.m3u</link>
				<thumbnail>http://skriftuk.files.wordpress.com/2009/12/radio_city_tower.jpg</thumbnail>
			</item>
			
			<item>
				<title>[Liverpool] 107.6 Juice FM  (Pop/Dance)</title>
				<link>http://stream1.radiomonitor.com/Juice-Liverpool</link>
				<thumbnail>http://i145.photobucket.com/albums/r217/thomastuft/Juice3DLogoCol.jpg</thumbnail>
			</item>

			<item>
				<title>talkSPORT UK News/Sport/Speech</title>
				<link>http://utv-talksportuk.wm.llnwd.net/utv_talksportUK</link>
				<thumbnail>http://www.fmradioonline.net/wp-content/uploads/2011/04/talksport.jpg</thumbnail>
			</item>

	   </items>
	</channel>

</channels>