<?xml version="1.0" ?> 

<channels>


<channel>
<name>Punjabi Channels</name>
<thumbnail>http://lumdimsum.com/wp-content/uploads/2010/03/punjabi-logo1.jpg</thumbnail>
<items>


<item>
<title>9x Tashan HQ</title>
<link>rtmp://cdn.rtmp1.yupptv.tv/nwk playpath=etvpacific swfUrl=http://www.yupptv.com/yupptvhdflvplayer/hdplayer.swf swfVfy=true live=true pageUrl=http://www.yupptv.com/account/FlashPlayerFrame.aspx?ChanId=9 timeout=15</link>
<thumbnail></thumbnail>
</item>

<item>
<title>Brit Asia HQ</title>
<link>rtmp://84.234.23.201:1935/tvcatchup-105/_definst_/ playpath=britasia.stream_360p swfUrl=http://www.flashsportstreams.info/mediaplayer/player.swf live=true pageUrl=http://livetvchannelsfreein.com/britasia.html timeout=15</link>
<thumbnail>http://www.offlicencemusic.com/uploads/3/9/2/6/3926936/5503675.jpg</thumbnail>
</item>

<item>
<title>Brit Asia</title>
<link>rtsp://217.146.95.166:554/live/ch73yqvga.3gp timeout=15</link>
<thumbnail>http://www.offlicencemusic.com/uploads/3/9/2/6/3926936/5503675.jpg</thumbnail>
</item>

<item>
<title>PTC Punjabi HQ</title>
<link>rtmp://cdn.nwk3.yupptv.tv/nwk3 playpath=ptcpunjabi swfUrl=http://www.yupptv.com/yupptvhdflvplayer/hdplayer.swf swfVfy=true live=true pageUrl=http://www.yupptv.com/account/FlashPlayerFrame.aspx?ChanId=9 timeout=15</link>
<thumbnail>http://deora.tv/images/ptc-punjabi-tv-live-streaming-channel-online-free.jpg</thumbnail>
</item>

<item>
<title>PTC chakde HQ</title>
<link>rtmp://cdn.nwk3.yupptv.tv/nwk3 playpath=chakdeptc swfUrl=http://www.yupptv.com/yupptvhdflvplayer/hdplayer.swf swfVfy=true live=true pageUrl=http://www.yupptv.com/account/FlashPlayerFrame.aspx?ChanId=9 timeout=15</link>
<thumbnail>http://www.lyngsat-logo.com/hires/pp/ptc_chakde.png</thumbnail>
</item>


<item>
<title>PTC News HQ</title>
<link>rtmp://cdn.nwk1.yupptv.tv/nwk1 playpath=ptcnews swfUrl=http://www.yupptv.com/yupptvhdflvplayer/hdplayer.swf swfVfy=true live=true pageUrl=http://www.yupptv.com/account/FlashPlayerFrame.aspx?ChanId=9 timeout=15</link>
<thumbnail>http://deora.tv/images/ptc-news-online-streaming-channel-free-live-punjabi.jpg</thumbnail>
</item>


<item>
<title>Alphaetc Punjabi HQ</title>
<link>rtmp://cdn.nwk3.yupptv.tv/nwk3 playpath=etcpunjabi swfUrl=http://www.yupptv.com/yupptvhdflvplayer/hdplayer.swf swfVfy=true live=true pageUrl=http://www.yupptv.com/account/FlashPlayerFrame.aspx?ChanId=9 timeout=15</link>
<thumbnail>http://upload.wikimedia.org/wikipedia/en/b/b1/Alpha_ETC_Punjabi.PNG</thumbnail>
</item>

<item>
<title>Zee punjabi</title>
<link>rtmp://37.221.166.68/app playpath=zeepunjabi swfUrl=http://www.fcast.tv/swf.php live=true pageUrl=http://www.fcast.tv/embed.php?live=zee_punjabi11&vw=600&vh=430 timeout=15</link>
<thumbnail>http://desistreams.tv/images/zee_punjabi.png</thumbnail>
</item>

<item>
<title>Get Punjabi HQ</title>
<link>rtmp://cdn.rtmp1.yupptv.tv/nwk2 playpath=channel9 swfUrl=http://www.yupptv.com/yupptvhdflvplayer/hdplayer.swf swfVfy=true live=true pageUrl=http://www.yupptv.com/account/FlashPlayerFrame.aspx?ChanId=9 timeout=15</link>
<thumbnail>http://kamaltv.webs.com/get%20punjabi.png</thumbnail>
</item>


<item>
<title>Time tv HQ</title>
<link>rtmp://live.wms.webverbosity.com:1935/liverepeater/ playpath=chardiklanew.stream swfUrl=http://webverbosity.com/iplayer.php?ch=chardika&id=mediaplayer pageUrl=http://webverbosity.com/iplayer.php?ch=chardika timeout=15</link>
<thumbnail>http://kamaltv.webs.com/time%20tv.gif</thumbnail>
</item>

<item>
<title>Sada</title>
<link>rtmp://119.82.77.212/live playpath=sada swfUrl=http://www.xuuby.com/player/player4.swf pageUrl=http://www.xuuby.com/show.php?chname=axn&width=520&height=370&a=1 live=1 timeout=15</link>
<thumbnail>http://www.lyngsat-logo.com/logo/tv/ss/sada_channel.jpg</thumbnail>
</item>

<item>
<title>world punjabi tv</title>
<link>rtmp://tv.hindiworldtv.com/live Playpath=pntv swfUrl=http://webverbosity.com/iplayer.php?ch=chardika&id=mediaplayer pageUrl=http://webverbosity.com/iplayer.php?ch=worldtvpunjabi timeout=15</link>
<thumbnail>http://kamaltv.webs.com/punjabi-tv.gif</thumbnail>
</item>

<item>
<title>GET punjabi tv</title>
<link>rtmp://tv.hindiworldtv.com/live Playpath=getpnj swfUrl=http://webverbosity.com/iplayer.php?ch=chardika&id=mediaplayer pageUrl=http://webverbosity.com/iplayer.php?ch=worldtvpunjabi timeout=15</link>
<thumbnail>http://i46.tinypic.com/206h7p5.jpg</thumbnail>
</item>


<item>
<title>7 Sea Usa</title>
<link>rtmp://tv.hindiworldtv.com/live Playpath=7seadr swfUrl=http://webverbosity.com/iplayer.php?ch=chardika&id=mediaplayer pageUrl=http://webverbosity.com/iplayer.php?ch=worldtvpunjabi timeout=15</link>
<thumbnail>http://i48.tinypic.com/v49rua.jpg</thumbnail>
</item>

<item>
<title>Day and night news</title>
<link>rtmp://live.wmncdn.net/dayandnightnewstv playpath=d9831ae07c63447f28a8c5fb835ed41e.sdp swfUrl=http://cdn.vdopia.com/swf/mediaplayer_v3.2.swf?24.90343504+367368 pageUrl=http://www.dayandnightnews.com/live-tv live=true timeout=15</link>
<thumbnail>http://www.lyngsat-logo.com/hires/dd/day_and_night_news.png</thumbnail>
</item>


<item>
<title>Sikh Channel USA</title>
<link>rtmp://tv.hindiworldtv.com/live playpath=sikhtvus swfUrl=http://webverbosity.com/iplayer.php?ch=chardika&id=mediaplayer pageUrl=http://webverbosity.com/iplayer.php?ch=worldtvpunjabi live=1 timeout=15</link>
<thumbnail>http://www.sikhsiyasat.net/wp-content/uploads/Sikh_Channel-Logo.jpg</thumbnail>
</item>

<item>
<title>SikhChannel UK</title>
<link>rtmp://fml.6329.edgecastcdn.net/206329 playpath=SikhChannel swfUrl=http://sikhchannel.tv/media/LiveStreaming.swf pageUrl=http://sikhchannel.tv/ live=true swfvfy=true timeout=20</link>
<thumbnail>http://www.khalsasports.com/newsimages/advertiseSikhChannel.jpg</thumbnail>
</item>

<item>
<title>Gurdwara Dashmesh centre Calgary</title>
<link>rtmp://173.192.187.144:1935/dcg playpath=livestream swfUrl=http://fpdownload.adobe.com/strobe/FlashMediaPlayback.swf pageUrl=http://www.dashmesh.ca/ timeout=20</link>
<thumnail>http://www.dashmesh.ca/sites/default/files/city_magazine_dashmesh_custom_logo.png</thumnail>
</item>

<item>
<title>Akalmultimedia Ludhiana</title>
<link>rtmp://akalmultimedia.net/live playpath=gdns-live swfurl=http://www.akalmultimedia.com/modules/mod_playerjr/player-licensed5.swf pageUrl="http://www.akalmultimedia.com/" timeout=20</link>
<thumbnail>http://profile.ak.fbcdn.net/hprofile-ak-snc4/41395_1014083958_725_n.jpg</thumbnail>
</item>

<item>
<title>Gurbani Tv EU</title>
<link>rtmp://live.wms.webverbosity.com:1935/liverepeater/ playpath=verbositylive.stream swfUrl=http://webverbosity.com/app/player.swf pageUrl=http://webverbosity.com/gurbanitvonline.php timeout=20</link>
<thumbnail>http://profile.ak.fbcdn.net/hprofile-ak-snc4/195782_211217345574410_534541_n.jpg</thumbnail>
</item>

<item>
<title>BBS Abbotsford Canada</title>
<link>rtmp://173.192.187.144:1935/bbs playpath=livestream swfUrl=http://fpdownload.adobe.com/strobe/FlashMediaPlayback.swf pageUrl=http://nritv.ca/page.php?cid=30 timeout=20</link>
<thumbnail>none</thumbnail>
</item>

<item>
<title>Dasmesh Dardar Gurdwara</title>
<link>rtmp://173.192.187.144:1935/ddc playpath=livestream swfUrl=http://fpdownload.adobe.com/strobe/FlashMediaPlayback.swf pageUrl=http://nritv.ca/page.php?cid=37 timeout=20</link>
<thumbnail>none</thumbnail>
</item>

<item>
<title>NRI TV LIVE</title>
<link>rtmp://173.192.187.144:1935/live playpath=livestream swfUrl=http://fpdownload.adobe.com/strobe/FlashMediaPlayback.swf pageUrl=http://nritv.ca/page.php?cid=32 timeout=20</link>
<thumbnail>none</thumbnail>
</item>

<item>
<title>Kabbadi 24x7</title>
<link>http://dragon281.server4you.net:80/Kabaddi</link>
<thumbnail>Logo</thumbnail>
</item>

</items>
</channel>

<!-- ================================================================================?==== 

-->



<channel>
<name>Entertainment Channels</name>
<thumbnail>http://www.punediary.com/abid/entertainment-unlimited/logo-new.jpg</thumbnail>
<items>


<item>
<title>Zeetv USA HQ</title>
<link>rtmp://cdn.nwk3.yupptv.tv/nwk3 playpath=zeetv swfUrl=http://www.yupptv.com/yupptvhdflvplayer/hdplayer.swf live=true timeout=15</link>
<thumbnail>http://www.lyngsat-logo.com/hires/zz/zee_tv.png</thumbnail>
</item>

<item>
<title>Zeetv India</title>
<link>rtmpe://zony.servemp3.com:1934/broadcast playpath=zeetv.stream swfUrl=http://zonytvcom.info/you/player.swf pageUrl=http://zonytvcom.info/ptcchakde.php live=1 token=#ed%h*ibuntu*0#w@1 timeout=15</link>
<thumbnail>http://www.lyngsat-logo.com/hires/zz/zee_tv.png</thumbnail>
</item>

<item>
<title>Zeetv</title>
<link>rtmp://37.221.166.68/app playpath=zeetv swfUrl=http://www.fcast.tv/swf.php live=true pageUrl=http://www.fcast.tv/embed.php?live=zee_punjabi11&vw=600&vh=430 timeout=15</link>
<thumbnail>http://www.lyngsat-logo.com/hires/zz/zee_tv.png</thumbnail>
</item>

<item>
<title>Zee cafe</title>
<link>rtmp://37.221.166.67/app playpath=zeecafe swfUrl=http://www.fcast.tv/swf.php live=true pageUrl=http://www.fcast.tv/embed.php?live=zee_punjabi11&vw=600&vh=430 timeout=15</link>
<thumbnail></thumbnail>
</item>

<item>
<title>Colors</title>
<link>rtmp://live.wcast.tv/broadcast playpath=colors12.stream swfUrl=http://www.wcast.tv/player/player.swf live=true pageUrl=http://www.wcast.tv/embed.php?u=colors12&vw=600&vh=430 timeout=15</link>
<thumbnail>http://www.eloantv.com/wp-content/uploads/2012/02/colors.jpeg</thumbnail>
</item>


<item>
<title>Star Plus new</title>
<link>rtmp://37.221.166.68/app playpath=starplus swfUrl=http://www.fcast.tv/swf.php live=true pageUrl=http://www.fcast.tv/embed.php?live=zee_punjabi11&vw=600&vh=430 timeout=15</link>
<thumbnail>http://upload.wikimedia.org/wikipedia/en/7/7e/New_Star_Plus.jpg</thumbnail>
</item>

<item>
<title>Star Plus HD</title>
<link>rtmp://37.221.166.67/app playpath=strarplus1 swfUrl=http://www.fcast.tv/swf.php live=true pageUrl=http://www.fcast.tv/embed.php?live=zee_punjabi11&vw=600&vh=430 timeout=15</link>
<thumbnail>http://upload.wikimedia.org/wikipedia/en/7/7e/New_Star_Plus.jpg</thumbnail>
</item>

<item>
<title>Star Plus India</title>
<link>rtmp://live.wcast.tv/live playpath=starplushigh.stream swfUrl=http://www.wcast.tv/player/player.swf pageUrl=http://www.wcast.tv/embed.php?u=discoveryhindi&vw=600&vh=470 live=true timeout=15</link>
<thumbnail>http://upload.wikimedia.org/wikipedia/en/7/7e/New_Star_Plus.jpg</thumbnail>
</item>


<item>
<title>Star Utsav</title>
<link>rtmp://live.wcast.tv/live playpath=starutsavlow.stream swfUrl=http://www.wcast.tv/player/player.swf pageUrl=http://www.wcast.tv/embed.php?u=discoveryhindi&vw=600&vh=470 live=true timeout=15</link>
<thumbnail>http://1.bp.blogspot.com/_EsPL_WSRryE/TDAsSf65wvI/AAAAAAAAEf4/xYLZtrr-3js/s1600/STAR+Utsav.jpg</thumbnail>
</item>


<item>
<title>Sony TV india</title>
<link>rtmp://cdn.livecaster.tv/stream playpath=sonylow1.stream swfUrl=http://www.livecaster.tv/player/player.swf pageUrl=http://www.livecaster.tv/embed.php?u=discoverylow live=true timeout=15</link>
<thumbnail>http://www.lyngsat-logo.com/hires/ss/set_in.png</thumbnail>
</item>

<item>
<title>Sony TV HQ</title>
<link>rtmpe://zony.servemp3.com:1934/rtplive playpath=sonyt.stream swfUrl=http://zonytvcom.info/you/player.swf pageUrl=http://zonytvcom.info/ptcchakde.php live=1 token=#ed%h*ibuntu*0#w@1 timeout=15</link>
<thumbnail>http://www.lyngsat-logo.com/hires/ss/set_in.png</thumbnail>
</item>


<item>
<title>Sab TV India</title>
<link>rtmpe://zony.servemp3.com:1934/broadcast playpath=sab1.stream swfUrl=http://zonytvcom.info/you/player.swf pageUrl=http://zonytvcom.info/ptcchakde.php live=1 token=#ed%h*ibuntu*0#w@1 timeout=15</link>
<thumbnail>http://www.lyngsat-logo.com/logo/tv/ss/set_sab.jpg</thumbnail>
</item>


<item>
<title>Life ok india</title>
<link>rtmpe://zony.servemp3.com:1934/broadcast playpath=lifeo.stream swfUrl=http://zonytvcom.info/you/player.swf pageUrl=http://zonytvcom.info/ptcchakde.php live=1 token=#ed%h*ibuntu*0#w@1 timeout=15</link>
<thumbnail>http://images.digitalmedianet.com/prnewswire/2012/9/prn/20120227/SF60351LOGO.jpg</thumbnail>
</item>

<item>
<title>Sahara One india</title>
<link>rtmpe://zony.servemp3.com:1934/rtplive playpath=s-one.stream swfUrl=http://zonytvcom.info/you/player.swf pageUrl=http://zonytvcom.info/ptcchakde.php live=1 token=#ed%h*ibuntu*0#w@1 timeout=15</link>
<thumbnail></thumbnail>
<item>

<item>
<title>Dahmaal</title>
<link>rtmp://69.1.72.29/jadooplus playpath=stream0008.stream swfUrl=http://tvdesi.info/player.swf pageUrl=http://tvdesi.info/player.swf?streamer=rtmp://shenzhenrtmp.viddillions.com/jadooplus&amp;file=stream0045.stream&amp;type=video&amp;autostart=true swfVfy=true live=true timeout=15 timeout=15</link>
<thumbnail>http://www.lyngsat-logo.com/hires/dd/dhamaal.png</thumbnail>
</item>


<item>
<title>Discovery hindi</title>
<link>rtmp://live.wcast.tv/broadcast playpath=115521 swfUrl=http://www.wcast.tv/player/player.swf pageUrl=http://www.wcast.tv/embed.php?u=discoveryhindi&vw=600&vh=470 live=true timeout=15</link>
<thumbnail>http://desistreams.tv/images/discovery_hindi.jpg</thumbnail>
</item>

<item>
<title>DD national</title>
<link>rtmpe://zony.servemp3.com:1934/broadcast playpath=ddn.stream swfUrl=http://zonytvcom.info/you/player.swf pageUrl=http://zonytvcom.info/ptcchakde.php live=1 token=#ed%h*ibuntu*0#w@1 timeout=15</link>
<thumbnail></thumbnail>
<item>


</items>
</channel>

<!-- ================================================================================?==== 

-->

<channel>
<name>Movies Channels</name>
<thumbnail>http://i3.squidoocdn.com/resize/squidoo_images/-1/lens19021737_20e27ef74a06fa16b73d5fdd0942632b.jpg</thumbnail>
<items>

<item>
<title>~=-~=-~ Hindi Channels ~=-~=-~?</title>
<link>none timeout=15</link>
<thumbnail>none</thumbnail>
</item>

<item>
<title>B4U Movies India (HQ)</title>
<link>rtmp://cdn.nwk3.yupptv.tv/nwk3 playpath=b4umovies swfUrl=http://www.yupptv.com/yupptvhdflvplayer/hdplayer.swf live=true pageUrl=http://www.yupptv.com/account/FlashPlayerFrame.aspx timeout=15</link>
<thumbnail>http://www.lyngsat-logo.com/hires/bb/b4u_movies.png</thumbnail>
</item>



<item>
<title>B4U Movies LQ</title>
<link>rtsp://115.112.248.159:554/prf2/cid_74.sdp timeout=15</link>
<thumbnail>http://www.lyngsat-logo.com/hires/bb/b4u_movies.png</thumbnail>
</item>


<item>
<title>Set Max</title>
<link>rtmp://cdn.livecaster.tv/stream playpath=setmaxhq1.stream swfUrl=http://www.livecaster.tv/player/player.swf pageUrl=http://www.livecaster.tv/embed.php?u=discoverylow live=true timeout=15</link>
<thumbnail>http://worldonpc.com/wp-content/uploads/2011/04/set-max-tv-logo.png</thumbnail>
</item>

<item>
<title>Set Max (link2)</title>
<link>rtmp://37.221.166.67/app playpath=max swfUrl=http://www.fcast.tv/swf.php live=true pageUrl=http://www.fcast.tv/embed.php?live=zee_punjabi11&vw=600&vh=430 timeout=15</link>
<thumbnail>http://worldonpc.com/wp-content/uploads/2011/04/set-max-tv-logo.png</thumbnail>
</item>


<item>
<title>Stargold new</title>
<link>rtmp://188.122.91.7/app playpath=gold swfUrl=http://www.fcast.tv/swf.php live=true pageUrl=http://www.fcast.tv/embed.php?live=zee_punjabi11&vw=600&vh=430 timeout=15</link>
<thumbnail>http://desistreams.tv/images/star_gold.jpg</thumbnail>
</item>

<item>
<title>Stargold (unstable)</title>
<link>rtsp://91.121.107.29/datax/51.109.108.105.118.101.46.99.111.109.XPoFBpCVyRujRai.wsx timeout=15</link>
<thumbnail>http://desistreams.tv/images/star_gold.jpg</thumbnail>
</item>


<item>
<title>Star gold HD</title>
<link>rtmpe://zony.servemp3.com:1934/live playpath=gold.stream swfUrl=http://zonytvcom.info/you/player.swf pageUrl=http://zonytvcom.info/ptcchakde.php live=1 token=#ed%h*ibuntu*0#w@1 timeout=15</link>
<thumbnail>http://www.lyngsat-logo.com/hires/ss/star_gold_hd.png</thumbnail>
</item>

<item>
<title>UTVMovies (HQ)</title>
<link>rtmp://cdn.rtmp1.yupptv.tv/nwk playpath=zeeteluk swfUrl=http://www.yupptv.com/yupptvhdflvplayer/hdplayer.swf live=true pageUrl=http://www.yupptv.com/account/FlashPlayerFrame.aspx timeout=15</link>
<thumbnail>http://1.bp.blogspot.com/_EsPL_WSRryE/S_YbI4xhinI/AAAAAAAAC3E/mc89xKtxy20/s1600/UTV+Movies+Channel+By+Mr89.JPG</thumbnail>
</item>

<item>
<title>UTVMovies(HQ)</title>
<link>rtmp://cdn.rtmp1.yupptv.tv/pnwk1 playpath=utvmoviesus900 swfUrl=http://www.yupptv.com/yupptvhdflvplayer/hdplayer.swf live=true pageUrl=http://www.yupptv.com/account/FlashPlayerFrame.aspx timeout=15</link>
<thumbnail>http://1.bp.blogspot.com/_EsPL_WSRryE/S_YbI4xhinI/AAAAAAAAC3E/mc89xKtxy20/s1600/UTV+Movies+Channel+By+Mr89.JPG</thumbnail>
</item>

<item>
<title>UTV Movies International</title>
<link>rtmp://69.1.72.29/jadooplus playpath=stream12.stream swfUrl=http://tvdesi.info/player.swf pageUrl=http://tvdesi.info/player.swf?streamer=rtmp://shenzhenrtmp.viddillions.com/jadooplus&amp;file=stream0045.stream&amp;type=video&amp;autostart=true swfVfy=true live=true timeout=15 timeout=15</link>
<thumbnail>http://1.bp.blogspot.com/_EsPL_WSRryE/S_YbI4xhinI/AAAAAAAAC3E/mc89xKtxy20/s1600/UTV+Movies+Channel+By+Mr89.JPG</thumbnail>
</item>

<item>
<title>Ump Movies</title>
<link>rtmp://188.122.91.7/app playpath=upmov swfUrl=http://www.fcast.tv/swf.php live=true pageUrl=http://www.fcast.tv/embed.php?live=zee_punjabi11&vw=600&vh=430 timeout=15</link>
<thumbnail></thumbnail>
</item>

<item>
<title>Zee Cinema USA(HQ)</title>
<link>rtmp://cdn.nwk3.yupptv.tv/nwk3 playpath=zeecinema swfUrl=http://www.yupptv.com/yupptvhdflvplayer/hdplayer.swf live=true pageUrl=http://www.yupptv.com/account/FlashPlayerFrame.aspx timeout=15</link>
<thumbnail>http://www.ladybrillestars.com/wp-content/uploads/2010/03/Zee-Cinema.jpg</thumbnail>
</item>


<item>
<title>Zee Cinema</title>
<link>rtmp://37.221.166.67/app playpath=cinema swfUrl=http://www.fcast.tv/swf.php live=true pageUrl=http://www.fcast.tv/embed.php?live=zee_punjabi11&vw=600&vh=430 timeout=15</link>
<thumbnail>http://www.ladybrillestars.com/wp-content/uploads/2010/03/Zee-Cinema.jpg</thumbnail>
</item>

<item>
<title>Manoranjan TV</title>
<link>rtmp://69.1.72.29/jadooplus playpath=stream0015.stream swfUrl=http://tvdesi.info/player.swf pageUrl=http://tvdesi.info/player.swf?streamer=rtmp://shenzhenrtmp.viddillions.com/jadooplus&amp;file=stream0045.stream&amp;type=video&amp;autostart=true swfVfy=true live=true timeout=15 timeout=15</link>
<thumbnail>http://www.watchlivetvstreaming.com/wp-content/uploads/2012/08/Manoranjan-Tv.jpg</thumbnail>
</item>


<item>
<title>Bollywood Movies</title>
<link>rtmp://85.25.122.231/hhm/video/stream swfUrl=http://www.kraltv.com.tr/2010/player.swf pageUrl=http://www.hdtvizle.com/108-bollywood-tv-hd-izle.html swfVfy=true live=true tcUrl=rtmp://85.25.122.231/hhm/video timeout=15</link>
<thumbnail></thumbnail>
</item>


<item>
<title>Zee Aflam</title>
<link>rtmpe://zony.servemp3.com:1934/broadcast playpath=aflaam.stream swfUrl=http://zonytvcom.info/you/player.swf pageUrl=http://zonytvcom.info/ptcchakde.php live=1 token=#ed%h*ibuntu*0#w@1 timeout=15</link>
<thumbnail>http://www.lyngsat-logo.com/hires/zz/zee_aflam.png</thumbnail>
</item>

<item>
<title>Cinema tv</title>
<link>rtmp://37.130.230.101:1935/base2/ playpath=dd7.stream swfUrl=http://www.turbotv.in/wp-content/uploads/jw-player-plugin-for-wordpress/player/player.swf pageUrl=http://www.turbotv.in/9xm-live/ live=true timeout=15</link>
<thumbnail></thumbnail>
</item>

<item> 
<title>Film World HQ</title> 
<link>rtmp://69.1.72.29/jadooplus playpath=stream920521.stream swfUrl=http://tvdesi.info/player.swf pageUrl=http://tvdesi.info/player.swf?streamer=rtmp://shenzhenrtmp.viddillions.com/jadooplus&amp;file=stream920521.stream&amp;type=video&amp;autostart=true swfVfy=true live=true timeout=15 timeout=15</link> 
<thumbnail></thumbnail> 
</item> 


<item>
<title>Bollywood tv</title>
<link>rtmp://fms42.mediadirect.ro:1935/live3 playpath=bollywoodtv_low swfUrl=http://static1.mediadirect.ro/player-preload/swf/tvrinfonew_930/player.swf pageUrl=http://www.dolcetv.ro/ live=1 timeout=15</link>
<thumbnail></thumbnail>
</item>

<item>
<title>Imedia</title>
<link>rtmp://live.wcast.tv/broadcast playpath=115518 swfUrl=http://www.wcast.tv/player/player.swf pageUrl=http://www.wcast.tv/embed.php?u=discoveryhindi&vw=600&vh=470 live=true timeout=15</link>
<thumbnail>http://desistreams.tv/images/dubbed_movies.jpg</thumbnail>
</item>


</items>
</channel>


<!-- ================================================================================?==== 

-->


<channel>
<name>Music Channels</name>
<thumbnail>http://www.dmastiers.com/videos/channel_thumbs/6.png</thumbnail>
<items>

<item>
<title>~=-~=-~ Hindi Channels ~=-~=-~?</title>
<link>none timeout=15</link>
<thumbnail>none</thumbnail>
</item>


<item>
<title>9x Tashan HQ</title>
<link>rtmp://cdn.rtmp1.yupptv.tv/nwk playpath=etvpacific swfUrl=http://www.yupptv.com/yupptvhdflvplayer/hdplayer.swf swfVfy=true live=true pageUrl=http://www.yupptv.com/account/FlashPlayerFrame.aspx?ChanId=9 timeout=15</link>
<thumbnail></thumbnail>
</item>

<item>
<title>9xm</title>
<link>rtmp://37.130.230.101:1935/base2/ playpath=dd2.stream swfUrl=http://www.turbotv.in/wp-content/uploads/jw-player-plugin-for-wordpress/player/player.swf pageUrl=http://www.turbotv.in/9xm-live/ live=true timeout=15</link>
<thumbnail></thumbnail>
</item>

<item>
<title>Masti TV</title>
<link>rtmp://69.1.72.29/jadooplus playpath=stream0014.stream swfUrl=http://tvdesi.info/player.swf pageUrl=http://tvdesi.info/player.swf?streamer=rtmp://shenzhenrtmp.viddillions.com/jadooplus&amp;file=stream0045.stream&amp;type=video&amp;autostart=true swfVfy=true live=true timeout=15 timeout=15</link>
<thumbnail></thumbnail>
</item>

<item>
<title>MTunes</title>
<link>rtmp://69.1.72.29/jadooplus playpath=stream0034.stream swfUrl=http://tvdesi.info/player.swf pageUrl=http://tvdesi.info/player.swf?streamer=rtmp://shenzhenrtmp.viddillions.com/jadooplus&amp;file=stream0045.stream&amp;type=video&amp;autostart=true swfVfy=true live=true timeout=15 timeout=15</link>
<thumbnail></thumbnail>
</item>


<item>
<title>B4U Music</title>
<link>rtmp://cdn.nwk3.yupptv.tv/nwk3 playpath=b4umusic swfUrl=http://www.yupptv.com/yupptvhdflvplayer/hdplayer.swf live=true pageUrl=http://www.yupptv.com/account/FlashPlayerFrame.aspx timeout=15</link>
<thumbnail>http://www.prlog.org/10183277-b4u-music-logo.jpg</thumbnail>
</item>


<item>
<title>UTV Bindass (HQ)</title>
<link>rtmp://cdn.rtmp1.yupptv.tv/nwk playpath=zeetelpacific swfUrl=http://www.yupptv.com/yupptvhdflvplayer/hdplayer.swf live=true pageUrl=http://www.yupptv.com/account/FlashPlayerFrame.aspx timeout=15</link>
<thumbnail>http://www.realbollywood.com/up_images/UTV-Bindass-TV.jpg</thumbnail>
</item>


<item>
<title>UTV Stars</title>
<link>rtmp://69.1.72.29/jadooplus playpath=stream0011.stream swfUrl=http://tvdesi.info/player.swf pageUrl=http://tvdesi.info/player.swf?streamer=rtmp://shenzhenrtmp.viddillions.com/jadooplus&amp;file=stream0045.stream&amp;type=video&amp;autostart=true swfVfy=true live=true timeout=15 timeout=15</link>
<thumbnail></thumbnail>
</item>


<item>
<title>Joo Music</title>
<link>rtmp://tv.hindiworldtv.com/live Playpath=joomtv swfUrl=http://webverbosity.com/iplayer.php?ch=chardika&id=mediaplayer pageUrl=http://hindiworldtv.com/services.php?ch=joomtv timeout=15</link>
<thumbnail>http://www.eloantv.com/wp-content/uploads/2012/03/joomusic.jpg</thumbnail>
</item>


<item>
<title>World hindi tv</title>
<link>rtmp://tv.hindiworldtv.com/live Playpath=hdtv swfUrl=http://webverbosity.com/iplayer.php?ch=chardika&id=mediaplayer pageUrl=http://hindiworldtv.com/services.php?ch=hdtv timeout=15</link>
<thumbnail></thumbnail>
</item>

<item>
<title>Music India</title>
<link>rtsp://ss2c6.idc.mundu.tv:554/prf2/cid_85.sdp timeout=15</link>
<thumbnail>http://www.dddirectplus.in/wp-content/uploads/2010/02/Music-India.jpg</thumbnail>
</item>

<item>
<title>Zing tv HQ</title>
<link>rtmp://cdn.nwk3.yupptv.tv/nwk3 playpath=zing swfUrl=http://www.yupptv.com/yupptvhdflvplayer/hdplayer.swf live=true timeout=15</link>
<thumbnail>http://en.wikipedia.org/wiki/File:Zing_2011_logo.png</thumbnail>
</item>


<item> 
<title>Channel V</title>
<link>rtmp://cp133304.live.edgefcs.net/live/ swfUrl=http://www.startv.in/flash/liveplayer.swf?cid=8 pageUrl=http://www.startv.in/flash/liveplayer.swf?cid=8 playpath=channelv2@62057 swfVfy=0 live=1 timeout=15</link>
<thumbnail>http://1.bp.blogspot.com/--gB1h7TUa68/TtoOyE5s3eI/AAAAAAAABbU/Kl_Et4N5NPY/s400/Channel-V.jpg</thumbnail>
</item>


<item>
<title>Zoom HQ</title>
<link>rtmp://cdn.nwk.yupptv.tv/nwk/ playpath=zoomtv swfUrl=http://www.yupptv.com/yupptvhdflvplayer/hdplayer.swf live=true timeout=15</link>
<thumbnail>http://www.webretina.com/wp-content/uploads/2011/12/Zoom-TV.jpg</thumbnail>
</item>



</items>
</channel>


<!-- ================================================================================?==== 

-->


<channel>
<name>News Channels</name>
<thumbnail>http://waaheen.com/wp-content/uploads/2011/03/news-logo.jpg</thumbnail>
<items>

<item>
<title>Aaj tak HQ</title>
<link>rtmp://cdn.nwk3.yupptv.tv/nwk3 playpath=aajtak swfUrl=http://www.yupptv.com/yupptvhdflvplayer/hdplayer.swf live=true timeout=15</link>
<thumbnail>http://upload.wikimedia.org/wikipedia/en/f/ff/Aaj_Tak_Logo.svg</thumbnail>
</item>


<item>
<title>India tv HQ</title>
<link>rtmp://cdn.nwk.yupptv.tv/nwk playpath=indiatv swfUrl=http://www.yupptv.com/yupptvhdflvplayer/hdplayer.swf live=true timeout=15</link>
<thumbnail>http://www.yupptv.com/img/indiatv.png</thumbnail>
</item>


<item>
<title>Star News</title>
<link>rtmpe://live.wcast.tv/live playpath=starnews.stream swfUrl=http://www.wcast.tv/player/player.swf pageUrl=http://www.wcast.com/embed.php?u=starnews live=true timeout=15</link> 
<thumbnail>http://www.lyngsat-logo.com/hires/ss/star_news_india.png</thumbnail> 
</item> 

<item>
<title>Sahara Samay HQ</title>
<link>rtmp://cdn.rtmp1.yupptv.tv/nwk2 playpath=saharasamaynew swfUrl=http://www.yupptv.com/yupptvhdflvplayer/hdplayer.swf swfVfy=true live=true pageUrl=http://www.yupptv.com/account/FlashPlayerFrame.aspx?ChanId=9 timeout=15</link>
<thumbnail></thumbnail>
</item>


<item>
<title>NDTV India HQ</title>
<link>rtmp://cdn.rtmp1.yupptv.tv/nwk1 playpath=ndtvhindi900 swfUrl=http://www.yupptv.com/yupptvhdflvplayer/hdplayer.swf swfVfy=true live=true pageUrl=http://www.yupptv.com/account/FlashPlayerFrame.aspx?ChanId=9 timeout=15</link>
<thumbnail></thumbnail>
</item>


<item>
<title>TEZ</title>
<link>rtmp://69.1.72.29/jadooplus playpath=stream0017.stream swfUrl=http://tvdesi.info/player.swf pageUrl=http://tvdesi.info/player.swf?streamer=rtmp://shenzhenrtmp.viddillions.com/jadooplus&amp;file=stream0045.stream&amp;type=video&amp;autostart=true swfVfy=true live=true timeout=15 timeout=15</link>
<thumbnail></thumbnail>
</item>

<item>
<title>24 News</title>
<link>rtmp://69.1.72.29/jadooplus playpath=stream0019.stream swfUrl=http://tvdesi.info/player.swf pageUrl=http://tvdesi.info/player.swf?streamer=rtmp://shenzhenrtmp.viddillions.com/jadooplus&amp;file=stream0045.stream&amp;type=video&amp;autostart=true swfVfy=true live=true timeout=15 timeout=15</link>
<thumbnail></thumbnail>
</item>


<item>
<title>Delhi AAJ TAK</title>
<link>rtmp://69.1.72.29/jadooplus playpath=stream0016.stream swfUrl=http://tvdesi.info/player.swf pageUrl=http://tvdesi.info/player.swf?streamer=rtmp://shenzhenrtmp.viddillions.com/jadooplus&amp;file=stream0045.stream&amp;type=video&amp;autostart=true swfVfy=true live=true timeout=15 timeout=15</link>
<thumbnail></thumbnail>
</item>



<item>
<title>Aryan News</title>
<link>rtmp://live.wmncdn.net/aryan Playpath=aryantv swfUrl=http://www.aryantv.co.in/player.swf pageUrl=http://livetvchannelsfree.in/aryannews.html timeout=15</link>
<thumbnail>http://www.talkshoe.com/custom/images/icons/TC-96050-MainIcon.jpg</thumbnail>
</item>

<item>
<title>Bansal News</title>
<link>rtmp://live.wmncdn.net/bansalinews playpath=bansalinewstv swfUrl=http://trawelindia.webs.com/tv/player/player.swf pageUrl=http://livetvchannelsfree.in/bansalnews.html timeout=15</link>
<thumbnail>http://www.lyngsat-logo.com/hires/bb/bansal_news.png</thumbnail>
</item>

<item>
<title>CNBC</title>
<link>http://bglive-a.bitgravity.com/web18/secure/feed01?e=2605091102%26h=78f9958b948ea899a6ef4d257e75097d timeout=15</link>
<thumbnail>http://www.indiamart.com/press-section/mediasays/gifs/cnbc_india.jpg</thumbnail>
</item>

<item>


<item>
<title>News X</title>
<link>rtmp://cdn.rtmp1.yupptv.tv/nwk playpath=newsx swfUrl=http://www.yupptv.com/yupptvhdflvplayer/hdplayer.swf swfVfy=true live=true pageUrl=http://www.yupptv.com/account/FlashPlayerFrame.aspx?ChanId=9 timeout=15</link>
<thumbnail>http://http://www.yupptv.com/img/newsx.png</thumbnail>
</item>

<item>
<title>Headlinetoday</title>
<link>rtmp://cdn.nwk3.yupptv.tv/nwk3 playpath=headlinetoday swfUrl=http://www.yupptv.com/yupptvhdflvplayer/hdplayer.swf swfVfy=true live=true pageUrl=http://www.yupptv.com/account/FlashPlayerFrame.aspx?ChanId=9 timeout=15</link>
<thumbnail>http://http://www.yupptv.com/img/newsx.png</thumbnail>
</item>

<item>
<title>HT</title>
<link>rtmp://69.1.72.29/jadooplus playpath=stream0033.stream swfUrl=http://tvdesi.info/player.swf pageUrl=http://tvdesi.info/player.swf?streamer=rtmp://shenzhenrtmp.viddillions.com/jadooplus&amp;file=stream0045.stream&amp;type=video&amp;autostart=true swfVfy=true live=true timeout=15 timeout=15</link>
<thumbnail></thumbnail>
</item>

<item>
<title>NDTV 24*7 HQ</title>
<link>rtmp://cdn.rtmp1.yupptv.tv/nwk1 playpath=ndtvenglish900 swfUrl=http://www.yupptv.com/yupptvhdflvplayer/hdplayer.swf swfVfy=true live=true pageUrl=http://www.yupptv.com/account/FlashPlayerFrame.aspx?ChanId=9 timeout=15</link>
<thumbnail></thumbnail>
</item>


</items>
</channel>


<!-- ================================================================================?==== 

-->



<channel>
<name>Sports</name>
<thumbnail>http://www.lyngsat-logo.com/logo/tv/ss/sports_channel_skywave.jpg</thumbnail>
<items>


<item> 
<title>Ten Sports</title> 
<link>rtmp://live.wcast.tv/broadcast playpath=1155200 swfUrl=http://www.wcast.tv/player/player.swf pageUrl=http://www.wcast.tv/embed.php?u=TenSports&vw=600&vh=430 live=true timeout=15</link>
<thumbnail>http://ninjantv.in/wp-content/uploads/2012/03/ten-sports.jpg</thumbnail>
</item>

 
<item> 
<title>Star cricket</title> 
<link>rtmpe://zony.servemp3.com:1934/broadcast playpath=sports.stream swfUrl=http://zonytvcom.info/you/player.swf pageUrl=http://zonytvcom.info/ptcchakde.php live=1 token=#ed%h*ibuntu*0#w@1 timeout=15</link>
<thumbnail></thumbnail> 
</item> 

<item> 
<title>Star Cricket 2</title> 
<link>rtmp://109.200.217.53/live playpath=cricket2 swfUrl=http://i1261.photobucket.com/albums/ii597/scitytv/abclive/player.swf pageUrl=http://www.hdcast.tv/embed.php?u=wefcaae1&vw=630&vh=460 live=true timeout=15</link> 
<thumbnail></thumbnail> 
</item>

<item>
<title>PTV Sports</title>
<link>rtmpe://37.221.166.72/live playpath=liveptvsports swfUrl=http://www.vcaster.tv/player/player-licensed.swf pageUrl=http://www.vcaster.tv/embed.php?v=liveptvsports live=1 timeout=15</link>
<thumbnail></thumbnail>
</item>


<item> 
<title>Sky s1</title> 
<link>rtmp://109.123.123.74:1935/live/_definst_ playpath=atfhpyzie9bomrk swfUrl=http://cdn.yycast.com pageUrl=http://www.yycast.com/embed.php?fileid=zgnHXvg4UOnBwUd&vw=640&vh=360 live=true timeout=15</link> 
<thumbnail></thumbnail> 
</item>

<item> 
<title>Sky s1 HD</title> 
<link>rtmp://176.31.231.14/?rtmp://91.121.9.48/live/ playpath=channel4 swfUrl=http://247hdsports.net/P/player.swf app=?rtmp://91.121.9.48/live/ pageUrl=http://wrestle-zone.net.pk/f116/wrestle-zone-net-channel-5-a-105210 live=1 swfVfy=1 timeout=10 timeout=15</link>
<thumbnail></thumbnail> 
</item>


<item> 
<title>Sky SP 1 HD</title> 
<link>rtmp://213.163.92.167/live playpath=hdfootty1 swfUrl=http://i1261.photobucket.com/albums/ii597/scitytv/abclive/player.swf pageUrl=http://www.hdcast.tv/embed.php?u=wefcaae1&vw=630&vh=460 live=true timeout=15</link> 
<thumbnail></thumbnail>
</item>


<item> 
<title>Sky s2</title>  
<link>rtmp://109.123.123.74:1935/live/_definst_ playpath=hesmzfmyfee1plh swfUrl=http://cdn.yycast.com pageUrl=http://www.yycast.com/embed.php?fileid=zgnHXvg4UOnBwUd&vw=640&vh=360 live=true timeout=15</link> 
<thumbnail></thumbnail> 
</item>
rtmp://live.hdmytv.com:190/redirect playpath=cricfreeee111_5obgv37 swfUrl=http://31.7.62.218/player.swf pageUrl=http://cricfree.tv/sky-sports-2.php live=true

<item> 
<title>Sky s3</title> 
<link>rtmp://109.123.123.74:1935/live/_definst_ playpath=p5ybmqb9mqeuwgi swfUrl=http://cdn.yycast.com/player/player.swf pageUrl=http://www.yycast.com/embed.php?fileid=zgnHXvg4UOnBwUd&vw=640&vh=360 live=true timeout=15</link> 
<thumbnail></thumbnail> 
</item>

<item> 
<title>Sky s4</title> 
<link>rtmp://109.123.123.74:1935/live/_definst_ playpath=0rjn6u8_2jfu3tv swfUrl=http://cdn.yycast.com/player/player.swf pageUrl=http://www.yycast.com/embed.php?fileid=0rjn6u8_2jfu3tv&vw=640&vh=360 live=true timeout=15</link> 
<thumbnail></thumbnail> 
</item>


<item> 
<title>Cricket HD</title> 
<link>rtmp://109.200.217.53/live playpath=cricket1 swfUrl=http://i1261.photobucket.com/albums/ii597/scitytv/abclive/player.swf pageUrl=http://www.hdcast.tv/embed.php?u=wefcaae1&vw=630&vh=460 live=true timeout=15</link> 
<thumbnail></thumbnail> 
</item>


<item>
<title>Sports 1</title>
<link>rtmp://cdn.icricket.tv/live/ playpath=1.stream swfUrl=http://icricket.tv/player.swf pageUrl=http://icricket.tv/ch.php?ch=5 live=true timeout=15</link>
<thumbnail></thumbnail>
</item>


<item>
<title>Sports 2</title>
<link>rtmp://cdn.icricket.tv/live/ playpath=2.stream swfUrl=http://icricket.tv/player.swf pageUrl=http://icricket.tv/ch.php?ch=6 live=true timeout=15</link>
<thumbnail></thumbnail>
</item>

<item>
<title>Sports 3</title>
<link>rtmp://cdn.icricket.tv/live/ playpath=3.stream swfUrl=http://icricket.tv/player.swf pageUrl=http://icricket.tv/ch.php?ch=7 live=true timeout=15</link>
<thumbnail></thumbnail>
</item>

<item>
<title>Sports 4</title>
<link>rtmp://cdn.icricket.tv/live/ playpath=4.stream swfUrl=http://icricket.tv/player.swf pageUrl=http://icricket.tv/ch.php?ch=5 live=true timeout=15</link>
<thumbnail></thumbnail>
</item>


<item>
<title>Sports 5</title>
<link>rtmp://cdn.icricket.tv/live/ playpath=5.stream swfUrl=http://icricket.tv/player.swf pageUrl=http://icricket.tv/ch.php?ch=6 live=true timeout=15</link>
<thumbnail></thumbnail>
</item>

<item>
<title>Sports 6</title>
<link>rtmp://cdn.icricket.tv/live/ playpath=6.stream swfUrl=http://icricket.tv/player.swf pageUrl=http://icricket.tv/ch.php?ch=7 live=true timeout=15</link>
<thumbnail></thumbnail>
</item>

<item>
<title>Sports 7</title>
<link>rtmp://cdn.icricket.tv/live/ playpath=7.stream swfUrl=http://icricket.tv/player.swf pageUrl=http://icricket.tv/ch.php?ch=5 live=true timeout=15</link>
<thumbnail></thumbnail>
</item>


<item>
<title>Sports 8</title>
<link>rtmp://cdn.icricket.tv/live/ playpath=8.stream swfUrl=http://icricket.tv/player.swf pageUrl=http://icricket.tv/ch.php?ch=6 live=true timeout=15</link>
<thumbnail></thumbnail>
</item>



</items>
</channel>

<!-- ================================================================================?==== 

-->

<channel>
<name>Infotainnment Channels</name>
<thumbnail>http://logosdatabase.com/logoimages/78260298.jpg</thumbnail>
<items>

<item>
<title>Discovery USA</title>
<link>rtmp://live.wcast.tv/broadcast playpath=discoveryuu.stream swfUrl=http://www.wcast.tv/player/player.swf pageUrl=http://www.wcast.tv/embed.php?u=discoveryhindi&vw=600&vh=470 live=true timeout=15</link>
<thumbnail>http://blogs.rhsmith.umd.edu/singapore/files/2012/05/discovery-channel-logo.jpg</thumbnail>
</item>

<item>
<title>Discovery India</title>
<link>rtmp://cdn.livecaster.tv/live playpath=discoverylow.stream swfUrl=http://www.livecaster.tv/player/player.swf pageUrl=http://www.livecaster.tv/embed.php?u=discoverylow live=true timeout=15</link>
<thumbnail>http://blogs.rhsmith.umd.edu/singapore/files/2012/05/discovery-channel-logo.jpg</thumbnail>
</item>

<item>
<title>Discovery</title>
<link>rtmp://46.165.196.101/origin playpath=discovery swfUrl=http://www.xuuby.com/player/player4.swf pageUrl=http://www.xuuby.com/show.php?chname=axn&width=520&height=370&a=1 live=1 timeout=15</link>
<thumbnail>http://blogs.rhsmith.umd.edu/singapore/files/2012/05/discovery-channel-logo.jpg</thumbnail>
</item>

<item>
<title>Discovery Turbo</title>
<link>rtsp://121.241.249.136:1935/livefeed/DISCOVERYTURBO_QVGA.sdp timeout=15</link>
<thumbnail>http://www.sportzpower.com/files/image/channelnews/discovery-turbo_logo.jpg</thumbnail>
</item>

<item>
<title>Discovery Science</title>
<link>rtsp://121.241.249.136:1935/livefeed/DISCOVERYSCIENCE_QVGA.sdp timeout=15</link>
<thumbnail>http://www.lyngsat-logo.com/hires/dd/discovery_science_in.png</thumbnail>
</item>


<item>
<title>Animal Planet India</title>
<link>rtmp://cdn.livecaster.tv/live playpath=animalplanetlow.stream swfUrl=http://www.livecaster.tv/player/player.swf pageUrl=http://www.livecaster.tv/embed.php?u=discoverylow live=true timeout=15</link>
<thumbnail>http://www.lyngsat-logo.com/hires/aa/animal_planet_europe.png</thumbnail>
</item>

<item>
<title>Animal Planet USA</title>
<link>rtmp://live.wcast.tv/live playpath=animalplanetu.stream swfUrl=http://www.wcast.tv/player/player.swf pageUrl=http://www.wcast.tv/embed.php?u=discoveryhindi&vw=600&vh=470 live=true timeout=15</link>
<thumbnail>http://www.lyngsat-logo.com/hires/aa/animal_planet_europe.png</thumbnail>
</item>


<item>
<title>Historia</title>
<link>rtmp://46.165.196.101/origin playpath=historia swfUrl=http://www.xuuby.com/player/player4.swf pageUrl=http://www.xuuby.com/show.php?chname=axn&width=520&height=370&a=1 live=1 timeout=15</link>
<thumbnail>http://cdn.ghosttheory.com/wp-content/uploads/2010/08/historyFeatureImg.jpg</thumbnail>
</item>

<item>
<title>History channel</title>
<link>rtmp://cdn.livecaster.tv/live playpath=historylow.stream swfUrl=http://www.livecaster.tv/player/player.swf pageUrl=http://www.livecaster.tv/embed.php?u=discoverylow live=true timeout=15</link>
<thumbnail>http://cdn.ghosttheory.com/wp-content/uploads/2010/08/historyFeatureImg.jpg</thumbnail>
</item>

<item>
<title>Nat Geo Usa</title>
<link>rtmp://live.wcast.tv/live playpath=natgeou.stream swfUrl=http://www.wcast.tv/player/player.swf pageUrl=http://www.wcast.tv/embed.php?u=natgeou&vw=600&vh=430 live=true timeout=15</link>
<thumbnail>http://smi.wrdsb.on.ca/0924AC3E-00219468.15/national_geographic_jpg.jpg</thumbnail>
</item>

<item>
<title>Nat geo</title>
<link>rtmp://46.165.196.101/origin playpath=nationalgeographic swfUrl=http://www.xuuby.com/player/player4.swf pageUrl=http://www.xuuby.com/show.php?chname=axn&width=520&height=370&a=1 live=1 timeout=15</link>
<thumbnail>http://smi.wrdsb.on.ca/0924AC3E-00219468.15/national_geographic_jpg.jpg</thumbnail>
</item>

<item>
<title>NDTV GDT HQ</title>
<link>rtmp://cdn.rtmp1.yupptv.tv/nwk1 playpath=ndtvgoodtimes900 swfUrl=http://www.yupptv.com/yupptvhdflvplayer/hdplayer.swf swfVfy=true live=true pageUrl=http://www.yupptv.com/account/FlashPlayerFrame.aspx?ChanId=9 timeout=15</link>
<thumbnail></thumbnail>
</item>

<item>
<title>Discovery</title>
<link>http://95.188.126.233:1234/udp/233.7.70.26:5000 timeout=15</link>
<thumbnail></thumbnail>
</item>


<item>
<title>Discovery world</title>
<link>http://95.188.126.233:1234/udp/233.7.70.28:5000 timeout=15</link>
<thumbnail></thumbnail>
</item>


<item>
<title>Discovery SCi</title>
<link>http://95.188.126.233:1234/udp/233.7.70.27:5000 timeout=15</link>
<thumbnail></thumbnail>
</item>

<item>
<title>Discovery ID</title>
<link>http://95.188.126.233:1234/udp/233.7.70.192:5000 timeout=15</link>
<thumbnail></thumbnail>
</item>

<item>
<title>Discovery Showcase</title>
<link>http://95.188.126.233:1234/udp/233.7.70.253:5000 timeout=15</link>
<thumbnail></thumbnail>
</item>

<item>
<title>Animal planet</title>
<link>http://95.188.126.233:1234/udp/233.7.70.30:5000 timeout=15</link>
<thumbnail></thumbnail>
</item>

<item>
<title>Zone Reality</title>
<link>http://95.188.126.233:1234/udp/233.7.70.231:5000 timeout=15</link>
<thumbnail></thumbnail>
</item>


<item>
<title>Nat geo</title>
<link>http://95.188.126.233:1234/udp/233.7.70.32:5000 timeout=15</link>
<thumbnail></thumbnail>
</item>

<item>
<title>Nat geo Wild</title>
<link>http://178.165.66.136:1234/udp/239.0.0.135:1234 timeout=15</link>
<thumbnail></thumbnail>
</item>

<item>
<title>Viasat History</title>
<link>http://95.188.126.233:1234/udp/233.7.70.88:5000 timeout=15</link>
<thumbnail></thumbnail>
</item>


<item>
<title>Viasat Explorer</title>
<link>http://95.188.126.233:1234/udp/233.7.70.33:5000 timeout=15</link>
<thumbnail></thumbnail>
</item>


<item>
<title>Viasat Nature</title>
<link>http://95.188.126.233:1234/udp/233.7.70.103:5000 timeout=15</link>
<thumbnail></thumbnail>
</item>

</items>
</channel>


<!-- ================================================================================?==== 
-->


<channel>
<name>Cartoons</name>
<thumbnail>none</thumbnail>
<items>



<item>
<title>Cartoon Network</title>
<link>rtmpe://zony.servemp3.com:1934/rtplive playpath=cartoonetwork.stream swfUrl=http://zonytvcom.info/you/player.swf pageUrl=http://zonytvcom.info/ptcchakde.php live=1 token=#ed%h*ibuntu*0#w@1 timeout=15</link>
<thumbnail>http://images2.wikia.nocookie.net/__cb20110923042647/cartoonnetwork/images/thumb/e/e9/CN_Logo_(2D).png/185px-CN_Logo_(2D).png</thumbnail>
</item>


<item>
<title>Disney Channel English</title>
<link>rtmp://cdn.livecaster.tv/live playpath=disneyenglishlow.stream swfUrl=http://www.livecaster.tv/player/player.swf pageUrl=http://www.livecaster.tv/embed.php?u=discoverylow live=true timeout=15</link>
<thumbnail>http://images.wikia.com/nickelodeon/images/0/0e/Disney_Channel.png</thumbnail>
</item>

<item>
<title>Disney Channel Hindi</title>
<link>rtsp://121.241.249.136:1935/livefeed/DISNEYHINDI_QVGA.sdp timeout=15</link>
<thumbnail>http://images.wikia.com/nickelodeon/images/0/0e/Disney_Channel.png</thumbnail>
</item>

<item>
<title>Disney XD English</title>
<link>rtmpe://zony.servemp3.com:1934/rtplive playpath=disneyxdeng.stream swfUrl=http://zonytvcom.info/you/player.swf pageUrl=http://zonytvcom.info/ptcchakde.php live=1 token=#ed%h*ibuntu*0#w@1 timeout=15</link>
<thumbnail>http://kamaltv.webs.com/disney_xd_hindi.png</thumbnail>
</item>

<item>
<title>Disney XD Hindi Channel</title>
<link>rtmpe://zony.servemp3.com:1934/rtplive playpath=DISXD.stream swfUrl=http://zonytvcom.info/you/player.swf pageUrl=http://zonytvcom.info/ptcchakde.php live=1 token=#ed%h*ibuntu*0#w@1 timeout=15</link>
<thumbnail>http://kamaltv.webs.com/disney_xd_hindi.png</thumbnail>
</item>


<item>
<title>Pogo</title>
<link>rtmpe://zony.servemp3.com:1934/broadcast playpath=pogo.stream swfUrl=http://zonytvcom.info/you/player.swf pageUrl=http://zonytvcom.info/ptcchakde.php live=1 token=#ed%h*ibuntu*0#w@1 timeout=15</link>
<thumbnail></thumbnail>
</item>


</items>
</channel>

<!-- ================================================================================?==== 
-->


<channel>
<name>English Channels</name>
<thumbnail>none</thumbnail>
<items>


<item>
<title>Movies for men</title>
<link>rtmp://84.234.23.201:1935/tvcatchup-114/_definst_/ playpath=movies4men.stream_360p swfUrl=http://www.flashsportstreams.info/mediaplayer/player.swf live=true pageUrl=http://livetvchannelsfreein.com/britasia.html timeout=15</link>
<thumbnail></thumbnail>
</item>

<item>
<title>Films 4</title>
<link>rtmp://84.234.23.201:1935/tvcatchup-103/_definst_/ playpath=film4.stream_360p swfUrl=http://www.flashsportstreams.info/mediaplayer/player.swf live=true pageUrl=http://livetvchannelsfreein.com/britasia.html timeout=15</link>
<thumbnail></thumbnail>
</item>

<item>
<title>Star Movies</title>
<link>rtmp://live.wcast.tv/broadcast playpath=starmovies swfUrl=http://www.wcast.tv/player/player.swf pageUrl=http://www.wcast.tv/embed.php?u=starmovies&vw=600&vh=430 timeout=15</link>
<thumbnail>http://www.2onlinetv.net/wp-content/uploads/2010/02/Star-Movies.jpg</thumbnail>
</item>

<item>
<title>English Movies</title>
<link>rtmp://46.105.109.122/edge/874d69ibkcgpzbg swfUrl=http://cdn.static.ilive.to/jwplayer/player.swf live=true pageUrl=http://www.ilive.to/ timeout=15</link>
<thumbnail>http://muktharweb.wap.sh/images/movies_logo_5.gif</thumbnail>
</item>

<item>
    <title>sky cinema</title>
    <link>rtmp://37.72.170.218:80/pub playpath=jFc2U4AHHQz6BpEmJ6Wk token=#ed%h0#w@1 swfUrl=http://www.castto.me/_.swf pageUrl=http://www.castto.me/embed.php? live=true swfVfy=true timeout=10 timeout=15</link>
    <thumbnail>http://www.lyngsat-logo.com/hires/ss/sky_de_cinema.png</thumbnail>
    <fanart>none</fanart>
    <epg></epg>
  </item>


<item>
<title>Top movies</title>
<link>rtmpe://zony.servemp3.com:1934/broadcast playpath=top.stream swfUrl=http://zonytvcom.info/you/player.swf pageUrl=http://zonytvcom.info/maxhd.htm live=1 token=#ed%h*ibuntu*0#w@1 timeout=15</link>
<thumbnail></thumbnail>
</item>

<item>
<title>Max HD</title>
<link>rtmpe://zony.servemp3.com:1934/rtplive/ playpath=maxhd.stream swfUrl=http://zonytvcom.info/you/player.swf pageUrl=http://zonytvcom.info/maxhd.htm live=1 token=#ed%h*ibuntu*0#w@1 timeout=15</link>
<thumbnail></thumbnail>
</item>

<item>
<title>p Action</title>
<link>rtmpe://zony.servemp3.com:1934/broadcast playpath=action.stream swfUrl=http://zonytvcom.info/you/player.swf pageUrl=http://zonytvcom.info/maxhd.htm live=1 token=#ed%h*ibuntu*0#w@1 timeout=15</link>
<thumbnail></thumbnail>
</item>

<item>
<title>Dubaione</title>         
<link>rtmp://stream4.dmi.ae/live4/dubaione_source.flv swfUrl=http://dashboard.longtailvideo.com/players/flvplayer.swf pageUrl=http://dashboard.longtailvideo.com/players/flvplayer.swf?file=rtmp://stream4.dmi.ae/live4/dubaione_source.flv&autostart=true live=true swfVfy=true timeout=15</link>
</item>

<item>
<title>Fox Movies</title>
<link>rtmp://46.165.196.101/origin playpath=foxlife swfUrl=http://www.xuuby.com/player/player4.swf pageUrl=http://www.xuuby.com/show.php?chname=axn&width=520&height=370&a=1 live=1 timeout=15</link>
<thumbnail></thumbnail>
</item>

<item>
<title>hollywood</title>
<link>rtmp://46.165.196.101/origin playpath=hollywood swfUrl=http://www.xuuby.com/player/player4.swf pageUrl=http://www.xuuby.com/show.php?chname=axn&width=520&height=370&a=1 live=1 timeout=15</link>
<thumbnail></thumbnail>
</item>

<item>
<title>Fox</title>
<link>rtmp://46.165.196.101/origin playpath=fox swfUrl=http://www.xuuby.com/player/player4.swf pageUrl=http://www.xuuby.com/show.php?chname=axn&width=520&height=370&a=1 live=1 timeout=15</link>
<thumbnail></thumbnail>
</item>

<item>
<title>Fox Movies</title>
<link>rtmp://46.165.196.101/origin playpath=foxmovies swfUrl=http://www.xuuby.com/player/player4.swf pageUrl=http://www.xuuby.com/show.php?chname=axn&width=520&height=370&a=1 live=1 timeout=15</link>
<thumbnail></thumbnail>
</item>

<item>
<title>Fox Life</title>
<link>rtmp://46.165.196.101/origin playpath=foxlife swfUrl=http://www.xuuby.com/player/player4.swf pageUrl=http://www.xuuby.com/show.php?chname=axn&width=520&height=370&a=1 live=1 timeout=15</link>
<thumbnail></thumbnail>
</item>

<item>
<title>Fox Crime</title>
<link>rtmp://46.165.196.101/origin playpath=foxcrime swfUrl=http://www.xuuby.com/player/player4.swf pageUrl=http://www.xuuby.com/show.php?chname=axn&width=520&height=370&a=1 live=1 timeout=15</link>
<thumbnail></thumbnail>
</item>


<item>
<title>syFy</title>
<link>rtmp://46.165.196.101/origin playpath=syfy swfUrl=http://www.xuuby.com/player/player4.swf pageUrl=http://www.xuuby.com/show.php?chname=axn&width=520&height=370&a=1 live=1 timeout=15</link>
<thumbnail></thumbnail>
</item>

<item>
<title>AXN</title>
<link>rtmp://46.165.196.101/origin playpath=axn swfUrl=http://www.xuuby.com/player/player4.swf pageUrl=http://www.xuuby.com/show.php?chname=axn&width=520&height=370&a=1 live=1 timeout=15</link>
<thumbnail></thumbnail>
</item>


<item>
<title>AXN Black</title>
<link>rtmp://46.165.196.101/origin playpath=axnblack swfUrl=http://www.xuuby.com/player/player4.swf pageUrl=http://www.xuuby.com/show.php?chname=axnblack&width=520&height=370&a=1 live=1 timeout=15</link>
<thumbnail></thumbnail>
</item>

<item>
<title>AXN White</title>
<link>rtmp://46.165.196.101/origin playpath=axnwhite swfUrl=http://www.xuuby.com/player/player4.swf pageUrl=http://www.xuuby.com/show.php?chname=axnwhite&width=520&height=370&a=1 live=1 timeout=15</link>
<thumbnail></thumbnail>
</item>

<item>
<title>Fox movies</title>
<link>rtmp://46.165.196.101/origin playpath=foxmovies swfUrl=http://www.xuuby.com/player/player4.swf pageUrl=http://www.xuuby.com/show.php?chname=foxmovies&width=520&height=370&a=1 live=1 timeout=15</link>
<thumbnail></thumbnail>
</item>

<item>
<title>Canal Mov</title>
<link>rtmp://46.165.196.101/origin playpath=mov swfUrl=http://www.xuuby.com/player/player4.swf pageUrl=http://www.xuuby.com/show.php?chname=axn&width=520&height=370&a=1 live=1 timeout=15</link>
<thumbnail></thumbnail>
</item>


<item>
<title>TNT</title>
<link>rtmpe://zony.servemp3.com:1934/rtplive/ playpath=mbcmax.stream swfUrl=http://zonytvcom.info/you/player.swf pageUrl=http://zonytvcom.info/tnt.htm live=1 token=#ed%h*ibuntu*0#w@1 timeout=15</link>
<thumbnail></thumbnail>
</item>



<item>
<title>Bravo</title>
<link>rtmp://live.wcast.tv/live playpath=bravou.stream swfUrl=http://www.wcast.tv/player/player.swf pageUrl=http://www.wcast.tv/embed.php?u=bravou&vw=600&vh=430 live=true timeout=15</link>
<thumbnail></thumbnail>
</item>

<item>
<title>FX</title>
<link>rtmp://live.wcast.tv/live playpath=fxu.stream swfUrl=http://www.wcast.tv/player/player.swf pageUrl=http://www.wcast.tv/embed.php?u=fxu&vw=600&vh=430 live=true timeout=15</link>
<thumbnail></thumbnail>
</item>


</items>
</channel>


<!-- ================================================================================?==== 

-->



<channel>
<name>English HD channels (Requires high speed internet)</name>
<thumbnail></thumbnail>
<items>


<item>
<title>AXN SCi FI</title>
<link>http://95.188.126.233:1234/udp/233.7.70.184:5000 timeout=15</link>
<thumbnail></thumbnail>
</item>

<item>
<title>Diva UNI</title>
<link>http://95.188.126.233:1234/udp/233.7.70.72:5000 timeout=15</link>
<thumbnail></thumbnail>
</item>

<item>
<title>MGM</title>
<link>http://95.188.126.233:1234/udp/233.7.70.205:5000 timeout=15</link>
<thumbnail></thumbnail>
</item>

<item>
<title>Fox Crime</title>
<link>http://178.165.66.136:1234/udp/239.0.0.140:1234 timeout=15</link>
<thumbnail></thumbnail>
</item>

<item>
<title>Fox Life</title>
<link>http://95.188.126.233:1234/udp/233.7.70.85:5000 timeout=15</link>
<thumbnail></thumbnail>
</item>

<item>
<title>Fox Crime</title>
<link>http://95.188.126.233:1234/udp/233.7.70.154:5000 timeout=15</link>
<thumbnail></thumbnail>
</item>

<item>
<title>Sony</title>
<link>http://95.188.126.233:1234/udp/233.7.70.70:5000 timeout=15</link>
<thumbnail></thumbnail>
</item>

<item>
<title>SYFY Universal</title>
<link>http://95.188.126.233:1234/udp/233.7.70.84:5000 timeout=15</link>
<thumbnail></thumbnail>
</item>

<item>
<title>Universal channel</title>
<link>http://95.188.126.233:1234/udp/233.7.70.151:5000 timeout=15</link>
<thumbnail></thumbnail>
</item>


<item>
<title>TV 1000</title>
<link>http://95.188.126.233:1234/udp/233.7.70.36:5000 timeout=15</link>
<thumbnail></thumbnail>
</item>

<item>
<title>TV 1000 Action</title>
<link>http://95.188.126.233:1234/udp/233.7.70.59:5000 timeout=15</link>
<thumbnail></thumbnail>
</item>

<item>
<title>TV XXI</title>
<link>http://95.188.126.233:1234/udp/233.7.70.35:5000 timeout=15</link>
<thumbnail></thumbnail>
</item>

<item>
<title>Discovery</title>
<link>http://95.188.126.233:1234/udp/233.7.70.26:5000 timeout=15</link>
<thumbnail></thumbnail>
</item>


<item>
<title>Discovery world</title>
<link>http://95.188.126.233:1234/udp/233.7.70.28:5000 timeout=15</link>
<thumbnail></thumbnail>
</item>


<item>
<title>Discovery SCi</title>
<link>http://95.188.126.233:1234/udp/233.7.70.27:5000 timeout=15</link>
<thumbnail></thumbnail>
</item>

<item>
<title>Discovery ID</title>
<link>http://95.188.126.233:1234/udp/233.7.70.192:5000 timeout=15</link>
<thumbnail></thumbnail>
</item>

<item>
<title>Discovery Showcase</title>
<link>http://95.188.126.233:1234/udp/233.7.70.253:5000 timeout=15</link>
<thumbnail></thumbnail>
</item>

<item>
<title>Animal planet</title>
<link>http://95.188.126.233:1234/udp/233.7.70.30:5000 timeout=15</link>
<thumbnail></thumbnail>
</item>

<item>
<title>Zone Reality</title>
<link>http://95.188.126.233:1234/udp/233.7.70.231:5000 timeout=15</link>
<thumbnail></thumbnail>
</item>


<item>
<title>Nat geo</title>
<link>http://95.188.126.233:1234/udp/233.7.70.32:5000 timeout=15</link>
<thumbnail></thumbnail>
</item>

<item>
<title>Nat geo Wild</title>
<link>http://178.165.66.136:1234/udp/239.0.0.135:1234 timeout=15</link>
<thumbnail></thumbnail>
</item>

<item>
<title>Viasat History</title>
<link>http://95.188.126.233:1234/udp/233.7.70.88:5000 timeout=15</link>
<thumbnail></thumbnail>
</item>


<item>
<title>Viasat Explorer</title>
<link>http://95.188.126.233:1234/udp/233.7.70.33:5000 timeout=15</link>
<thumbnail></thumbnail>
</item>


<item>
<title>Viasat Nature</title>
<link>http://95.188.126.233:1234/udp/233.7.70.103:5000 timeout=15</link>
<thumbnail></thumbnail>
</item>

<item>
<title>Cartoon network</title>
<link>http://95.188.126.233:1234/udp/233.7.70.102:5000 timeout=15</link>
<thumbnail></thumbnail>
</item>

<item>
<title>NICK</title>
<link>http://95.188.126.233:1234/udp/233.7.70.97:5000/link>
<thumbnail></thumbnail>
</item>

<item>
<title>JimJim</title>
<link>http://95.188.126.233:1234/udp/233.7.70.148:5000 timeout=15</link>
<thumbnail></thumbnail>
</item>
<item>
<title>ztv</title>
<link>http://95.188.126.233:1234/udp/233.7.70.104:5000 timeout=15</link>
<thumbnail></thumbnail>
</item>



</items>
</channel>




</channels>