<?xml version="1.0" encoding="UTF-8"?>
<addon id="plugin.video.redux_com" name="Redux.com" version="1.0.2" provider-name="AddonScriptorDE">
    <requires>
        <import addon="xbmc.python" version="2.0"/>
        <import addon="plugin.video.youtube" version="3.1.0"/>
        <import addon="plugin.video.vimeo" version="2.3.0"/>
    </requires>
    <extension point="xbmc.python.pluginsource" library="default.py">
        <provides>video</provides>
    </extension>
    <extension point="xbmc.addon.metadata">
        <platform>all</platform>
        <summary lang="en">Hundreds of channels of entertaining, hand-picked videos, all from a passionate community of curators.</summary>
        <language>en</language>
        <description lang="en">Hundreds of channels of entertaining, hand-picked videos, all from a passionate community of curators.</description>
    <platform>all</platform>
    </extension>
</addon>
