<?xml version="1.0" encoding="UTF-8" standalone="yes"?>
<addon id="plugin.video.cartoon.network"
       name="Cartoon Network"
       version="0.0.2"
       provider-name="divingmule">
  <requires>
    <import addon="xbmc.python" version="1.0"/>
    <import addon="script.module.beautifulsoup" version="3.0.8"/>
  </requires>
  <extension point="xbmc.python.pluginsource"
            library="default.py">
        <provides>video</provides>
  </extension>
  <extension point="xbmc.addon.metadata">
    <summary>Videos from cartoonnetwork.com</summary>
    <description>Cartoon Network is home to your favorite cartoons, videos and free games. Watch full episodes of your favorite TV shows like Total Drama Action and Pokemon!</description>
    <platform>all</platform>
  </extension>
</addon>
