<?xml version="1.0" encoding="UTF-8" standalone="yes"?>
<addon id="script.game.whatthemovie"
       name="WhatTheMovie"
       version="1.0.5"
       provider-name="sphere, tadi, skiller2k1">
    <requires>
        <import addon="xbmc.python" version="2.0"/>
        <import addon="script.module.beautifulsoup" version="3.0.8"/>
    </requires>
    <extension point="xbmc.python.script"
               library="default.py" />
    <extension point="xbmc.addon.metadata">
        <platform>all</platform>
        <summary lang="be">A Movie Quiz - Guess Movies by snapshots</summary>
        <summary lang="de">Ein Filmquiz - Zu Snapshots Filmtitel erraten</summary>
        <summary lang="el">Κουίζ Ταινιών - Μαντέψτε τις Ταινίες από στιγμιότυπα</summary>
        <summary lang="en">A Movie Quiz - Guess Movies by snapshots</summary>
        <summary lang="ko">영화 퀴즈 - 스냅샷을 보고 영화 맞추기</summary>
        <summary lang="lt">Filmų viktorina - Atspėk filmus pagal vaizdus</summary>
        <summary lang="pl">Movie Quiz - Zgadnij Film po migawkach</summary>
        <summary lang="pt">Questionário de Filmes - adivinhe qual é o filme a partir de um instantâneo</summary>
        <summary lang="pt_BR">Quiz de Filmes - Adivinha Filmes por instantâneos</summary>
        <summary lang="sv">A Movie Quiz - Gissa filmer från foton</summary>
        <description lang="be">Solve snapshots to gain points for the Hall of Fame - powered by the website whatthemovie.com [CR][CR]Currently Main Features are:[CR]- Login with your whatthemovie.com account[CR]- Solve, favourite, bookmark and rate shots[CR]- Zoom the snapshot[CR]- Set random and navigation options[CR]- Jump automatically to the next or random next shot</description>
        <description lang="de">Löse Snapshots um Punkte für die Hall of Fame zu bekommen - powered by the website whatthemovie.com [CR][CR]Aktuelle Haupt-Features:[CR]- Login mit deinem whatthemovie.com Account[CR]- Löse, favorisiere, bookmarke und bewerte Shots[CR]- Snapshot Zoom[CR]- Zufalls- und Navigations-Einstellungen[CR]- Automatischer Sprung zum nächsten Shot</description>
        <description lang="el">Επιλύστε στιγμιότυπα για να κερδίσετε πόντους και να μπείτε στο Hall of Fame - υποστηρίζεται από την ιστοσελίδα whatthemovie.com [CR][CR]Προς το παρόν οι κύριες λειτουργίες είναι:[CR]- Είσοδος με το λογαριασμό σας στο whatthemovie.com [CR]- Επίλυση, ορισμός αγαπημένων, δημιουργία σελιδοδεικτών και αξιολόγηση στιγμιότυπων[CR]- Ζουμάρισμα σε στιγμιότυπα[CR]- Ορισμός ρυθμίσεων τυχαίων και πλοήγησης[CR]- Αυτόματη μετάβαση στο επόμενο ή σε τυχαίο στιγμιότυπο</description>
        <description lang="en">Solve snapshots to gain points for the Hall of Fame - powered by the website whatthemovie.com [CR][CR]Currently Main Features are:[CR]- Login with your whatthemovie.com account[CR]- Solve, favourite, bookmark and rate shots[CR]- Zoom the snapshot[CR]- Set random and navigation options[CR]- Jump automatically to the next or random next shot</description>
        <description lang="lt">Išspręskite vaizdus, norėdami gauti taškus Hall of Fame (šlovės salėje) - sukurta svetainės whatthemovie.com[CR][CR]Šiuo metu pagrindinės ypatybės yra:[CR]- Prisijungti su savo sąskaita/paskyra prie whatthemovie.com[CR]- Išspręskite, mėgstamas žymas ir normų kadrus. Padidintkite fotografiją[CR]- Nustatykite atsitiktinius ir navigacijos variantus[CR]- Peršokite/pereikite automatiškai kitą arba atsitiktinai kitą fotografiją</description>
        <description lang="pl">Odgaduj migawki by zdobyć punkty na Ścianie Hwały - dostarczane dzięki stronie whatthemovie.com [CR] [CR] Obecnie główne cechy to: [CR] - Loguj się używając konta z whatthemovie.com [CR] - Zgaduj, posiadaj ulubione zakładki oraz oceniaj strzały [CR] - funkcja zoom dla migawek[CR]- Ustaw losowo prezentacji i zmień opcje nawigacji [CR] - Przeskakuj automatycznie do następnego lub losowego strzału migawki</description>
        <description lang="pt">Decifre instantâneos, ganhe pontos e chegue à Galeria de Vencedores - fornecido pelo site whatthemovie.com [CR][CR]Actualmente, as características principais são:[CR]- Início de Sessão com a sua conta whatthemovie.com [CR]- Decifrar, favoritos, marcador and avaliar instantâneos[CR]- Amplie o instantâneo [CR]- Defina opções de aleatoriedade e navegação[CR]- Passe para o próximo instantâneo directamente ou aleatoriamente</description>
        <description lang="pt_BR">Resolva instantâneos para ganhar pontos para o Hall da Fama - alimentado pelo site whatthemovie.com [CR] [CR] Atualmente as principais características são: [CR] - Entrar com sua conta whatthemovie.com [CR] - Resolver, favorito, marcador e  taxa disparos[CR] - Zoom instantâneo [CR] - Setar opções aleatórias e opções de navegação [CR] - Ir automaticamente para o próximo disparo ou próximo disparo aleatório.</description>
        <description lang="sv">Lös foton för att få poäng till "Hall of Fame" - drivet av webbsajten whatthemovie.com[CR][CR]Aktuella huvudfuktioner är:[CR]- Logga in med ditt whatthemovie.com konto[CR]- Lös, favorisera, bokmärk och betygsätt foton[CR]- Zoom i foton[CR]- Ange slumpmässighet och navigeringsval[CR]- Hoppa automatiskt till nästa eller ett slumpvalt foto</description>
    </extension>
</addon>
