<?xml version="1.0" encoding="UTF-8" standalone="yes"?>
<addon id="plugin.video.tmz"
       name="TMZ"
       version="1.2.0"
       provider-name="stacked">
  <requires>
	<import addon="xbmc.python" version="1.0"/>
  </requires>
  <extension point="xbmc.python.pluginsource"
            library="default.py">
        <provides>video</provides>
  </extension>
  <extension point="xbmc.addon.metadata">
    <summary>Celebrity Gossip | Entertainment News | Celebrity News | TMZ.com</summary>
    <description>Celebrity Gossip and Entertainment News, Covering Celebrity News and Hollywood Rumors. Get All The Latest Gossip at TMZ - Thirty Mile Zone.</description>
    <platform>all</platform>
  </extension>
</addon>
