<?xml version="1.0" encoding="UTF-8" standalone="yes"?>
<addon id="plugin.video.pbs"
       name="PBS"
       version="1.0.5"
       provider-name="stacked">
  <requires>
	<import addon="xbmc.python" version="1.0"/>
	<import addon="script.module.simplejson" version="2.0.10"/>
  </requires>
  <extension point="xbmc.python.pluginsource"
            library="default.py">
        <provides>video</provides>
  </extension>
  <extension point="xbmc.addon.metadata">
    <summary>PBS: Discover award-winning programming – right at your fingertips.</summary>
    <description>Watch award-winning national programming and locally produced shows. Catch up on the episodes you may have missed and watch your favorite, full-length shows free and on-demand.</description>
    <platform>all</platform>
	<disclaimer>Some videos may not play. Please record any videos not playing, save the xbmc debug log, and email stacked.xbmc@gmail.com.</disclaimer>
  </extension>
</addon>
