<?xml version="1.0" encoding="UTF-8" standalone="yes"?>
<addon id="plugin.video.steam"
       name="Steam"
       version="0.0.1"
       provider-name="divingmule">
  <requires>
    <import addon="xbmc.python" version="1.0"/>
  </requires>
  <extension point="xbmc.python.pluginsource"
            library="default.py">
        <provides>video</provides>
  </extension>
  <extension point="xbmc.addon.metadata">
    <summary>Game videos from Steam</summary>
    <description>Videos from SteamPowered.com</description>
    <platform>all</platform>
  </extension>
</addon>
