<?xml version="1.0" encoding="UTF-8" standalone="yes"?>
<addon id="weather.ozweather" name="Oz Weather" version="0.4.0" provider-name="Bossanova808">
	<requires>
		<import addon="xbmc.python" version="2.0"/>
    <import addon="script.module.parsedom" version="1.0.0"/>
	</requires>
	<extension point="xbmc.python.weather" library="default.py"/>
	<extension point="xbmc.addon.metadata">
		<summary lang="en">Weather forecasting and radar images for Australia using Bureau of Meteorology data</summary>
		<description lang="en">Weather forecast data scraped from the Australian Bureau of Meteorology via WeatherZone - www.bom.gov.au and www.weatherzone.com.au.  For full features (e.g. radar) make sure you install the skin file you can find in the addon directory.  Contributed files for other skins welcome.</description>
		<disclaimer lang="en">Use of this addon implies you agree to the following terms and conditions - http://reg.bom.gov.au/other/copyright.shtml and http://reg.bom.gov.au/other/disclaimer.shtml</disclaimer>
		<platform>all</platform>
	</extension>
</addon>
