<?xml version="1.0" encoding="UTF-8" standalone="yes"?>
<addon id="script.categories" name="- Categories" version="1.0.7" provider-name="AddonScriptorDE">
  <requires>
    <import addon="xbmc.python" version="2.0"/>
  </requires>
  <extension point="xbmc.python.pluginsource" library="default.py">
    <provides>video audio image</provides>
  </extension>
  <extension point="xbmc.addon.metadata">
    <summary lang="en">Add your Video/Audio/Image add-ons to categories (via context menu)</summary>
    <summary lang="de">Video/Audio/Image Add-ons per Kontextmenü zu Kategorien hinzufügen</summary>
    <language></language>
    <description lang="en">Add your Video/Audio/Image add-ons to categories (via context menu)</description>
    <description lang="de">Video/Audio/Image Add-ons per Kontextmenü zu Kategorien hinzufügen</description>
    <platform>all</platform>
  </extension>
</addon>
