<?xml version="1.0" encoding="utf-8"?>
<window type="dialog">
	<allowoverlay>no</allowoverlay>
	<defaultcontrol always="false">1</defaultcontrol>
	<coordinates>
		<system>1</system>
		<posx>0</posx>
		<posy>0</posy>
	</coordinates>
	<controls>

        <control type="image">
            <posx>0</posx>
            <posy>0</posy>
            <width>1280</width>
            <height>720</height>
            <texture>tvguide-glasspane.png</texture>
        </control>

        <control type="label">
            <posx>160</posx>
            <posy>92</posy>
            <width>960</width>
            <height>535</height>
            <label>$ADDON[script.tvguide 30001]</label>
            <textcolor>ffffffff</textcolor>
            <font>font30</font>
            <align>center</align>
            <aligny>center</aligny>
        </control>

        <control type="image" id="4000">
            <posx>160</posx>
            <posy>92</posy>
            <width>960</width>
            <height>535</height>
            <aspectratio>keep</aspectratio>
        </control>


    </controls>
</window>
