<?xml version="1.0" encoding="UTF-8" standalone="yes"?>
<addon id="script.recentlyadded"
       name="Recently Added XBMC Script"
       version="2.0.5"
       provider-name="alex">
  <requires>
    <import addon="xbmc.python" version="1.0"/>
  </requires>
  <extension point="xbmc.python.library"
             library="RecentlyAdded.py" />
  <extension point="xbmc.addon.metadata">
    <summary lang="en"></summary>
    <description lang="en"></description>
    <platform>all</platform>
  </extension>
</addon>
