<?xml version="1.0" encoding="UTF-8" standalone="yes"?>
<addon id="plugin.video.cnet.podcasts"
       name="cnet Podcasts"
       version="1.0.6"
       provider-name="divingmule">
  <requires>
    <import addon="xbmc.python" version="2.0"/>
    <import addon="script.module.beautifulsoup" version="3.0.8"/>
  </requires>
  <extension point="xbmc.python.pluginsource"
            library="default.py">
        <provides>video</provides>
  </extension>
  <extension point="xbmc.addon.metadata">
    <summary>cnet videos</summary>
    <description>Podcast from cnet.</description>
    <language>en</language>
    <platform>all</platform>
  </extension>
</addon>
