<?xml version="1.0" encoding="UTF-8" standalone="yes"?>
<addon id="script.module.protobuf"
       name="protobuf"
       version="2.4.1"
       provider-name="Valentin-Costel Hăloiu">
  <requires>
    <import addon="xbmc.python" version="2.0"/>
  </requires>
  <extension point="xbmc.python.module"
             library="lib" />
  <extension point="xbmc.addon.metadata">
    <summary>Protocol Buffers are Google's data interchange format</summary>
    <description>Packed for XBMC from http://code.google.com/p/protobuf</description>
    <license>New BSD License</license>
    <platform>all</platform>
  </extension>
</addon>
