<?xml version="1.0" encoding="UTF-8" standalone="yes"?>
<addon id="metadata.albums.last.fm"
       name="Last.FM"
       version="1.1.4"
       provider-name="Team XBMC">
  <requires>
    <import addon="xbmc.metadata" version="1.0"/>
    <import addon="metadata.common.last.fm" version="1.1.0"/>
  </requires>
  <extension point="xbmc.metadata.scraper.albums"
             language="en"
             library="lastfm.xml"/>
  <extension point="xbmc.addon.metadata">
    <summary lang="en">LastFM Album Scraper</summary>
    <summary lang="hu">LastFM album információk</summary>
    <summary lang="kr">LastFM 음악 스크래퍼</summary>
    <summary lang="se">LastFM Musikskrapa</summary>
    <summary lang="nl">LastFM Muziek Scraper</summary>
    <summary lang="pl">Scraper albumów LastFM</summary>
    <summary lang="pt">Scraper de música de LastFM</summary>
    <description lang="en">Download Music information from www.last.fm</description>
    <description lang="hu">Album információk letöltése a www.last.fm webhelyről</description>
    <description lang="kr">LastFM 에서 음악 정보 다운로드</description>
    <description lang="se">Ladda ner musikinformation från Last.FM</description>
    <description lang="nl">Download muziek informatie van Last.fm</description>
    <description lang="pl">Pobieraj informacje o albumach z Last.fm</description>
    <description lang="pt">Descarregue informação de música de Last.fm</description>
    <platform>all</platform>
  </extension>
</addon>
