<?xml version="1.0" encoding="utf-8"?>
<scraper framework="1.1" date="2011-02-17">
	<NfoUrl dest="3">
		<RegExp input="$$1" output="http://ws.audioscrobbler.com/2.0/?method=album.getinfo&amp;album=\2&amp;artist=\1&amp;api_key=71e468a84c1f40d4991ddccc46e40f1b" dest="3">
			<expression>(http://www.last.fm/music/([^/]*)/(.*))</expression>
		</RegExp>
	</NfoUrl>
	<CreateAlbumSearchUrl dest="3">
		<RegExp input="$$1" output="&lt;url&gt;http://ws.audioscrobbler.com/2.0/?method=album.search&amp;album=\1&amp;artist=$$2&amp;api_key=71e468a84c1f40d4991ddccc46e40f1b&amp;lang=$INFO[language]&lt;/url&gt;" dest="3">
			<expression/>
		</RegExp>
	</CreateAlbumSearchUrl>
	<GetAlbumSearchResults dest="8">
		<RegExp input="$$5" output="&lt;results&gt;\1&lt;/results&gt;" dest="8">
			<RegExp input="$$1" output="&lt;entity&gt;&lt;artist&gt;\2&lt;/artist&gt;&lt;title&gt;\1&lt;/title&gt;&lt;url&gt;http://ws.audioscrobbler.com/2.0/?method=album.getinfo&amp;album=\4&amp;artist=\3&amp;api_key=71e468a84c1f40d4991ddccc46e40f1b&amp;lang=$INFO[language]&lt;/url&gt;&lt;/entity&gt;" dest="5+">
				<expression repeat="yes" fixchars="4">&lt;album&gt;.*?&lt;name&gt;([^&lt;]*)&lt;/name&gt;.*?&lt;artist&gt;([^&lt;]*)&lt;/artist&gt;.*?&lt;url&gt;http://www.last.fm/music/([^/]+)/(.*?)&lt;/url&gt;</expression>
			</RegExp>
			<expression noclean="1"/>
		</RegExp>
	</GetAlbumSearchResults>
	<GetAlbumDetails dest="3">
		<RegExp input="$$5" output="&lt;?xml version=&quot;1.0&quot; encoding=&quot;UTF-8&quot;?&gt;&lt;details&gt;\1&lt;/details&gt;" dest="3">
			<RegExp input="$$1" output="&lt;artist&gt;\1&lt;/artist&gt;" dest="5">
				<expression noclean="1">&lt;artist&gt;(.*?)&lt;/artist&gt;</expression>
			</RegExp>
			<RegExp input="$$1" output="&lt;title&gt;\1&lt;/title&gt;" dest="5+">
				<expression noclean="1">&lt;name&gt;(.*?)&lt;/name&gt;</expression>
			</RegExp>
			<RegExp input="$$1" output="&lt;releasedate&gt;\1&lt;/releasedate&gt;" dest="5+">
				<expression trim="1">&lt;releasedate&gt;:(.*?)&lt;/releasedate&gt;</expression>
			</RegExp>
			<RegExp input="$$1" output="&lt;year&gt;\1&lt;/year&gt;" dest="5+">
				<expression trim="1">&lt;releasedate&gt;[^,]*([0-9]+),&lt;/releasedate&gt;</expression>
			</RegExp>
			<RegExp input="$$1" output="&lt;review&gt;\1&lt;/review&gt;" dest="5+">
				<expression fixchars="1">&lt;content&gt;&lt;!\[CDATA\[(.*?)\]\]</expression>
			</RegExp>
			<RegExp input="$$1" output="&lt;track&gt;&lt;position&gt;\1&lt;/position&gt;&lt;title&gt;\2&lt;/title&gt;&lt;/track&gt;" dest="5+">
				<expression repeat="yes" noclean="1">&lt;track rank=&quot;(.*?)&quot;.*?&lt;name&gt;(.*?)&lt;/name&gt;</expression>
			</RegExp>
			<RegExp input="$$6" output="&lt;thumb&gt;\1&lt;/thumb&gt;" dest="5+">
				<RegExp input="$$1" output="\1" dest="6">
					<expression noclean="1">&lt;image size=&quot;large&quot;&gt;([^&lt;]*)&lt;/image&gt;</expression>
				</RegExp>
				<RegExp input="$$1" output="\1" dest="6">
					<expression noclean="1">&lt;image size=&quot;extralarge&quot;&gt;([^&lt;]*)&lt;/image&gt;</expression>
				</RegExp>
				<expression noclean="1" />
			</RegExp>
			<expression noclean="1"/>
		</RegExp>
	</GetAlbumDetails>
</scraper>
