<?xml version="1.0" encoding="UTF-8" standalone="yes"?>
<addon id="service.skin.widgets" name="Skin Widgets" version="0.0.15" provider-name="Martijn">
    <requires>
        <import addon="xbmc.addon" version="11.9.7"/>
        <import addon="xbmc.python" version="2.1"/>
        <import addon="script.module.simplejson" version="2.0.10"/>
    </requires>
    <extension point="xbmc.service" library="default.py" start="login"/>
    <extension point="xbmc.addon.metadata">
        <summary lang="en">Skin widgets</summary>
        <description lang="en">Skin widgets</description>
        <platform>all</platform>
    </extension>
</addon>
