<?xml version="1.0" encoding="UTF-8" standalone="yes"?>
<addon id="plugin.video.national.geographic"
       name="National Geographic"
       version="1.0.0"
       provider-name="stacked">
  <requires>
	<import addon="xbmc.python" version="1.0"/>
	<import addon="script.module.simplejson" version="2.0.10"/>
  </requires>
  <extension point="xbmc.python.pluginsource"
            library="default.py">
        <provides>video</provides>
  </extension>
  <extension point="xbmc.addon.metadata">
    <summary>National Geographic: Inspiring people to care about the planet.</summary>
    <description>View full episodes and video clips from the National Geographic Channel and Nat Geo Wild.</description>
    <platform>all</platform>
  </extension>
</addon>
