<?xml version="1.0" encoding="UTF-8" standalone="yes"?>
<addon id="plugin.audio.twit"
       name="TWiT"
       version="0.0.4"
       provider-name="divingmule">
  <requires>
    <import addon="xbmc.python" version="1.0"/>
    <import addon="script.module.beautifulsoup" version="3.0.8"/>
  </requires>
  <extension point="xbmc.python.pluginsource"
            library="default.py">
        <provides>audio</provides>
  </extension>
  <extension point="xbmc.addon.metadata">
    <summary>TWiT</summary>
    <description>Podcasts from the TWiT Network</description>
    <platform>all</platform>
  </extension>
  <broken>Use the new combined add-on instead</broken>
</addon>
