<parserConfig>
	<GameGrammar type="multiline">
		<SkippableContent skipTo="Front Cover&quot; border=&quot;0&quot; src=&quot;" closeStmnt="true"></SkippableContent>
		<SkippableContent closeStmnt="true">Front Cover&quot; border=&quot;0&quot; src=&quot;</SkippableContent>
		<Filetypeboxfront closeStmnt="true" skipTo="&quot;" replaceInResultKey="small" replaceInResultValue="large"></Filetypeboxfront>
		<SkippableContent skipTo="Back Cover&quot; border=&quot;0&quot; src=&quot;" closeStmnt="true"></SkippableContent>
		<SkippableContent closeStmnt="true">Back Cover&quot; border=&quot;0&quot; src=&quot;</SkippableContent>
		<Filetypeboxback closeStmnt="true" skipTo="&quot;" replaceInResultKey="small" replaceInResultValue="large"></Filetypeboxback>
		<SkippableContent skipTo="Media&quot; border=&quot;0&quot; src=&quot;" closeStmnt="true" optional="true"></SkippableContent>
		<SkippableContent closeStmnt="true" optional="true">Media&quot; border=&quot;0&quot; src=&quot;</SkippableContent>
		<Filetypecartridge closeStmnt="true" skipTo="&quot;" replaceInResultKey="small" replaceInResultValue="large"></Filetypecartridge>
	</GameGrammar>
</parserConfig>