<window>
    <allowoverlay>no</allowoverlay>

    <coordinates>
        <system>1</system>
        <posx>0</posx>
        <posy>0</posy>
    </coordinates>

    <controls>
		<!--BACKGROUND-->
		
		<control type="image">
			<description>Background</description>
			<posx>0</posx>
			<posy>0</posy>
			<width>1280</width>
			<height>720</height>
			<texture>PseudoBackground.png</texture>
		</control>
		<control type="image">
			<description>Right Border</description>
			<posx>1185</posx>
			<posy>100</posy>
			<width>50</width>
			<height>400</height>
			<texture border="5">pstvHeader.png</texture>
		</control>
		<control type="image">
			<description>Bottom Border</description>
			<posx>50</posx>
			<posy>450</posy>
			<width>1135</width>
			<height>50</height>
			<texture border="5">pstvHeader.png</texture>
		</control>
		<control type="image">
			<description>Logo</description>
			<posx>63</posx>
			<posy>3</posy>
			<width>100</width>
			<height>100</height>
			<texture>EpgLogo.png</texture>
		</control>
		<control type="image">
			<description>EPG Back</description>
			<posx>400</posx>
			<posy>150</posy>
			<width>785</width>
			<height>300</height>
			<texture border="5">pstvHeader.png</texture>
		</control>		
	
        <!--CHANNEL BUTTONS AND LABELS-->
		
		<control type="group">
			<posx>50</posx>
			<posy>100</posy>
			<width>350</width>
			<height>500</height>
			
			<!--CHANNEL HEADER-->
			
			<control type="image">
				<description>Channel Header</description>
				<posx>0</posx>
				<posy>0</posy>
				<width>350</width>
				<height>50</height>
				<texture border="5">pstvHeader.png</texture>
			</control>			
			<control type="label" id="104">
				<description>Date Label</description>
				<posx>0</posx>
				<posy>0</posy>
				<width>350</width>
				<height>50</height>
				<label>Current Date</label>
				<font>LiberationSans_Regular_20</font>
				<shadowcolor>black</shadowcolor>
				<align>center</align>
				<aligny>center</aligny>
				<textcolor>selected</textcolor>
			</control>
			
			<!--CHANNEL 1-->
			
			<control type="image">
				<description>Channel 1 Back</description>
				<posx>0</posx>
				<posy>50</posy>
				<width>350</width>
				<height>50</height>
				<texture border="5">pstvHeader.png</texture>
			</control>			
			<control type="label" id="301">
				<description>Channel 1 Name</description>
				<posx>60</posx>
				<posy>50</posy>
				<width>300</width>
				<height>50</height>
				<label>Channel</label>
				<font>LiberationSans_Regular_22</font>
				<shadowcolor>black</shadowcolor>
				<align>left</align>
				<aligny>center</aligny>
				<textcolor>white</textcolor>
			</control>			
			<control type="label" id="311">
				<description>Channel 1 Number</description>
				<posx>40</posx>
				<posy>50</posy>
				<width>30</width>
				<height>50</height>
				<label>1</label>
				<font>LiberationSans_Regular_20</font>
				<shadowcolor>black</shadowcolor>
				<align>right</align>
				<aligny>center</aligny>
				<textcolor>white</textcolor>
				<visible>true</visible>
			</control>
			
			<!-- CHANNEL 2 -->
			
			<control type="image">
				<description>Channel 2 Back</description>
				<posx>0</posx>
				<posy>100</posy>
				<width>350</width>
				<height>50</height>
				<texture border="5">pstvHeader.png</texture>
			</control>			
			<control type="label" id="302">
				<description>Channel 2 Name</description>
				<posx>60</posx>
				<posy>100</posy>
				<width>300</width>
				<height>50</height>
				<label>Channel</label>
				<font>LiberationSans_Regular_22</font>
				<shadowcolor>black</shadowcolor>
				<align>left</align>
				<aligny>center</aligny>
				<textcolor>white</textcolor>
			</control>			
			<control type="label" id="312">
				<description>Channel 2 Number</description>
				<posx>40</posx>
				<posy>100</posy>
				<width>30</width>
				<height>50</height>
				<label>2</label>
				<font>LiberationSans_Regular_20</font>
				<shadowcolor>black</shadowcolor>
				<align>right</align>
				<aligny>center</aligny>
				<textcolor>white</textcolor>
				<visible>true</visible>
			</control>
			
			<!-- CHANNEL 3 -->
			
			<control type="image">
				<description>Channel 3 Back</description>
				<posx>0</posx>
				<posy>150</posy>
				<width>350</width>
				<height>50</height>
				<texture border="5">pstvHeader.png</texture>
			</control>			
			<control type="label" id="303">
				<description>Channel 3 Name</description>
				<posx>60</posx>
				<posy>150</posy>
				<width>300</width>
				<height>50</height>
				<label>Channel</label>
				<font>LiberationSans_Regular_22</font>
				<shadowcolor>black</shadowcolor>
				<align>left</align>
				<aligny>center</aligny>
				<textcolor>white</textcolor>
			</control>			
			<control type="label" id="313">
				<description>Channel 3 Number</description>
				<posx>40</posx>
				<posy>150</posy>
				<width>30</width>
				<height>50</height>
				<label>2</label>
				<font>LiberationSans_Regular_20</font>
				<shadowcolor>black</shadowcolor>
				<align>right</align>
				<aligny>center</aligny>
				<textcolor>white</textcolor>
				<visible>true</visible>
			</control>
			
			<!-- CHANNEL 4 -->
			
			<control type="image">
				<description>Channel 4 Back</description>
				<posx>0</posx>
				<posy>200</posy>
				<width>350</width>
				<height>50</height>
				<texture border="5">pstvHeader.png</texture>
			</control>			
			<control type="label" id="304">
				<description>Channel 4 Name</description>
				<posx>60</posx>
				<posy>200</posy>
				<width>300</width>
				<height>50</height>
				<label>Channel</label>
				<font>LiberationSans_Regular_22</font>
				<shadowcolor>black</shadowcolor>
				<align>left</align>
				<aligny>center</aligny>
				<textcolor>white</textcolor>
			</control>			
			<control type="label" id="314">
				<description>Channel 4 Number</description>
				<posx>40</posx>
				<posy>200</posy>
				<width>30</width>
				<height>50</height>
				<label>4</label>
				<font>LiberationSans_Regular_20</font>
				<shadowcolor>black</shadowcolor>
				<align>right</align>
				<aligny>center</aligny>
				<textcolor>white</textcolor>
				<visible>true</visible>
			</control>
			
			<!-- CHANNEL 5 -->
			
			<control type="image">
				<description>Channel 5 Back</description>
				<posx>0</posx>
				<posy>250</posy>
				<width>350</width>
				<height>50</height>
				<texture border="5">pstvHeader.png</texture>
			</control>			
			<control type="label" id="305">
				<description>Channel 5 Name</description>
				<posx>60</posx>
				<posy>250</posy>
				<width>300</width>
				<height>50</height>
				<label>Channel</label>
				<font>LiberationSans_Regular_22</font>
				<shadowcolor>black</shadowcolor>
				<align>left</align>
				<aligny>center</aligny>
				<textcolor>white</textcolor>
			</control>			
			<control type="label" id="315">
				<description>Channel 5 Number</description>
				<posx>40</posx>
				<posy>250</posy>
				<width>30</width>
				<height>50</height>
				<label>5</label>
				<font>LiberationSans_Regular_20</font>
				<shadowcolor>black</shadowcolor>
				<align>right</align>
				<aligny>center</aligny>
				<textcolor>white</textcolor>
				<visible>true</visible>
			</control>
			
			<!-- CHANNEL 6 -->
			
			<control type="image">
				<description>Channel 6 Back</description>
				<posx>0</posx>
				<posy>300</posy>
				<width>350</width>
				<height>50</height>
				<texture border="5">pstvHeader.png</texture>
			</control>			
			<control type="label" id="306">
				<description>Channel 6 Name</description>
				<posx>60</posx>
				<posy>300</posy>
				<width>300</width>
				<height>50</height>
				<label>Channel</label>
				<font>LiberationSans_Regular_22</font>
				<shadowcolor>black</shadowcolor>
				<align>left</align>
				<aligny>center</aligny>
				<textcolor>white</textcolor>
			</control>			
			<control type="label" id="316">
				<description>Channel 6 Number</description>
				<posx>40</posx>
				<posy>300</posy>
				<width>30</width>
				<height>50</height>
				<label>2</label>
				<font>LiberationSans_Regular_20</font>
				<shadowcolor>black</shadowcolor>
				<align>right</align>
				<aligny>center</aligny>
				<textcolor>white</textcolor>
				<visible>true</visible>
			</control>
        </control>
		
		<!--LISTING HEADER AND TIME INFO-->
		
		<control type="group">
			<posx>400</posx>
			<posy>100</posy>
			<width>785</width>
			<height>500</height>			
			<control type="image">
				<description>Channel Header</description>
				<posx>0</posx>
				<posy>0</posy>
				<width>785</width>
				<height>50</height>
				<texture border="5">pstvHeader.png</texture>
			</control>			
			<control type="label" id="101">
				<description>Time 1 Label</description>
				<posx>10</posx>
				<posy>0</posy>
				<width>261</width>
				<height>50</height>
				<label>Time 1</label>
				<font>LiberationSans_Regular_20</font>
				<shadowcolor>black</shadowcolor>
				<align>left</align>
				<aligny>center</aligny>
				<textcolor>selected</textcolor>
			</control>
			<control type="label" id="102">
				<description>Time 2 Label</description>
				<posx>271</posx>
				<posy>0</posy>
				<width>261</width>
				<height>50</height>
				<label>Time 2</label>
				<font>LiberationSans_Regular_20</font>
				<shadowcolor>black</shadowcolor>
				<align>left</align>
				<aligny>center</aligny>
				<textcolor>selected</textcolor>
			</control>
			<control type="label" id="103">
				<description>Time 3 Label</description>
				<posx>550</posx>
				<posy>0</posy>
				<width>261</width>
				<height>50</height>
				<label>Time 2</label>
				<font>LiberationSans_Regular_20</font>
				<shadowcolor>black</shadowcolor>
				<align>left</align>
				<aligny>center</aligny>
				<textcolor>selected</textcolor>
			</control>
		</control>
		
		<!--TIME BAR-->
		
		<control type="image">
			<posx>400</posx>
			<posy>470</posy>
			<width>785</width>
			<height>10</height>
			<texture border="5">pstvTimeBarBack.png</texture>
			<colordiffuse>selected</colordiffuse>
		</control>		
		<control type="image" id="120">
			<posx>400</posx>
			<posy>498</posy>
			<width>10</width>
			<height>-350</height>
		</control>
		
		<!--SHOW LISTINGS-->
		
		<control type="button" id="100">
			<visible>false</visible>			
			<label>0xFFb4b4b4</label><!--un-focused text color-->			
			<label2>0xFFFFFFFF</label2><!--focused text color-->
		</control>			
		<control type="group" id="111">
			<posx>401</posx>
			<posy>151</posy>
			<width>784</width>
			<height>48</height>
		</control>
		<control type="group" id="112">
			<posx>401</posx>
			<posy>201</posy>
			<width>784</width>
			<height>48</height>
		</control>
		<control type="group" id="113">
			<posx>401</posx>
			<posy>251</posy>
			<width>784</width>
			<height>48</height>
		</control>
		<control type="group" id="114">
			<posx>401</posx>
			<posy>301</posy>
			<width>784</width>
			<height>48</height>
		</control>
		<control type="group" id="115">
			<posx>401</posx>
			<posy>351</posy>
			<width>784</width>
			<height>48</height>
		</control>		
		<control type="group" id="116">
			<posx>401</posx>
			<posy>401</posy>
			<width>784</width>
			<height>48</height>
		</control>
		
		<!--INFO/LABEL-->
			
		<control type="label">
			<description>Time</description>
			<posx>1270</posx>
			<posy>0</posy>
			<width>300</width>
			<font>DejaVuSans_Bold_24</font>
			<textcolor>mainblue</textcolor>
			<shadowcolor>black</shadowcolor>
			<info>System.Time(hh:mm xx)</info>
			<align>right</align>
		</control>
		<control type="label">
			<description>Program Guide</description>
			<posx>200</posx>
			<posy>22</posy>		
			<width>800</width>
			<height>50</height>
			<align>left</align>
			<aligny>center</aligny>
			<font>LiberationSans_Regular_Caps_38</font>
			<label>[B]PROGRAM GUIDE[/B]</label>
			<textcolor>mainblue</textcolor>
			<shadowcolor>black</shadowcolor>
		</control>		
		<control type="image">
			<description>Navigation Flag</description>
			<posx>55</posx>
			<posy>462</posy>
			<width>336</width>
			<height>28</height>
			<texture>NavFlagEpg.png</texture>
			<colordiffuse>selected</colordiffuse>
		</control>		
		<control type="label" id="500">
			<description>Show Name Label</description>
			<posx>400</posx>
			<posy>510</posy>
			<width>900</width>
			<height>25</height>
			<font>LiberationSans_Regular_40</font>
			<textcolor>mainblue</textcolor>
			<shadowcolor>black</shadowcolor>
			<align>left</align>
		</control>
		<control type="label" id="501">
			<description>Show Title Label</description>
			<posx>400</posx>
			<posy>555</posy>
			<width>900</width>
			<height>25</height>
			<font>LiberationSans_Regular_30</font>>
			<textcolor>white</textcolor>
			<shadowcolor>black</shadowcolor>
			<align>left</align>
		</control>		
		<control type="label" id="502">
			<description>Show Description Label</description>
			<posx>400</posx>
			<posy>595</posy>
			<width>835</width>
			<height>100</height>			
			<font>LiberationSans_Regular_22</font>
			<textcolor>grey</textcolor>
			<align>left</align>
			<wrapmultiline>true</wrapmultiline>			
		</control>			
		<control type="image" id="503">
            <description>Show Channel Icon</description>
            <posx>85</posx>
			<posy>530</posy>
			<width>260</width>
			<height>150</height>
			<aspectratio>keep</aspectratio>
			<align>center</align>
		</control>
			
    </controls>
</window>
