<window>
    <allowoverlay>no</allowoverlay>
    <coordinates>
        <system>1</system>
        <posx>0</posx>
        <posy>0</posy>
    </coordinates>

    <controls>
        <control type="image" id="101">
            <description>Background Channel Change</description>
            <posx>0</posx>
            <posy>0</posy>
            <width>1280</width>
            <height>720</height>
            <texture>lowback.png</texture>
        </control>		
		<control type="image" id="103">
			<description>Channel Bug</description>
			<posx>1160</posx>
			<posy>30</posy>
			<width>100</width>
			<height>58</height>
			<aspectratio>keep</aspectratio>
			<animation effect="fade" start="50" end="50" condition="True">Conditional</animation>
		</control>

	<control type="group" id="102">
	<animation effect="fade" time="500">VisibleChange</animation>			
		<control type="image">
			<description>Background</description>
			<posx>0</posx>
			<posy>0</posy>
			<width>1280</width>
			<height>720</height>
			<texture>PseudoBackground.png</texture>
		</control>
		<control type="label" id="502">
			<description>Label Now Playing</description>
			<posx>85</posx>
			<posy>510</posy>
			<width>260</width>
			<height>20</height>
			<font>LiberationSans_Regular_20</font>
			<align>center</align>
			<textcolor>selected</textcolor>
			<shadowcolor>black</shadowcolor>
		</control>			
		<control type="label" id="503">
			<description>Label Show Title</description>
			<posx>400</posx>
			<posy>510</posy>
			<width>900</width>
			<height>30</height>
			<font>LiberationSans_Regular_40</font>
			<align>left</align>
			<textcolor>mainblue</textcolor>
			<shadowcolor>black</shadowcolor>
		</control>				
		<control type="label" id="504">
			<description>Label Episode Title</description>
			<posx>400</posx>
			<posy>555</posy>					
			<width>900</width>
			<height>20</height>
			<font>LiberationSans_Regular_30</font>
			<align>left</align>
			<shadowcolor>black</shadowcolor>
			<textcolor>white</textcolor>
		</control>			
		<control type="label" id="505">
			<description>Label Show Description</description>
			<posx>400</posx>
			<posy>595</posy>
			<width>835</width>
			<height>60</height>
			<font>LiberationSans_Regular_20</font>
			<align>left</align>
			<textcolor>grey</textcolor>
			<wrapmultiline>true</wrapmultiline>
		</control>
		<control type="image" id="506">
			<description>Show Channel Icon</description>
			<posx>85</posx>
			<posy>530</posy>
			<width>260</width>
			<height>150</height>
			<aspectratio>keep</aspectratio>
		</control>
		<control type="image">
			<description>Navigation Flag</description>
			<posx>75</posx>
			<posy>690</posy>
			<width>271</width>
			<height>28</height>
			<texture>NavFlagInfo.png</texture>
			<colordiffuse>selected</colordiffuse>
		</control>
		<control type="label">
			<description>Time</description>
			<posx>1270</posx>
			<posy>0</posy>
			<width>300</width>
			<font>DejaVuSans_Bold_24</font>
			<textcolor>mainblue</textcolor>
			<shadowcolor>black</shadowcolor>
			<info>System.Time(hh:mm xx)</info>
			<align>right</align>
		</control>
		
		<control type="progress">
			<description>Progressbar</description>
			<posx>485</posx>
			<posy>690</posy>
			<width>695</width>
			<height>19</height>
			<texturebg>osd/osd_progress_back1.png</texturebg>
			<lefttexture>osd/left.png</lefttexture>
			<midtexture>osd/mid.png</midtexture>
			<righttexture>osd/new_pause2.png</righttexture>
			<info>Player.Progress</info>
			<visible>true</visible>
		</control>			
		<control type="label">
			<posx>475</posx>
			<posy>690</posy>
			<width>80</width>
			<height>25</height>
			<align>right</align> 
			<font>LiberationSans_Regular_18</font>
			<textcolor>mainblue</textcolor>
			<label>[B]$INFO[VideoPlayer.Time][/B]</label>
		</control>
		<control type="label">
			<posx>1190</posx>
			<posy>688</posy>
			<width>300</width>
			<height>25</height>
			<font>LiberationSans_Regular_18</font>
			<textcolor>white</textcolor>
			<label>[B]$INFO[VideoPlayer.Duration][/B]</label>
		</control>			
	</control>
    </controls>
</window>
