<window>
    <allowoverlay>no</allowoverlay>
    <zorder>1</zorder>

    <coordinates>
        <system>1</system>
        <posx>0</posx>
        <posy>0</posy>
    </coordinates>

    <controls>
        <control type="image">
            <posx>340</posx>
            <posy>116</posy>
            <width>600</width>
            <height>520</height>
            <description>Background</description>
            <texture>confluence/DialogBack1.png</texture>
        </control>

        <control type="label">
            <posx>340</posx>
            <posy>145</posy>
            <width>600</width>
            <height>40</height>
            <label>[B]PseudoTV[/B]</label>
			<font>LiberationSans_Regular_24</font>
            <textcolor>FF000000</textcolor>
            <aligny>center</aligny>
            <align>center</align>
        </control>

        <control type="label">
            <posx>340</posx>
            <posy>185</posy>
            <width>600</width>
            <height>30</height>
            <label>[B]Channel Configuration[/B]</label>
			<font>LiberationSans_Regular_24</font>
            <textcolor>FF000000</textcolor>
            <aligny>center</aligny>
            <align>center</align>
        </control>

        <control type="group" id="105">
            <posx>340</posx>
            <posy>235</posy>
            <width>600</width>
            <height>400</height>

            <control type="image">
                <posx>30</posx>
                <posy>0</posy>
                <width>515</width>
                <height>375</height>
                <texture>confluence/DialogBack1.png</texture>
            </control>

            <control type="label">
                <posx>45</posx>
                <posy>7</posy>
                <width>160</width>
                <height>30</height>
                <textcolor>FF000000</textcolor>
                <align>left</align>
				<aligny>center</aligny>
                <label>[B]Channel[/B]</label>
            </control>

            <control type="label">
                <posx>530</posx>
                <posy>7</posy>
                <width>100</width>
                <height>30</height>
                <textcolor>FF000000</textcolor>
                <align>right</align>
				<aligny>center</aligny>
                <label>[B]Content[/B]</label>
            </control>

            <control type="image">
                <posx>40</posx>
                <posy>37</posy>
                <width>515</width>
                <height>2</height>
                <texture>confluence/separator.png</texture>
                <colordiffuse>mainblue</colordiffuse>
            </control>

            <control type="scrollbar" id="103">
                <onup>103</onup>
                <ondown>103</ondown>
                <onleft>102</onleft>
                <onright>102</onright>
                <posx>45r</posx>
                <posy>35</posy>
                <width>20</width>
                <height>340</height>
                <visible>Control.IsVisible(102)</visible>
                <texturesliderbackground border="0,14,0,14">ScrollBarV.png</texturesliderbackground>
                <texturesliderbarfocus border="0,14,0,14">ScrollBarV_Nib_Focus1.png</texturesliderbarfocus>
				<texturesliderbar border="0,14,0,14">ptvScrollBarNoFocus.png</texturesliderbar>
                <orientation>vertical</orientation>
            </control>

           <control type="list" id="102">
                <description>All channels list</description>
                <posx>30</posx>
                <posy>40</posy>
                <onup>102</onup>
                <ondown>102</ondown>
                <onright>103</onright>
                <onleft>103</onleft>
                <width>510</width>
                <height>325</height>
                <itemgap>10</itemgap>
                <pagecontrol>103</pagecontrol>

                <itemlayout width="515" height="30">
                    <control type="label">
                        <posx>40</posx>
                        <posy>0</posy>
                        <width>150</width>
                        <height>30</height>
                        <aligny>center</aligny>
                        <align>left</align>
                        <textcolor>FF000000</textcolor>
                        <info>ListItem.Label</info>
                    </control>

                    <control type="label">
                        <posx>500</posx>
                        <posy>0</posy>
                        <width>420</width>
                        <height>30</height>
                        <aligny>center</aligny>
                        <align>right</align>
                        <textcolor>FF000000</textcolor>
                        <info>ListItem.Label2</info>
                    </control>
                </itemlayout>

                <focusedlayout width="515" height="30">
                    <control type="image">
                        <posx>10</posx>
                        <posy>0</posy>
                        <width>495</width>
                        <height>30</height>
                        <texture border="5">confluence/button-focus.png</texture>
                    </control>

                    <control type="label">
                        <posx>40</posx>
                        <posy>0</posy>
                        <width>150</width>
                        <height>30</height>
                        <textcolor>FFFFFFFF</textcolor>
                        <aligny>center</aligny>
                        <align>left</align>
                        <info>ListItem.Label</info>
                    </control>

                    <control type="label">
                        <posx>500</posx>
                        <posy>0</posy>
                        <width>420</width>
                        <height>30</height>
                        <aligny>center</aligny>
                        <align>right</align>
                        <textcolor>FFFFFFFF</textcolor>
                        <info>ListItem.Label2</info>
                    </control>
                </focusedlayout>
            </control>
        </control>

        <control type="group" id="106">
            <posx>340</posx>
            <posy>220</posy>
            <width>600</width>
            <height>400</height>

            <control type="label" id="104">
                <posx>0</posx>
                <posy>20</posy>
                <width>620</width>
                <height>30</height>
                <textcolor>FF000000</textcolor>
                <aligny>center</aligny>
                <align>center</align>
                <label></label>
            </control>

            <control type="image">
                <posx>15</posx>
                <posy>50</posy>
                <width>600</width>
                <height>2</height>
                <texture>confluence/separator.png</texture>
                <colordiffuse>mainblue</colordiffuse>
            </control>

            <control type="label">
                <posx>30</posx>
                <posy>60</posy>
                <width>200</width>
                <height>30</height>
                <textcolor>FF000000</textcolor>
                <aligny>center</aligny>
                <align>left</align>
                <label>Channel Type:</label>
            </control>

            <control type="label" id="109">
                <posx>480</posx>
                <posy>60</posy>
                <width>270</width>
                <height>30</height>
                <textcolor>FF000000</textcolor>
                <aligny>center</aligny>
                <align>right</align>
                <label></label>
            </control>

            <control type="button" id="110">
                <posx>515</posx>
                <posy>65</posy>
                <width>20</width>
                <height>20</height>
                <texturefocus>settings_arrow_button_down.png</texturefocus>
                <texturenofocus>scroll_down.png</texturenofocus>
                <onleft>111</onleft>
                <onright>111</onright>
            </control>

            <control type="button" id="111">
                <posx>540</posx>
                <posy>65</posy>
                <width>20</width>
                <height>20</height>
                <texturefocus>settings_arrow_button_up.png</texturefocus>
                <texturenofocus>scroll_up.png</texturenofocus>
                <onleft>110</onleft>
                <onright>110</onright>
            </control>
			<control type="image">
                <posx>15</posx>
                <posy>340</posy>
                <width>600</width>
                <height>2</height>
                <texture>confluence/separator.png</texture>
                <colordiffuse>mainblue</colordiffuse>
            </control>
            
			<control type="button" id="112">
				<posx>90</posx>
				<posy>350</posy>
				<label>OK</label> 
				<include>ButtonInfoDialogsCommonValues</include>
				<onup>110</onup>
				<onleft>113</onleft>
				<onright>113</onright>
				<align>center</align>
			</control>
			
			<control type="button" id="113">
				<posx>340</posx>
				<posy>350</posy>
				<label>Cancel</label> 
				<include>ButtonInfoDialogsCommonValues</include>
				<onup>111</onup>
				<onleft>112</onleft>
				<onright>112</onright>
				<align>center</align>
			</control>			
        </control>
		
        <!-- Controls for type Custom Playlist -->
        
		<control type="group" id="120">
            <posx>340</posx>
            <posy>220</posy>
            <width>600</width>
            <height>400</height>
						
            <control type="label">
                <posx>30</posx>
                <posy>100</posy>
                <width>200</width>
                <height>30</height>
                <textcolor>FF000000</textcolor>
                <label>Playlist:</label>
                <aligny>center</aligny>
                <align>left</align>
            </control>
			
            <control type="button" id="130">
                <posx>210</posx>
                <posy>100</posy>
                <width>360</width>
                <height>30</height>
				<textoffsetx>10</textoffsetx>
                <textcolor>FF000000</textcolor>
				<focusedcolor>FFFFFFFF</focusedcolor>
				<texturefocus border="4">confluence/button-focus.png</texturefocus>
				<texturenofocus border="4">confluence/black-back2.png</texturenofocus>
                <onup>110</onup>
				<ondown>112</ondown>
            </control>
        </control>

        <!-- Controls for type TV Network -->
        <control type="group" id="121">
            <posx>340</posx>
            <posy>220</posy>
            <width>600</width>
            <height>400</height>

            <control type="label">
                <posx>30</posx>
                <posy>100</posy>
                <width>200</width>
                <height>30</height>
                <textcolor>FF000000</textcolor>
                <label>Network:</label>
                <aligny>center</aligny>
                <align>left</align>
            </control>

            <control type="label" id="142">
                <posx>480</posx>
                <posy>100</posy>
                <width>270</width>
                <height>30</height>
                <textcolor>FF000000</textcolor>
                <aligny>center</aligny>
                <align>right</align>
                <label></label>
            </control>

            <control type="button" id="140">
                <posx>515</posx>
                <posy>105</posy>
                <width>20</width>
                <height>20</height>
                <texturefocus>settings_arrow_button_down.png</texturefocus>
                <texturenofocus>scroll_down.png</texturenofocus>
                <onup>110</onup>
				<ondown>112</ondown>
                <onleft>141</onleft>
                <onright>141</onright>
            </control>

            <control type="button" id="141">
                <posx>540</posx>
                <posy>105</posy>
                <width>20</width>
                <height>20</height>
                <texturefocus>settings_arrow_button_up.png</texturefocus>
                <texturenofocus>scroll_up.png</texturenofocus>
                <onup>111</onup>
				<ondown>113</ondown>
                <onleft>140</onleft>
                <onright>140</onright>
            </control>
        </control>

        <!-- Controls for type Movie Studio -->
        <control type="group" id="122">
            <posx>340</posx>
            <posy>220</posy>
            <width>600</width>
            <height>400</height>

            <control type="label">
                <posx>30</posx>
                <posy>100</posy>
                <width>200</width>
                <height>30</height>
                <textcolor>FF000000</textcolor>
                <label>Studio:</label>
                <aligny>center</aligny>
                <align>left</align>
            </control>

            <control type="label" id="152">
                <posx>480</posx>
                <posy>100</posy>
                <width>270</width>
                <height>30</height>
                <textcolor>FF000000</textcolor>
                <aligny>center</aligny>
                <align>right</align>
                <label></label>
            </control>

            <control type="button" id="150">
                <posx>515</posx>
                <posy>105</posy>
                <width>20</width>
                <height>20</height>
                <texturefocus>settings_arrow_button_down.png</texturefocus>
                <texturenofocus>scroll_down.png</texturenofocus>
                <onup>110</onup>
				<ondown>112</ondown>
                <onleft>151</onleft>
                <onright>151</onright>
            </control>

            <control type="button" id="151">
                <posx>540</posx>
                <posy>105</posy>
                <width>20</width>
                <height>20</height>
                <texturefocus>settings_arrow_button_up.png</texturefocus>
                <texturenofocus>scroll_up.png</texturenofocus>
                <onup>111</onup>
				<ondown>113</ondown>
                <onleft>150</onleft>
                <onright>150</onright>
            </control>
        </control>

        <!-- Controls for type TV Genre -->
        <control type="group" id="123">
            <posx>340</posx>
            <posy>220</posy>
            <width>600</width>
            <height>400</height>

            <control type="label">
                <posx>30</posx>
                <posy>100</posy>
                <width>200</width>
                <height>30</height>
                <textcolor>FF000000</textcolor>
                <label>Genre:</label>
                <aligny>center</aligny>
                <align>left</align>
            </control>

            <control type="label" id="162">
                <posx>480</posx>
                <posy>100</posy>
                <width>270</width>
                <height>30</height>
                <textcolor>FF000000</textcolor>
                <aligny>center</aligny>
                <align>right</align>
                <label></label>
            </control>

            <control type="button" id="160">
                <posx>515</posx>
                <posy>105</posy>
                <width>20</width>
                <height>20</height>
                <texturefocus>settings_arrow_button_down.png</texturefocus>
                <texturenofocus>scroll_down.png</texturenofocus>
                <onup>110</onup>
				<ondown>112</ondown>
                <onleft>161</onleft>
                <onright>161</onright>
            </control>

            <control type="button" id="161">
                <posx>540</posx>
                <posy>105</posy>
                <width>20</width>
                <height>20</height>
                <texturefocus>settings_arrow_button_up.png</texturefocus>
                <texturenofocus>scroll_up.png</texturenofocus>
                <onup>111</onup>
				<ondown>113</ondown>
                <onleft>160</onleft>
                <onright>160</onright>
            </control>
        </control>

        <!-- Controls for type Movie Genre -->
        <control type="group" id="124">
            <posx>340</posx>
            <posy>220</posy>
            <width>600</width>
            <height>400</height>

            <control type="label">
                <posx>30</posx>
                <posy>100</posy>
                <width>200</width>
                <height>30</height>
                <textcolor>FF000000</textcolor>
                <label>Genre:</label>
                <aligny>center</aligny>
                <align>left</align>
            </control>

            <control type="label" id="172">
                <posx>480</posx>
                <posy>100</posy>
                <width>270</width>
                <height>30</height>
                <textcolor>FF000000</textcolor>
                <aligny>center</aligny>
                <align>right</align>
                <label></label>
            </control>

            <control type="button" id="170">
                <posx>515</posx>
                <posy>105</posy>
                <width>20</width>
                <height>20</height>
                <texturefocus>settings_arrow_button_down.png</texturefocus>
                <texturenofocus>scroll_down.png</texturenofocus>
                <onup>110</onup>
				<ondown>112</ondown>
                <onleft>171</onleft>
                <onright>171</onright>
            </control>

            <control type="button" id="171">
                <posx>540</posx>
                <posy>105</posy>
                <width>20</width>
                <height>20</height>
                <texturefocus>settings_arrow_button_up.png</texturefocus>
                <texturenofocus>scroll_up.png</texturenofocus>
                <onup>111</onup>
				<ondown>112</ondown>
                <onleft>170</onleft>
                <onright>170</onright>
            </control>
        </control>

        <!-- Controls for type Mixed Genre -->
        <control type="group" id="125">
            <posx>340</posx>
            <posy>220</posy>
            <width>600</width>
            <height>400</height>

            <control type="label">
                <posx>30</posx>
                <posy>100</posy>
                <width>200</width>
                <height>30</height>
                <textcolor>FF000000</textcolor>
                <label>Genre:</label>
                <aligny>center</aligny>
                <align>left</align>
            </control>

            <control type="label" id="182">
                <posx>480</posx>
                <posy>100</posy>
                <width>270</width>
                <height>30</height>
                <textcolor>FF000000</textcolor>
                <aligny>center</aligny>
                <align>right</align>
                <label></label>
            </control>

            <control type="button" id="180">
                <posx>515</posx>
                <posy>105</posy>
                <width>20</width>
                <height>20</height>
                <texturefocus>settings_arrow_button_down.png</texturefocus>
                <texturenofocus>scroll_down.png</texturenofocus>
                <onup>110</onup>
				<ondown>112</ondown>
                <onleft>181</onleft>
                <onright>181</onright>
            </control>

            <control type="button" id="181">
                <posx>540</posx>
                <posy>105</posy>
                <width>20</width>
                <height>20</height>
                <texturefocus>settings_arrow_button_up.png</texturefocus>
                <texturenofocus>scroll_up.png</texturenofocus>
                <onup>111</onup>
				<ondown>113</ondown>
                <onleft>180</onleft>
                <onright>180</onright>
            </control>
        </control>

        <!-- Controls for type TV Show -->
        <control type="group" id="126">
            <posx>340</posx>
            <posy>220</posy>
            <width>600</width>
            <height>400</height>

            <control type="label">
                <posx>30</posx>
                <posy>100</posy>
                <width>200</width>
                <height>30</height>
                <textcolor>FF000000</textcolor>
                <label>Show:</label>
                <aligny>center</aligny>
                <align>left</align>
            </control>

            <control type="label" id="192">
                <posx>480</posx>
                <posy>100</posy>
                <width>270</width>
                <height>30</height>
                <textcolor>FF000000</textcolor>
                <aligny>center</aligny>
                <align>right</align>
                <label></label>
            </control>

            <control type="button" id="190">
                <posx>515</posx>
                <posy>105</posy>
                <width>20</width>
                <height>20</height>
                <texturefocus>settings_arrow_button_down.png</texturefocus>
                <texturenofocus>scroll_down.png</texturenofocus>
                <onup>110</onup>
                <ondown>194</ondown>
                <onleft>191</onleft>
                <onright>191</onright>
            </control>

            <control type="button" id="191">
                <posx>540</posx>
                <posy>105</posy>
                <width>20</width>
                <height>20</height>
                <texturefocus>settings_arrow_button_up.png</texturefocus>
                <texturenofocus>scroll_up.png</texturenofocus>
                <onup>111</onup>
                <ondown>194</ondown>
                <onleft>190</onleft>
                <onright>190</onright>
            </control>

            <control type="label">
                <posx>30</posx>
                <posy>140</posy>
                <width>200</width>
                <height>30</height>
                <textcolor>FF000000</textcolor>
                <label>Show in Order:</label>
                <aligny>center</aligny>
                <align>left</align>
            </control>

            <control type="radiobutton" id="194">
                <posx>523</posx>
                <posy>142</posy>
                <width>20</width>
                <height>20</height>
                <label></label>
                <onup>190</onup>
				<ondown>112</ondown>
            </control>
        </control>
    </controls>
</window>
