<?xml version="1.0" encoding="UTF-8" standalone="yes"?>
<addon id="plugin.video.thisweekin" name="ThisWeekIn.com" version="1.1.2" provider-name="lextoumbourou">
    <requires>
        <import addon="xbmc.python" version="2.0"/>
        <import addon="script.module.beautifulsoup"/>
        <import addon="plugin.video.youtube"/>
    </requires>
    <extension point="xbmc.python.pluginsource" library="default.py">
        <provides>video</provides>
    </extension>
    <extension point="xbmc.addon.metadata">
        <language>en</language>
        <platform>all</platform>
        <summary lang="en">Browse and stream videos from ThisWeekIn.com</summary>
        <description lang="en">ThisWeekIn, Inc. is a web television network covering a wide variety of topics from tech to entertainment. Produced out of our Santa Monica studio, our web shows feature guest experts, founders, movie stars, comedians, technologists and CEO’s — all keeping you up to speed on what’s happening this week with a fast and funny style. Informative and entertaining, ThisWeekIn is the place for whatever your interests may be.</description>
    </extension>
</addon>
