<?xml version="1.0" encoding="UTF-8" standalone="yes"?>
<addon id="script.module.urlresolver" name="urlresolver" version="0.0.1" provider-name="t0mm0 (inspired by unbehagan, anarchintosh)">
  <requires>
    <import addon="xbmc.python" version="1.0" />
    <import addon="script.module.t0mm0.common" version="0.0.1"/>
    <import addon="plugin.video.youtube"/>
  </requires>
  <extension point="xbmc.python.module" library="lib" />
  <extension point="xbmc.addon.metadata">
    <platform>all</platform>
  </extension>
</addon>
