<?xml version="1.0" encoding="UTF-8" standalone="yes"?>
<addon id="plugin.video.free.cable"
       name="Free Cable"
       version="0.3.0"
       provider-name="BlueCop">
  <requires>
    <import addon="xbmc.python" version="1.0"/>
    <import addon="script.module.beautifulsoup" version="3.0.8"/>
    <import addon="script.module.demjson" version="1.4"/>
  </requires>
  <extension point="xbmc.python.pluginsource"
            library="default.py">
        <provides>video</provides>
  </extension>
  <extension point="xbmc.addon.metadata">
    <summary>US station aggregator</summary>
    <description></description>
    <platform>all</platform>
  </extension>
</addon>
