<?xml version="1.0" encoding="UTF-8" standalone="yes"?>
<addon id="metadata.albums.freebase.com"
       name="FreeBase"
       version="1.0.5"
       provider-name="Team XBMC">
  <requires>
    <import addon="xbmc.metadata" version="1.0"/>
  </requires>
  <extension point="xbmc.metadata.scraper.albums"
             language="en"
             library="freebase.xml"/>
  <extension point="xbmc.addon.metadata">
    <summary lang="en">Freebase Album Scraper</summary>
    <summary lang="hu">Freebase album információk</summary>
    <summary lang="kr">Freebase 음악 스크래퍼</summary>
    <summary lang="se">Freebase Musikskrapa</summary>
    <summary lang="pl">Scraper albumów Freebase</summary>
    <summary lang="pt">Scraper de filmes Freebase</summary>
    <description lang="en">Download Music information</description>
    <description lang="hu">Album információk letöltése a www.freebase.com webhelyről</description>
    <description lang="kr">Freebase 에서 음악 정보 다운로드</description>
    <description lang="se">Ladda ner musikinformation från Freebase</description>
    <description lang="nl">Download muziek informatie van freebase</description>
    <description lang="pl">Pobieraj informacje o albumach z www.freebase.com</description>
    <description lang="pt">Descarregar informação de filmes de www.freebase.com</description>
    <platform>all</platform>
  </extension>
</addon>
