<?xml version="1.0" encoding="UTF-8"?>
<scraper framework="1.1" date="2009-09-16">
	<NfoUrl dest="3">
		<RegExp input="$$1" output="&lt;url&gt;http://api.freebase.com/api/service/mqlread?query={%22query%22:{%22type%22:%22/music/artist%22,%22name%22:null,%22genre%22:[],%22album%22:[{%22id%22:%22/\2%22,%22/common/topic/article%22:[{%22guid%22:null,%22optional%22:true,%22limit%22:1}],%22/common/topic/image%22:[{%22guid%22:null,%22optional%22:true,%22limit%22:1}],%22label%22:[],%22engineer%22:[],%22producer%22:[],%22release_type%22:null,%22artist%22:null,%22name%22:null,%22release_date%22:null,%22track%22:[{%22name%22:null,%22length%22:null,%22index%22:null,%22sort%22:%22index%22,%22optional%22:true}],%22sort%22:%22release_date%22}]}}&lt;/url&gt;" dest="3+">
			<expression>(http://www.freebase.com/view/)(.*)</expression>
		</RegExp>
	</NfoUrl>
	<CreateAlbumSearchUrl dest="3">
		<RegExp input="$$1" output="http://api.freebase.com/api/service/mqlread?query={%22query%22:{%22type%22:%22/music/artist%22,%22name~=%22:%22$$2%22,%22album%22:[{%22guid%22:null,%22artist%22:null,%22name%22:null,%22name~=%22:%22\1%22}]}}" dest="3">
			<expression/>
		</RegExp>
	</CreateAlbumSearchUrl>
	<GetAlbumSearchResults dest="8">
		<RegExp input="$$5" output="&lt;results&gt;\1&lt;/results&gt;" dest="8">
			<RegExp input="$$1" output="&lt;entity&gt;&lt;artist&gt;\1&lt;/artist&gt;&lt;title&gt;\3&lt;/title&gt;&lt;url&gt;http://api.freebase.com/api/service/mqlread?query={%22query%22:{%22type%22:%22/music/artist%22,%22name%22:null,%22genre%22:[],%22album%22:[{%22id%22:%22/guid/\2%22,%22/common/topic/article%22:[{%22guid%22:null,%22optional%22:true,%22limit%22:1}],%22/common/topic/image%22:[{%22guid%22:null,%22optional%22:true,%22limit%22:1}],%22label%22:[],%22engineer%22:[],%22producer%22:[],%22release_type%22:null,%22artist%22:null,%22name%22:null,%22release_date%22:null,%22track%22:[{%22name%22:null,%22length%22:null,%22index%22:null,%22sort%22:%22index%22,%22optional%22:true}],%22sort%22:%22release_date%22}]}}&lt;/url&gt;&lt;/entity&gt;" dest="5+">
				<expression repeat="yes">&quot;artist&quot;: &quot;([^&quot;]*)&quot;.*?&quot;guid&quot;: &quot;#([^&quot;]*)&quot;.*?&quot;name&quot;: &quot;([^&quot;]*)&quot;</expression>
			</RegExp>
			<expression noclean="1"/>
		</RegExp>		
	</GetAlbumSearchResults>
	<GetAlbumDetails dest="3">
		<RegExp input="$$5" output="&lt;details&gt;\1&lt;/details&gt;" dest="3">
			<RegExp input="$$1" output="&lt;artist&gt;\1&lt;/artist&gt;" dest="5">
				<expression noclean="1">&quot;artist&quot;: &quot;([^&quot;]*)</expression>
			</RegExp>
			<RegExp input="$$1" output="&lt;title&gt;\1&lt;/title&gt;" dest="5+">
				<expression noclean="1">&quot;name&quot;: &quot;([^&quot;]*)</expression>
			</RegExp>
			<RegExp input="$$1" output="\1" dest="6">
				<expression trim="1">&quot;label&quot;: (.*?)\]</expression>
			</RegExp>
			<RegExp input="$$6" output="&lt;label&gt;\1&lt;/label&gt;" dest="5+">
				<expression noclean="1" repeat="yes">&quot;([^&quot;]*)&quot;</expression>
			</RegExp>
			<RegExp input="$$1" output="&lt;type&gt;\1&lt;/type&gt;" dest="5+">
				<expression noclean="1">&quot;release_type&quot;: &quot;([^&quot;]*)</expression>
			</RegExp>
			<RegExp input="$$1" output="&lt;releasedate&gt;\1&lt;/releasedate&gt;" dest="5+">
				<expression noclean="1">&quot;release_date&quot;: &quot;([^&quot;]*)</expression>
			</RegExp>
			<RegExp input="$$1" output="&lt;year&gt;\1&lt;/year&gt;" dest="5+">
				<expression noclean="1">&quot;release_date&quot;: &quot;([0-9]+)</expression>
			</RegExp>
			<RegExp input="$$1" output="\1" dest="6+">
				<expression trim="1">&quot;genre&quot;: (.*?)\]</expression>
			</RegExp>
			<RegExp input="$$6" output="&lt;genre&gt;\1&lt;/genre&gt;" dest="5+">
				<expression noclean="1" repeat="yes">&quot;([^&quot;]*)&quot;</expression>
			</RegExp>
			<RegExp input="$$1" output="&lt;track&gt;&lt;position&gt;\1&lt;/position&gt;&lt;title&gt;\3&lt;/title&gt;&lt;duration&gt;\2&lt;/duration&gt;&lt;/track&gt;" dest="5+">
				<expression repeat="yes">&quot;index&quot;: ([0-9]+).*?&quot;length&quot;: ([0-9]+).*?&quot;name&quot;: &quot;([^&quot;]*)&quot;</expression>
			</RegExp>
			<RegExp input="$$1" output="&lt;thumb&gt;http://www.freebase.com/api/trans/raw/guid/\1&lt;/thumb&gt;" dest="5+">
				<expression noclean="1">image&quot;:.*?&quot;guid&quot;: &quot;#([^&quot;]*)&quot;</expression>
			</RegExp>
			<RegExp input="$$1" output="&lt;url function=&quot;GetAlbumReview&quot;&gt;http://www.freebase.com/api/trans/raw/guid/\1&lt;/url&gt;" dest="5+">
				<expression noclean="1">article&quot;:.*?&quot;guid&quot;: &quot;#([^&quot;]*)&quot;</expression>
			</RegExp>
			<expression noclean="1"/>
		</RegExp>
	</GetAlbumDetails>
	<GetAlbumReview dest="5">
		<RegExp input="$$2" output="&lt;details&gt;\1&lt;/details&gt;" dest="5">
			<RegExp input="$$1" output="&lt;review&gt;\1&lt;/review&gt;" dest="2">
				<expression noclean="1">&lt;p&gt;([^&lt;]*)</expression>
			</RegExp>
			<expression noclean="1"/>
		</RegExp>
	</GetAlbumReview>
</scraper>
