<?xml version="1.0" encoding="UTF-8" standalone="yes"?>
<addon id="script.cinema.experience" name="Cinema Experience" version="1.0.46" provider-name="nuka1195-giftie-ackbarr">
    <requires>
        <import addon="xbmc.python" version="1.0"/>
        <import addon="script.module.pysqlite" version="2.5.6"/>
    </requires>
    <extension point="xbmc.python.script" library="addon.py"/>
    <extension point="xbmc.addon.metadata">
        <platform>all</platform>
        <summary>Re-create a full movie theater experience.</summary>
        <disclaimer>This work is licensed under a Creative Commons Attribution-NonCommercial-ShareAlike 3.0 Unported License *see license.txt</disclaimer>
        <description>Play trailers, slideshows, intro videos, outro videos: To re-create a movie theater experience in the comfort of your home.</description>
        <description lang="es">Reproduce Avances, presentaciones, videos de intro, videos de outro: Para recrear una experiencia como si estuvieses en una sala de Cine en la comodidad de tu casa.</description>
    </extension>
</addon>
