<?xml version="1.0" encoding="UTF-8" standalone="yes"?>
<addon id="plugin.video.sc2casts"
       name="SC2Casts"
       version="0.4.4"
       provider-name="Krill">
  <requires>
    <import addon="xbmc.python" version="1.0"/>
  </requires>
  <extension point="xbmc.python.pluginsource"
            library="default.py">
        <provides>video</provides>
  </extension>
  <extension point="xbmc.addon.metadata">
    <platform>all</platform>
    <summary>SC2Casts</summary>
    <description>A plugin for the site SC2Casts.com - Keeps track of the best Starcraft 2 video casted matches from all over the Internet! --- petersson.krill@gmail.com --- </description>
  </extension>
</addon>
