<?xml version="1.0" encoding="UTF-8" standalone="yes"?>
<addon id="plugin.image.cheezburger_network" name="Cheezburger Network" version="0.0.2" provider-name="Tristan Fischer (sphere@dersphere.de)">
  <requires>
    <import addon="xbmc.python" version="2.0"/>
    <import addon="script.module.xmltodict" version="0.2.0"/>
    <import addon="script.module.xbmcswift2" version="1.1.1" />
  </requires>
  <extension point="xbmc.python.pluginsource" library="addon.py">
        <provides>image</provides>
  </extension>
  <extension point="xbmc.addon.metadata">
    <language></language>
    <platform>all</platform>
    <!-- translation commit: 84113ddafdde2c18eac5fd9b9b8144abff06ccf9 -->
    <summary lang="be">funny pictures</summary>
    <summary lang="de">Lustige Bilder</summary>
    <summary lang="el">Αστείες εικόνες</summary>
    <summary lang="en">funny pictures</summary>
    <summary lang="lt">Linksmieji paveikslėliai</summary>
    <summary lang="pl">Śmieszne zdjęcia</summary>
    <summary lang="pt_BR">Imagens Divertidas</summary>
    <summary lang="sv">roliga bilder</summary>
    <description lang="be">Cheezburger: All your funny in one place</description>
    <description lang="de">Cheezburger: Alles Lustige an einem Ort</description>
    <description lang="el">Cheezburger: Όλα τα αστεία σας σε ένα μέρος</description>
    <description lang="en">Cheezburger: All your funny in one place</description>
    <description lang="lt">Cheezburger: Visi jūsų Linksmieji paveikslėliai vienoje vietoje</description>
    <description lang="pl">Cheezburger: Wszystkie Twoje śmieszności w jednym miejscu</description>
    <description lang="pt_BR">Cheezburger: Toda sua diversão em um único local</description>
    <description lang="sv">Cheezburger: Alla dina roliga saker på ett ställe</description>
  </extension>
</addon>
