<?xml version="1.0" encoding="UTF-8" standalone="yes"?>
<addon id="plugin.video.eyetv.parser"
       name="EyeTV parser"
       version="1.0.1"
       provider-name="beenje">
  <requires>
    <import addon="xbmc.python" version="1.0"/>
    <import addon="script.module.elementtree" version="1.2.7"/>
  </requires>
  <extension point="xbmc.python.pluginsource"
             library="default.py">
    <provides>video</provides>
  </extension>
  <extension point="xbmc.addon.metadata">
    <summary lang="en">Access video from your EyeTV library</summary>
    <description lang="en">EyeTV parser is a video addon that let you browse all the recordings from your EyeTV Library. Recordings are listed with their description and icon (if any).</description>
    <disclaimer lang="en">EyeTV is a registered trademark of Elgato Systems GmbH</disclaimer>
    <platform>all</platform>
  </extension>
</addon>
